Failed to initialize Crashpad.  Crash reporting will not be available.  Cause: while locating crashpad handler: unable to locate crashpad handler executable
make: ディレクトリ '/home/luke/sponge-os/genode/build/x86_64'　に入ります
including /home/luke/sponge-os/genode/tool/run/power_on/qemu
including /home/luke/sponge-os/genode/tool/run/log/qemu
including /home/luke/sponge-os/genode/tool/run/image/iso
including /home/luke/sponge-os/genode/tool/run/boot_dir/sel4
including /home/luke/sponge-os/repos/sponge/run/sponge-textedit-qmp.run
building targets:  core lib/ld init timer server/report_rom server/nitpicker driver/acpi app/pci_decode driver/platform driver/framebuffer/vesa driver/ps2 driver/usb_host/pc driver/usb_hid server/event_filter sponge_pkgd test/textedit_probe qt6/base lib/libc lib/libm lib/stdcxx lib/mesa lib/mesa_gpu-softpipe lib/egl lib/softpipe lib/libdrm lib/expat lib/freetype lib/jpeg lib/qt6_component lib/vfs lib/vfs_pipe lib/vfs_gpu lib/rom_filter lib/zlib lib/libpng lib/blit 
spawn make core lib/ld init timer server/report_rom server/nitpicker driver/acpi app/pci_decode driver/platform driver/framebuffer/vesa driver/ps2 driver/usb_host/pc driver/usb_hid server/event_filter sponge_pkgd test/textedit_probe qt6/base lib/libc lib/libm lib/stdcxx lib/mesa lib/mesa_gpu-softpipe lib/egl lib/softpipe lib/libdrm lib/expat lib/freetype lib/jpeg lib/qt6_component lib/vfs lib/vfs_pipe lib/vfs_gpu lib/rom_filter lib/zlib lib/libpng lib/blit
make[1]: ディレクトリ '/home/luke/sponge-os/genode/build/x86_64' に入ります
Library-description file 'rom_filter.mk' is missing
Skip target driver/platform/pc/spec/x86_32 because it requires 'x86_32'
Skip target driver/ps2/pl050 because it requires 'arm_v7'
Skip target driver/usb_hid/spec/arm_v7 because it requires 'arm_v7'
Skip target driver/usb_hid/spec/arm_v8 because it requires 'arm_v8'
Skip target driver/usb_hid/spec/x86_32 because it requires 'x86_32'
Skip target driver/usb_host/pc/spec/x86_32 because it requires '32bit'
  [00;33mLibrary[0m ld.abi.so
  [00;33mLibrary[0m ldso_so_support.lib.a
  [00;33mLibrary[0m kernel-sel4-pc.lib.a
ninja: Jobserver mode detected:  -j128 --jobserver-auth=fifo:/tmp/GMfifo3627445 --no-print-directory -- DEBUG_DIR=/home/luke/sponge-os/genode/build/x86_64/debug INSTALL_DIR=/home/luke/sponge-os/genode/build/x86_64/bin BUILD_BASE_DIR=/home/luke/sponge-os/genode/build/x86_64 SHARED_LIBS= ARCHIVES= LIB=kernel-sel4-pc LIB_MK=/home/luke/sponge-os/genode/repos/base-sel4/lib/mk/spec/x86_64/kernel-sel4-pc.mk REP_DIR=/home/luke/sponge-os/genode/repos/base-sel4 SHELL=/usr/bin/bash
ninja: no work to do.
  [00;33mLibrary[0m syscall-sel4-pc.lib.a
  [00;33mLibrary[0m syscall-sel4.lib.a
  [00;33mLibrary[0m startup-sel4.lib.a
  [00;33mLibrary[0m base-sel4-common.lib.a
  [00;33mLibrary[0m timeout.lib.a
  [00;33mLibrary[0m cxx.lib.a
  [00;33mLibrary[0m base-sel4.lib.a
  [00;33mLibrary[0m ld-sel4.lib.so
  [00;33mLibrary[0m ld.lib.so
  [00;33mLibrary[0m libc.abi.so
  [00;33mLibrary[0m libc-string.lib.a
  [00;33mLibrary[0m libc-locale.lib.a
  [00;33mLibrary[0m libc-stdlib.lib.a
  [00;33mLibrary[0m libc-stdio.lib.a
  [00;33mLibrary[0m libc-gen.lib.a
  [00;33mLibrary[0m libc-gdtoa.lib.a
  [00;33mLibrary[0m libc-inet.lib.a
  [00;33mLibrary[0m libc-stdtime.lib.a
  [00;33mLibrary[0m libc-regex.lib.a
  [00;33mLibrary[0m libc-compat.lib.a
  [00;33mLibrary[0m libc-setjmp.lib.a
  [00;33mLibrary[0m libc-mem.lib.a
  [00;33mLibrary[0m libc-resolv.lib.a
  [00;33mLibrary[0m libc-isc.lib.a
  [00;33mLibrary[0m libc-nameser.lib.a
  [00;33mLibrary[0m libc-net.lib.a
  [00;33mLibrary[0m libc-rpc.lib.a
  [00;33mLibrary[0m libc-tzcode.lib.a
  [00;33mLibrary[0m libc-libkern.lib.a
  [00;33mLibrary[0m base.lib.a
  [00;33mLibrary[0m vfs.abi.so
  [00;33mLibrary[0m libc.lib.so
  [00;33mLibrary[0m libm.abi.so
  [00;33mLibrary[0m libm.lib.so
  [00;33mLibrary[0m stdcxx.abi.so
  [00;33mLibrary[0m stdcxx-c++98.lib.a
  [00;33mLibrary[0m stdcxx-c++11.lib.a
  [00;33mLibrary[0m stdcxx-c++17.lib.a
  [00;33mLibrary[0m stdcxx-c++20.lib.a
  [00;33mLibrary[0m stdcxx.lib.so
  [00;33mLibrary[0m mesa.abi.so
  [00;33mLibrary[0m iris_gen80.lib.a
  [00;33mLibrary[0m iris_gen90.lib.a
  [00;33mLibrary[0m iris_gen110.lib.a
  [00;33mLibrary[0m iris_gen120.lib.a
  [00;33mLibrary[0m iris_gen125.lib.a
  [00;33mLibrary[0m iris_gen200.lib.a
  [00;33mLibrary[0m isl_gen80.lib.a
  [00;33mLibrary[0m isl_gen90.lib.a
  [00;33mLibrary[0m isl_gen110.lib.a
  [00;33mLibrary[0m isl_gen120.lib.a
  [00;33mLibrary[0m isl_gen125.lib.a
  [00;33mLibrary[0m isl_gen200.lib.a
  [00;33mLibrary[0m libdrm.abi.so
  [00;33mLibrary[0m expat.abi.so
  [00;33mLibrary[0m zlib.abi.so
  [00;33mLibrary[0m iris.lib.a
  [00;33mLibrary[0m softpipe.lib.a
  [00;33mLibrary[0m mesa_api.lib.a
  [00;33mLibrary[0m format.lib.a
  [00;33mLibrary[0m glapi.lib.so
  [00;33mLibrary[0m mesa.lib.so
  [00;33mLibrary[0m egl.abi.so
  [00;33mLibrary[0m mesa_gpu-softpipe.lib.so
  [00;33mLibrary[0m blit.lib.a
  [00;33mLibrary[0m egl.lib.so
  [00;33mLibrary[0m vfs_gpu.abi.so
  [00;33mLibrary[0m libdrm.lib.so
  [00;33mLibrary[0m expat.lib.so
  [00;33mLibrary[0m freetype.abi.so
  [00;33mLibrary[0m freetype.lib.so
  [00;33mLibrary[0m jpeg.abi.so
  [00;33mLibrary[0m jpeg.lib.so
  [00;33mLibrary[0m qt6_component.abi.so
  [00;33mLibrary[0m qt6_component.lib.so
  [00;33mLibrary[0m vfs.lib.so
  [00;33mLibrary[0m vfs_pipe.lib.so
  [00;33mLibrary[0m vfs_gpu.lib.so
  [00;33mLibrary[0m zlib.lib.so
  [00;33mLibrary[0m libpng.abi.so
  [00;33mLibrary[0m libpng.lib.so
  [01;33mProgram[0m app/pci_decode/pci_decode
  [00;33mLibrary[0m core-sel4.lib.a
    COMPILE  version.o
    MERGE    core-sel4.lib.a
  [01;33mProgram[0m core/sel4/core
  [01;33mProgram[0m driver/acpi/spec/x86/acpi
  [00;33mLibrary[0m x86emu.lib.a
  [01;33mProgram[0m driver/framebuffer/vesa/vesa_fb
  [01;33mProgram[0m driver/platform/pc/spec/x86_64/pc_platform
  [01;33mProgram[0m driver/platform/platform
  [01;33mProgram[0m driver/ps2/x86/ps2
  [00;33mLibrary[0m jitterentropy.lib.a
  [00;33mLibrary[0m virt_lx_emul.lib.a
  [00;33mLibrary[0m virt_linux_generated.lib.a
  [01;33mProgram[0m driver/usb_hid/spec/x86_64/usb_hid
  [00;33mLibrary[0m pc_lx_emul.lib.a
  [00;33mLibrary[0m pc_linux_generated.lib.a
  [01;33mProgram[0m driver/usb_host/pc/spec/x86_64/pc_usb_host
  [01;33mProgram[0m init/init
  [00;33mLibrary[0m qt6_cmake.lib.a
  [00;33mLibrary[0m qoost.lib.a
  [01;33mProgram[0m qt6/base/qt6_base.cmake_target
[0m
-- Configuration summary has been written to /home/luke/sponge-os/genode/build/x86_64/qt6/base/config.summary[0m
[0m[0m
[  1%] Built target ZlibPrivate_sync_headers
[  1%] Built target Core_lib_pri
[  1%] Built target qmodule_pri
[  2%] Built target PngPrivate_sync_headers
[  2%] Built target Platform
[  2%] Built target Network_lib_pri
[  2%] Built target BundledLibjpeg_ext_pri
[  3%] Built target Concurrent_lib_pri
[  3%] Built target BundledLibpng_ext_pri
[  3%] Built target JpegPrivate_sync_headers
[  3%] Built target BundledFreetype_ext_pri
[  3%] Built target FreetypePrivate_sync_headers
[  3%] Built target HarfbuzzPrivate_sync_headers
[  3%] Built target Sql_lib_pri
[  3%] Built target Xml_lib_pri
[  3%] Built target Gui_lib_pri
[  3%] Built target ExampleIconsPrivate_sync_headers
[  3%] Built target OpenGLWidgets_lib_pri
[  3%] Built target Widgets_lib_pri
[  3%] Built target Test_lib_pri
[  3%] Built target OpenGL_lib_pri
[  3%] Built target PrintSupport_lib_pri
Dependencies file "src/3rdparty/libjpeg/CMakeFiles/BundledLibjpeg12bits.dir/jcapistd_12.c.o.d" is newer than depends file "/home/luke/sponge-os/genode/build/x86_64/qt6/base/src/3rdparty/libjpeg/CMakeFiles/BundledLibjpeg12bits.dir/compiler_depend.internal".
Dependencies file "src/3rdparty/libjpeg/CMakeFiles/BundledLibjpeg12bits.dir/jccoefct_12.c.o.d" is newer than depends file "/home/luke/sponge-os/genode/build/x86_64/qt6/base/src/3rdparty/libjpeg/CMakeFiles/BundledLibjpeg12bits.dir/compiler_depend.internal".
Dependencies file "src/3rdparty/libjpeg/CMakeFiles/BundledLibjpeg12bits.dir/jccolor_12.c.o.d" is newer than depends file "/home/luke/sponge-os/genode/build/x86_64/qt6/base/src/3rdparty/libjpeg/CMakeFiles/BundledLibjpeg12bits.dir/compiler_depend.internal".
Dependencies file "src/3rdparty/libjpeg/CMakeFiles/BundledLibjpeg12bits.dir/jcdctmgr_12.c.o.d" is newer than depends file "/home/luke/sponge-os/genode/build/x86_64/qt6/base/src/3rdparty/libjpeg/CMakeFiles/BundledLibjpeg12bits.dir/compiler_depend.internal".
Dependencies file "src/3rdparty/libjpeg/CMakeFiles/BundledLibjpeg12bits.dir/jcdiffct_12.c.o.d" is newer than depends file "/home/luke/sponge-os/genode/build/x86_64/qt6/base/src/3rdparty/libjpeg/CMakeFiles/BundledLibjpeg12bits.dir/compiler_depend.internal".
Dependencies file "src/3rdparty/libjpeg/CMakeFiles/BundledLibjpeg12bits.dir/jclossls_12.c.o.d" is newer than depends file "/home/luke/sponge-os/genode/build/x86_64/qt6/base/src/3rdparty/libjpeg/CMakeFiles/BundledLibjpeg12bits.dir/compiler_depend.internal".
Dependencies file "src/3rdparty/libjpeg/CMakeFiles/BundledLibjpeg12bits.dir/jcmainct_12.c.o.d" is newer than depends file "/home/luke/sponge-os/genode/build/x86_64/qt6/base/src/3rdparty/libjpeg/CMakeFiles/BundledLibjpeg12bits.dir/compiler_depend.internal".
Dependencies file "src/3rdparty/libjpeg/CMakeFiles/BundledLibjpeg12bits.dir/jcprepct_12.c.o.d" is newer than depends file "/home/luke/sponge-os/genode/build/x86_64/qt6/base/src/3rdparty/libjpeg/CMakeFiles/BundledLibjpeg12bits.dir/compiler_depend.internal".
Dependencies file "src/3rdparty/libjpeg/CMakeFiles/BundledLibjpeg12bits.dir/jcsample_12.c.o.d" is newer than depends file "/home/luke/sponge-os/genode/build/x86_64/qt6/base/src/3rdparty/libjpeg/CMakeFiles/BundledLibjpeg12bits.dir/compiler_depend.internal".
Dependencies file "src/3rdparty/libjpeg/CMakeFiles/BundledLibjpeg12bits.dir/jdapistd_12.c.o.d" is newer than depends file "/home/luke/sponge-os/genode/build/x86_64/qt6/base/src/3rdparty/libjpeg/CMakeFiles/BundledLibjpeg12bits.dir/compiler_depend.internal".
Dependencies file "src/3rdparty/libjpeg/CMakeFiles/BundledLibjpeg12bits.dir/jdcoefct_12.c.o.d" is newer than depends file "/home/luke/sponge-os/genode/build/x86_64/qt6/base/src/3rdparty/libjpeg/CMakeFiles/BundledLibjpeg12bits.dir/compiler_depend.internal".
Dependencies file "src/3rdparty/libjpeg/CMakeFiles/BundledLibjpeg12bits.dir/jdcolor_12.c.o.d" is newer than depends file "/home/luke/sponge-os/genode/build/x86_64/qt6/base/src/3rdparty/libjpeg/CMakeFiles/BundledLibjpeg12bits.dir/compiler_depend.internal".
Dependencies file "src/3rdparty/libjpeg/CMakeFiles/BundledLibjpeg12bits.dir/jddctmgr_12.c.o.d" is newer than depends file "/home/luke/sponge-os/genode/build/x86_64/qt6/base/src/3rdparty/libjpeg/CMakeFiles/BundledLibjpeg12bits.dir/compiler_depend.internal".
Dependencies file "src/3rdparty/libjpeg/CMakeFiles/BundledLibjpeg12bits.dir/jddiffct_12.c.o.d" is newer than depends file "/home/luke/sponge-os/genode/build/x86_64/qt6/base/src/3rdparty/libjpeg/CMakeFiles/BundledLibjpeg12bits.dir/compiler_depend.internal".
Dependencies file "src/3rdparty/libjpeg/CMakeFiles/BundledLibjpeg12bits.dir/jdlossls_12.c.o.d" is newer than depends file "/home/luke/sponge-os/genode/build/x86_64/qt6/base/src/3rdparty/libjpeg/CMakeFiles/BundledLibjpeg12bits.dir/compiler_depend.internal".
Dependencies file "src/3rdparty/libjpeg/CMakeFiles/BundledLibjpeg12bits.dir/jdmainct_12.c.o.d" is newer than depends file "/home/luke/sponge-os/genode/build/x86_64/qt6/base/src/3rdparty/libjpeg/CMakeFiles/BundledLibjpeg12bits.dir/compiler_depend.internal".
Dependencies file "src/3rdparty/libjpeg/CMakeFiles/BundledLibjpeg12bits.dir/jdmerge_12.c.o.d" is newer than depends file "/home/luke/sponge-os/genode/build/x86_64/qt6/base/src/3rdparty/libjpeg/CMakeFiles/BundledLibjpeg12bits.dir/compiler_depend.internal".
Dependencies file "src/3rdparty/libjpeg/CMakeFiles/BundledLibjpeg12bits.dir/jdpostct_12.c.o.d" is newer than depends file "/home/luke/sponge-os/genode/build/x86_64/qt6/base/src/3rdparty/libjpeg/CMakeFiles/BundledLibjpeg12bits.dir/compiler_depend.internal".
Dependencies file "src/3rdparty/libjpeg/CMakeFiles/BundledLibjpeg12bits.dir/jdsample_12.c.o.d" is newer than depends file "/home/luke/sponge-os/genode/build/x86_64/qt6/base/src/3rdparty/libjpeg/CMakeFiles/BundledLibjpeg12bits.dir/compiler_depend.internal".
Dependencies file "src/3rdparty/libjpeg/CMakeFiles/BundledLibjpeg12bits.dir/jfdctfst_12.c.o.d" is newer than depends file "/home/luke/sponge-os/genode/build/x86_64/qt6/base/src/3rdparty/libjpeg/CMakeFiles/BundledLibjpeg12bits.dir/compiler_depend.internal".
Dependencies file "src/3rdparty/libjpeg/CMakeFiles/BundledLibjpeg12bits.dir/jfdctint_12.c.o.d" is newer than depends file "/home/luke/sponge-os/genode/build/x86_64/qt6/base/src/3rdparty/libjpeg/CMakeFiles/BundledLibjpeg12bits.dir/compiler_depend.internal".
Dependencies file "src/3rdparty/pcre2/CMakeFiles/BundledPcre2.dir/src/pcre2_auto_possess.c.o.d" is newer than depends file "/home/luke/sponge-os/genode/build/x86_64/qt6/base/src/3rdparty/pcre2/CMakeFiles/BundledPcre2.dir/compiler_depend.internal".
Dependencies file "src/3rdparty/libjpeg/CMakeFiles/BundledLibjpeg12bits.dir/jidctflt_12.c.o.d" is newer than depends file "/home/luke/sponge-os/genode/build/x86_64/qt6/base/src/3rdparty/libjpeg/CMakeFiles/BundledLibjpeg12bits.dir/compiler_depend.internal".
Dependencies file "src/3rdparty/libjpeg/CMakeFiles/BundledLibjpeg16bits.dir/jcapistd_16.c.o.d" is newer than depends file "/home/luke/sponge-os/genode/build/x86_64/qt6/base/src/3rdparty/libjpeg/CMakeFiles/BundledLibjpeg16bits.dir/compiler_depend.internal".
Dependencies file "src/3rdparty/libjpeg/CMakeFiles/BundledLibjpeg12bits.dir/jidctfst_12.c.o.d" is newer than depends file "/home/luke/sponge-os/genode/build/x86_64/qt6/base/src/3rdparty/libjpeg/CMakeFiles/BundledLibjpeg12bits.dir/compiler_depend.internal".
Dependencies file "src/3rdparty/pcre2/CMakeFiles/BundledPcre2.dir/src/pcre2_chartables.c.o.d" is newer than depends file "/home/luke/sponge-os/genode/build/x86_64/qt6/base/src/3rdparty/pcre2/CMakeFiles/BundledPcre2.dir/compiler_depend.internal".
Dependencies file "src/3rdparty/libjpeg/CMakeFiles/BundledLibjpeg12bits.dir/jidctint_12.c.o.d" is newer than depends file "/home/luke/sponge-os/genode/build/x86_64/qt6/base/src/3rdparty/libjpeg/CMakeFiles/BundledLibjpeg12bits.dir/compiler_depend.internal".
Dependencies file "src/3rdparty/libjpeg/CMakeFiles/BundledLibjpeg16bits.dir/jccolor_16.c.o.d" is newer than depends file "/home/luke/sponge-os/genode/build/x86_64/qt6/base/src/3rdparty/libjpeg/CMakeFiles/BundledLibjpeg16bits.dir/compiler_depend.internal".
Dependencies file "src/3rdparty/pcre2/CMakeFiles/BundledPcre2.dir/src/pcre2_chkdint.c.o.d" is newer than depends file "/home/luke/sponge-os/genode/build/x86_64/qt6/base/src/3rdparty/pcre2/CMakeFiles/BundledPcre2.dir/compiler_depend.internal".
Dependencies file "src/3rdparty/libjpeg/CMakeFiles/BundledLibjpeg12bits.dir/jidctred_12.c.o.d" is newer than depends file "/home/luke/sponge-os/genode/build/x86_64/qt6/base/src/3rdparty/libjpeg/CMakeFiles/BundledLibjpeg12bits.dir/compiler_depend.internal".
Dependencies file "src/3rdparty/libjpeg/CMakeFiles/BundledLibjpeg16bits.dir/jcdiffct_16.c.o.d" is newer than depends file "/home/luke/sponge-os/genode/build/x86_64/qt6/base/src/3rdparty/libjpeg/CMakeFiles/BundledLibjpeg16bits.dir/compiler_depend.internal".
Dependencies file "src/3rdparty/pcre2/CMakeFiles/BundledPcre2.dir/src/pcre2_compile.c.o.d" is newer than depends file "/home/luke/sponge-os/genode/build/x86_64/qt6/base/src/3rdparty/pcre2/CMakeFiles/BundledPcre2.dir/compiler_depend.internal".
Dependencies file "src/3rdparty/libjpeg/CMakeFiles/BundledLibjpeg12bits.dir/jquant1_12.c.o.d" is newer than depends file "/home/luke/sponge-os/genode/build/x86_64/qt6/base/src/3rdparty/libjpeg/CMakeFiles/BundledLibjpeg12bits.dir/compiler_depend.internal".
Dependencies file "src/3rdparty/libjpeg/CMakeFiles/BundledLibjpeg16bits.dir/jclossls_16.c.o.d" is newer than depends file "/home/luke/sponge-os/genode/build/x86_64/qt6/base/src/3rdparty/libjpeg/CMakeFiles/BundledLibjpeg16bits.dir/compiler_depend.internal".
Dependencies file "src/3rdparty/libjpeg/CMakeFiles/BundledLibjpeg12bits.dir/jquant2_12.c.o.d" is newer than depends file "/home/luke/sponge-os/genode/build/x86_64/qt6/base/src/3rdparty/libjpeg/CMakeFiles/BundledLibjpeg12bits.dir/compiler_depend.internal".
Dependencies file "src/3rdparty/pcre2/CMakeFiles/BundledPcre2.dir/src/pcre2_compile_class.c.o.d" is newer than depends file "/home/luke/sponge-os/genode/build/x86_64/qt6/base/src/3rdparty/pcre2/CMakeFiles/BundledPcre2.dir/compiler_depend.internal".
Dependencies file "src/3rdparty/libjpeg/CMakeFiles/BundledLibjpeg16bits.dir/jcmainct_16.c.o.d" is newer than depends file "/home/luke/sponge-os/genode/build/x86_64/qt6/base/src/3rdparty/libjpeg/CMakeFiles/BundledLibjpeg16bits.dir/compiler_depend.internal".
Dependencies file "src/3rdparty/libjpeg/CMakeFiles/BundledLibjpeg12bits.dir/jutils_12.c.o.d" is newer than depends file "/home/luke/sponge-os/genode/build/x86_64/qt6/base/src/3rdparty/libjpeg/CMakeFiles/BundledLibjpeg12bits.dir/compiler_depend.internal".
Dependencies file "src/3rdparty/pcre2/CMakeFiles/BundledPcre2.dir/src/pcre2_config.c.o.d" is newer than depends file "/home/luke/sponge-os/genode/build/x86_64/qt6/base/src/3rdparty/pcre2/CMakeFiles/BundledPcre2.dir/compiler_depend.internal".
Dependencies file "src/3rdparty/libjpeg/CMakeFiles/BundledLibjpeg16bits.dir/jcprepct_16.c.o.d" is newer than depends file "/home/luke/sponge-os/genode/build/x86_64/qt6/base/src/3rdparty/libjpeg/CMakeFiles/BundledLibjpeg16bits.dir/compiler_depend.internal".
[1m[35mConsolidate compiler generated dependencies of target BundledLibjpeg12bits[0m
Dependencies file "src/3rdparty/libjpeg/CMakeFiles/BundledLibjpeg16bits.dir/jcsample_16.c.o.d" is newer than depends file "/home/luke/sponge-os/genode/build/x86_64/qt6/base/src/3rdparty/libjpeg/CMakeFiles/BundledLibjpeg16bits.dir/compiler_depend.internal".
Dependencies file "src/3rdparty/pcre2/CMakeFiles/BundledPcre2.dir/src/pcre2_context.c.o.d" is newer than depends file "/home/luke/sponge-os/genode/build/x86_64/qt6/base/src/3rdparty/pcre2/CMakeFiles/BundledPcre2.dir/compiler_depend.internal".
Dependencies file "src/3rdparty/libjpeg/CMakeFiles/BundledLibjpeg16bits.dir/jdapistd_16.c.o.d" is newer than depends file "/home/luke/sponge-os/genode/build/x86_64/qt6/base/src/3rdparty/libjpeg/CMakeFiles/BundledLibjpeg16bits.dir/compiler_depend.internal".
Dependencies file "src/3rdparty/pcre2/CMakeFiles/BundledPcre2.dir/src/pcre2_dfa_match.c.o.d" is newer than depends file "/home/luke/sponge-os/genode/build/x86_64/qt6/base/src/3rdparty/pcre2/CMakeFiles/BundledPcre2.dir/compiler_depend.internal".
Dependencies file "src/3rdparty/libjpeg/CMakeFiles/BundledLibjpeg16bits.dir/jdcolor_16.c.o.d" is newer than depends file "/home/luke/sponge-os/genode/build/x86_64/qt6/base/src/3rdparty/libjpeg/CMakeFiles/BundledLibjpeg16bits.dir/compiler_depend.internal".
Dependencies file "src/3rdparty/pcre2/CMakeFiles/BundledPcre2.dir/src/pcre2_error.c.o.d" is newer than depends file "/home/luke/sponge-os/genode/build/x86_64/qt6/base/src/3rdparty/pcre2/CMakeFiles/BundledPcre2.dir/compiler_depend.internal".
Dependencies file "src/3rdparty/libjpeg/CMakeFiles/BundledLibjpeg16bits.dir/jddiffct_16.c.o.d" is newer than depends file "/home/luke/sponge-os/genode/build/x86_64/qt6/base/src/3rdparty/libjpeg/CMakeFiles/BundledLibjpeg16bits.dir/compiler_depend.internal".
Dependencies file "src/3rdparty/pcre2/CMakeFiles/BundledPcre2.dir/src/pcre2_extuni.c.o.d" is newer than depends file "/home/luke/sponge-os/genode/build/x86_64/qt6/base/src/3rdparty/pcre2/CMakeFiles/BundledPcre2.dir/compiler_depend.internal".
Dependencies file "src/3rdparty/libjpeg/CMakeFiles/BundledLibjpeg16bits.dir/jdlossls_16.c.o.d" is newer than depends file "/home/luke/sponge-os/genode/build/x86_64/qt6/base/src/3rdparty/libjpeg/CMakeFiles/BundledLibjpeg16bits.dir/compiler_depend.internal".
Dependencies file "src/3rdparty/pcre2/CMakeFiles/BundledPcre2.dir/src/pcre2_find_bracket.c.o.d" is newer than depends file "/home/luke/sponge-os/genode/build/x86_64/qt6/base/src/3rdparty/pcre2/CMakeFiles/BundledPcre2.dir/compiler_depend.internal".
Dependencies file "src/3rdparty/libjpeg/CMakeFiles/BundledLibjpeg16bits.dir/jdmainct_16.c.o.d" is newer than depends file "/home/luke/sponge-os/genode/build/x86_64/qt6/base/src/3rdparty/libjpeg/CMakeFiles/BundledLibjpeg16bits.dir/compiler_depend.internal".
Dependencies file "src/3rdparty/pcre2/CMakeFiles/BundledPcre2.dir/src/pcre2_jit_compile.c.o.d" is newer than depends file "/home/luke/sponge-os/genode/build/x86_64/qt6/base/src/3rdparty/pcre2/CMakeFiles/BundledPcre2.dir/compiler_depend.internal".
Dependencies file "src/3rdparty/libjpeg/CMakeFiles/BundledLibjpeg16bits.dir/jdpostct_16.c.o.d" is newer than depends file "/home/luke/sponge-os/genode/build/x86_64/qt6/base/src/3rdparty/libjpeg/CMakeFiles/BundledLibjpeg16bits.dir/compiler_depend.internal".
Dependencies file "src/3rdparty/libjpeg/CMakeFiles/BundledLibjpeg16bits.dir/jdsample_16.c.o.d" is newer than depends file "/home/luke/sponge-os/genode/build/x86_64/qt6/base/src/3rdparty/libjpeg/CMakeFiles/BundledLibjpeg16bits.dir/compiler_depend.internal".
Dependencies file "src/3rdparty/pcre2/CMakeFiles/BundledPcre2.dir/src/pcre2_maketables.c.o.d" is newer than depends file "/home/luke/sponge-os/genode/build/x86_64/qt6/base/src/3rdparty/pcre2/CMakeFiles/BundledPcre2.dir/compiler_depend.internal".
Dependencies file "src/3rdparty/libjpeg/CMakeFiles/BundledLibjpeg16bits.dir/jutils_16.c.o.d" is newer than depends file "/home/luke/sponge-os/genode/build/x86_64/qt6/base/src/3rdparty/libjpeg/CMakeFiles/BundledLibjpeg16bits.dir/compiler_depend.internal".
Dependencies file "src/3rdparty/pcre2/CMakeFiles/BundledPcre2.dir/src/pcre2_match.c.o.d" is newer than depends file "/home/luke/sponge-os/genode/build/x86_64/qt6/base/src/3rdparty/pcre2/CMakeFiles/BundledPcre2.dir/compiler_depend.internal".
[1m[35mConsolidate compiler generated dependencies of target BundledLibjpeg16bits[0m
Dependencies file "src/3rdparty/pcre2/CMakeFiles/BundledPcre2.dir/src/pcre2_match_data.c.o.d" is newer than depends file "/home/luke/sponge-os/genode/build/x86_64/qt6/base/src/3rdparty/pcre2/CMakeFiles/BundledPcre2.dir/compiler_depend.internal".
Dependencies file "src/3rdparty/pcre2/CMakeFiles/BundledPcre2.dir/src/pcre2_newline.c.o.d" is newer than depends file "/home/luke/sponge-os/genode/build/x86_64/qt6/base/src/3rdparty/pcre2/CMakeFiles/BundledPcre2.dir/compiler_depend.internal".
Dependencies file "src/3rdparty/pcre2/CMakeFiles/BundledPcre2.dir/src/pcre2_ord2utf.c.o.d" is newer than depends file "/home/luke/sponge-os/genode/build/x86_64/qt6/base/src/3rdparty/pcre2/CMakeFiles/BundledPcre2.dir/compiler_depend.internal".
Dependencies file "src/3rdparty/pcre2/CMakeFiles/BundledPcre2.dir/src/pcre2_pattern_info.c.o.d" is newer than depends file "/home/luke/sponge-os/genode/build/x86_64/qt6/base/src/3rdparty/pcre2/CMakeFiles/BundledPcre2.dir/compiler_depend.internal".
Dependencies file "src/3rdparty/pcre2/CMakeFiles/BundledPcre2.dir/src/pcre2_script_run.c.o.d" is newer than depends file "/home/luke/sponge-os/genode/build/x86_64/qt6/base/src/3rdparty/pcre2/CMakeFiles/BundledPcre2.dir/compiler_depend.internal".
Dependencies file "src/3rdparty/pcre2/CMakeFiles/BundledPcre2.dir/src/pcre2_serialize.c.o.d" is newer than depends file "/home/luke/sponge-os/genode/build/x86_64/qt6/base/src/3rdparty/pcre2/CMakeFiles/BundledPcre2.dir/compiler_depend.internal".
Dependencies file "src/3rdparty/pcre2/CMakeFiles/BundledPcre2.dir/src/pcre2_string_utils.c.o.d" is newer than depends file "/home/luke/sponge-os/genode/build/x86_64/qt6/base/src/3rdparty/pcre2/CMakeFiles/BundledPcre2.dir/compiler_depend.internal".
Dependencies file "src/3rdparty/pcre2/CMakeFiles/BundledPcre2.dir/src/pcre2_study.c.o.d" is newer than depends file "/home/luke/sponge-os/genode/build/x86_64/qt6/base/src/3rdparty/pcre2/CMakeFiles/BundledPcre2.dir/compiler_depend.internal".
Dependencies file "src/3rdparty/pcre2/CMakeFiles/BundledPcre2.dir/src/pcre2_substitute.c.o.d" is newer than depends file "/home/luke/sponge-os/genode/build/x86_64/qt6/base/src/3rdparty/pcre2/CMakeFiles/BundledPcre2.dir/compiler_depend.internal".
Dependencies file "src/3rdparty/pcre2/CMakeFiles/BundledPcre2.dir/src/pcre2_substring.c.o.d" is newer than depends file "/home/luke/sponge-os/genode/build/x86_64/qt6/base/src/3rdparty/pcre2/CMakeFiles/BundledPcre2.dir/compiler_depend.internal".
Dependencies file "src/3rdparty/pcre2/CMakeFiles/BundledPcre2.dir/src/pcre2_tables.c.o.d" is newer than depends file "/home/luke/sponge-os/genode/build/x86_64/qt6/base/src/3rdparty/pcre2/CMakeFiles/BundledPcre2.dir/compiler_depend.internal".
Dependencies file "src/3rdparty/pcre2/CMakeFiles/BundledPcre2.dir/src/pcre2_ucd.c.o.d" is newer than depends file "/home/luke/sponge-os/genode/build/x86_64/qt6/base/src/3rdparty/pcre2/CMakeFiles/BundledPcre2.dir/compiler_depend.internal".
Dependencies file "src/3rdparty/pcre2/CMakeFiles/BundledPcre2.dir/src/pcre2_valid_utf.c.o.d" is newer than depends file "/home/luke/sponge-os/genode/build/x86_64/qt6/base/src/3rdparty/pcre2/CMakeFiles/BundledPcre2.dir/compiler_depend.internal".
Dependencies file "src/3rdparty/pcre2/CMakeFiles/BundledPcre2.dir/src/pcre2_xclass.c.o.d" is newer than depends file "/home/luke/sponge-os/genode/build/x86_64/qt6/base/src/3rdparty/pcre2/CMakeFiles/BundledPcre2.dir/compiler_depend.internal".
[1m[35mConsolidate compiler generated dependencies of target BundledPcre2[0m
[  3%] Built target ZlibPrivate
[  3%] Built target JpegPrivate
[  3%] Built target ExampleIconsPrivate_autogen_timestamp_deps
[  3%] Built target PngPrivate
[  3%] Built target Core_sync_headers
[  4%] Built target BundledLibjpeg16bits
[  6%] Built target BundledLibjpeg12bits
[  8%] Built target BundledPcre2
Dependencies file "src/3rdparty/zlib/CMakeFiles/BundledZLIB.dir/src/adler32.c.o.d" is newer than depends file "/home/luke/sponge-os/genode/build/x86_64/qt6/base/src/3rdparty/zlib/CMakeFiles/BundledZLIB.dir/compiler_depend.internal".
Dependencies file "src/3rdparty/zlib/CMakeFiles/BundledZLIB.dir/src/compress.c.o.d" is newer than depends file "/home/luke/sponge-os/genode/build/x86_64/qt6/base/src/3rdparty/zlib/CMakeFiles/BundledZLIB.dir/compiler_depend.internal".
Dependencies file "src/3rdparty/zlib/CMakeFiles/BundledZLIB.dir/src/crc32.c.o.d" is newer than depends file "/home/luke/sponge-os/genode/build/x86_64/qt6/base/src/3rdparty/zlib/CMakeFiles/BundledZLIB.dir/compiler_depend.internal".
Dependencies file "src/3rdparty/zlib/CMakeFiles/BundledZLIB.dir/src/deflate.c.o.d" is newer than depends file "/home/luke/sponge-os/genode/build/x86_64/qt6/base/src/3rdparty/zlib/CMakeFiles/BundledZLIB.dir/compiler_depend.internal".
Dependencies file "src/3rdparty/zlib/CMakeFiles/BundledZLIB.dir/src/gzclose.c.o.d" is newer than depends file "/home/luke/sponge-os/genode/build/x86_64/qt6/base/src/3rdparty/zlib/CMakeFiles/BundledZLIB.dir/compiler_depend.internal".
Dependencies file "src/3rdparty/zlib/CMakeFiles/BundledZLIB.dir/src/gzlib.c.o.d" is newer than depends file "/home/luke/sponge-os/genode/build/x86_64/qt6/base/src/3rdparty/zlib/CMakeFiles/BundledZLIB.dir/compiler_depend.internal".
Dependencies file "src/3rdparty/zlib/CMakeFiles/BundledZLIB.dir/src/gzread.c.o.d" is newer than depends file "/home/luke/sponge-os/genode/build/x86_64/qt6/base/src/3rdparty/zlib/CMakeFiles/BundledZLIB.dir/compiler_depend.internal".
Dependencies file "src/3rdparty/zlib/CMakeFiles/BundledZLIB.dir/src/gzwrite.c.o.d" is newer than depends file "/home/luke/sponge-os/genode/build/x86_64/qt6/base/src/3rdparty/zlib/CMakeFiles/BundledZLIB.dir/compiler_depend.internal".
Dependencies file "src/3rdparty/zlib/CMakeFiles/BundledZLIB.dir/src/infback.c.o.d" is newer than depends file "/home/luke/sponge-os/genode/build/x86_64/qt6/base/src/3rdparty/zlib/CMakeFiles/BundledZLIB.dir/compiler_depend.internal".
Dependencies file "src/3rdparty/zlib/CMakeFiles/BundledZLIB.dir/src/inffast.c.o.d" is newer than depends file "/home/luke/sponge-os/genode/build/x86_64/qt6/base/src/3rdparty/zlib/CMakeFiles/BundledZLIB.dir/compiler_depend.internal".
Dependencies file "src/3rdparty/zlib/CMakeFiles/BundledZLIB.dir/src/inflate.c.o.d" is newer than depends file "/home/luke/sponge-os/genode/build/x86_64/qt6/base/src/3rdparty/zlib/CMakeFiles/BundledZLIB.dir/compiler_depend.internal".
Dependencies file "src/3rdparty/zlib/CMakeFiles/BundledZLIB.dir/src/inftrees.c.o.d" is newer than depends file "/home/luke/sponge-os/genode/build/x86_64/qt6/base/src/3rdparty/zlib/CMakeFiles/BundledZLIB.dir/compiler_depend.internal".
Dependencies file "src/assets/icons/CMakeFiles/ExampleIconsPrivate_resources_1.dir/.qt/rcc/qrc_example_icons_init.cpp.o.d" is newer than depends file "/home/luke/sponge-os/genode/build/x86_64/qt6/base/src/assets/icons/CMakeFiles/ExampleIconsPrivate_resources_1.dir/compiler_depend.internal".
Dependencies file "src/3rdparty/zlib/CMakeFiles/BundledZLIB.dir/src/trees.c.o.d" is newer than depends file "/home/luke/sponge-os/genode/build/x86_64/qt6/base/src/3rdparty/zlib/CMakeFiles/BundledZLIB.dir/compiler_depend.internal".
[1m[35mConsolidate compiler generated dependencies of target ExampleIconsPrivate_resources_1[0m
Dependencies file "src/3rdparty/zlib/CMakeFiles/BundledZLIB.dir/src/uncompr.c.o.d" is newer than depends file "/home/luke/sponge-os/genode/build/x86_64/qt6/base/src/3rdparty/zlib/CMakeFiles/BundledZLIB.dir/compiler_depend.internal".
Dependencies file "src/3rdparty/zlib/CMakeFiles/BundledZLIB.dir/src/zutil.c.o.d" is newer than depends file "/home/luke/sponge-os/genode/build/x86_64/qt6/base/src/3rdparty/zlib/CMakeFiles/BundledZLIB.dir/compiler_depend.internal".
[1m[35mConsolidate compiler generated dependencies of target BundledZLIB[0m
Dependencies file "src/3rdparty/harfbuzz-ng/CMakeFiles/BundledHarfbuzz.dir/hb-dummy.cc.o.d" is newer than depends file "/home/luke/sponge-os/genode/build/x86_64/qt6/base/src/3rdparty/harfbuzz-ng/CMakeFiles/BundledHarfbuzz.dir/compiler_depend.internal".
Dependencies file "src/3rdparty/harfbuzz-ng/CMakeFiles/BundledHarfbuzz.dir/src/OT/Var/VARC/VARC.cc.o.d" is newer than depends file "/home/luke/sponge-os/genode/build/x86_64/qt6/base/src/3rdparty/harfbuzz-ng/CMakeFiles/BundledHarfbuzz.dir/compiler_depend.internal".
Dependencies file "src/3rdparty/harfbuzz-ng/CMakeFiles/BundledHarfbuzz.dir/src/hb-aat-layout.cc.o.d" is newer than depends file "/home/luke/sponge-os/genode/build/x86_64/qt6/base/src/3rdparty/harfbuzz-ng/CMakeFiles/BundledHarfbuzz.dir/compiler_depend.internal".
Dependencies file "src/3rdparty/harfbuzz-ng/CMakeFiles/BundledHarfbuzz.dir/src/hb-aat-map.cc.o.d" is newer than depends file "/home/luke/sponge-os/genode/build/x86_64/qt6/base/src/3rdparty/harfbuzz-ng/CMakeFiles/BundledHarfbuzz.dir/compiler_depend.internal".
Dependencies file "src/3rdparty/harfbuzz-ng/CMakeFiles/BundledHarfbuzz.dir/src/hb-blob.cc.o.d" is newer than depends file "/home/luke/sponge-os/genode/build/x86_64/qt6/base/src/3rdparty/harfbuzz-ng/CMakeFiles/BundledHarfbuzz.dir/compiler_depend.internal".
Dependencies file "src/3rdparty/harfbuzz-ng/CMakeFiles/BundledHarfbuzz.dir/src/hb-buffer-serialize.cc.o.d" is newer than depends file "/home/luke/sponge-os/genode/build/x86_64/qt6/base/src/3rdparty/harfbuzz-ng/CMakeFiles/BundledHarfbuzz.dir/compiler_depend.internal".
Dependencies file "src/3rdparty/harfbuzz-ng/CMakeFiles/BundledHarfbuzz.dir/src/hb-buffer-verify.cc.o.d" is newer than depends file "/home/luke/sponge-os/genode/build/x86_64/qt6/base/src/3rdparty/harfbuzz-ng/CMakeFiles/BundledHarfbuzz.dir/compiler_depend.internal".
Dependencies file "src/3rdparty/libjpeg/CMakeFiles/BundledLibjpeg.dir/jaricom.c.o.d" is newer than depends file "/home/luke/sponge-os/genode/build/x86_64/qt6/base/src/3rdparty/libjpeg/CMakeFiles/BundledLibjpeg.dir/compiler_depend.internal".
Dependencies file "src/3rdparty/libjpeg/CMakeFiles/BundledLibjpeg.dir/jcapimin.c.o.d" is newer than depends file "/home/luke/sponge-os/genode/build/x86_64/qt6/base/src/3rdparty/libjpeg/CMakeFiles/BundledLibjpeg.dir/compiler_depend.internal".
Dependencies file "src/3rdparty/libjpeg/CMakeFiles/BundledLibjpeg.dir/jcapistd.c.o.d" is newer than depends file "/home/luke/sponge-os/genode/build/x86_64/qt6/base/src/3rdparty/libjpeg/CMakeFiles/BundledLibjpeg.dir/compiler_depend.internal".
Dependencies file "src/3rdparty/libjpeg/CMakeFiles/BundledLibjpeg.dir/jcarith.c.o.d" is newer than depends file "/home/luke/sponge-os/genode/build/x86_64/qt6/base/src/3rdparty/libjpeg/CMakeFiles/BundledLibjpeg.dir/compiler_depend.internal".
Dependencies file "src/3rdparty/libjpeg/CMakeFiles/BundledLibjpeg.dir/jccoefct.c.o.d" is newer than depends file "/home/luke/sponge-os/genode/build/x86_64/qt6/base/src/3rdparty/libjpeg/CMakeFiles/BundledLibjpeg.dir/compiler_depend.internal".
Dependencies file "src/3rdparty/libjpeg/CMakeFiles/BundledLibjpeg.dir/jccolor.c.o.d" is newer than depends file "/home/luke/sponge-os/genode/build/x86_64/qt6/base/src/3rdparty/libjpeg/CMakeFiles/BundledLibjpeg.dir/compiler_depend.internal".
Dependencies file "src/3rdparty/libjpeg/CMakeFiles/BundledLibjpeg.dir/jcdctmgr.c.o.d" is newer than depends file "/home/luke/sponge-os/genode/build/x86_64/qt6/base/src/3rdparty/libjpeg/CMakeFiles/BundledLibjpeg.dir/compiler_depend.internal".
Dependencies file "src/3rdparty/harfbuzz-ng/CMakeFiles/BundledHarfbuzz.dir/src/hb-buffer.cc.o.d" is newer than depends file "/home/luke/sponge-os/genode/build/x86_64/qt6/base/src/3rdparty/harfbuzz-ng/CMakeFiles/BundledHarfbuzz.dir/compiler_depend.internal".
Dependencies file "src/3rdparty/libjpeg/CMakeFiles/BundledLibjpeg.dir/jcdiffct.c.o.d" is newer than depends file "/home/luke/sponge-os/genode/build/x86_64/qt6/base/src/3rdparty/libjpeg/CMakeFiles/BundledLibjpeg.dir/compiler_depend.internal".
Dependencies file "src/3rdparty/libjpeg/CMakeFiles/BundledLibjpeg.dir/jchuff.c.o.d" is newer than depends file "/home/luke/sponge-os/genode/build/x86_64/qt6/base/src/3rdparty/libjpeg/CMakeFiles/BundledLibjpeg.dir/compiler_depend.internal".
Dependencies file "src/3rdparty/libjpeg/CMakeFiles/BundledLibjpeg.dir/jcicc.c.o.d" is newer than depends file "/home/luke/sponge-os/genode/build/x86_64/qt6/base/src/3rdparty/libjpeg/CMakeFiles/BundledLibjpeg.dir/compiler_depend.internal".
Dependencies file "src/3rdparty/libjpeg/CMakeFiles/BundledLibjpeg.dir/jcinit.c.o.d" is newer than depends file "/home/luke/sponge-os/genode/build/x86_64/qt6/base/src/3rdparty/libjpeg/CMakeFiles/BundledLibjpeg.dir/compiler_depend.internal".
Dependencies file "src/3rdparty/libjpeg/CMakeFiles/BundledLibjpeg.dir/jclhuff.c.o.d" is newer than depends file "/home/luke/sponge-os/genode/build/x86_64/qt6/base/src/3rdparty/libjpeg/CMakeFiles/BundledLibjpeg.dir/compiler_depend.internal".
Dependencies file "src/3rdparty/libjpeg/CMakeFiles/BundledLibjpeg.dir/jclossls.c.o.d" is newer than depends file "/home/luke/sponge-os/genode/build/x86_64/qt6/base/src/3rdparty/libjpeg/CMakeFiles/BundledLibjpeg.dir/compiler_depend.internal".
Dependencies file "src/3rdparty/libjpeg/CMakeFiles/BundledLibjpeg.dir/jcmainct.c.o.d" is newer than depends file "/home/luke/sponge-os/genode/build/x86_64/qt6/base/src/3rdparty/libjpeg/CMakeFiles/BundledLibjpeg.dir/compiler_depend.internal".
Dependencies file "src/3rdparty/libjpeg/CMakeFiles/BundledLibjpeg.dir/jcmarker.c.o.d" is newer than depends file "/home/luke/sponge-os/genode/build/x86_64/qt6/base/src/3rdparty/libjpeg/CMakeFiles/BundledLibjpeg.dir/compiler_depend.internal".
Dependencies file "src/3rdparty/libjpeg/CMakeFiles/BundledLibjpeg.dir/jcmaster.c.o.d" is newer than depends file "/home/luke/sponge-os/genode/build/x86_64/qt6/base/src/3rdparty/libjpeg/CMakeFiles/BundledLibjpeg.dir/compiler_depend.internal".
Dependencies file "src/3rdparty/harfbuzz-ng/CMakeFiles/BundledHarfbuzz.dir/src/hb-draw.cc.o.d" is newer than depends file "/home/luke/sponge-os/genode/build/x86_64/qt6/base/src/3rdparty/harfbuzz-ng/CMakeFiles/BundledHarfbuzz.dir/compiler_depend.internal".
Dependencies file "src/3rdparty/libjpeg/CMakeFiles/BundledLibjpeg.dir/jcomapi.c.o.d" is newer than depends file "/home/luke/sponge-os/genode/build/x86_64/qt6/base/src/3rdparty/libjpeg/CMakeFiles/BundledLibjpeg.dir/compiler_depend.internal".
Dependencies file "src/3rdparty/libjpeg/CMakeFiles/BundledLibjpeg.dir/jcparam.c.o.d" is newer than depends file "/home/luke/sponge-os/genode/build/x86_64/qt6/base/src/3rdparty/libjpeg/CMakeFiles/BundledLibjpeg.dir/compiler_depend.internal".
Dependencies file "src/3rdparty/libjpeg/CMakeFiles/BundledLibjpeg.dir/jcphuff.c.o.d" is newer than depends file "/home/luke/sponge-os/genode/build/x86_64/qt6/base/src/3rdparty/libjpeg/CMakeFiles/BundledLibjpeg.dir/compiler_depend.internal".
Dependencies file "src/3rdparty/libjpeg/CMakeFiles/BundledLibjpeg.dir/jcprepct.c.o.d" is newer than depends file "/home/luke/sponge-os/genode/build/x86_64/qt6/base/src/3rdparty/libjpeg/CMakeFiles/BundledLibjpeg.dir/compiler_depend.internal".
Dependencies file "src/3rdparty/libjpeg/CMakeFiles/BundledLibjpeg.dir/jcsample.c.o.d" is newer than depends file "/home/luke/sponge-os/genode/build/x86_64/qt6/base/src/3rdparty/libjpeg/CMakeFiles/BundledLibjpeg.dir/compiler_depend.internal".
Dependencies file "src/3rdparty/libjpeg/CMakeFiles/BundledLibjpeg.dir/jctrans.c.o.d" is newer than depends file "/home/luke/sponge-os/genode/build/x86_64/qt6/base/src/3rdparty/libjpeg/CMakeFiles/BundledLibjpeg.dir/compiler_depend.internal".
Dependencies file "src/3rdparty/libjpeg/CMakeFiles/BundledLibjpeg.dir/jdapimin.c.o.d" is newer than depends file "/home/luke/sponge-os/genode/build/x86_64/qt6/base/src/3rdparty/libjpeg/CMakeFiles/BundledLibjpeg.dir/compiler_depend.internal".
Dependencies file "src/3rdparty/libjpeg/CMakeFiles/BundledLibjpeg.dir/jdapistd.c.o.d" is newer than depends file "/home/luke/sponge-os/genode/build/x86_64/qt6/base/src/3rdparty/libjpeg/CMakeFiles/BundledLibjpeg.dir/compiler_depend.internal".
Dependencies file "src/3rdparty/harfbuzz-ng/CMakeFiles/BundledHarfbuzz.dir/src/hb-face-builder.cc.o.d" is newer than depends file "/home/luke/sponge-os/genode/build/x86_64/qt6/base/src/3rdparty/harfbuzz-ng/CMakeFiles/BundledHarfbuzz.dir/compiler_depend.internal".
Dependencies file "src/3rdparty/libjpeg/CMakeFiles/BundledLibjpeg.dir/jdarith.c.o.d" is newer than depends file "/home/luke/sponge-os/genode/build/x86_64/qt6/base/src/3rdparty/libjpeg/CMakeFiles/BundledLibjpeg.dir/compiler_depend.internal".
Dependencies file "src/3rdparty/libjpeg/CMakeFiles/BundledLibjpeg.dir/jdatadst.c.o.d" is newer than depends file "/home/luke/sponge-os/genode/build/x86_64/qt6/base/src/3rdparty/libjpeg/CMakeFiles/BundledLibjpeg.dir/compiler_depend.internal".
Dependencies file "src/3rdparty/libjpeg/CMakeFiles/BundledLibjpeg.dir/jdatasrc.c.o.d" is newer than depends file "/home/luke/sponge-os/genode/build/x86_64/qt6/base/src/3rdparty/libjpeg/CMakeFiles/BundledLibjpeg.dir/compiler_depend.internal".
Dependencies file "src/3rdparty/libjpeg/CMakeFiles/BundledLibjpeg.dir/jdcoefct.c.o.d" is newer than depends file "/home/luke/sponge-os/genode/build/x86_64/qt6/base/src/3rdparty/libjpeg/CMakeFiles/BundledLibjpeg.dir/compiler_depend.internal".
Dependencies file "src/3rdparty/libjpeg/CMakeFiles/BundledLibjpeg.dir/jdcolor.c.o.d" is newer than depends file "/home/luke/sponge-os/genode/build/x86_64/qt6/base/src/3rdparty/libjpeg/CMakeFiles/BundledLibjpeg.dir/compiler_depend.internal".
Dependencies file "src/3rdparty/libjpeg/CMakeFiles/BundledLibjpeg.dir/jddctmgr.c.o.d" is newer than depends file "/home/luke/sponge-os/genode/build/x86_64/qt6/base/src/3rdparty/libjpeg/CMakeFiles/BundledLibjpeg.dir/compiler_depend.internal".
Dependencies file "src/3rdparty/libjpeg/CMakeFiles/BundledLibjpeg.dir/jddiffct.c.o.d" is newer than depends file "/home/luke/sponge-os/genode/build/x86_64/qt6/base/src/3rdparty/libjpeg/CMakeFiles/BundledLibjpeg.dir/compiler_depend.internal".
Dependencies file "src/3rdparty/libjpeg/CMakeFiles/BundledLibjpeg.dir/jdhuff.c.o.d" is newer than depends file "/home/luke/sponge-os/genode/build/x86_64/qt6/base/src/3rdparty/libjpeg/CMakeFiles/BundledLibjpeg.dir/compiler_depend.internal".
Dependencies file "src/3rdparty/libjpeg/CMakeFiles/BundledLibjpeg.dir/jdicc.c.o.d" is newer than depends file "/home/luke/sponge-os/genode/build/x86_64/qt6/base/src/3rdparty/libjpeg/CMakeFiles/BundledLibjpeg.dir/compiler_depend.internal".
Dependencies file "src/3rdparty/harfbuzz-ng/CMakeFiles/BundledHarfbuzz.dir/src/hb-face.cc.o.d" is newer than depends file "/home/luke/sponge-os/genode/build/x86_64/qt6/base/src/3rdparty/harfbuzz-ng/CMakeFiles/BundledHarfbuzz.dir/compiler_depend.internal".
Dependencies file "src/3rdparty/libjpeg/CMakeFiles/BundledLibjpeg.dir/jdinput.c.o.d" is newer than depends file "/home/luke/sponge-os/genode/build/x86_64/qt6/base/src/3rdparty/libjpeg/CMakeFiles/BundledLibjpeg.dir/compiler_depend.internal".
Dependencies file "src/3rdparty/libjpeg/CMakeFiles/BundledLibjpeg.dir/jdlhuff.c.o.d" is newer than depends file "/home/luke/sponge-os/genode/build/x86_64/qt6/base/src/3rdparty/libjpeg/CMakeFiles/BundledLibjpeg.dir/compiler_depend.internal".
Dependencies file "src/3rdparty/libjpeg/CMakeFiles/BundledLibjpeg.dir/jdlossls.c.o.d" is newer than depends file "/home/luke/sponge-os/genode/build/x86_64/qt6/base/src/3rdparty/libjpeg/CMakeFiles/BundledLibjpeg.dir/compiler_depend.internal".
Dependencies file "src/3rdparty/libjpeg/CMakeFiles/BundledLibjpeg.dir/jdmainct.c.o.d" is newer than depends file "/home/luke/sponge-os/genode/build/x86_64/qt6/base/src/3rdparty/libjpeg/CMakeFiles/BundledLibjpeg.dir/compiler_depend.internal".
Dependencies file "src/3rdparty/libjpeg/CMakeFiles/BundledLibjpeg.dir/jdmarker.c.o.d" is newer than depends file "/home/luke/sponge-os/genode/build/x86_64/qt6/base/src/3rdparty/libjpeg/CMakeFiles/BundledLibjpeg.dir/compiler_depend.internal".
Dependencies file "src/3rdparty/libjpeg/CMakeFiles/BundledLibjpeg.dir/jdmaster.c.o.d" is newer than depends file "/home/luke/sponge-os/genode/build/x86_64/qt6/base/src/3rdparty/libjpeg/CMakeFiles/BundledLibjpeg.dir/compiler_depend.internal".
Dependencies file "src/3rdparty/libjpeg/CMakeFiles/BundledLibjpeg.dir/jdmerge.c.o.d" is newer than depends file "/home/luke/sponge-os/genode/build/x86_64/qt6/base/src/3rdparty/libjpeg/CMakeFiles/BundledLibjpeg.dir/compiler_depend.internal".
Dependencies file "src/3rdparty/libjpeg/CMakeFiles/BundledLibjpeg.dir/jdphuff.c.o.d" is newer than depends file "/home/luke/sponge-os/genode/build/x86_64/qt6/base/src/3rdparty/libjpeg/CMakeFiles/BundledLibjpeg.dir/compiler_depend.internal".
Dependencies file "src/3rdparty/libjpeg/CMakeFiles/BundledLibjpeg.dir/jdpostct.c.o.d" is newer than depends file "/home/luke/sponge-os/genode/build/x86_64/qt6/base/src/3rdparty/libjpeg/CMakeFiles/BundledLibjpeg.dir/compiler_depend.internal".
Dependencies file "src/3rdparty/libjpeg/CMakeFiles/BundledLibjpeg.dir/jdsample.c.o.d" is newer than depends file "/home/luke/sponge-os/genode/build/x86_64/qt6/base/src/3rdparty/libjpeg/CMakeFiles/BundledLibjpeg.dir/compiler_depend.internal".
Dependencies file "src/3rdparty/harfbuzz-ng/CMakeFiles/BundledHarfbuzz.dir/src/hb-fallback-shape.cc.o.d" is newer than depends file "/home/luke/sponge-os/genode/build/x86_64/qt6/base/src/3rdparty/harfbuzz-ng/CMakeFiles/BundledHarfbuzz.dir/compiler_depend.internal".
Dependencies file "src/3rdparty/libjpeg/CMakeFiles/BundledLibjpeg.dir/jdtrans.c.o.d" is newer than depends file "/home/luke/sponge-os/genode/build/x86_64/qt6/base/src/3rdparty/libjpeg/CMakeFiles/BundledLibjpeg.dir/compiler_depend.internal".
Dependencies file "src/3rdparty/libjpeg/CMakeFiles/BundledLibjpeg.dir/jerror.c.o.d" is newer than depends file "/home/luke/sponge-os/genode/build/x86_64/qt6/base/src/3rdparty/libjpeg/CMakeFiles/BundledLibjpeg.dir/compiler_depend.internal".
Dependencies file "src/3rdparty/libjpeg/CMakeFiles/BundledLibjpeg.dir/jfdctflt.c.o.d" is newer than depends file "/home/luke/sponge-os/genode/build/x86_64/qt6/base/src/3rdparty/libjpeg/CMakeFiles/BundledLibjpeg.dir/compiler_depend.internal".
[  8%] Built target ExampleIconsPrivate_autogen
Dependencies file "src/3rdparty/libjpeg/CMakeFiles/BundledLibjpeg.dir/jfdctfst.c.o.d" is newer than depends file "/home/luke/sponge-os/genode/build/x86_64/qt6/base/src/3rdparty/libjpeg/CMakeFiles/BundledLibjpeg.dir/compiler_depend.internal".
Dependencies file "src/3rdparty/libjpeg/CMakeFiles/BundledLibjpeg.dir/jfdctint.c.o.d" is newer than depends file "/home/luke/sponge-os/genode/build/x86_64/qt6/base/src/3rdparty/libjpeg/CMakeFiles/BundledLibjpeg.dir/compiler_depend.internal".
Dependencies file "src/3rdparty/libjpeg/CMakeFiles/BundledLibjpeg.dir/jidctflt.c.o.d" is newer than depends file "/home/luke/sponge-os/genode/build/x86_64/qt6/base/src/3rdparty/libjpeg/CMakeFiles/BundledLibjpeg.dir/compiler_depend.internal".
Dependencies file "src/3rdparty/libjpeg/CMakeFiles/BundledLibjpeg.dir/jidctfst.c.o.d" is newer than depends file "/home/luke/sponge-os/genode/build/x86_64/qt6/base/src/3rdparty/libjpeg/CMakeFiles/BundledLibjpeg.dir/compiler_depend.internal".
Dependencies file "src/3rdparty/libjpeg/CMakeFiles/BundledLibjpeg.dir/jidctint.c.o.d" is newer than depends file "/home/luke/sponge-os/genode/build/x86_64/qt6/base/src/3rdparty/libjpeg/CMakeFiles/BundledLibjpeg.dir/compiler_depend.internal".
Dependencies file "src/3rdparty/harfbuzz-ng/CMakeFiles/BundledHarfbuzz.dir/src/hb-font.cc.o.d" is newer than depends file "/home/luke/sponge-os/genode/build/x86_64/qt6/base/src/3rdparty/harfbuzz-ng/CMakeFiles/BundledHarfbuzz.dir/compiler_depend.internal".
Dependencies file "src/3rdparty/libjpeg/CMakeFiles/BundledLibjpeg.dir/jidctred.c.o.d" is newer than depends file "/home/luke/sponge-os/genode/build/x86_64/qt6/base/src/3rdparty/libjpeg/CMakeFiles/BundledLibjpeg.dir/compiler_depend.internal".
Dependencies file "src/3rdparty/libjpeg/CMakeFiles/BundledLibjpeg.dir/jmemmgr.c.o.d" is newer than depends file "/home/luke/sponge-os/genode/build/x86_64/qt6/base/src/3rdparty/libjpeg/CMakeFiles/BundledLibjpeg.dir/compiler_depend.internal".
Dependencies file "src/3rdparty/libjpeg/CMakeFiles/BundledLibjpeg.dir/jmemnobs.c.o.d" is newer than depends file "/home/luke/sponge-os/genode/build/x86_64/qt6/base/src/3rdparty/libjpeg/CMakeFiles/BundledLibjpeg.dir/compiler_depend.internal".
Dependencies file "src/3rdparty/libjpeg/CMakeFiles/BundledLibjpeg.dir/jpeg_nbits.c.o.d" is newer than depends file "/home/luke/sponge-os/genode/build/x86_64/qt6/base/src/3rdparty/libjpeg/CMakeFiles/BundledLibjpeg.dir/compiler_depend.internal".
Dependencies file "src/3rdparty/libjpeg/CMakeFiles/BundledLibjpeg.dir/jquant1.c.o.d" is newer than depends file "/home/luke/sponge-os/genode/build/x86_64/qt6/base/src/3rdparty/libjpeg/CMakeFiles/BundledLibjpeg.dir/compiler_depend.internal".
Dependencies file "src/3rdparty/libjpeg/CMakeFiles/BundledLibjpeg.dir/jquant2.c.o.d" is newer than depends file "/home/luke/sponge-os/genode/build/x86_64/qt6/base/src/3rdparty/libjpeg/CMakeFiles/BundledLibjpeg.dir/compiler_depend.internal".
Dependencies file "src/3rdparty/libjpeg/CMakeFiles/BundledLibjpeg.dir/jutils.c.o.d" is newer than depends file "/home/luke/sponge-os/genode/build/x86_64/qt6/base/src/3rdparty/libjpeg/CMakeFiles/BundledLibjpeg.dir/compiler_depend.internal".
[1m[35mConsolidate compiler generated dependencies of target BundledLibjpeg[0m
Dependencies file "src/3rdparty/harfbuzz-ng/CMakeFiles/BundledHarfbuzz.dir/src/hb-map.cc.o.d" is newer than depends file "/home/luke/sponge-os/genode/build/x86_64/qt6/base/src/3rdparty/harfbuzz-ng/CMakeFiles/BundledHarfbuzz.dir/compiler_depend.internal".
Dependencies file "src/3rdparty/harfbuzz-ng/CMakeFiles/BundledHarfbuzz.dir/src/hb-number.cc.o.d" is newer than depends file "/home/luke/sponge-os/genode/build/x86_64/qt6/base/src/3rdparty/harfbuzz-ng/CMakeFiles/BundledHarfbuzz.dir/compiler_depend.internal".
Dependencies file "src/3rdparty/harfbuzz-ng/CMakeFiles/BundledHarfbuzz.dir/src/hb-ot-cff1-table.cc.o.d" is newer than depends file "/home/luke/sponge-os/genode/build/x86_64/qt6/base/src/3rdparty/harfbuzz-ng/CMakeFiles/BundledHarfbuzz.dir/compiler_depend.internal".
Dependencies file "src/3rdparty/harfbuzz-ng/CMakeFiles/BundledHarfbuzz.dir/src/hb-ot-cff2-table.cc.o.d" is newer than depends file "/home/luke/sponge-os/genode/build/x86_64/qt6/base/src/3rdparty/harfbuzz-ng/CMakeFiles/BundledHarfbuzz.dir/compiler_depend.internal".
Dependencies file "src/3rdparty/harfbuzz-ng/CMakeFiles/BundledHarfbuzz.dir/src/hb-ot-color.cc.o.d" is newer than depends file "/home/luke/sponge-os/genode/build/x86_64/qt6/base/src/3rdparty/harfbuzz-ng/CMakeFiles/BundledHarfbuzz.dir/compiler_depend.internal".
Dependencies file "src/3rdparty/harfbuzz-ng/CMakeFiles/BundledHarfbuzz.dir/src/hb-ot-face.cc.o.d" is newer than depends file "/home/luke/sponge-os/genode/build/x86_64/qt6/base/src/3rdparty/harfbuzz-ng/CMakeFiles/BundledHarfbuzz.dir/compiler_depend.internal".
Dependencies file "src/3rdparty/harfbuzz-ng/CMakeFiles/BundledHarfbuzz.dir/src/hb-ot-font.cc.o.d" is newer than depends file "/home/luke/sponge-os/genode/build/x86_64/qt6/base/src/3rdparty/harfbuzz-ng/CMakeFiles/BundledHarfbuzz.dir/compiler_depend.internal".
[  8%] Built target Core_autogen_timestamp_deps
Dependencies file "src/3rdparty/harfbuzz-ng/CMakeFiles/BundledHarfbuzz.dir/src/hb-ot-layout.cc.o.d" is newer than depends file "/home/luke/sponge-os/genode/build/x86_64/qt6/base/src/3rdparty/harfbuzz-ng/CMakeFiles/BundledHarfbuzz.dir/compiler_depend.internal".
Dependencies file "src/3rdparty/harfbuzz-ng/CMakeFiles/BundledHarfbuzz.dir/src/hb-ot-map.cc.o.d" is newer than depends file "/home/luke/sponge-os/genode/build/x86_64/qt6/base/src/3rdparty/harfbuzz-ng/CMakeFiles/BundledHarfbuzz.dir/compiler_depend.internal".
[  8%] Built target Concurrent_sync_headers
[  8%] Built target Xml_sync_headers
Dependencies file "src/3rdparty/harfbuzz-ng/CMakeFiles/BundledHarfbuzz.dir/src/hb-ot-math.cc.o.d" is newer than depends file "/home/luke/sponge-os/genode/build/x86_64/qt6/base/src/3rdparty/harfbuzz-ng/CMakeFiles/BundledHarfbuzz.dir/compiler_depend.internal".
[  8%] Built target Sql_sync_headers
Dependencies file "src/3rdparty/harfbuzz-ng/CMakeFiles/BundledHarfbuzz.dir/src/hb-ot-meta.cc.o.d" is newer than depends file "/home/luke/sponge-os/genode/build/x86_64/qt6/base/src/3rdparty/harfbuzz-ng/CMakeFiles/BundledHarfbuzz.dir/compiler_depend.internal".
[  8%] Built target DeviceDiscoverySupportPrivate_sync_headers
[  8%] Built target Network_sync_headers
Dependencies file "src/3rdparty/harfbuzz-ng/CMakeFiles/BundledHarfbuzz.dir/src/hb-ot-metrics.cc.o.d" is newer than depends file "/home/luke/sponge-os/genode/build/x86_64/qt6/base/src/3rdparty/harfbuzz-ng/CMakeFiles/BundledHarfbuzz.dir/compiler_depend.internal".
Dependencies file "src/3rdparty/harfbuzz-ng/CMakeFiles/BundledHarfbuzz.dir/src/hb-ot-name.cc.o.d" is newer than depends file "/home/luke/sponge-os/genode/build/x86_64/qt6/base/src/3rdparty/harfbuzz-ng/CMakeFiles/BundledHarfbuzz.dir/compiler_depend.internal".
[  8%] Built target ExampleIconsPrivate_resources_1
Dependencies file "src/3rdparty/harfbuzz-ng/CMakeFiles/BundledHarfbuzz.dir/src/hb-ot-shape-fallback.cc.o.d" is newer than depends file "/home/luke/sponge-os/genode/build/x86_64/qt6/base/src/3rdparty/harfbuzz-ng/CMakeFiles/BundledHarfbuzz.dir/compiler_depend.internal".
[  8%] Built target Gui_sync_headers
Dependencies file "src/3rdparty/harfbuzz-ng/CMakeFiles/BundledHarfbuzz.dir/src/hb-ot-shape-normalize.cc.o.d" is newer than depends file "/home/luke/sponge-os/genode/build/x86_64/qt6/base/src/3rdparty/harfbuzz-ng/CMakeFiles/BundledHarfbuzz.dir/compiler_depend.internal".
Dependencies file "src/3rdparty/harfbuzz-ng/CMakeFiles/BundledHarfbuzz.dir/src/hb-ot-shape.cc.o.d" is newer than depends file "/home/luke/sponge-os/genode/build/x86_64/qt6/base/src/3rdparty/harfbuzz-ng/CMakeFiles/BundledHarfbuzz.dir/compiler_depend.internal".
Dependencies file "src/3rdparty/harfbuzz-ng/CMakeFiles/BundledHarfbuzz.dir/src/hb-ot-shaper-arabic.cc.o.d" is newer than depends file "/home/luke/sponge-os/genode/build/x86_64/qt6/base/src/3rdparty/harfbuzz-ng/CMakeFiles/BundledHarfbuzz.dir/compiler_depend.internal".
Dependencies file "src/3rdparty/harfbuzz-ng/CMakeFiles/BundledHarfbuzz.dir/src/hb-ot-shaper-default.cc.o.d" is newer than depends file "/home/luke/sponge-os/genode/build/x86_64/qt6/base/src/3rdparty/harfbuzz-ng/CMakeFiles/BundledHarfbuzz.dir/compiler_depend.internal".
Dependencies file "src/3rdparty/harfbuzz-ng/CMakeFiles/BundledHarfbuzz.dir/src/hb-ot-shaper-hangul.cc.o.d" is newer than depends file "/home/luke/sponge-os/genode/build/x86_64/qt6/base/src/3rdparty/harfbuzz-ng/CMakeFiles/BundledHarfbuzz.dir/compiler_depend.internal".
Dependencies file "src/3rdparty/harfbuzz-ng/CMakeFiles/BundledHarfbuzz.dir/src/hb-ot-shaper-hebrew.cc.o.d" is newer than depends file "/home/luke/sponge-os/genode/build/x86_64/qt6/base/src/3rdparty/harfbuzz-ng/CMakeFiles/BundledHarfbuzz.dir/compiler_depend.internal".
Dependencies file "src/3rdparty/harfbuzz-ng/CMakeFiles/BundledHarfbuzz.dir/src/hb-ot-shaper-indic-table.cc.o.d" is newer than depends file "/home/luke/sponge-os/genode/build/x86_64/qt6/base/src/3rdparty/harfbuzz-ng/CMakeFiles/BundledHarfbuzz.dir/compiler_depend.internal".
Dependencies file "src/3rdparty/harfbuzz-ng/CMakeFiles/BundledHarfbuzz.dir/src/hb-ot-shaper-indic.cc.o.d" is newer than depends file "/home/luke/sponge-os/genode/build/x86_64/qt6/base/src/3rdparty/harfbuzz-ng/CMakeFiles/BundledHarfbuzz.dir/compiler_depend.internal".
Dependencies file "src/assets/icons/CMakeFiles/ExampleIconsPrivate.dir/.qt/rcc/qrc_example_icons.cpp.o.d" is newer than depends file "/home/luke/sponge-os/genode/build/x86_64/qt6/base/src/assets/icons/CMakeFiles/ExampleIconsPrivate.dir/compiler_depend.internal".
Dependencies file "src/assets/icons/CMakeFiles/ExampleIconsPrivate.dir/ExampleIconsPrivate_autogen/mocs_compilation.cpp.o.d" is newer than depends file "/home/luke/sponge-os/genode/build/x86_64/qt6/base/src/assets/icons/CMakeFiles/ExampleIconsPrivate.dir/compiler_depend.internal".
[1m[35mConsolidate compiler generated dependencies of target ExampleIconsPrivate[0m
Dependencies file "src/3rdparty/harfbuzz-ng/CMakeFiles/BundledHarfbuzz.dir/src/hb-ot-shaper-khmer.cc.o.d" is newer than depends file "/home/luke/sponge-os/genode/build/x86_64/qt6/base/src/3rdparty/harfbuzz-ng/CMakeFiles/BundledHarfbuzz.dir/compiler_depend.internal".
Dependencies file "src/3rdparty/harfbuzz-ng/CMakeFiles/BundledHarfbuzz.dir/src/hb-ot-shaper-myanmar.cc.o.d" is newer than depends file "/home/luke/sponge-os/genode/build/x86_64/qt6/base/src/3rdparty/harfbuzz-ng/CMakeFiles/BundledHarfbuzz.dir/compiler_depend.internal".
Dependencies file "src/3rdparty/harfbuzz-ng/CMakeFiles/BundledHarfbuzz.dir/src/hb-ot-shaper-syllabic.cc.o.d" is newer than depends file "/home/luke/sponge-os/genode/build/x86_64/qt6/base/src/3rdparty/harfbuzz-ng/CMakeFiles/BundledHarfbuzz.dir/compiler_depend.internal".
Dependencies file "src/3rdparty/harfbuzz-ng/CMakeFiles/BundledHarfbuzz.dir/src/hb-ot-shaper-thai.cc.o.d" is newer than depends file "/home/luke/sponge-os/genode/build/x86_64/qt6/base/src/3rdparty/harfbuzz-ng/CMakeFiles/BundledHarfbuzz.dir/compiler_depend.internal".
Dependencies file "src/3rdparty/harfbuzz-ng/CMakeFiles/BundledHarfbuzz.dir/src/hb-ot-shaper-use.cc.o.d" is newer than depends file "/home/luke/sponge-os/genode/build/x86_64/qt6/base/src/3rdparty/harfbuzz-ng/CMakeFiles/BundledHarfbuzz.dir/compiler_depend.internal".
Dependencies file "src/3rdparty/harfbuzz-ng/CMakeFiles/BundledHarfbuzz.dir/src/hb-ot-shaper-vowel-constraints.cc.o.d" is newer than depends file "/home/luke/sponge-os/genode/build/x86_64/qt6/base/src/3rdparty/harfbuzz-ng/CMakeFiles/BundledHarfbuzz.dir/compiler_depend.internal".
[  9%] Built target BundledZLIB
Dependencies file "src/3rdparty/harfbuzz-ng/CMakeFiles/BundledHarfbuzz.dir/src/hb-ot-tag.cc.o.d" is newer than depends file "/home/luke/sponge-os/genode/build/x86_64/qt6/base/src/3rdparty/harfbuzz-ng/CMakeFiles/BundledHarfbuzz.dir/compiler_depend.internal".
Dependencies file "src/3rdparty/harfbuzz-ng/CMakeFiles/BundledHarfbuzz.dir/src/hb-ot-var.cc.o.d" is newer than depends file "/home/luke/sponge-os/genode/build/x86_64/qt6/base/src/3rdparty/harfbuzz-ng/CMakeFiles/BundledHarfbuzz.dir/compiler_depend.internal".
Dependencies file "src/3rdparty/harfbuzz-ng/CMakeFiles/BundledHarfbuzz.dir/src/hb-outline.cc.o.d" is newer than depends file "/home/luke/sponge-os/genode/build/x86_64/qt6/base/src/3rdparty/harfbuzz-ng/CMakeFiles/BundledHarfbuzz.dir/compiler_depend.internal".
Dependencies file "src/3rdparty/harfbuzz-ng/CMakeFiles/BundledHarfbuzz.dir/src/hb-paint-extents.cc.o.d" is newer than depends file "/home/luke/sponge-os/genode/build/x86_64/qt6/base/src/3rdparty/harfbuzz-ng/CMakeFiles/BundledHarfbuzz.dir/compiler_depend.internal".
Dependencies file "src/3rdparty/harfbuzz-ng/CMakeFiles/BundledHarfbuzz.dir/src/hb-paint.cc.o.d" is newer than depends file "/home/luke/sponge-os/genode/build/x86_64/qt6/base/src/3rdparty/harfbuzz-ng/CMakeFiles/BundledHarfbuzz.dir/compiler_depend.internal".
Dependencies file "src/3rdparty/harfbuzz-ng/CMakeFiles/BundledHarfbuzz.dir/src/hb-set.cc.o.d" is newer than depends file "/home/luke/sponge-os/genode/build/x86_64/qt6/base/src/3rdparty/harfbuzz-ng/CMakeFiles/BundledHarfbuzz.dir/compiler_depend.internal".
Dependencies file "src/3rdparty/harfbuzz-ng/CMakeFiles/BundledHarfbuzz.dir/src/hb-shape-plan.cc.o.d" is newer than depends file "/home/luke/sponge-os/genode/build/x86_64/qt6/base/src/3rdparty/harfbuzz-ng/CMakeFiles/BundledHarfbuzz.dir/compiler_depend.internal".
Dependencies file "src/3rdparty/harfbuzz-ng/CMakeFiles/BundledHarfbuzz.dir/src/hb-shape.cc.o.d" is newer than depends file "/home/luke/sponge-os/genode/build/x86_64/qt6/base/src/3rdparty/harfbuzz-ng/CMakeFiles/BundledHarfbuzz.dir/compiler_depend.internal".
Dependencies file "src/3rdparty/harfbuzz-ng/CMakeFiles/BundledHarfbuzz.dir/src/hb-shaper.cc.o.d" is newer than depends file "/home/luke/sponge-os/genode/build/x86_64/qt6/base/src/3rdparty/harfbuzz-ng/CMakeFiles/BundledHarfbuzz.dir/compiler_depend.internal".
Dependencies file "src/3rdparty/harfbuzz-ng/CMakeFiles/BundledHarfbuzz.dir/src/hb-style.cc.o.d" is newer than depends file "/home/luke/sponge-os/genode/build/x86_64/qt6/base/src/3rdparty/harfbuzz-ng/CMakeFiles/BundledHarfbuzz.dir/compiler_depend.internal".
Dependencies file "src/3rdparty/harfbuzz-ng/CMakeFiles/BundledHarfbuzz.dir/src/hb-subset-cff-common.cc.o.d" is newer than depends file "/home/luke/sponge-os/genode/build/x86_64/qt6/base/src/3rdparty/harfbuzz-ng/CMakeFiles/BundledHarfbuzz.dir/compiler_depend.internal".
Dependencies file "src/3rdparty/harfbuzz-ng/CMakeFiles/BundledHarfbuzz.dir/src/hb-subset-cff1.cc.o.d" is newer than depends file "/home/luke/sponge-os/genode/build/x86_64/qt6/base/src/3rdparty/harfbuzz-ng/CMakeFiles/BundledHarfbuzz.dir/compiler_depend.internal".
Dependencies file "src/3rdparty/harfbuzz-ng/CMakeFiles/BundledHarfbuzz.dir/src/hb-subset-cff2.cc.o.d" is newer than depends file "/home/luke/sponge-os/genode/build/x86_64/qt6/base/src/3rdparty/harfbuzz-ng/CMakeFiles/BundledHarfbuzz.dir/compiler_depend.internal".
Dependencies file "src/3rdparty/harfbuzz-ng/CMakeFiles/BundledHarfbuzz.dir/src/hb-subset-input.cc.o.d" is newer than depends file "/home/luke/sponge-os/genode/build/x86_64/qt6/base/src/3rdparty/harfbuzz-ng/CMakeFiles/BundledHarfbuzz.dir/compiler_depend.internal".
Dependencies file "src/3rdparty/harfbuzz-ng/CMakeFiles/BundledHarfbuzz.dir/src/hb-subset-instancer-iup.cc.o.d" is newer than depends file "/home/luke/sponge-os/genode/build/x86_64/qt6/base/src/3rdparty/harfbuzz-ng/CMakeFiles/BundledHarfbuzz.dir/compiler_depend.internal".
Dependencies file "src/3rdparty/harfbuzz-ng/CMakeFiles/BundledHarfbuzz.dir/src/hb-subset-instancer-solver.cc.o.d" is newer than depends file "/home/luke/sponge-os/genode/build/x86_64/qt6/base/src/3rdparty/harfbuzz-ng/CMakeFiles/BundledHarfbuzz.dir/compiler_depend.internal".
Dependencies file "src/3rdparty/harfbuzz-ng/CMakeFiles/BundledHarfbuzz.dir/src/hb-subset-plan.cc.o.d" is newer than depends file "/home/luke/sponge-os/genode/build/x86_64/qt6/base/src/3rdparty/harfbuzz-ng/CMakeFiles/BundledHarfbuzz.dir/compiler_depend.internal".
Dependencies file "src/3rdparty/harfbuzz-ng/CMakeFiles/BundledHarfbuzz.dir/src/hb-subset-serialize.cc.o.d" is newer than depends file "/home/luke/sponge-os/genode/build/x86_64/qt6/base/src/3rdparty/harfbuzz-ng/CMakeFiles/BundledHarfbuzz.dir/compiler_depend.internal".
Dependencies file "src/3rdparty/harfbuzz-ng/CMakeFiles/BundledHarfbuzz.dir/src/hb-subset.cc.o.d" is newer than depends file "/home/luke/sponge-os/genode/build/x86_64/qt6/base/src/3rdparty/harfbuzz-ng/CMakeFiles/BundledHarfbuzz.dir/compiler_depend.internal".
Dependencies file "src/3rdparty/harfbuzz-ng/CMakeFiles/BundledHarfbuzz.dir/src/hb-unicode.cc.o.d" is newer than depends file "/home/luke/sponge-os/genode/build/x86_64/qt6/base/src/3rdparty/harfbuzz-ng/CMakeFiles/BundledHarfbuzz.dir/compiler_depend.internal".
[1m[35mConsolidate compiler generated dependencies of target BundledHarfbuzz[0m
[ 11%] Built target ExampleIconsPrivate
[ 15%] Built target BundledLibjpeg
[ 15%] Built target QTlsBackendCertOnlyPlugin_autogen_timestamp_deps
[ 15%] Built target DeviceDiscoverySupportPrivate_autogen_timestamp_deps
[ 15%] Built target FbSupportPrivate_sync_headers
[ 15%] Built target Test_sync_headers
[ 15%] Built target OpenGL_sync_headers
[ 15%] Built target Widgets_sync_headers
[ 15%] Built target Core_autogen
[ 15%] Built target FbSupportPrivate_autogen_timestamp_deps
Dependencies file "src/corelib/CMakeFiles/Core.dir/io/forkfd_qt.c.o.d" is newer than depends file "/home/luke/sponge-os/genode/build/x86_64/qt6/base/src/corelib/CMakeFiles/Core.dir/compiler_depend.internal".
Dependencies file "src/corelib/CMakeFiles/Core.dir/Core_autogen/mocs_compilation.cpp.o.d" is newer than depends file "/home/luke/sponge-os/genode/build/x86_64/qt6/base/src/corelib/CMakeFiles/Core.dir/compiler_depend.internal".
[ 15%] Built target QTlsBackendCertOnlyPlugin_autogen
Dependencies file "src/corelib/CMakeFiles/Core.dir/__/3rdparty/double-conversion/double-conversion/bignum-dtoa.cc.o.d" is newer than depends file "/home/luke/sponge-os/genode/build/x86_64/qt6/base/src/corelib/CMakeFiles/Core.dir/compiler_depend.internal".
Dependencies file "src/corelib/CMakeFiles/Core.dir/__/3rdparty/double-conversion/double-conversion/bignum.cc.o.d" is newer than depends file "/home/luke/sponge-os/genode/build/x86_64/qt6/base/src/corelib/CMakeFiles/Core.dir/compiler_depend.internal".
Dependencies file "src/corelib/CMakeFiles/Core.dir/__/3rdparty/double-conversion/double-conversion/cached-powers.cc.o.d" is newer than depends file "/home/luke/sponge-os/genode/build/x86_64/qt6/base/src/corelib/CMakeFiles/Core.dir/compiler_depend.internal".
Dependencies file "src/corelib/CMakeFiles/Core.dir/__/3rdparty/double-conversion/double-conversion/double-to-string.cc.o.d" is newer than depends file "/home/luke/sponge-os/genode/build/x86_64/qt6/base/src/corelib/CMakeFiles/Core.dir/compiler_depend.internal".
Dependencies file "src/corelib/CMakeFiles/Core.dir/__/3rdparty/double-conversion/double-conversion/fast-dtoa.cc.o.d" is newer than depends file "/home/luke/sponge-os/genode/build/x86_64/qt6/base/src/corelib/CMakeFiles/Core.dir/compiler_depend.internal".
Dependencies file "src/corelib/CMakeFiles/Core.dir/__/3rdparty/double-conversion/double-conversion/fixed-dtoa.cc.o.d" is newer than depends file "/home/luke/sponge-os/genode/build/x86_64/qt6/base/src/corelib/CMakeFiles/Core.dir/compiler_depend.internal".
Dependencies file "src/corelib/CMakeFiles/Core.dir/__/3rdparty/double-conversion/double-conversion/string-to-double.cc.o.d" is newer than depends file "/home/luke/sponge-os/genode/build/x86_64/qt6/base/src/corelib/CMakeFiles/Core.dir/compiler_depend.internal".
Dependencies file "src/corelib/CMakeFiles/Core.dir/__/3rdparty/double-conversion/double-conversion/strtod.cc.o.d" is newer than depends file "/home/luke/sponge-os/genode/build/x86_64/qt6/base/src/corelib/CMakeFiles/Core.dir/compiler_depend.internal".
Dependencies file "src/corelib/CMakeFiles/Core.dir/animation/qabstractanimation.cpp.o.d" is newer than depends file "/home/luke/sponge-os/genode/build/x86_64/qt6/base/src/corelib/CMakeFiles/Core.dir/compiler_depend.internal".
[ 15%] Built target DeviceDiscoverySupportPrivate_autogen
Dependencies file "src/corelib/CMakeFiles/Core.dir/animation/qanimationgroup.cpp.o.d" is newer than depends file "/home/luke/sponge-os/genode/build/x86_64/qt6/base/src/corelib/CMakeFiles/Core.dir/compiler_depend.internal".
[ 15%] Built target OpenGLWidgets_sync_headers
Dependencies file "src/corelib/CMakeFiles/Core.dir/animation/qparallelanimationgroup.cpp.o.d" is newer than depends file "/home/luke/sponge-os/genode/build/x86_64/qt6/base/src/corelib/CMakeFiles/Core.dir/compiler_depend.internal".
Dependencies file "src/corelib/CMakeFiles/Core.dir/animation/qpauseanimation.cpp.o.d" is newer than depends file "/home/luke/sponge-os/genode/build/x86_64/qt6/base/src/corelib/CMakeFiles/Core.dir/compiler_depend.internal".
Dependencies file "src/corelib/CMakeFiles/Core.dir/animation/qpropertyanimation.cpp.o.d" is newer than depends file "/home/luke/sponge-os/genode/build/x86_64/qt6/base/src/corelib/CMakeFiles/Core.dir/compiler_depend.internal".
[ 15%] Built target PrintSupport_sync_headers
Dependencies file "src/corelib/CMakeFiles/Core.dir/animation/qsequentialanimationgroup.cpp.o.d" is newer than depends file "/home/luke/sponge-os/genode/build/x86_64/qt6/base/src/corelib/CMakeFiles/Core.dir/compiler_depend.internal".
Dependencies file "src/corelib/CMakeFiles/Core.dir/animation/qvariantanimation.cpp.o.d" is newer than depends file "/home/luke/sponge-os/genode/build/x86_64/qt6/base/src/corelib/CMakeFiles/Core.dir/compiler_depend.internal".
Dependencies file "src/corelib/CMakeFiles/Core.dir/compat/removed_api.cpp.o.d" is newer than depends file "/home/luke/sponge-os/genode/build/x86_64/qt6/base/src/corelib/CMakeFiles/Core.dir/compiler_depend.internal".
Dependencies file "src/corelib/CMakeFiles/Core.dir/global/archdetect.cpp.o.d" is newer than depends file "/home/luke/sponge-os/genode/build/x86_64/qt6/base/src/corelib/CMakeFiles/Core.dir/compiler_depend.internal".
Dependencies file "src/corelib/CMakeFiles/Core.dir/global/q23utility.cpp.o.d" is newer than depends file "/home/luke/sponge-os/genode/build/x86_64/qt6/base/src/corelib/CMakeFiles/Core.dir/compiler_depend.internal".
Dependencies file "src/corelib/CMakeFiles/Core.dir/global/qassert.cpp.o.d" is newer than depends file "/home/luke/sponge-os/genode/build/x86_64/qt6/base/src/corelib/CMakeFiles/Core.dir/compiler_depend.internal".
Dependencies file "src/corelib/CMakeFiles/Core.dir/global/qcompare.cpp.o.d" is newer than depends file "/home/luke/sponge-os/genode/build/x86_64/qt6/base/src/corelib/CMakeFiles/Core.dir/compiler_depend.internal".
Dependencies file "src/corelib/CMakeFiles/Core.dir/global/qendian.cpp.o.d" is newer than depends file "/home/luke/sponge-os/genode/build/x86_64/qt6/base/src/corelib/CMakeFiles/Core.dir/compiler_depend.internal".
Dependencies file "src/corelib/CMakeFiles/Core.dir/global/qexceptionhandling.cpp.o.d" is newer than depends file "/home/luke/sponge-os/genode/build/x86_64/qt6/base/src/corelib/CMakeFiles/Core.dir/compiler_depend.internal".
Dependencies file "src/corelib/CMakeFiles/Core.dir/global/qfloat16.cpp.o.d" is newer than depends file "/home/luke/sponge-os/genode/build/x86_64/qt6/base/src/corelib/CMakeFiles/Core.dir/compiler_depend.internal".
Dependencies file "src/corelib/CMakeFiles/Core.dir/global/qglobal.cpp.o.d" is newer than depends file "/home/luke/sponge-os/genode/build/x86_64/qt6/base/src/corelib/CMakeFiles/Core.dir/compiler_depend.internal".
Dependencies file "src/corelib/CMakeFiles/Core.dir/global/qhooks.cpp.o.d" is newer than depends file "/home/luke/sponge-os/genode/build/x86_64/qt6/base/src/corelib/CMakeFiles/Core.dir/compiler_depend.internal".
Dependencies file "src/corelib/CMakeFiles/Core.dir/global/qlibraryinfo.cpp.o.d" is newer than depends file "/home/luke/sponge-os/genode/build/x86_64/qt6/base/src/corelib/CMakeFiles/Core.dir/compiler_depend.internal".
Dependencies file "src/corelib/CMakeFiles/Core.dir/global/qlogging.cpp.o.d" is newer than depends file "/home/luke/sponge-os/genode/build/x86_64/qt6/base/src/corelib/CMakeFiles/Core.dir/compiler_depend.internal".
Dependencies file "src/corelib/CMakeFiles/Core.dir/global/qmalloc.cpp.o.d" is newer than depends file "/home/luke/sponge-os/genode/build/x86_64/qt6/base/src/corelib/CMakeFiles/Core.dir/compiler_depend.internal".
Dependencies file "src/corelib/CMakeFiles/Core.dir/global/qnumeric.cpp.o.d" is newer than depends file "/home/luke/sponge-os/genode/build/x86_64/qt6/base/src/corelib/CMakeFiles/Core.dir/compiler_depend.internal".
Dependencies file "src/corelib/CMakeFiles/Core.dir/global/qoperatingsystemversion.cpp.o.d" is newer than depends file "/home/luke/sponge-os/genode/build/x86_64/qt6/base/src/corelib/CMakeFiles/Core.dir/compiler_depend.internal".
Dependencies file "src/corelib/CMakeFiles/Core.dir/global/qrandom.cpp.o.d" is newer than depends file "/home/luke/sponge-os/genode/build/x86_64/qt6/base/src/corelib/CMakeFiles/Core.dir/compiler_depend.internal".
Dependencies file "src/corelib/CMakeFiles/Core.dir/global/qsimd.cpp.o.d" is newer than depends file "/home/luke/sponge-os/genode/build/x86_64/qt6/base/src/corelib/CMakeFiles/Core.dir/compiler_depend.internal".
Dependencies file "src/corelib/CMakeFiles/Core.dir/global/qsysinfo.cpp.o.d" is newer than depends file "/home/luke/sponge-os/genode/build/x86_64/qt6/base/src/corelib/CMakeFiles/Core.dir/compiler_depend.internal".
Dependencies file "src/corelib/CMakeFiles/Core.dir/global/qtenvironmentvariables.cpp.o.d" is newer than depends file "/home/luke/sponge-os/genode/build/x86_64/qt6/base/src/corelib/CMakeFiles/Core.dir/compiler_depend.internal".
Dependencies file "src/corelib/CMakeFiles/Core.dir/global/qtypes.cpp.o.d" is newer than depends file "/home/luke/sponge-os/genode/build/x86_64/qt6/base/src/corelib/CMakeFiles/Core.dir/compiler_depend.internal".
Dependencies file "src/corelib/CMakeFiles/Core.dir/io/qabstractfileengine.cpp.o.d" is newer than depends file "/home/luke/sponge-os/genode/build/x86_64/qt6/base/src/corelib/CMakeFiles/Core.dir/compiler_depend.internal".
Dependencies file "src/corelib/CMakeFiles/Core.dir/io/qbuffer.cpp.o.d" is newer than depends file "/home/luke/sponge-os/genode/build/x86_64/qt6/base/src/corelib/CMakeFiles/Core.dir/compiler_depend.internal".
Dependencies file "src/corelib/CMakeFiles/Core.dir/io/qdataurl.cpp.o.d" is newer than depends file "/home/luke/sponge-os/genode/build/x86_64/qt6/base/src/corelib/CMakeFiles/Core.dir/compiler_depend.internal".
Dependencies file "src/corelib/CMakeFiles/Core.dir/io/qdebug.cpp.o.d" is newer than depends file "/home/luke/sponge-os/genode/build/x86_64/qt6/base/src/corelib/CMakeFiles/Core.dir/compiler_depend.internal".
Dependencies file "src/corelib/CMakeFiles/Core.dir/io/qdir.cpp.o.d" is newer than depends file "/home/luke/sponge-os/genode/build/x86_64/qt6/base/src/corelib/CMakeFiles/Core.dir/compiler_depend.internal".
Dependencies file "src/corelib/CMakeFiles/Core.dir/io/qdiriterator.cpp.o.d" is newer than depends file "/home/luke/sponge-os/genode/build/x86_64/qt6/base/src/corelib/CMakeFiles/Core.dir/compiler_depend.internal".
Dependencies file "src/corelib/CMakeFiles/Core.dir/io/qdirlisting.cpp.o.d" is newer than depends file "/home/luke/sponge-os/genode/build/x86_64/qt6/base/src/corelib/CMakeFiles/Core.dir/compiler_depend.internal".
Dependencies file "src/corelib/CMakeFiles/Core.dir/io/qfile.cpp.o.d" is newer than depends file "/home/luke/sponge-os/genode/build/x86_64/qt6/base/src/corelib/CMakeFiles/Core.dir/compiler_depend.internal".
Dependencies file "src/corelib/CMakeFiles/Core.dir/io/qfiledevice.cpp.o.d" is newer than depends file "/home/luke/sponge-os/genode/build/x86_64/qt6/base/src/corelib/CMakeFiles/Core.dir/compiler_depend.internal".
Dependencies file "src/corelib/CMakeFiles/Core.dir/io/qfileinfo.cpp.o.d" is newer than depends file "/home/luke/sponge-os/genode/build/x86_64/qt6/base/src/corelib/CMakeFiles/Core.dir/compiler_depend.internal".
[ 15%] Built target FbSupportPrivate_autogen
Dependencies file "src/corelib/CMakeFiles/Core.dir/io/qfileselector.cpp.o.d" is newer than depends file "/home/luke/sponge-os/genode/build/x86_64/qt6/base/src/corelib/CMakeFiles/Core.dir/compiler_depend.internal".
Dependencies file "src/corelib/CMakeFiles/Core.dir/io/qfilesystemengine.cpp.o.d" is newer than depends file "/home/luke/sponge-os/genode/build/x86_64/qt6/base/src/corelib/CMakeFiles/Core.dir/compiler_depend.internal".
Dependencies file "src/corelib/CMakeFiles/Core.dir/io/qfilesystemengine_unix.cpp.o.d" is newer than depends file "/home/luke/sponge-os/genode/build/x86_64/qt6/base/src/corelib/CMakeFiles/Core.dir/compiler_depend.internal".
Dependencies file "src/corelib/CMakeFiles/Core.dir/io/qfilesystementry.cpp.o.d" is newer than depends file "/home/luke/sponge-os/genode/build/x86_64/qt6/base/src/corelib/CMakeFiles/Core.dir/compiler_depend.internal".
Dependencies file "src/corelib/CMakeFiles/Core.dir/io/qfilesystemiterator_unix.cpp.o.d" is newer than depends file "/home/luke/sponge-os/genode/build/x86_64/qt6/base/src/corelib/CMakeFiles/Core.dir/compiler_depend.internal".
Dependencies file "src/corelib/CMakeFiles/Core.dir/io/qfilesystemwatcher.cpp.o.d" is newer than depends file "/home/luke/sponge-os/genode/build/x86_64/qt6/base/src/corelib/CMakeFiles/Core.dir/compiler_depend.internal".
Dependencies file "src/corelib/CMakeFiles/Core.dir/io/qfilesystemwatcher_polling.cpp.o.d" is newer than depends file "/home/luke/sponge-os/genode/build/x86_64/qt6/base/src/corelib/CMakeFiles/Core.dir/compiler_depend.internal".
Dependencies file "src/corelib/CMakeFiles/Core.dir/io/qfsfileengine.cpp.o.d" is newer than depends file "/home/luke/sponge-os/genode/build/x86_64/qt6/base/src/corelib/CMakeFiles/Core.dir/compiler_depend.internal".
Dependencies file "src/corelib/CMakeFiles/Core.dir/io/qfsfileengine_iterator.cpp.o.d" is newer than depends file "/home/luke/sponge-os/genode/build/x86_64/qt6/base/src/corelib/CMakeFiles/Core.dir/compiler_depend.internal".
Dependencies file "src/corelib/CMakeFiles/Core.dir/io/qfsfileengine_unix.cpp.o.d" is newer than depends file "/home/luke/sponge-os/genode/build/x86_64/qt6/base/src/corelib/CMakeFiles/Core.dir/compiler_depend.internal".
Dependencies file "src/corelib/CMakeFiles/Core.dir/io/qiodevice.cpp.o.d" is newer than depends file "/home/luke/sponge-os/genode/build/x86_64/qt6/base/src/corelib/CMakeFiles/Core.dir/compiler_depend.internal".
Dependencies file "src/corelib/CMakeFiles/Core.dir/io/qipaddress.cpp.o.d" is newer than depends file "/home/luke/sponge-os/genode/build/x86_64/qt6/base/src/corelib/CMakeFiles/Core.dir/compiler_depend.internal".
Dependencies file "src/corelib/CMakeFiles/Core.dir/io/qlockfile.cpp.o.d" is newer than depends file "/home/luke/sponge-os/genode/build/x86_64/qt6/base/src/corelib/CMakeFiles/Core.dir/compiler_depend.internal".
Dependencies file "src/corelib/CMakeFiles/Core.dir/io/qlockfile_unix.cpp.o.d" is newer than depends file "/home/luke/sponge-os/genode/build/x86_64/qt6/base/src/corelib/CMakeFiles/Core.dir/compiler_depend.internal".
Dependencies file "src/corelib/CMakeFiles/Core.dir/io/qloggingcategory.cpp.o.d" is newer than depends file "/home/luke/sponge-os/genode/build/x86_64/qt6/base/src/corelib/CMakeFiles/Core.dir/compiler_depend.internal".
Dependencies file "src/corelib/CMakeFiles/Core.dir/io/qloggingregistry.cpp.o.d" is newer than depends file "/home/luke/sponge-os/genode/build/x86_64/qt6/base/src/corelib/CMakeFiles/Core.dir/compiler_depend.internal".
Dependencies file "src/corelib/CMakeFiles/Core.dir/io/qnoncontiguousbytedevice.cpp.o.d" is newer than depends file "/home/luke/sponge-os/genode/build/x86_64/qt6/base/src/corelib/CMakeFiles/Core.dir/compiler_depend.internal".
Dependencies file "src/corelib/CMakeFiles/Core.dir/io/qprocess.cpp.o.d" is newer than depends file "/home/luke/sponge-os/genode/build/x86_64/qt6/base/src/corelib/CMakeFiles/Core.dir/compiler_depend.internal".
Dependencies file "src/corelib/CMakeFiles/Core.dir/io/qprocess_unix.cpp.o.d" is newer than depends file "/home/luke/sponge-os/genode/build/x86_64/qt6/base/src/corelib/CMakeFiles/Core.dir/compiler_depend.internal".
Dependencies file "src/corelib/CMakeFiles/Core.dir/io/qresource.cpp.o.d" is newer than depends file "/home/luke/sponge-os/genode/build/x86_64/qt6/base/src/corelib/CMakeFiles/Core.dir/compiler_depend.internal".
Dependencies file "src/corelib/CMakeFiles/Core.dir/io/qresource_iterator.cpp.o.d" is newer than depends file "/home/luke/sponge-os/genode/build/x86_64/qt6/base/src/corelib/CMakeFiles/Core.dir/compiler_depend.internal".
Dependencies file "src/corelib/CMakeFiles/Core.dir/io/qsavefile.cpp.o.d" is newer than depends file "/home/luke/sponge-os/genode/build/x86_64/qt6/base/src/corelib/CMakeFiles/Core.dir/compiler_depend.internal".
Dependencies file "src/corelib/CMakeFiles/Core.dir/io/qsettings.cpp.o.d" is newer than depends file "/home/luke/sponge-os/genode/build/x86_64/qt6/base/src/corelib/CMakeFiles/Core.dir/compiler_depend.internal".
Dependencies file "src/corelib/CMakeFiles/Core.dir/io/qstandardpaths.cpp.o.d" is newer than depends file "/home/luke/sponge-os/genode/build/x86_64/qt6/base/src/corelib/CMakeFiles/Core.dir/compiler_depend.internal".
Dependencies file "src/corelib/CMakeFiles/Core.dir/io/qstandardpaths_unix.cpp.o.d" is newer than depends file "/home/luke/sponge-os/genode/build/x86_64/qt6/base/src/corelib/CMakeFiles/Core.dir/compiler_depend.internal".
Dependencies file "src/corelib/CMakeFiles/Core.dir/io/qstorageinfo.cpp.o.d" is newer than depends file "/home/luke/sponge-os/genode/build/x86_64/qt6/base/src/corelib/CMakeFiles/Core.dir/compiler_depend.internal".
Dependencies file "src/corelib/CMakeFiles/Core.dir/io/qstorageinfo_unix.cpp.o.d" is newer than depends file "/home/luke/sponge-os/genode/build/x86_64/qt6/base/src/corelib/CMakeFiles/Core.dir/compiler_depend.internal".
Dependencies file "src/corelib/CMakeFiles/Core.dir/io/qtemporarydir.cpp.o.d" is newer than depends file "/home/luke/sponge-os/genode/build/x86_64/qt6/base/src/corelib/CMakeFiles/Core.dir/compiler_depend.internal".
Dependencies file "src/corelib/CMakeFiles/Core.dir/io/qtemporaryfile.cpp.o.d" is newer than depends file "/home/luke/sponge-os/genode/build/x86_64/qt6/base/src/corelib/CMakeFiles/Core.dir/compiler_depend.internal".
Dependencies file "src/corelib/CMakeFiles/Core.dir/io/qurl.cpp.o.d" is newer than depends file "/home/luke/sponge-os/genode/build/x86_64/qt6/base/src/corelib/CMakeFiles/Core.dir/compiler_depend.internal".
Dependencies file "src/corelib/CMakeFiles/Core.dir/io/qurlidna.cpp.o.d" is newer than depends file "/home/luke/sponge-os/genode/build/x86_64/qt6/base/src/corelib/CMakeFiles/Core.dir/compiler_depend.internal".
Dependencies file "src/corelib/CMakeFiles/Core.dir/io/qurlquery.cpp.o.d" is newer than depends file "/home/luke/sponge-os/genode/build/x86_64/qt6/base/src/corelib/CMakeFiles/Core.dir/compiler_depend.internal".
Dependencies file "src/corelib/CMakeFiles/Core.dir/io/qurlrecode.cpp.o.d" is newer than depends file "/home/luke/sponge-os/genode/build/x86_64/qt6/base/src/corelib/CMakeFiles/Core.dir/compiler_depend.internal".
Dependencies file "src/corelib/CMakeFiles/Core.dir/io/qzip.cpp.o.d" is newer than depends file "/home/luke/sponge-os/genode/build/x86_64/qt6/base/src/corelib/CMakeFiles/Core.dir/compiler_depend.internal".
Dependencies file "src/corelib/CMakeFiles/Core.dir/ipc/qsharedmemory.cpp.o.d" is newer than depends file "/home/luke/sponge-os/genode/build/x86_64/qt6/base/src/corelib/CMakeFiles/Core.dir/compiler_depend.internal".
Dependencies file "src/corelib/CMakeFiles/Core.dir/ipc/qsystemsemaphore.cpp.o.d" is newer than depends file "/home/luke/sponge-os/genode/build/x86_64/qt6/base/src/corelib/CMakeFiles/Core.dir/compiler_depend.internal".
Dependencies file "src/corelib/CMakeFiles/Core.dir/ipc/qsystemsemaphore_posix.cpp.o.d" is newer than depends file "/home/luke/sponge-os/genode/build/x86_64/qt6/base/src/corelib/CMakeFiles/Core.dir/compiler_depend.internal".
Dependencies file "src/corelib/CMakeFiles/Core.dir/ipc/qsystemsemaphore_systemv.cpp.o.d" is newer than depends file "/home/luke/sponge-os/genode/build/x86_64/qt6/base/src/corelib/CMakeFiles/Core.dir/compiler_depend.internal".
Dependencies file "src/corelib/CMakeFiles/Core.dir/ipc/qtipccommon.cpp.o.d" is newer than depends file "/home/luke/sponge-os/genode/build/x86_64/qt6/base/src/corelib/CMakeFiles/Core.dir/compiler_depend.internal".
Dependencies file "src/corelib/CMakeFiles/Core.dir/itemmodels/qabstractitemmodel.cpp.o.d" is newer than depends file "/home/luke/sponge-os/genode/build/x86_64/qt6/base/src/corelib/CMakeFiles/Core.dir/compiler_depend.internal".
Dependencies file "src/corelib/CMakeFiles/Core.dir/itemmodels/qabstractproxymodel.cpp.o.d" is newer than depends file "/home/luke/sponge-os/genode/build/x86_64/qt6/base/src/corelib/CMakeFiles/Core.dir/compiler_depend.internal".
Dependencies file "src/corelib/CMakeFiles/Core.dir/itemmodels/qconcatenatetablesproxymodel.cpp.o.d" is newer than depends file "/home/luke/sponge-os/genode/build/x86_64/qt6/base/src/corelib/CMakeFiles/Core.dir/compiler_depend.internal".
Dependencies file "src/corelib/CMakeFiles/Core.dir/itemmodels/qidentityproxymodel.cpp.o.d" is newer than depends file "/home/luke/sponge-os/genode/build/x86_64/qt6/base/src/corelib/CMakeFiles/Core.dir/compiler_depend.internal".
Dependencies file "src/corelib/CMakeFiles/Core.dir/itemmodels/qitemselectionmodel.cpp.o.d" is newer than depends file "/home/luke/sponge-os/genode/build/x86_64/qt6/base/src/corelib/CMakeFiles/Core.dir/compiler_depend.internal".
Dependencies file "src/corelib/CMakeFiles/Core.dir/itemmodels/qsortfilterproxymodel.cpp.o.d" is newer than depends file "/home/luke/sponge-os/genode/build/x86_64/qt6/base/src/corelib/CMakeFiles/Core.dir/compiler_depend.internal".
Dependencies file "src/corelib/CMakeFiles/Core.dir/itemmodels/qstringlistmodel.cpp.o.d" is newer than depends file "/home/luke/sponge-os/genode/build/x86_64/qt6/base/src/corelib/CMakeFiles/Core.dir/compiler_depend.internal".
Dependencies file "src/corelib/CMakeFiles/Core.dir/itemmodels/qtransposeproxymodel.cpp.o.d" is newer than depends file "/home/luke/sponge-os/genode/build/x86_64/qt6/base/src/corelib/CMakeFiles/Core.dir/compiler_depend.internal".
Dependencies file "src/corelib/CMakeFiles/Core.dir/kernel/qabstracteventdispatcher.cpp.o.d" is newer than depends file "/home/luke/sponge-os/genode/build/x86_64/qt6/base/src/corelib/CMakeFiles/Core.dir/compiler_depend.internal".
Dependencies file "src/corelib/CMakeFiles/Core.dir/kernel/qabstractnativeeventfilter.cpp.o.d" is newer than depends file "/home/luke/sponge-os/genode/build/x86_64/qt6/base/src/corelib/CMakeFiles/Core.dir/compiler_depend.internal".
Dependencies file "src/corelib/CMakeFiles/Core.dir/kernel/qassociativeiterable.cpp.o.d" is newer than depends file "/home/luke/sponge-os/genode/build/x86_64/qt6/base/src/corelib/CMakeFiles/Core.dir/compiler_depend.internal".
Dependencies file "src/corelib/CMakeFiles/Core.dir/kernel/qbasictimer.cpp.o.d" is newer than depends file "/home/luke/sponge-os/genode/build/x86_64/qt6/base/src/corelib/CMakeFiles/Core.dir/compiler_depend.internal".
Dependencies file "src/corelib/CMakeFiles/Core.dir/kernel/qchronotimer.cpp.o.d" is newer than depends file "/home/luke/sponge-os/genode/build/x86_64/qt6/base/src/corelib/CMakeFiles/Core.dir/compiler_depend.internal".
Dependencies file "src/corelib/CMakeFiles/Core.dir/kernel/qcore_unix.cpp.o.d" is newer than depends file "/home/luke/sponge-os/genode/build/x86_64/qt6/base/src/corelib/CMakeFiles/Core.dir/compiler_depend.internal".
Dependencies file "src/corelib/CMakeFiles/Core.dir/kernel/qcoreapplication.cpp.o.d" is newer than depends file "/home/luke/sponge-os/genode/build/x86_64/qt6/base/src/corelib/CMakeFiles/Core.dir/compiler_depend.internal".
Dependencies file "src/corelib/CMakeFiles/Core.dir/kernel/qcoreevent.cpp.o.d" is newer than depends file "/home/luke/sponge-os/genode/build/x86_64/qt6/base/src/corelib/CMakeFiles/Core.dir/compiler_depend.internal".
Dependencies file "src/corelib/CMakeFiles/Core.dir/kernel/qdeadlinetimer.cpp.o.d" is newer than depends file "/home/luke/sponge-os/genode/build/x86_64/qt6/base/src/corelib/CMakeFiles/Core.dir/compiler_depend.internal".
Dependencies file "src/corelib/CMakeFiles/Core.dir/kernel/qelapsedtimer.cpp.o.d" is newer than depends file "/home/luke/sponge-os/genode/build/x86_64/qt6/base/src/corelib/CMakeFiles/Core.dir/compiler_depend.internal".
Dependencies file "src/corelib/CMakeFiles/Core.dir/kernel/qeventdispatcher_unix.cpp.o.d" is newer than depends file "/home/luke/sponge-os/genode/build/x86_64/qt6/base/src/corelib/CMakeFiles/Core.dir/compiler_depend.internal".
Dependencies file "src/corelib/CMakeFiles/Core.dir/kernel/qeventloop.cpp.o.d" is newer than depends file "/home/luke/sponge-os/genode/build/x86_64/qt6/base/src/corelib/CMakeFiles/Core.dir/compiler_depend.internal".
Dependencies file "src/corelib/CMakeFiles/Core.dir/kernel/qiterable.cpp.o.d" is newer than depends file "/home/luke/sponge-os/genode/build/x86_64/qt6/base/src/corelib/CMakeFiles/Core.dir/compiler_depend.internal".
Dependencies file "src/corelib/CMakeFiles/Core.dir/kernel/qmath.cpp.o.d" is newer than depends file "/home/luke/sponge-os/genode/build/x86_64/qt6/base/src/corelib/CMakeFiles/Core.dir/compiler_depend.internal".
Dependencies file "src/corelib/CMakeFiles/Core.dir/kernel/qmetacontainer.cpp.o.d" is newer than depends file "/home/luke/sponge-os/genode/build/x86_64/qt6/base/src/corelib/CMakeFiles/Core.dir/compiler_depend.internal".
Dependencies file "src/corelib/CMakeFiles/Core.dir/kernel/qmetaobject.cpp.o.d" is newer than depends file "/home/luke/sponge-os/genode/build/x86_64/qt6/base/src/corelib/CMakeFiles/Core.dir/compiler_depend.internal".
Dependencies file "src/corelib/CMakeFiles/Core.dir/kernel/qmetaobjectbuilder.cpp.o.d" is newer than depends file "/home/luke/sponge-os/genode/build/x86_64/qt6/base/src/corelib/CMakeFiles/Core.dir/compiler_depend.internal".
Dependencies file "src/corelib/CMakeFiles/Core.dir/kernel/qmetatype.cpp.o.d" is newer than depends file "/home/luke/sponge-os/genode/build/x86_64/qt6/base/src/corelib/CMakeFiles/Core.dir/compiler_depend.internal".
Dependencies file "src/corelib/CMakeFiles/Core.dir/kernel/qmimedata.cpp.o.d" is newer than depends file "/home/luke/sponge-os/genode/build/x86_64/qt6/base/src/corelib/CMakeFiles/Core.dir/compiler_depend.internal".
Dependencies file "src/corelib/CMakeFiles/Core.dir/kernel/qobject.cpp.o.d" is newer than depends file "/home/luke/sponge-os/genode/build/x86_64/qt6/base/src/corelib/CMakeFiles/Core.dir/compiler_depend.internal".
Dependencies file "src/corelib/CMakeFiles/Core.dir/kernel/qobjectcleanuphandler.cpp.o.d" is newer than depends file "/home/luke/sponge-os/genode/build/x86_64/qt6/base/src/corelib/CMakeFiles/Core.dir/compiler_depend.internal".
Dependencies file "src/corelib/CMakeFiles/Core.dir/kernel/qpermissions.cpp.o.d" is newer than depends file "/home/luke/sponge-os/genode/build/x86_64/qt6/base/src/corelib/CMakeFiles/Core.dir/compiler_depend.internal".
Dependencies file "src/corelib/CMakeFiles/Core.dir/kernel/qproperty.cpp.o.d" is newer than depends file "/home/luke/sponge-os/genode/build/x86_64/qt6/base/src/corelib/CMakeFiles/Core.dir/compiler_depend.internal".
Dependencies file "src/corelib/CMakeFiles/Core.dir/kernel/qsequentialiterable.cpp.o.d" is newer than depends file "/home/luke/sponge-os/genode/build/x86_64/qt6/base/src/corelib/CMakeFiles/Core.dir/compiler_depend.internal".
Dependencies file "src/corelib/CMakeFiles/Core.dir/kernel/qsignalmapper.cpp.o.d" is newer than depends file "/home/luke/sponge-os/genode/build/x86_64/qt6/base/src/corelib/CMakeFiles/Core.dir/compiler_depend.internal".
Dependencies file "src/corelib/CMakeFiles/Core.dir/kernel/qsingleshottimer.cpp.o.d" is newer than depends file "/home/luke/sponge-os/genode/build/x86_64/qt6/base/src/corelib/CMakeFiles/Core.dir/compiler_depend.internal".
Dependencies file "src/corelib/CMakeFiles/Core.dir/kernel/qsocketnotifier.cpp.o.d" is newer than depends file "/home/luke/sponge-os/genode/build/x86_64/qt6/base/src/corelib/CMakeFiles/Core.dir/compiler_depend.internal".
Dependencies file "src/corelib/CMakeFiles/Core.dir/kernel/qsystemerror.cpp.o.d" is newer than depends file "/home/luke/sponge-os/genode/build/x86_64/qt6/base/src/corelib/CMakeFiles/Core.dir/compiler_depend.internal".
Dependencies file "src/corelib/CMakeFiles/Core.dir/kernel/qtestsupport_core.cpp.o.d" is newer than depends file "/home/luke/sponge-os/genode/build/x86_64/qt6/base/src/corelib/CMakeFiles/Core.dir/compiler_depend.internal".
Dependencies file "src/corelib/CMakeFiles/Core.dir/kernel/qtimer.cpp.o.d" is newer than depends file "/home/luke/sponge-os/genode/build/x86_64/qt6/base/src/corelib/CMakeFiles/Core.dir/compiler_depend.internal".
Dependencies file "src/corelib/CMakeFiles/Core.dir/kernel/qtimerinfo_unix.cpp.o.d" is newer than depends file "/home/luke/sponge-os/genode/build/x86_64/qt6/base/src/corelib/CMakeFiles/Core.dir/compiler_depend.internal".
Dependencies file "src/corelib/CMakeFiles/Core.dir/kernel/qtranslator.cpp.o.d" is newer than depends file "/home/luke/sponge-os/genode/build/x86_64/qt6/base/src/corelib/CMakeFiles/Core.dir/compiler_depend.internal".
Dependencies file "src/corelib/CMakeFiles/Core.dir/kernel/qvariant.cpp.o.d" is newer than depends file "/home/luke/sponge-os/genode/build/x86_64/qt6/base/src/corelib/CMakeFiles/Core.dir/compiler_depend.internal".
Dependencies file "src/corelib/CMakeFiles/Core.dir/mimetypes/qmimedatabase.cpp.o.d" is newer than depends file "/home/luke/sponge-os/genode/build/x86_64/qt6/base/src/corelib/CMakeFiles/Core.dir/compiler_depend.internal".
Dependencies file "src/corelib/CMakeFiles/Core.dir/mimetypes/qmimeglobpattern.cpp.o.d" is newer than depends file "/home/luke/sponge-os/genode/build/x86_64/qt6/base/src/corelib/CMakeFiles/Core.dir/compiler_depend.internal".
Dependencies file "src/corelib/CMakeFiles/Core.dir/mimetypes/qmimemagicrule.cpp.o.d" is newer than depends file "/home/luke/sponge-os/genode/build/x86_64/qt6/base/src/corelib/CMakeFiles/Core.dir/compiler_depend.internal".
Dependencies file "src/corelib/CMakeFiles/Core.dir/mimetypes/qmimemagicrulematcher.cpp.o.d" is newer than depends file "/home/luke/sponge-os/genode/build/x86_64/qt6/base/src/corelib/CMakeFiles/Core.dir/compiler_depend.internal".
Dependencies file "src/corelib/CMakeFiles/Core.dir/mimetypes/qmimeprovider.cpp.o.d" is newer than depends file "/home/luke/sponge-os/genode/build/x86_64/qt6/base/src/corelib/CMakeFiles/Core.dir/compiler_depend.internal".
Dependencies file "src/corelib/CMakeFiles/Core.dir/mimetypes/qmimetype.cpp.o.d" is newer than depends file "/home/luke/sponge-os/genode/build/x86_64/qt6/base/src/corelib/CMakeFiles/Core.dir/compiler_depend.internal".
Dependencies file "src/corelib/CMakeFiles/Core.dir/mimetypes/qmimetypeparser.cpp.o.d" is newer than depends file "/home/luke/sponge-os/genode/build/x86_64/qt6/base/src/corelib/CMakeFiles/Core.dir/compiler_depend.internal".
Dependencies file "src/corelib/CMakeFiles/Core.dir/plugin/qelfparser_p.cpp.o.d" is newer than depends file "/home/luke/sponge-os/genode/build/x86_64/qt6/base/src/corelib/CMakeFiles/Core.dir/compiler_depend.internal".
Dependencies file "src/corelib/CMakeFiles/Core.dir/plugin/qfactoryinterface.cpp.o.d" is newer than depends file "/home/luke/sponge-os/genode/build/x86_64/qt6/base/src/corelib/CMakeFiles/Core.dir/compiler_depend.internal".
Dependencies file "src/corelib/CMakeFiles/Core.dir/plugin/qfactoryloader.cpp.o.d" is newer than depends file "/home/luke/sponge-os/genode/build/x86_64/qt6/base/src/corelib/CMakeFiles/Core.dir/compiler_depend.internal".
[ 19%] Built target BundledHarfbuzz
Dependencies file "src/corelib/CMakeFiles/Core.dir/plugin/qlibrary.cpp.o.d" is newer than depends file "/home/luke/sponge-os/genode/build/x86_64/qt6/base/src/corelib/CMakeFiles/Core.dir/compiler_depend.internal".
Dependencies file "src/corelib/CMakeFiles/Core.dir/plugin/qlibrary_unix.cpp.o.d" is newer than depends file "/home/luke/sponge-os/genode/build/x86_64/qt6/base/src/corelib/CMakeFiles/Core.dir/compiler_depend.internal".
Dependencies file "src/corelib/CMakeFiles/Core.dir/plugin/qpluginloader.cpp.o.d" is newer than depends file "/home/luke/sponge-os/genode/build/x86_64/qt6/base/src/corelib/CMakeFiles/Core.dir/compiler_depend.internal".
Dependencies file "src/corelib/CMakeFiles/Core.dir/plugin/quuid.cpp.o.d" is newer than depends file "/home/luke/sponge-os/genode/build/x86_64/qt6/base/src/corelib/CMakeFiles/Core.dir/compiler_depend.internal".
Dependencies file "src/corelib/CMakeFiles/Core.dir/serialization/qcborcommon.cpp.o.d" is newer than depends file "/home/luke/sponge-os/genode/build/x86_64/qt6/base/src/corelib/CMakeFiles/Core.dir/compiler_depend.internal".
Dependencies file "src/corelib/CMakeFiles/Core.dir/serialization/qcbordiagnostic.cpp.o.d" is newer than depends file "/home/luke/sponge-os/genode/build/x86_64/qt6/base/src/corelib/CMakeFiles/Core.dir/compiler_depend.internal".
Dependencies file "src/corelib/CMakeFiles/Core.dir/serialization/qcborstreamreader.cpp.o.d" is newer than depends file "/home/luke/sponge-os/genode/build/x86_64/qt6/base/src/corelib/CMakeFiles/Core.dir/compiler_depend.internal".
Dependencies file "src/corelib/CMakeFiles/Core.dir/serialization/qcborstreamwriter.cpp.o.d" is newer than depends file "/home/luke/sponge-os/genode/build/x86_64/qt6/base/src/corelib/CMakeFiles/Core.dir/compiler_depend.internal".
Dependencies file "src/corelib/CMakeFiles/Core.dir/serialization/qcborvalue.cpp.o.d" is newer than depends file "/home/luke/sponge-os/genode/build/x86_64/qt6/base/src/corelib/CMakeFiles/Core.dir/compiler_depend.internal".
Dependencies file "src/corelib/CMakeFiles/Core.dir/serialization/qdatastream.cpp.o.d" is newer than depends file "/home/luke/sponge-os/genode/build/x86_64/qt6/base/src/corelib/CMakeFiles/Core.dir/compiler_depend.internal".
Dependencies file "src/corelib/CMakeFiles/Core.dir/serialization/qjsonarray.cpp.o.d" is newer than depends file "/home/luke/sponge-os/genode/build/x86_64/qt6/base/src/corelib/CMakeFiles/Core.dir/compiler_depend.internal".
Dependencies file "src/corelib/CMakeFiles/Core.dir/serialization/qjsoncbor.cpp.o.d" is newer than depends file "/home/luke/sponge-os/genode/build/x86_64/qt6/base/src/corelib/CMakeFiles/Core.dir/compiler_depend.internal".
Dependencies file "src/corelib/CMakeFiles/Core.dir/serialization/qjsondocument.cpp.o.d" is newer than depends file "/home/luke/sponge-os/genode/build/x86_64/qt6/base/src/corelib/CMakeFiles/Core.dir/compiler_depend.internal".
Dependencies file "src/corelib/CMakeFiles/Core.dir/serialization/qjsonobject.cpp.o.d" is newer than depends file "/home/luke/sponge-os/genode/build/x86_64/qt6/base/src/corelib/CMakeFiles/Core.dir/compiler_depend.internal".
Dependencies file "src/corelib/CMakeFiles/Core.dir/serialization/qjsonparser.cpp.o.d" is newer than depends file "/home/luke/sponge-os/genode/build/x86_64/qt6/base/src/corelib/CMakeFiles/Core.dir/compiler_depend.internal".
Dependencies file "src/corelib/CMakeFiles/Core.dir/serialization/qjsonvalue.cpp.o.d" is newer than depends file "/home/luke/sponge-os/genode/build/x86_64/qt6/base/src/corelib/CMakeFiles/Core.dir/compiler_depend.internal".
Dependencies file "src/corelib/CMakeFiles/Core.dir/serialization/qjsonwriter.cpp.o.d" is newer than depends file "/home/luke/sponge-os/genode/build/x86_64/qt6/base/src/corelib/CMakeFiles/Core.dir/compiler_depend.internal".
Dependencies file "src/corelib/CMakeFiles/Core.dir/serialization/qtextstream.cpp.o.d" is newer than depends file "/home/luke/sponge-os/genode/build/x86_64/qt6/base/src/corelib/CMakeFiles/Core.dir/compiler_depend.internal".
Dependencies file "src/corelib/CMakeFiles/Core.dir/serialization/qxmlstream.cpp.o.d" is newer than depends file "/home/luke/sponge-os/genode/build/x86_64/qt6/base/src/corelib/CMakeFiles/Core.dir/compiler_depend.internal".
Dependencies file "src/corelib/CMakeFiles/Core.dir/serialization/qxmlstreamgrammar.cpp.o.d" is newer than depends file "/home/luke/sponge-os/genode/build/x86_64/qt6/base/src/corelib/CMakeFiles/Core.dir/compiler_depend.internal".
Dependencies file "src/corelib/CMakeFiles/Core.dir/serialization/qxmlutils.cpp.o.d" is newer than depends file "/home/luke/sponge-os/genode/build/x86_64/qt6/base/src/corelib/CMakeFiles/Core.dir/compiler_depend.internal".
Dependencies file "src/corelib/CMakeFiles/Core.dir/text/qanystringview.cpp.o.d" is newer than depends file "/home/luke/sponge-os/genode/build/x86_64/qt6/base/src/corelib/CMakeFiles/Core.dir/compiler_depend.internal".
Dependencies file "src/corelib/CMakeFiles/Core.dir/text/qbytearray.cpp.o.d" is newer than depends file "/home/luke/sponge-os/genode/build/x86_64/qt6/base/src/corelib/CMakeFiles/Core.dir/compiler_depend.internal".
Dependencies file "src/corelib/CMakeFiles/Core.dir/text/qbytearraylist.cpp.o.d" is newer than depends file "/home/luke/sponge-os/genode/build/x86_64/qt6/base/src/corelib/CMakeFiles/Core.dir/compiler_depend.internal".
Dependencies file "src/corelib/CMakeFiles/Core.dir/text/qbytearraymatcher.cpp.o.d" is newer than depends file "/home/luke/sponge-os/genode/build/x86_64/qt6/base/src/corelib/CMakeFiles/Core.dir/compiler_depend.internal".
Dependencies file "src/corelib/CMakeFiles/Core.dir/text/qcollator.cpp.o.d" is newer than depends file "/home/luke/sponge-os/genode/build/x86_64/qt6/base/src/corelib/CMakeFiles/Core.dir/compiler_depend.internal".
Dependencies file "src/corelib/CMakeFiles/Core.dir/text/qcollator_posix.cpp.o.d" is newer than depends file "/home/luke/sponge-os/genode/build/x86_64/qt6/base/src/corelib/CMakeFiles/Core.dir/compiler_depend.internal".
Dependencies file "src/corelib/CMakeFiles/Core.dir/text/qlatin1stringmatcher.cpp.o.d" is newer than depends file "/home/luke/sponge-os/genode/build/x86_64/qt6/base/src/corelib/CMakeFiles/Core.dir/compiler_depend.internal".
Dependencies file "src/corelib/CMakeFiles/Core.dir/text/qlocale.cpp.o.d" is newer than depends file "/home/luke/sponge-os/genode/build/x86_64/qt6/base/src/corelib/CMakeFiles/Core.dir/compiler_depend.internal".
Dependencies file "src/corelib/CMakeFiles/Core.dir/text/qlocale_tools.cpp.o.d" is newer than depends file "/home/luke/sponge-os/genode/build/x86_64/qt6/base/src/corelib/CMakeFiles/Core.dir/compiler_depend.internal".
Dependencies file "src/corelib/CMakeFiles/Core.dir/text/qlocale_unix.cpp.o.d" is newer than depends file "/home/luke/sponge-os/genode/build/x86_64/qt6/base/src/corelib/CMakeFiles/Core.dir/compiler_depend.internal".
Dependencies file "src/corelib/CMakeFiles/Core.dir/text/qregularexpression.cpp.o.d" is newer than depends file "/home/luke/sponge-os/genode/build/x86_64/qt6/base/src/corelib/CMakeFiles/Core.dir/compiler_depend.internal".
Dependencies file "src/corelib/CMakeFiles/Core.dir/text/qstring.cpp.o.d" is newer than depends file "/home/luke/sponge-os/genode/build/x86_64/qt6/base/src/corelib/CMakeFiles/Core.dir/compiler_depend.internal".
Dependencies file "src/corelib/CMakeFiles/Core.dir/text/qstringbuilder.cpp.o.d" is newer than depends file "/home/luke/sponge-os/genode/build/x86_64/qt6/base/src/corelib/CMakeFiles/Core.dir/compiler_depend.internal".
Dependencies file "src/corelib/CMakeFiles/Core.dir/text/qstringconverter.cpp.o.d" is newer than depends file "/home/luke/sponge-os/genode/build/x86_64/qt6/base/src/corelib/CMakeFiles/Core.dir/compiler_depend.internal".
Dependencies file "src/corelib/CMakeFiles/Core.dir/text/qstringlist.cpp.o.d" is newer than depends file "/home/luke/sponge-os/genode/build/x86_64/qt6/base/src/corelib/CMakeFiles/Core.dir/compiler_depend.internal".
Dependencies file "src/corelib/CMakeFiles/Core.dir/text/qstringtokenizer.cpp.o.d" is newer than depends file "/home/luke/sponge-os/genode/build/x86_64/qt6/base/src/corelib/CMakeFiles/Core.dir/compiler_depend.internal".
Dependencies file "src/corelib/CMakeFiles/Core.dir/text/qstringview.cpp.o.d" is newer than depends file "/home/luke/sponge-os/genode/build/x86_64/qt6/base/src/corelib/CMakeFiles/Core.dir/compiler_depend.internal".
Dependencies file "src/corelib/CMakeFiles/Core.dir/text/qtextboundaryfinder.cpp.o.d" is newer than depends file "/home/luke/sponge-os/genode/build/x86_64/qt6/base/src/corelib/CMakeFiles/Core.dir/compiler_depend.internal".
Dependencies file "src/corelib/CMakeFiles/Core.dir/text/qunicodetools.cpp.o.d" is newer than depends file "/home/luke/sponge-os/genode/build/x86_64/qt6/base/src/corelib/CMakeFiles/Core.dir/compiler_depend.internal".
Dependencies file "src/corelib/CMakeFiles/Core.dir/text/qvsnprintf.cpp.o.d" is newer than depends file "/home/luke/sponge-os/genode/build/x86_64/qt6/base/src/corelib/CMakeFiles/Core.dir/compiler_depend.internal".
Dependencies file "src/corelib/CMakeFiles/Core.dir/thread/qatomic.cpp.o.d" is newer than depends file "/home/luke/sponge-os/genode/build/x86_64/qt6/base/src/corelib/CMakeFiles/Core.dir/compiler_depend.internal".
Dependencies file "src/corelib/CMakeFiles/Core.dir/thread/qexception.cpp.o.d" is newer than depends file "/home/luke/sponge-os/genode/build/x86_64/qt6/base/src/corelib/CMakeFiles/Core.dir/compiler_depend.internal".
Dependencies file "src/corelib/CMakeFiles/Core.dir/thread/qfutureinterface.cpp.o.d" is newer than depends file "/home/luke/sponge-os/genode/build/x86_64/qt6/base/src/corelib/CMakeFiles/Core.dir/compiler_depend.internal".
Dependencies file "src/corelib/CMakeFiles/Core.dir/thread/qfuturewatcher.cpp.o.d" is newer than depends file "/home/luke/sponge-os/genode/build/x86_64/qt6/base/src/corelib/CMakeFiles/Core.dir/compiler_depend.internal".
Dependencies file "src/corelib/CMakeFiles/Core.dir/thread/qmutex.cpp.o.d" is newer than depends file "/home/luke/sponge-os/genode/build/x86_64/qt6/base/src/corelib/CMakeFiles/Core.dir/compiler_depend.internal".
Dependencies file "src/corelib/CMakeFiles/Core.dir/thread/qreadwritelock.cpp.o.d" is newer than depends file "/home/luke/sponge-os/genode/build/x86_64/qt6/base/src/corelib/CMakeFiles/Core.dir/compiler_depend.internal".
Dependencies file "src/corelib/CMakeFiles/Core.dir/thread/qresultstore.cpp.o.d" is newer than depends file "/home/luke/sponge-os/genode/build/x86_64/qt6/base/src/corelib/CMakeFiles/Core.dir/compiler_depend.internal".
Dependencies file "src/corelib/CMakeFiles/Core.dir/thread/qrunnable.cpp.o.d" is newer than depends file "/home/luke/sponge-os/genode/build/x86_64/qt6/base/src/corelib/CMakeFiles/Core.dir/compiler_depend.internal".
Dependencies file "src/corelib/CMakeFiles/Core.dir/thread/qsemaphore.cpp.o.d" is newer than depends file "/home/luke/sponge-os/genode/build/x86_64/qt6/base/src/corelib/CMakeFiles/Core.dir/compiler_depend.internal".
Dependencies file "src/corelib/CMakeFiles/Core.dir/thread/qthread.cpp.o.d" is newer than depends file "/home/luke/sponge-os/genode/build/x86_64/qt6/base/src/corelib/CMakeFiles/Core.dir/compiler_depend.internal".
Dependencies file "src/corelib/CMakeFiles/Core.dir/thread/qthread_unix.cpp.o.d" is newer than depends file "/home/luke/sponge-os/genode/build/x86_64/qt6/base/src/corelib/CMakeFiles/Core.dir/compiler_depend.internal".
Dependencies file "src/corelib/CMakeFiles/Core.dir/thread/qthreadpool.cpp.o.d" is newer than depends file "/home/luke/sponge-os/genode/build/x86_64/qt6/base/src/corelib/CMakeFiles/Core.dir/compiler_depend.internal".
Dependencies file "src/corelib/CMakeFiles/Core.dir/thread/qthreadstorage.cpp.o.d" is newer than depends file "/home/luke/sponge-os/genode/build/x86_64/qt6/base/src/corelib/CMakeFiles/Core.dir/compiler_depend.internal".
Dependencies file "src/corelib/CMakeFiles/Core.dir/thread/qwaitcondition_unix.cpp.o.d" is newer than depends file "/home/luke/sponge-os/genode/build/x86_64/qt6/base/src/corelib/CMakeFiles/Core.dir/compiler_depend.internal".
Dependencies file "src/corelib/CMakeFiles/Core.dir/time/qcalendar.cpp.o.d" is newer than depends file "/home/luke/sponge-os/genode/build/x86_64/qt6/base/src/corelib/CMakeFiles/Core.dir/compiler_depend.internal".
Dependencies file "src/corelib/CMakeFiles/Core.dir/time/qdatetime.cpp.o.d" is newer than depends file "/home/luke/sponge-os/genode/build/x86_64/qt6/base/src/corelib/CMakeFiles/Core.dir/compiler_depend.internal".
Dependencies file "src/corelib/CMakeFiles/Core.dir/time/qdatetimeparser.cpp.o.d" is newer than depends file "/home/luke/sponge-os/genode/build/x86_64/qt6/base/src/corelib/CMakeFiles/Core.dir/compiler_depend.internal".
Dependencies file "src/corelib/CMakeFiles/Core.dir/time/qgregoriancalendar.cpp.o.d" is newer than depends file "/home/luke/sponge-os/genode/build/x86_64/qt6/base/src/corelib/CMakeFiles/Core.dir/compiler_depend.internal".
Dependencies file "src/corelib/CMakeFiles/Core.dir/time/qhijricalendar.cpp.o.d" is newer than depends file "/home/luke/sponge-os/genode/build/x86_64/qt6/base/src/corelib/CMakeFiles/Core.dir/compiler_depend.internal".
Dependencies file "src/corelib/CMakeFiles/Core.dir/time/qislamiccivilcalendar.cpp.o.d" is newer than depends file "/home/luke/sponge-os/genode/build/x86_64/qt6/base/src/corelib/CMakeFiles/Core.dir/compiler_depend.internal".
Dependencies file "src/corelib/CMakeFiles/Core.dir/time/qjalalicalendar.cpp.o.d" is newer than depends file "/home/luke/sponge-os/genode/build/x86_64/qt6/base/src/corelib/CMakeFiles/Core.dir/compiler_depend.internal".
Dependencies file "src/corelib/CMakeFiles/Core.dir/time/qjuliancalendar.cpp.o.d" is newer than depends file "/home/luke/sponge-os/genode/build/x86_64/qt6/base/src/corelib/CMakeFiles/Core.dir/compiler_depend.internal".
Dependencies file "src/corelib/CMakeFiles/Core.dir/time/qlocaltime.cpp.o.d" is newer than depends file "/home/luke/sponge-os/genode/build/x86_64/qt6/base/src/corelib/CMakeFiles/Core.dir/compiler_depend.internal".
Dependencies file "src/corelib/CMakeFiles/Core.dir/time/qmilankoviccalendar.cpp.o.d" is newer than depends file "/home/luke/sponge-os/genode/build/x86_64/qt6/base/src/corelib/CMakeFiles/Core.dir/compiler_depend.internal".
Dependencies file "src/corelib/CMakeFiles/Core.dir/time/qromancalendar.cpp.o.d" is newer than depends file "/home/luke/sponge-os/genode/build/x86_64/qt6/base/src/corelib/CMakeFiles/Core.dir/compiler_depend.internal".
Dependencies file "src/corelib/CMakeFiles/Core.dir/time/qtimezone.cpp.o.d" is newer than depends file "/home/luke/sponge-os/genode/build/x86_64/qt6/base/src/corelib/CMakeFiles/Core.dir/compiler_depend.internal".
Dependencies file "src/corelib/CMakeFiles/Core.dir/time/qtimezonelocale.cpp.o.d" is newer than depends file "/home/luke/sponge-os/genode/build/x86_64/qt6/base/src/corelib/CMakeFiles/Core.dir/compiler_depend.internal".
Dependencies file "src/corelib/CMakeFiles/Core.dir/time/qtimezoneprivate.cpp.o.d" is newer than depends file "/home/luke/sponge-os/genode/build/x86_64/qt6/base/src/corelib/CMakeFiles/Core.dir/compiler_depend.internal".
Dependencies file "src/corelib/CMakeFiles/Core.dir/time/qtimezoneprivate_tz.cpp.o.d" is newer than depends file "/home/luke/sponge-os/genode/build/x86_64/qt6/base/src/corelib/CMakeFiles/Core.dir/compiler_depend.internal".
Dependencies file "src/corelib/CMakeFiles/Core.dir/tools/qarraydata.cpp.o.d" is newer than depends file "/home/luke/sponge-os/genode/build/x86_64/qt6/base/src/corelib/CMakeFiles/Core.dir/compiler_depend.internal".
Dependencies file "src/corelib/CMakeFiles/Core.dir/tools/qbitarray.cpp.o.d" is newer than depends file "/home/luke/sponge-os/genode/build/x86_64/qt6/base/src/corelib/CMakeFiles/Core.dir/compiler_depend.internal".
Dependencies file "src/corelib/CMakeFiles/Core.dir/tools/qcommandlineoption.cpp.o.d" is newer than depends file "/home/luke/sponge-os/genode/build/x86_64/qt6/base/src/corelib/CMakeFiles/Core.dir/compiler_depend.internal".
Dependencies file "src/corelib/CMakeFiles/Core.dir/tools/qcommandlineparser.cpp.o.d" is newer than depends file "/home/luke/sponge-os/genode/build/x86_64/qt6/base/src/corelib/CMakeFiles/Core.dir/compiler_depend.internal".
Dependencies file "src/corelib/CMakeFiles/Core.dir/tools/qcontiguouscache.cpp.o.d" is newer than depends file "/home/luke/sponge-os/genode/build/x86_64/qt6/base/src/corelib/CMakeFiles/Core.dir/compiler_depend.internal".
Dependencies file "src/corelib/CMakeFiles/Core.dir/tools/qcryptographichash.cpp.o.d" is newer than depends file "/home/luke/sponge-os/genode/build/x86_64/qt6/base/src/corelib/CMakeFiles/Core.dir/compiler_depend.internal".
Dependencies file "src/corelib/CMakeFiles/Core.dir/tools/qeasingcurve.cpp.o.d" is newer than depends file "/home/luke/sponge-os/genode/build/x86_64/qt6/base/src/corelib/CMakeFiles/Core.dir/compiler_depend.internal".
Dependencies file "src/corelib/CMakeFiles/Core.dir/tools/qfreelist.cpp.o.d" is newer than depends file "/home/luke/sponge-os/genode/build/x86_64/qt6/base/src/corelib/CMakeFiles/Core.dir/compiler_depend.internal".
Dependencies file "src/corelib/CMakeFiles/Core.dir/tools/qfunctionaltools_impl.cpp.o.d" is newer than depends file "/home/luke/sponge-os/genode/build/x86_64/qt6/base/src/corelib/CMakeFiles/Core.dir/compiler_depend.internal".
Dependencies file "src/corelib/CMakeFiles/Core.dir/tools/qhash.cpp.o.d" is newer than depends file "/home/luke/sponge-os/genode/build/x86_64/qt6/base/src/corelib/CMakeFiles/Core.dir/compiler_depend.internal".
Dependencies file "src/corelib/CMakeFiles/Core.dir/tools/qline.cpp.o.d" is newer than depends file "/home/luke/sponge-os/genode/build/x86_64/qt6/base/src/corelib/CMakeFiles/Core.dir/compiler_depend.internal".
Dependencies file "src/corelib/CMakeFiles/Core.dir/tools/qmargins.cpp.o.d" is newer than depends file "/home/luke/sponge-os/genode/build/x86_64/qt6/base/src/corelib/CMakeFiles/Core.dir/compiler_depend.internal".
Dependencies file "src/corelib/CMakeFiles/Core.dir/tools/qpoint.cpp.o.d" is newer than depends file "/home/luke/sponge-os/genode/build/x86_64/qt6/base/src/corelib/CMakeFiles/Core.dir/compiler_depend.internal".
Dependencies file "src/corelib/CMakeFiles/Core.dir/tools/qrect.cpp.o.d" is newer than depends file "/home/luke/sponge-os/genode/build/x86_64/qt6/base/src/corelib/CMakeFiles/Core.dir/compiler_depend.internal".
Dependencies file "src/corelib/CMakeFiles/Core.dir/tools/qrefcount.cpp.o.d" is newer than depends file "/home/luke/sponge-os/genode/build/x86_64/qt6/base/src/corelib/CMakeFiles/Core.dir/compiler_depend.internal".
Dependencies file "src/corelib/CMakeFiles/Core.dir/tools/qringbuffer.cpp.o.d" is newer than depends file "/home/luke/sponge-os/genode/build/x86_64/qt6/base/src/corelib/CMakeFiles/Core.dir/compiler_depend.internal".
Dependencies file "src/corelib/CMakeFiles/Core.dir/tools/qshareddata.cpp.o.d" is newer than depends file "/home/luke/sponge-os/genode/build/x86_64/qt6/base/src/corelib/CMakeFiles/Core.dir/compiler_depend.internal".
Dependencies file "src/corelib/CMakeFiles/Core.dir/tools/qsharedpointer.cpp.o.d" is newer than depends file "/home/luke/sponge-os/genode/build/x86_64/qt6/base/src/corelib/CMakeFiles/Core.dir/compiler_depend.internal".
Dependencies file "src/corelib/CMakeFiles/Core.dir/tools/qsize.cpp.o.d" is newer than depends file "/home/luke/sponge-os/genode/build/x86_64/qt6/base/src/corelib/CMakeFiles/Core.dir/compiler_depend.internal".
Dependencies file "src/corelib/CMakeFiles/Core.dir/tools/qtimeline.cpp.o.d" is newer than depends file "/home/luke/sponge-os/genode/build/x86_64/qt6/base/src/corelib/CMakeFiles/Core.dir/compiler_depend.internal".
Dependencies file "src/corelib/CMakeFiles/Core.dir/tools/qtyperevision.cpp.o.d" is newer than depends file "/home/luke/sponge-os/genode/build/x86_64/qt6/base/src/corelib/CMakeFiles/Core.dir/compiler_depend.internal".
Dependencies file "src/corelib/CMakeFiles/Core.dir/tools/quniquehandle_types.cpp.o.d" is newer than depends file "/home/luke/sponge-os/genode/build/x86_64/qt6/base/src/corelib/CMakeFiles/Core.dir/compiler_depend.internal".
Dependencies file "src/corelib/CMakeFiles/Core.dir/tools/qversionnumber.cpp.o.d" is newer than depends file "/home/luke/sponge-os/genode/build/x86_64/qt6/base/src/corelib/CMakeFiles/Core.dir/compiler_depend.internal".
[1m[35mConsolidate compiler generated dependencies of target Core[0m
[ 37%] Built target Core
Dependencies file "src/3rdparty/libpng/CMakeFiles/BundledLibpng.dir/png.c.o.d" is newer than depends file "/home/luke/sponge-os/genode/build/x86_64/qt6/base/src/3rdparty/libpng/CMakeFiles/BundledLibpng.dir/compiler_depend.internal".
Dependencies file "src/3rdparty/libpng/CMakeFiles/BundledLibpng.dir/pngerror.c.o.d" is newer than depends file "/home/luke/sponge-os/genode/build/x86_64/qt6/base/src/3rdparty/libpng/CMakeFiles/BundledLibpng.dir/compiler_depend.internal".
Dependencies file "src/3rdparty/libpng/CMakeFiles/BundledLibpng.dir/pngget.c.o.d" is newer than depends file "/home/luke/sponge-os/genode/build/x86_64/qt6/base/src/3rdparty/libpng/CMakeFiles/BundledLibpng.dir/compiler_depend.internal".
Dependencies file "src/platformsupport/devicediscovery/CMakeFiles/DeviceDiscoverySupportPrivate.dir/DeviceDiscoverySupportPrivate_autogen/mocs_compilation.cpp.o.d" is newer than depends file "/home/luke/sponge-os/genode/build/x86_64/qt6/base/src/platformsupport/devicediscovery/CMakeFiles/DeviceDiscoverySupportPrivate.dir/compiler_depend.internal".
Dependencies file "src/3rdparty/libpng/CMakeFiles/BundledLibpng.dir/pngmem.c.o.d" is newer than depends file "/home/luke/sponge-os/genode/build/x86_64/qt6/base/src/3rdparty/libpng/CMakeFiles/BundledLibpng.dir/compiler_depend.internal".
Dependencies file "src/3rdparty/libpng/CMakeFiles/BundledLibpng.dir/pngpread.c.o.d" is newer than depends file "/home/luke/sponge-os/genode/build/x86_64/qt6/base/src/3rdparty/libpng/CMakeFiles/BundledLibpng.dir/compiler_depend.internal".
Dependencies file "src/3rdparty/libpng/CMakeFiles/BundledLibpng.dir/pngread.c.o.d" is newer than depends file "/home/luke/sponge-os/genode/build/x86_64/qt6/base/src/3rdparty/libpng/CMakeFiles/BundledLibpng.dir/compiler_depend.internal".
Dependencies file "src/3rdparty/libpng/CMakeFiles/BundledLibpng.dir/pngrio.c.o.d" is newer than depends file "/home/luke/sponge-os/genode/build/x86_64/qt6/base/src/3rdparty/libpng/CMakeFiles/BundledLibpng.dir/compiler_depend.internal".
Dependencies file "src/3rdparty/libpng/CMakeFiles/BundledLibpng.dir/pngrtran.c.o.d" is newer than depends file "/home/luke/sponge-os/genode/build/x86_64/qt6/base/src/3rdparty/libpng/CMakeFiles/BundledLibpng.dir/compiler_depend.internal".
Dependencies file "src/3rdparty/libpng/CMakeFiles/BundledLibpng.dir/pngrutil.c.o.d" is newer than depends file "/home/luke/sponge-os/genode/build/x86_64/qt6/base/src/3rdparty/libpng/CMakeFiles/BundledLibpng.dir/compiler_depend.internal".
Dependencies file "src/platformsupport/devicediscovery/CMakeFiles/DeviceDiscoverySupportPrivate.dir/qdevicediscovery_dummy.cpp.o.d" is newer than depends file "/home/luke/sponge-os/genode/build/x86_64/qt6/base/src/platformsupport/devicediscovery/CMakeFiles/DeviceDiscoverySupportPrivate.dir/compiler_depend.internal".
Dependencies file "src/3rdparty/libpng/CMakeFiles/BundledLibpng.dir/pngset.c.o.d" is newer than depends file "/home/luke/sponge-os/genode/build/x86_64/qt6/base/src/3rdparty/libpng/CMakeFiles/BundledLibpng.dir/compiler_depend.internal".
Dependencies file "src/3rdparty/libpng/CMakeFiles/BundledLibpng.dir/pngtrans.c.o.d" is newer than depends file "/home/luke/sponge-os/genode/build/x86_64/qt6/base/src/3rdparty/libpng/CMakeFiles/BundledLibpng.dir/compiler_depend.internal".
Dependencies file "src/3rdparty/libpng/CMakeFiles/BundledLibpng.dir/pngwio.c.o.d" is newer than depends file "/home/luke/sponge-os/genode/build/x86_64/qt6/base/src/3rdparty/libpng/CMakeFiles/BundledLibpng.dir/compiler_depend.internal".
Dependencies file "src/3rdparty/libpng/CMakeFiles/BundledLibpng.dir/pngwrite.c.o.d" is newer than depends file "/home/luke/sponge-os/genode/build/x86_64/qt6/base/src/3rdparty/libpng/CMakeFiles/BundledLibpng.dir/compiler_depend.internal".
Dependencies file "src/3rdparty/libpng/CMakeFiles/BundledLibpng.dir/pngwtran.c.o.d" is newer than depends file "/home/luke/sponge-os/genode/build/x86_64/qt6/base/src/3rdparty/libpng/CMakeFiles/BundledLibpng.dir/compiler_depend.internal".
[1m[35mConsolidate compiler generated dependencies of target DeviceDiscoverySupportPrivate[0m
Dependencies file "src/3rdparty/libpng/CMakeFiles/BundledLibpng.dir/pngwutil.c.o.d" is newer than depends file "/home/luke/sponge-os/genode/build/x86_64/qt6/base/src/3rdparty/libpng/CMakeFiles/BundledLibpng.dir/compiler_depend.internal".
[1m[35mConsolidate compiler generated dependencies of target BundledLibpng[0m
[ 37%] Built target Sql_autogen_timestamp_deps
[ 37%] Built target Concurrent_autogen_timestamp_deps
[ 37%] Built target QSQLiteDriverPlugin_autogen_timestamp_deps
[ 37%] Built target Gui_autogen_timestamp_deps
[ 37%] Built target Test_autogen_timestamp_deps
[ 37%] Built target Network_autogen_timestamp_deps
[ 37%] Built target Xml_autogen_timestamp_deps
[ 38%] Built target BundledLibpng
[ 38%] Built target DeviceDiscoverySupportPrivate
[ 38%] Built target Concurrent_autogen
Dependencies file "src/3rdparty/freetype/CMakeFiles/BundledFreetype.dir/builds/unix/ftsystem.c.o.d" is newer than depends file "/home/luke/sponge-os/genode/build/x86_64/qt6/base/src/3rdparty/freetype/CMakeFiles/BundledFreetype.dir/compiler_depend.internal".
Dependencies file "src/3rdparty/freetype/CMakeFiles/BundledFreetype.dir/src/autofit/autofit.c.o.d" is newer than depends file "/home/luke/sponge-os/genode/build/x86_64/qt6/base/src/3rdparty/freetype/CMakeFiles/BundledFreetype.dir/compiler_depend.internal".
Dependencies file "src/3rdparty/freetype/CMakeFiles/BundledFreetype.dir/src/base/ftbase.c.o.d" is newer than depends file "/home/luke/sponge-os/genode/build/x86_64/qt6/base/src/3rdparty/freetype/CMakeFiles/BundledFreetype.dir/compiler_depend.internal".
Dependencies file "src/3rdparty/freetype/CMakeFiles/BundledFreetype.dir/src/base/ftbbox.c.o.d" is newer than depends file "/home/luke/sponge-os/genode/build/x86_64/qt6/base/src/3rdparty/freetype/CMakeFiles/BundledFreetype.dir/compiler_depend.internal".
Dependencies file "src/3rdparty/freetype/CMakeFiles/BundledFreetype.dir/src/base/ftbdf.c.o.d" is newer than depends file "/home/luke/sponge-os/genode/build/x86_64/qt6/base/src/3rdparty/freetype/CMakeFiles/BundledFreetype.dir/compiler_depend.internal".
Dependencies file "src/3rdparty/freetype/CMakeFiles/BundledFreetype.dir/src/base/ftbitmap.c.o.d" is newer than depends file "/home/luke/sponge-os/genode/build/x86_64/qt6/base/src/3rdparty/freetype/CMakeFiles/BundledFreetype.dir/compiler_depend.internal".
Dependencies file "src/3rdparty/freetype/CMakeFiles/BundledFreetype.dir/src/base/ftcid.c.o.d" is newer than depends file "/home/luke/sponge-os/genode/build/x86_64/qt6/base/src/3rdparty/freetype/CMakeFiles/BundledFreetype.dir/compiler_depend.internal".
Dependencies file "src/3rdparty/freetype/CMakeFiles/BundledFreetype.dir/src/base/ftdebug.c.o.d" is newer than depends file "/home/luke/sponge-os/genode/build/x86_64/qt6/base/src/3rdparty/freetype/CMakeFiles/BundledFreetype.dir/compiler_depend.internal".
Dependencies file "src/3rdparty/freetype/CMakeFiles/BundledFreetype.dir/src/base/ftfstype.c.o.d" is newer than depends file "/home/luke/sponge-os/genode/build/x86_64/qt6/base/src/3rdparty/freetype/CMakeFiles/BundledFreetype.dir/compiler_depend.internal".
Dependencies file "src/3rdparty/freetype/CMakeFiles/BundledFreetype.dir/src/base/ftgasp.c.o.d" is newer than depends file "/home/luke/sponge-os/genode/build/x86_64/qt6/base/src/3rdparty/freetype/CMakeFiles/BundledFreetype.dir/compiler_depend.internal".
Dependencies file "src/3rdparty/freetype/CMakeFiles/BundledFreetype.dir/src/base/ftglyph.c.o.d" is newer than depends file "/home/luke/sponge-os/genode/build/x86_64/qt6/base/src/3rdparty/freetype/CMakeFiles/BundledFreetype.dir/compiler_depend.internal".
[ 39%] Built target Xml_autogen
Dependencies file "src/3rdparty/freetype/CMakeFiles/BundledFreetype.dir/src/base/ftgxval.c.o.d" is newer than depends file "/home/luke/sponge-os/genode/build/x86_64/qt6/base/src/3rdparty/freetype/CMakeFiles/BundledFreetype.dir/compiler_depend.internal".
Dependencies file "src/3rdparty/freetype/CMakeFiles/BundledFreetype.dir/src/base/ftinit.c.o.d" is newer than depends file "/home/luke/sponge-os/genode/build/x86_64/qt6/base/src/3rdparty/freetype/CMakeFiles/BundledFreetype.dir/compiler_depend.internal".
[ 39%] Built target Sql_autogen
Dependencies file "src/3rdparty/freetype/CMakeFiles/BundledFreetype.dir/src/base/ftmm.c.o.d" is newer than depends file "/home/luke/sponge-os/genode/build/x86_64/qt6/base/src/3rdparty/freetype/CMakeFiles/BundledFreetype.dir/compiler_depend.internal".
Dependencies file "src/3rdparty/freetype/CMakeFiles/BundledFreetype.dir/src/base/ftotval.c.o.d" is newer than depends file "/home/luke/sponge-os/genode/build/x86_64/qt6/base/src/3rdparty/freetype/CMakeFiles/BundledFreetype.dir/compiler_depend.internal".
Dependencies file "src/3rdparty/freetype/CMakeFiles/BundledFreetype.dir/src/base/ftpatent.c.o.d" is newer than depends file "/home/luke/sponge-os/genode/build/x86_64/qt6/base/src/3rdparty/freetype/CMakeFiles/BundledFreetype.dir/compiler_depend.internal".
Dependencies file "src/3rdparty/freetype/CMakeFiles/BundledFreetype.dir/src/base/ftpfr.c.o.d" is newer than depends file "/home/luke/sponge-os/genode/build/x86_64/qt6/base/src/3rdparty/freetype/CMakeFiles/BundledFreetype.dir/compiler_depend.internal".
Dependencies file "src/3rdparty/freetype/CMakeFiles/BundledFreetype.dir/src/base/ftstroke.c.o.d" is newer than depends file "/home/luke/sponge-os/genode/build/x86_64/qt6/base/src/3rdparty/freetype/CMakeFiles/BundledFreetype.dir/compiler_depend.internal".
Dependencies file "src/3rdparty/freetype/CMakeFiles/BundledFreetype.dir/src/base/ftsynth.c.o.d" is newer than depends file "/home/luke/sponge-os/genode/build/x86_64/qt6/base/src/3rdparty/freetype/CMakeFiles/BundledFreetype.dir/compiler_depend.internal".
Dependencies file "src/3rdparty/freetype/CMakeFiles/BundledFreetype.dir/src/base/fttype1.c.o.d" is newer than depends file "/home/luke/sponge-os/genode/build/x86_64/qt6/base/src/3rdparty/freetype/CMakeFiles/BundledFreetype.dir/compiler_depend.internal".
Dependencies file "src/3rdparty/freetype/CMakeFiles/BundledFreetype.dir/src/base/ftwinfnt.c.o.d" is newer than depends file "/home/luke/sponge-os/genode/build/x86_64/qt6/base/src/3rdparty/freetype/CMakeFiles/BundledFreetype.dir/compiler_depend.internal".
Dependencies file "src/3rdparty/freetype/CMakeFiles/BundledFreetype.dir/src/bdf/bdf.c.o.d" is newer than depends file "/home/luke/sponge-os/genode/build/x86_64/qt6/base/src/3rdparty/freetype/CMakeFiles/BundledFreetype.dir/compiler_depend.internal".
Dependencies file "src/3rdparty/freetype/CMakeFiles/BundledFreetype.dir/src/bzip2/ftbzip2.c.o.d" is newer than depends file "/home/luke/sponge-os/genode/build/x86_64/qt6/base/src/3rdparty/freetype/CMakeFiles/BundledFreetype.dir/compiler_depend.internal".
Dependencies file "src/3rdparty/freetype/CMakeFiles/BundledFreetype.dir/src/cache/ftcache.c.o.d" is newer than depends file "/home/luke/sponge-os/genode/build/x86_64/qt6/base/src/3rdparty/freetype/CMakeFiles/BundledFreetype.dir/compiler_depend.internal".
Dependencies file "src/3rdparty/freetype/CMakeFiles/BundledFreetype.dir/src/cff/cff.c.o.d" is newer than depends file "/home/luke/sponge-os/genode/build/x86_64/qt6/base/src/3rdparty/freetype/CMakeFiles/BundledFreetype.dir/compiler_depend.internal".
Dependencies file "src/3rdparty/freetype/CMakeFiles/BundledFreetype.dir/src/cid/type1cid.c.o.d" is newer than depends file "/home/luke/sponge-os/genode/build/x86_64/qt6/base/src/3rdparty/freetype/CMakeFiles/BundledFreetype.dir/compiler_depend.internal".
Dependencies file "src/3rdparty/freetype/CMakeFiles/BundledFreetype.dir/src/gzip/ftgzip.c.o.d" is newer than depends file "/home/luke/sponge-os/genode/build/x86_64/qt6/base/src/3rdparty/freetype/CMakeFiles/BundledFreetype.dir/compiler_depend.internal".
Dependencies file "src/3rdparty/freetype/CMakeFiles/BundledFreetype.dir/src/lzw/ftlzw.c.o.d" is newer than depends file "/home/luke/sponge-os/genode/build/x86_64/qt6/base/src/3rdparty/freetype/CMakeFiles/BundledFreetype.dir/compiler_depend.internal".
[ 39%] Built target QSQLiteDriverPlugin_autogen
Dependencies file "src/3rdparty/freetype/CMakeFiles/BundledFreetype.dir/src/pcf/pcf.c.o.d" is newer than depends file "/home/luke/sponge-os/genode/build/x86_64/qt6/base/src/3rdparty/freetype/CMakeFiles/BundledFreetype.dir/compiler_depend.internal".
Dependencies file "src/3rdparty/freetype/CMakeFiles/BundledFreetype.dir/src/pfr/pfr.c.o.d" is newer than depends file "/home/luke/sponge-os/genode/build/x86_64/qt6/base/src/3rdparty/freetype/CMakeFiles/BundledFreetype.dir/compiler_depend.internal".
Dependencies file "src/3rdparty/freetype/CMakeFiles/BundledFreetype.dir/src/psaux/psaux.c.o.d" is newer than depends file "/home/luke/sponge-os/genode/build/x86_64/qt6/base/src/3rdparty/freetype/CMakeFiles/BundledFreetype.dir/compiler_depend.internal".
Dependencies file "src/3rdparty/freetype/CMakeFiles/BundledFreetype.dir/src/pshinter/pshinter.c.o.d" is newer than depends file "/home/luke/sponge-os/genode/build/x86_64/qt6/base/src/3rdparty/freetype/CMakeFiles/BundledFreetype.dir/compiler_depend.internal".
Dependencies file "src/3rdparty/freetype/CMakeFiles/BundledFreetype.dir/src/psnames/psnames.c.o.d" is newer than depends file "/home/luke/sponge-os/genode/build/x86_64/qt6/base/src/3rdparty/freetype/CMakeFiles/BundledFreetype.dir/compiler_depend.internal".
Dependencies file "src/3rdparty/freetype/CMakeFiles/BundledFreetype.dir/src/raster/raster.c.o.d" is newer than depends file "/home/luke/sponge-os/genode/build/x86_64/qt6/base/src/3rdparty/freetype/CMakeFiles/BundledFreetype.dir/compiler_depend.internal".
Dependencies file "src/3rdparty/freetype/CMakeFiles/BundledFreetype.dir/src/sdf/sdf.c.o.d" is newer than depends file "/home/luke/sponge-os/genode/build/x86_64/qt6/base/src/3rdparty/freetype/CMakeFiles/BundledFreetype.dir/compiler_depend.internal".
Dependencies file "src/3rdparty/freetype/CMakeFiles/BundledFreetype.dir/src/sfnt/sfnt.c.o.d" is newer than depends file "/home/luke/sponge-os/genode/build/x86_64/qt6/base/src/3rdparty/freetype/CMakeFiles/BundledFreetype.dir/compiler_depend.internal".
Dependencies file "src/3rdparty/freetype/CMakeFiles/BundledFreetype.dir/src/smooth/smooth.c.o.d" is newer than depends file "/home/luke/sponge-os/genode/build/x86_64/qt6/base/src/3rdparty/freetype/CMakeFiles/BundledFreetype.dir/compiler_depend.internal".
Dependencies file "src/3rdparty/freetype/CMakeFiles/BundledFreetype.dir/src/svg/svg.c.o.d" is newer than depends file "/home/luke/sponge-os/genode/build/x86_64/qt6/base/src/3rdparty/freetype/CMakeFiles/BundledFreetype.dir/compiler_depend.internal".
Dependencies file "src/3rdparty/freetype/CMakeFiles/BundledFreetype.dir/src/truetype/truetype.c.o.d" is newer than depends file "/home/luke/sponge-os/genode/build/x86_64/qt6/base/src/3rdparty/freetype/CMakeFiles/BundledFreetype.dir/compiler_depend.internal".
Dependencies file "src/3rdparty/freetype/CMakeFiles/BundledFreetype.dir/src/type1/type1.c.o.d" is newer than depends file "/home/luke/sponge-os/genode/build/x86_64/qt6/base/src/3rdparty/freetype/CMakeFiles/BundledFreetype.dir/compiler_depend.internal".
Dependencies file "src/3rdparty/freetype/CMakeFiles/BundledFreetype.dir/src/type42/type42.c.o.d" is newer than depends file "/home/luke/sponge-os/genode/build/x86_64/qt6/base/src/3rdparty/freetype/CMakeFiles/BundledFreetype.dir/compiler_depend.internal".
Dependencies file "src/3rdparty/freetype/CMakeFiles/BundledFreetype.dir/src/winfonts/winfnt.c.o.d" is newer than depends file "/home/luke/sponge-os/genode/build/x86_64/qt6/base/src/3rdparty/freetype/CMakeFiles/BundledFreetype.dir/compiler_depend.internal".
[1m[35mConsolidate compiler generated dependencies of target BundledFreetype[0m
[ 39%] Built target Test_autogen
[ 39%] Built target Network_autogen
Dependencies file "src/concurrent/CMakeFiles/Concurrent.dir/Concurrent_autogen/mocs_compilation.cpp.o.d" is newer than depends file "/home/luke/sponge-os/genode/build/x86_64/qt6/base/src/concurrent/CMakeFiles/Concurrent.dir/compiler_depend.internal".
Dependencies file "src/concurrent/CMakeFiles/Concurrent.dir/qtconcurrentfilter.cpp.o.d" is newer than depends file "/home/luke/sponge-os/genode/build/x86_64/qt6/base/src/concurrent/CMakeFiles/Concurrent.dir/compiler_depend.internal".
Dependencies file "src/concurrent/CMakeFiles/Concurrent.dir/qtconcurrentiteratekernel.cpp.o.d" is newer than depends file "/home/luke/sponge-os/genode/build/x86_64/qt6/base/src/concurrent/CMakeFiles/Concurrent.dir/compiler_depend.internal".
Dependencies file "src/concurrent/CMakeFiles/Concurrent.dir/qtconcurrentmap.cpp.o.d" is newer than depends file "/home/luke/sponge-os/genode/build/x86_64/qt6/base/src/concurrent/CMakeFiles/Concurrent.dir/compiler_depend.internal".
Dependencies file "src/concurrent/CMakeFiles/Concurrent.dir/qtconcurrentrun.cpp.o.d" is newer than depends file "/home/luke/sponge-os/genode/build/x86_64/qt6/base/src/concurrent/CMakeFiles/Concurrent.dir/compiler_depend.internal".
Dependencies file "src/concurrent/CMakeFiles/Concurrent.dir/qtconcurrentthreadengine.cpp.o.d" is newer than depends file "/home/luke/sponge-os/genode/build/x86_64/qt6/base/src/concurrent/CMakeFiles/Concurrent.dir/compiler_depend.internal".
[ 39%] Built target Gui_autogen
[1m[35mConsolidate compiler generated dependencies of target Concurrent[0m
Dependencies file "src/xml/CMakeFiles/Xml.dir/Xml_autogen/mocs_compilation.cpp.o.d" is newer than depends file "/home/luke/sponge-os/genode/build/x86_64/qt6/base/src/xml/CMakeFiles/Xml.dir/compiler_depend.internal".
Dependencies file "src/xml/CMakeFiles/Xml.dir/dom/qdom.cpp.o.d" is newer than depends file "/home/luke/sponge-os/genode/build/x86_64/qt6/base/src/xml/CMakeFiles/Xml.dir/compiler_depend.internal".
Dependencies file "src/xml/CMakeFiles/Xml.dir/dom/qdomhelpers.cpp.o.d" is newer than depends file "/home/luke/sponge-os/genode/build/x86_64/qt6/base/src/xml/CMakeFiles/Xml.dir/compiler_depend.internal".
Dependencies file "src/sql/CMakeFiles/Sql.dir/Sql_autogen/mocs_compilation.cpp.o.d" is newer than depends file "/home/luke/sponge-os/genode/build/x86_64/qt6/base/src/sql/CMakeFiles/Sql.dir/compiler_depend.internal".
Dependencies file "src/sql/CMakeFiles/Sql.dir/compat/removed_api.cpp.o.d" is newer than depends file "/home/luke/sponge-os/genode/build/x86_64/qt6/base/src/sql/CMakeFiles/Sql.dir/compiler_depend.internal".
[1m[35mConsolidate compiler generated dependencies of target Xml[0m
Dependencies file "src/sql/CMakeFiles/Sql.dir/kernel/qsqlcachedresult.cpp.o.d" is newer than depends file "/home/luke/sponge-os/genode/build/x86_64/qt6/base/src/sql/CMakeFiles/Sql.dir/compiler_depend.internal".
Dependencies file "src/sql/CMakeFiles/Sql.dir/kernel/qsqldatabase.cpp.o.d" is newer than depends file "/home/luke/sponge-os/genode/build/x86_64/qt6/base/src/sql/CMakeFiles/Sql.dir/compiler_depend.internal".
Dependencies file "src/sql/CMakeFiles/Sql.dir/kernel/qsqldriver.cpp.o.d" is newer than depends file "/home/luke/sponge-os/genode/build/x86_64/qt6/base/src/sql/CMakeFiles/Sql.dir/compiler_depend.internal".
Dependencies file "src/sql/CMakeFiles/Sql.dir/kernel/qsqldriverplugin.cpp.o.d" is newer than depends file "/home/luke/sponge-os/genode/build/x86_64/qt6/base/src/sql/CMakeFiles/Sql.dir/compiler_depend.internal".
Dependencies file "src/sql/CMakeFiles/Sql.dir/kernel/qsqlerror.cpp.o.d" is newer than depends file "/home/luke/sponge-os/genode/build/x86_64/qt6/base/src/sql/CMakeFiles/Sql.dir/compiler_depend.internal".
Dependencies file "src/sql/CMakeFiles/Sql.dir/kernel/qsqlfield.cpp.o.d" is newer than depends file "/home/luke/sponge-os/genode/build/x86_64/qt6/base/src/sql/CMakeFiles/Sql.dir/compiler_depend.internal".
Dependencies file "src/sql/CMakeFiles/Sql.dir/kernel/qsqlindex.cpp.o.d" is newer than depends file "/home/luke/sponge-os/genode/build/x86_64/qt6/base/src/sql/CMakeFiles/Sql.dir/compiler_depend.internal".
Dependencies file "src/sql/CMakeFiles/Sql.dir/kernel/qsqlquery.cpp.o.d" is newer than depends file "/home/luke/sponge-os/genode/build/x86_64/qt6/base/src/sql/CMakeFiles/Sql.dir/compiler_depend.internal".
Dependencies file "src/testlib/CMakeFiles/Test.dir/Test_autogen/mocs_compilation.cpp.o.d" is newer than depends file "/home/luke/sponge-os/genode/build/x86_64/qt6/base/src/testlib/CMakeFiles/Test.dir/compiler_depend.internal".
Dependencies file "src/sql/CMakeFiles/Sql.dir/kernel/qsqlrecord.cpp.o.d" is newer than depends file "/home/luke/sponge-os/genode/build/x86_64/qt6/base/src/sql/CMakeFiles/Sql.dir/compiler_depend.internal".
Dependencies file "src/testlib/CMakeFiles/Test.dir/qabstractitemmodeltester.cpp.o.d" is newer than depends file "/home/luke/sponge-os/genode/build/x86_64/qt6/base/src/testlib/CMakeFiles/Test.dir/compiler_depend.internal".
Dependencies file "src/sql/CMakeFiles/Sql.dir/kernel/qsqlresult.cpp.o.d" is newer than depends file "/home/luke/sponge-os/genode/build/x86_64/qt6/base/src/sql/CMakeFiles/Sql.dir/compiler_depend.internal".
Dependencies file "src/network/CMakeFiles/Network.dir/__/3rdparty/libpsl/src/lookup_string_in_fixed_set.c.o.d" is newer than depends file "/home/luke/sponge-os/genode/build/x86_64/qt6/base/src/network/CMakeFiles/Network.dir/compiler_depend.internal".
Dependencies file "src/network/CMakeFiles/Network.dir/Network_autogen/mocs_compilation.cpp.o.d" is newer than depends file "/home/luke/sponge-os/genode/build/x86_64/qt6/base/src/network/CMakeFiles/Network.dir/compiler_depend.internal".
Dependencies file "src/sql/CMakeFiles/Sql.dir/models/qsqlquerymodel.cpp.o.d" is newer than depends file "/home/luke/sponge-os/genode/build/x86_64/qt6/base/src/sql/CMakeFiles/Sql.dir/compiler_depend.internal".
Dependencies file "src/testlib/CMakeFiles/Test.dir/qabstracttestlogger.cpp.o.d" is newer than depends file "/home/luke/sponge-os/genode/build/x86_64/qt6/base/src/testlib/CMakeFiles/Test.dir/compiler_depend.internal".
Dependencies file "src/network/CMakeFiles/Network.dir/access/http2/bitstreams.cpp.o.d" is newer than depends file "/home/luke/sponge-os/genode/build/x86_64/qt6/base/src/network/CMakeFiles/Network.dir/compiler_depend.internal".
Dependencies file "src/testlib/CMakeFiles/Test.dir/qasciikey.cpp.o.d" is newer than depends file "/home/luke/sponge-os/genode/build/x86_64/qt6/base/src/testlib/CMakeFiles/Test.dir/compiler_depend.internal".
Dependencies file "src/sql/CMakeFiles/Sql.dir/models/qsqlrelationaldelegate.cpp.o.d" is newer than depends file "/home/luke/sponge-os/genode/build/x86_64/qt6/base/src/sql/CMakeFiles/Sql.dir/compiler_depend.internal".
Dependencies file "src/network/CMakeFiles/Network.dir/access/http2/hpack.cpp.o.d" is newer than depends file "/home/luke/sponge-os/genode/build/x86_64/qt6/base/src/network/CMakeFiles/Network.dir/compiler_depend.internal".
Dependencies file "src/sql/CMakeFiles/Sql.dir/models/qsqlrelationaltablemodel.cpp.o.d" is newer than depends file "/home/luke/sponge-os/genode/build/x86_64/qt6/base/src/sql/CMakeFiles/Sql.dir/compiler_depend.internal".
Dependencies file "src/testlib/CMakeFiles/Test.dir/qbenchmark.cpp.o.d" is newer than depends file "/home/luke/sponge-os/genode/build/x86_64/qt6/base/src/testlib/CMakeFiles/Test.dir/compiler_depend.internal".
Dependencies file "src/network/CMakeFiles/Network.dir/access/http2/hpacktable.cpp.o.d" is newer than depends file "/home/luke/sponge-os/genode/build/x86_64/qt6/base/src/network/CMakeFiles/Network.dir/compiler_depend.internal".
Dependencies file "src/sql/CMakeFiles/Sql.dir/models/qsqltablemodel.cpp.o.d" is newer than depends file "/home/luke/sponge-os/genode/build/x86_64/qt6/base/src/sql/CMakeFiles/Sql.dir/compiler_depend.internal".
Dependencies file "src/network/CMakeFiles/Network.dir/access/http2/http2frames.cpp.o.d" is newer than depends file "/home/luke/sponge-os/genode/build/x86_64/qt6/base/src/network/CMakeFiles/Network.dir/compiler_depend.internal".
Dependencies file "src/testlib/CMakeFiles/Test.dir/qbenchmarkevent.cpp.o.d" is newer than depends file "/home/luke/sponge-os/genode/build/x86_64/qt6/base/src/testlib/CMakeFiles/Test.dir/compiler_depend.internal".
[1m[35mConsolidate compiler generated dependencies of target Sql[0m
Dependencies file "src/testlib/CMakeFiles/Test.dir/qbenchmarkmeasurement.cpp.o.d" is newer than depends file "/home/luke/sponge-os/genode/build/x86_64/qt6/base/src/testlib/CMakeFiles/Test.dir/compiler_depend.internal".
Dependencies file "src/network/CMakeFiles/Network.dir/access/http2/http2protocol.cpp.o.d" is newer than depends file "/home/luke/sponge-os/genode/build/x86_64/qt6/base/src/network/CMakeFiles/Network.dir/compiler_depend.internal".
Dependencies file "src/testlib/CMakeFiles/Test.dir/qbenchmarkmetric.cpp.o.d" is newer than depends file "/home/luke/sponge-os/genode/build/x86_64/qt6/base/src/testlib/CMakeFiles/Test.dir/compiler_depend.internal".
Dependencies file "src/network/CMakeFiles/Network.dir/access/http2/http2streams.cpp.o.d" is newer than depends file "/home/luke/sponge-os/genode/build/x86_64/qt6/base/src/network/CMakeFiles/Network.dir/compiler_depend.internal".
Dependencies file "src/testlib/CMakeFiles/Test.dir/qbenchmarkperfevents.cpp.o.d" is newer than depends file "/home/luke/sponge-os/genode/build/x86_64/qt6/base/src/testlib/CMakeFiles/Test.dir/compiler_depend.internal".
Dependencies file "src/network/CMakeFiles/Network.dir/access/http2/huffman.cpp.o.d" is newer than depends file "/home/luke/sponge-os/genode/build/x86_64/qt6/base/src/network/CMakeFiles/Network.dir/compiler_depend.internal".
Dependencies file "src/testlib/CMakeFiles/Test.dir/qcomparisontesthelper.cpp.o.d" is newer than depends file "/home/luke/sponge-os/genode/build/x86_64/qt6/base/src/testlib/CMakeFiles/Test.dir/compiler_depend.internal".
Dependencies file "src/network/CMakeFiles/Network.dir/access/qabstractnetworkcache.cpp.o.d" is newer than depends file "/home/luke/sponge-os/genode/build/x86_64/qt6/base/src/network/CMakeFiles/Network.dir/compiler_depend.internal".
Dependencies file "src/testlib/CMakeFiles/Test.dir/qcsvbenchmarklogger.cpp.o.d" is newer than depends file "/home/luke/sponge-os/genode/build/x86_64/qt6/base/src/testlib/CMakeFiles/Test.dir/compiler_depend.internal".
Dependencies file "src/network/CMakeFiles/Network.dir/access/qabstractprotocolhandler.cpp.o.d" is newer than depends file "/home/luke/sponge-os/genode/build/x86_64/qt6/base/src/network/CMakeFiles/Network.dir/compiler_depend.internal".
Dependencies file "src/testlib/CMakeFiles/Test.dir/qjunittestlogger.cpp.o.d" is newer than depends file "/home/luke/sponge-os/genode/build/x86_64/qt6/base/src/testlib/CMakeFiles/Test.dir/compiler_depend.internal".
Dependencies file "src/network/CMakeFiles/Network.dir/access/qdecompresshelper.cpp.o.d" is newer than depends file "/home/luke/sponge-os/genode/build/x86_64/qt6/base/src/network/CMakeFiles/Network.dir/compiler_depend.internal".
Dependencies file "src/testlib/CMakeFiles/Test.dir/qplaintestlogger.cpp.o.d" is newer than depends file "/home/luke/sponge-os/genode/build/x86_64/qt6/base/src/testlib/CMakeFiles/Test.dir/compiler_depend.internal".
Dependencies file "src/network/CMakeFiles/Network.dir/access/qformdatabuilder.cpp.o.d" is newer than depends file "/home/luke/sponge-os/genode/build/x86_64/qt6/base/src/network/CMakeFiles/Network.dir/compiler_depend.internal".
Dependencies file "src/testlib/CMakeFiles/Test.dir/qsignaldumper.cpp.o.d" is newer than depends file "/home/luke/sponge-os/genode/build/x86_64/qt6/base/src/testlib/CMakeFiles/Test.dir/compiler_depend.internal".
Dependencies file "src/network/CMakeFiles/Network.dir/access/qhsts.cpp.o.d" is newer than depends file "/home/luke/sponge-os/genode/build/x86_64/qt6/base/src/network/CMakeFiles/Network.dir/compiler_depend.internal".
Dependencies file "src/testlib/CMakeFiles/Test.dir/qsignalspy.cpp.o.d" is newer than depends file "/home/luke/sponge-os/genode/build/x86_64/qt6/base/src/testlib/CMakeFiles/Test.dir/compiler_depend.internal".
Dependencies file "src/network/CMakeFiles/Network.dir/access/qhstspolicy.cpp.o.d" is newer than depends file "/home/luke/sponge-os/genode/build/x86_64/qt6/base/src/network/CMakeFiles/Network.dir/compiler_depend.internal".
Dependencies file "src/testlib/CMakeFiles/Test.dir/qtaptestlogger.cpp.o.d" is newer than depends file "/home/luke/sponge-os/genode/build/x86_64/qt6/base/src/testlib/CMakeFiles/Test.dir/compiler_depend.internal".
Dependencies file "src/network/CMakeFiles/Network.dir/access/qhstsstore.cpp.o.d" is newer than depends file "/home/luke/sponge-os/genode/build/x86_64/qt6/base/src/network/CMakeFiles/Network.dir/compiler_depend.internal".
Dependencies file "src/testlib/CMakeFiles/Test.dir/qteamcitylogger.cpp.o.d" is newer than depends file "/home/luke/sponge-os/genode/build/x86_64/qt6/base/src/testlib/CMakeFiles/Test.dir/compiler_depend.internal".
Dependencies file "src/network/CMakeFiles/Network.dir/access/qhttp1configuration.cpp.o.d" is newer than depends file "/home/luke/sponge-os/genode/build/x86_64/qt6/base/src/network/CMakeFiles/Network.dir/compiler_depend.internal".
Dependencies file "src/testlib/CMakeFiles/Test.dir/qtestblacklist.cpp.o.d" is newer than depends file "/home/luke/sponge-os/genode/build/x86_64/qt6/base/src/testlib/CMakeFiles/Test.dir/compiler_depend.internal".
Dependencies file "src/network/CMakeFiles/Network.dir/access/qhttp2configuration.cpp.o.d" is newer than depends file "/home/luke/sponge-os/genode/build/x86_64/qt6/base/src/network/CMakeFiles/Network.dir/compiler_depend.internal".
Dependencies file "src/testlib/CMakeFiles/Test.dir/qtestcase.cpp.o.d" is newer than depends file "/home/luke/sponge-os/genode/build/x86_64/qt6/base/src/testlib/CMakeFiles/Test.dir/compiler_depend.internal".
Dependencies file "src/network/CMakeFiles/Network.dir/access/qhttp2connection.cpp.o.d" is newer than depends file "/home/luke/sponge-os/genode/build/x86_64/qt6/base/src/network/CMakeFiles/Network.dir/compiler_depend.internal".
Dependencies file "src/testlib/CMakeFiles/Test.dir/qtestcrashhandler.cpp.o.d" is newer than depends file "/home/luke/sponge-os/genode/build/x86_64/qt6/base/src/testlib/CMakeFiles/Test.dir/compiler_depend.internal".
Dependencies file "src/network/CMakeFiles/Network.dir/access/qhttp2protocolhandler.cpp.o.d" is newer than depends file "/home/luke/sponge-os/genode/build/x86_64/qt6/base/src/network/CMakeFiles/Network.dir/compiler_depend.internal".
Dependencies file "src/testlib/CMakeFiles/Test.dir/qtestdata.cpp.o.d" is newer than depends file "/home/luke/sponge-os/genode/build/x86_64/qt6/base/src/testlib/CMakeFiles/Test.dir/compiler_depend.internal".
Dependencies file "src/network/CMakeFiles/Network.dir/access/qhttpheaderparser.cpp.o.d" is newer than depends file "/home/luke/sponge-os/genode/build/x86_64/qt6/base/src/network/CMakeFiles/Network.dir/compiler_depend.internal".
Dependencies file "src/testlib/CMakeFiles/Test.dir/qtestelement.cpp.o.d" is newer than depends file "/home/luke/sponge-os/genode/build/x86_64/qt6/base/src/testlib/CMakeFiles/Test.dir/compiler_depend.internal".
Dependencies file "src/network/CMakeFiles/Network.dir/access/qhttpheaders.cpp.o.d" is newer than depends file "/home/luke/sponge-os/genode/build/x86_64/qt6/base/src/network/CMakeFiles/Network.dir/compiler_depend.internal".
Dependencies file "src/testlib/CMakeFiles/Test.dir/qtestelementattribute.cpp.o.d" is newer than depends file "/home/luke/sponge-os/genode/build/x86_64/qt6/base/src/testlib/CMakeFiles/Test.dir/compiler_depend.internal".
Dependencies file "src/network/CMakeFiles/Network.dir/access/qhttpheadershelper.cpp.o.d" is newer than depends file "/home/luke/sponge-os/genode/build/x86_64/qt6/base/src/network/CMakeFiles/Network.dir/compiler_depend.internal".
Dependencies file "src/testlib/CMakeFiles/Test.dir/qtestjunitstreamer.cpp.o.d" is newer than depends file "/home/luke/sponge-os/genode/build/x86_64/qt6/base/src/testlib/CMakeFiles/Test.dir/compiler_depend.internal".
Dependencies file "src/network/CMakeFiles/Network.dir/access/qhttpmultipart.cpp.o.d" is newer than depends file "/home/luke/sponge-os/genode/build/x86_64/qt6/base/src/network/CMakeFiles/Network.dir/compiler_depend.internal".
Dependencies file "src/testlib/CMakeFiles/Test.dir/qtestlog.cpp.o.d" is newer than depends file "/home/luke/sponge-os/genode/build/x86_64/qt6/base/src/testlib/CMakeFiles/Test.dir/compiler_depend.internal".
[ 40%] Built target Concurrent
Dependencies file "src/network/CMakeFiles/Network.dir/access/qhttpnetworkconnection.cpp.o.d" is newer than depends file "/home/luke/sponge-os/genode/build/x86_64/qt6/base/src/network/CMakeFiles/Network.dir/compiler_depend.internal".
Dependencies file "src/testlib/CMakeFiles/Test.dir/qtestmouse.cpp.o.d" is newer than depends file "/home/luke/sponge-os/genode/build/x86_64/qt6/base/src/testlib/CMakeFiles/Test.dir/compiler_depend.internal".
Dependencies file "src/testlib/CMakeFiles/Test.dir/qtestresult.cpp.o.d" is newer than depends file "/home/luke/sponge-os/genode/build/x86_64/qt6/base/src/testlib/CMakeFiles/Test.dir/compiler_depend.internal".
Dependencies file "src/network/CMakeFiles/Network.dir/access/qhttpnetworkconnectionchannel.cpp.o.d" is newer than depends file "/home/luke/sponge-os/genode/build/x86_64/qt6/base/src/network/CMakeFiles/Network.dir/compiler_depend.internal".
Dependencies file "src/testlib/CMakeFiles/Test.dir/qtesttable.cpp.o.d" is newer than depends file "/home/luke/sponge-os/genode/build/x86_64/qt6/base/src/testlib/CMakeFiles/Test.dir/compiler_depend.internal".
Dependencies file "src/testlib/CMakeFiles/Test.dir/qxmltestlogger.cpp.o.d" is newer than depends file "/home/luke/sponge-os/genode/build/x86_64/qt6/base/src/testlib/CMakeFiles/Test.dir/compiler_depend.internal".
Dependencies file "src/network/CMakeFiles/Network.dir/access/qhttpnetworkheader.cpp.o.d" is newer than depends file "/home/luke/sponge-os/genode/build/x86_64/qt6/base/src/network/CMakeFiles/Network.dir/compiler_depend.internal".
Dependencies file "src/network/CMakeFiles/Network.dir/access/qhttpnetworkreply.cpp.o.d" is newer than depends file "/home/luke/sponge-os/genode/build/x86_64/qt6/base/src/network/CMakeFiles/Network.dir/compiler_depend.internal".
Dependencies file "src/testlib/CMakeFiles/Test.dir/removed_api.cpp.o.d" is newer than depends file "/home/luke/sponge-os/genode/build/x86_64/qt6/base/src/testlib/CMakeFiles/Test.dir/compiler_depend.internal".
[ 40%] Built target Xml
[1m[35mConsolidate compiler generated dependencies of target Test[0m
Dependencies file "src/network/CMakeFiles/Network.dir/access/qhttpnetworkrequest.cpp.o.d" is newer than depends file "/home/luke/sponge-os/genode/build/x86_64/qt6/base/src/network/CMakeFiles/Network.dir/compiler_depend.internal".
Dependencies file "src/network/CMakeFiles/Network.dir/access/qhttpprotocolhandler.cpp.o.d" is newer than depends file "/home/luke/sponge-os/genode/build/x86_64/qt6/base/src/network/CMakeFiles/Network.dir/compiler_depend.internal".
Dependencies file "src/network/CMakeFiles/Network.dir/access/qhttpthreaddelegate.cpp.o.d" is newer than depends file "/home/luke/sponge-os/genode/build/x86_64/qt6/base/src/network/CMakeFiles/Network.dir/compiler_depend.internal".
Dependencies file "src/network/CMakeFiles/Network.dir/access/qnetworkaccessauthenticationmanager.cpp.o.d" is newer than depends file "/home/luke/sponge-os/genode/build/x86_64/qt6/base/src/network/CMakeFiles/Network.dir/compiler_depend.internal".
Dependencies file "src/network/CMakeFiles/Network.dir/access/qnetworkaccessbackend.cpp.o.d" is newer than depends file "/home/luke/sponge-os/genode/build/x86_64/qt6/base/src/network/CMakeFiles/Network.dir/compiler_depend.internal".
[ 43%] Built target BundledFreetype
Dependencies file "src/network/CMakeFiles/Network.dir/access/qnetworkaccesscache.cpp.o.d" is newer than depends file "/home/luke/sponge-os/genode/build/x86_64/qt6/base/src/network/CMakeFiles/Network.dir/compiler_depend.internal".
Dependencies file "src/network/CMakeFiles/Network.dir/access/qnetworkaccesscachebackend.cpp.o.d" is newer than depends file "/home/luke/sponge-os/genode/build/x86_64/qt6/base/src/network/CMakeFiles/Network.dir/compiler_depend.internal".
Dependencies file "src/network/CMakeFiles/Network.dir/access/qnetworkaccessfilebackend.cpp.o.d" is newer than depends file "/home/luke/sponge-os/genode/build/x86_64/qt6/base/src/network/CMakeFiles/Network.dir/compiler_depend.internal".
Dependencies file "src/network/CMakeFiles/Network.dir/access/qnetworkaccessmanager.cpp.o.d" is newer than depends file "/home/luke/sponge-os/genode/build/x86_64/qt6/base/src/network/CMakeFiles/Network.dir/compiler_depend.internal".
Dependencies file "src/network/CMakeFiles/Network.dir/access/qnetworkcookie.cpp.o.d" is newer than depends file "/home/luke/sponge-os/genode/build/x86_64/qt6/base/src/network/CMakeFiles/Network.dir/compiler_depend.internal".
Dependencies file "src/network/CMakeFiles/Network.dir/access/qnetworkcookiejar.cpp.o.d" is newer than depends file "/home/luke/sponge-os/genode/build/x86_64/qt6/base/src/network/CMakeFiles/Network.dir/compiler_depend.internal".
Dependencies file "src/network/CMakeFiles/Network.dir/access/qnetworkdiskcache.cpp.o.d" is newer than depends file "/home/luke/sponge-os/genode/build/x86_64/qt6/base/src/network/CMakeFiles/Network.dir/compiler_depend.internal".
Dependencies file "src/network/CMakeFiles/Network.dir/access/qnetworkfile.cpp.o.d" is newer than depends file "/home/luke/sponge-os/genode/build/x86_64/qt6/base/src/network/CMakeFiles/Network.dir/compiler_depend.internal".
Dependencies file "src/network/CMakeFiles/Network.dir/access/qnetworkreply.cpp.o.d" is newer than depends file "/home/luke/sponge-os/genode/build/x86_64/qt6/base/src/network/CMakeFiles/Network.dir/compiler_depend.internal".
Dependencies file "src/network/CMakeFiles/Network.dir/access/qnetworkreplydataimpl.cpp.o.d" is newer than depends file "/home/luke/sponge-os/genode/build/x86_64/qt6/base/src/network/CMakeFiles/Network.dir/compiler_depend.internal".
Dependencies file "src/network/CMakeFiles/Network.dir/access/qnetworkreplyfileimpl.cpp.o.d" is newer than depends file "/home/luke/sponge-os/genode/build/x86_64/qt6/base/src/network/CMakeFiles/Network.dir/compiler_depend.internal".
Dependencies file "src/network/CMakeFiles/Network.dir/access/qnetworkreplyhttpimpl.cpp.o.d" is newer than depends file "/home/luke/sponge-os/genode/build/x86_64/qt6/base/src/network/CMakeFiles/Network.dir/compiler_depend.internal".
Dependencies file "src/network/CMakeFiles/Network.dir/access/qnetworkreplyimpl.cpp.o.d" is newer than depends file "/home/luke/sponge-os/genode/build/x86_64/qt6/base/src/network/CMakeFiles/Network.dir/compiler_depend.internal".
Dependencies file "src/network/CMakeFiles/Network.dir/access/qnetworkrequest.cpp.o.d" is newer than depends file "/home/luke/sponge-os/genode/build/x86_64/qt6/base/src/network/CMakeFiles/Network.dir/compiler_depend.internal".
Dependencies file "src/network/CMakeFiles/Network.dir/access/qnetworkrequestfactory.cpp.o.d" is newer than depends file "/home/luke/sponge-os/genode/build/x86_64/qt6/base/src/network/CMakeFiles/Network.dir/compiler_depend.internal".
Dependencies file "src/network/CMakeFiles/Network.dir/access/qrestaccessmanager.cpp.o.d" is newer than depends file "/home/luke/sponge-os/genode/build/x86_64/qt6/base/src/network/CMakeFiles/Network.dir/compiler_depend.internal".
Dependencies file "src/network/CMakeFiles/Network.dir/access/qrestreply.cpp.o.d" is newer than depends file "/home/luke/sponge-os/genode/build/x86_64/qt6/base/src/network/CMakeFiles/Network.dir/compiler_depend.internal".
Dependencies file "src/network/CMakeFiles/Network.dir/compat/removed_api.cpp.o.d" is newer than depends file "/home/luke/sponge-os/genode/build/x86_64/qt6/base/src/network/CMakeFiles/Network.dir/compiler_depend.internal".
Dependencies file "src/gui/CMakeFiles/Gui.dir/painting/qgrayraster.c.o.d" is newer than depends file "/home/luke/sponge-os/genode/build/x86_64/qt6/base/src/gui/CMakeFiles/Gui.dir/compiler_depend.internal".
Dependencies file "src/gui/CMakeFiles/Gui.dir/.qt/rcc/qrc_gui_shaders.cpp.o.d" is newer than depends file "/home/luke/sponge-os/genode/build/x86_64/qt6/base/src/gui/CMakeFiles/Gui.dir/compiler_depend.internal".
Dependencies file "src/gui/CMakeFiles/Gui.dir/.qt/rcc/qrc_qpdf.cpp.o.d" is newer than depends file "/home/luke/sponge-os/genode/build/x86_64/qt6/base/src/gui/CMakeFiles/Gui.dir/compiler_depend.internal".
Dependencies file "src/gui/CMakeFiles/Gui.dir/Gui_autogen/mocs_compilation.cpp.o.d" is newer than depends file "/home/luke/sponge-os/genode/build/x86_64/qt6/base/src/gui/CMakeFiles/Gui.dir/compiler_depend.internal".
Dependencies file "src/network/CMakeFiles/Network.dir/kernel/qauthenticator.cpp.o.d" is newer than depends file "/home/luke/sponge-os/genode/build/x86_64/qt6/base/src/network/CMakeFiles/Network.dir/compiler_depend.internal".
Dependencies file "src/gui/CMakeFiles/Gui.dir/accessible/qaccessible.cpp.o.d" is newer than depends file "/home/luke/sponge-os/genode/build/x86_64/qt6/base/src/gui/CMakeFiles/Gui.dir/compiler_depend.internal".
Dependencies file "src/network/CMakeFiles/Network.dir/kernel/qdnslookup.cpp.o.d" is newer than depends file "/home/luke/sponge-os/genode/build/x86_64/qt6/base/src/network/CMakeFiles/Network.dir/compiler_depend.internal".
Dependencies file "src/network/CMakeFiles/Network.dir/kernel/qdnslookup_dummy.cpp.o.d" is newer than depends file "/home/luke/sponge-os/genode/build/x86_64/qt6/base/src/network/CMakeFiles/Network.dir/compiler_depend.internal".
Dependencies file "src/gui/CMakeFiles/Gui.dir/accessible/qaccessiblebridge.cpp.o.d" is newer than depends file "/home/luke/sponge-os/genode/build/x86_64/qt6/base/src/gui/CMakeFiles/Gui.dir/compiler_depend.internal".
Dependencies file "src/network/CMakeFiles/Network.dir/kernel/qhostaddress.cpp.o.d" is newer than depends file "/home/luke/sponge-os/genode/build/x86_64/qt6/base/src/network/CMakeFiles/Network.dir/compiler_depend.internal".
Dependencies file "src/gui/CMakeFiles/Gui.dir/accessible/qaccessiblebridgeutils.cpp.o.d" is newer than depends file "/home/luke/sponge-os/genode/build/x86_64/qt6/base/src/gui/CMakeFiles/Gui.dir/compiler_depend.internal".
Dependencies file "src/network/CMakeFiles/Network.dir/kernel/qhostinfo.cpp.o.d" is newer than depends file "/home/luke/sponge-os/genode/build/x86_64/qt6/base/src/network/CMakeFiles/Network.dir/compiler_depend.internal".
Dependencies file "src/gui/CMakeFiles/Gui.dir/accessible/qaccessiblecache.cpp.o.d" is newer than depends file "/home/luke/sponge-os/genode/build/x86_64/qt6/base/src/gui/CMakeFiles/Gui.dir/compiler_depend.internal".
Dependencies file "src/network/CMakeFiles/Network.dir/kernel/qhostinfo_unix.cpp.o.d" is newer than depends file "/home/luke/sponge-os/genode/build/x86_64/qt6/base/src/network/CMakeFiles/Network.dir/compiler_depend.internal".
Dependencies file "src/gui/CMakeFiles/Gui.dir/accessible/qaccessibleobject.cpp.o.d" is newer than depends file "/home/luke/sponge-os/genode/build/x86_64/qt6/base/src/gui/CMakeFiles/Gui.dir/compiler_depend.internal".
Dependencies file "src/gui/CMakeFiles/Gui.dir/accessible/qaccessibleplugin.cpp.o.d" is newer than depends file "/home/luke/sponge-os/genode/build/x86_64/qt6/base/src/gui/CMakeFiles/Gui.dir/compiler_depend.internal".
Dependencies file "src/network/CMakeFiles/Network.dir/kernel/qnetconmonitor_stub.cpp.o.d" is newer than depends file "/home/luke/sponge-os/genode/build/x86_64/qt6/base/src/network/CMakeFiles/Network.dir/compiler_depend.internal".
Dependencies file "src/network/CMakeFiles/Network.dir/kernel/qnetworkdatagram.cpp.o.d" is newer than depends file "/home/luke/sponge-os/genode/build/x86_64/qt6/base/src/network/CMakeFiles/Network.dir/compiler_depend.internal".
Dependencies file "src/gui/CMakeFiles/Gui.dir/accessible/qplatformaccessibility.cpp.o.d" is newer than depends file "/home/luke/sponge-os/genode/build/x86_64/qt6/base/src/gui/CMakeFiles/Gui.dir/compiler_depend.internal".
Dependencies file "src/network/CMakeFiles/Network.dir/kernel/qnetworkinformation.cpp.o.d" is newer than depends file "/home/luke/sponge-os/genode/build/x86_64/qt6/base/src/network/CMakeFiles/Network.dir/compiler_depend.internal".
Dependencies file "src/gui/CMakeFiles/Gui.dir/animation/qguivariantanimation.cpp.o.d" is newer than depends file "/home/luke/sponge-os/genode/build/x86_64/qt6/base/src/gui/CMakeFiles/Gui.dir/compiler_depend.internal".
Dependencies file "src/network/CMakeFiles/Network.dir/kernel/qnetworkinterface.cpp.o.d" is newer than depends file "/home/luke/sponge-os/genode/build/x86_64/qt6/base/src/network/CMakeFiles/Network.dir/compiler_depend.internal".
Dependencies file "src/gui/CMakeFiles/Gui.dir/compat/removed_api.cpp.o.d" is newer than depends file "/home/luke/sponge-os/genode/build/x86_64/qt6/base/src/gui/CMakeFiles/Gui.dir/compiler_depend.internal".
Dependencies file "src/network/CMakeFiles/Network.dir/kernel/qnetworkinterface_unix.cpp.o.d" is newer than depends file "/home/luke/sponge-os/genode/build/x86_64/qt6/base/src/network/CMakeFiles/Network.dir/compiler_depend.internal".
Dependencies file "src/gui/CMakeFiles/Gui.dir/image/qabstractfileiconengine.cpp.o.d" is newer than depends file "/home/luke/sponge-os/genode/build/x86_64/qt6/base/src/gui/CMakeFiles/Gui.dir/compiler_depend.internal".
Dependencies file "src/network/CMakeFiles/Network.dir/kernel/qnetworkproxy.cpp.o.d" is newer than depends file "/home/luke/sponge-os/genode/build/x86_64/qt6/base/src/network/CMakeFiles/Network.dir/compiler_depend.internal".
Dependencies file "src/gui/CMakeFiles/Gui.dir/image/qabstractfileiconprovider.cpp.o.d" is newer than depends file "/home/luke/sponge-os/genode/build/x86_64/qt6/base/src/gui/CMakeFiles/Gui.dir/compiler_depend.internal".
Dependencies file "src/network/CMakeFiles/Network.dir/kernel/qnetworkproxy_generic.cpp.o.d" is newer than depends file "/home/luke/sponge-os/genode/build/x86_64/qt6/base/src/network/CMakeFiles/Network.dir/compiler_depend.internal".
Dependencies file "src/gui/CMakeFiles/Gui.dir/image/qbitmap.cpp.o.d" is newer than depends file "/home/luke/sponge-os/genode/build/x86_64/qt6/base/src/gui/CMakeFiles/Gui.dir/compiler_depend.internal".
Dependencies file "src/network/CMakeFiles/Network.dir/kernel/qtldurl.cpp.o.d" is newer than depends file "/home/luke/sponge-os/genode/build/x86_64/qt6/base/src/network/CMakeFiles/Network.dir/compiler_depend.internal".
Dependencies file "src/network/CMakeFiles/Network.dir/socket/qabstractsocket.cpp.o.d" is newer than depends file "/home/luke/sponge-os/genode/build/x86_64/qt6/base/src/network/CMakeFiles/Network.dir/compiler_depend.internal".
Dependencies file "src/gui/CMakeFiles/Gui.dir/image/qbmphandler.cpp.o.d" is newer than depends file "/home/luke/sponge-os/genode/build/x86_64/qt6/base/src/gui/CMakeFiles/Gui.dir/compiler_depend.internal".
Dependencies file "src/network/CMakeFiles/Network.dir/socket/qabstractsocketengine.cpp.o.d" is newer than depends file "/home/luke/sponge-os/genode/build/x86_64/qt6/base/src/network/CMakeFiles/Network.dir/compiler_depend.internal".
Dependencies file "src/gui/CMakeFiles/Gui.dir/image/qicon.cpp.o.d" is newer than depends file "/home/luke/sponge-os/genode/build/x86_64/qt6/base/src/gui/CMakeFiles/Gui.dir/compiler_depend.internal".
Dependencies file "src/network/CMakeFiles/Network.dir/socket/qhttpsocketengine.cpp.o.d" is newer than depends file "/home/luke/sponge-os/genode/build/x86_64/qt6/base/src/network/CMakeFiles/Network.dir/compiler_depend.internal".
Dependencies file "src/gui/CMakeFiles/Gui.dir/image/qiconengine.cpp.o.d" is newer than depends file "/home/luke/sponge-os/genode/build/x86_64/qt6/base/src/gui/CMakeFiles/Gui.dir/compiler_depend.internal".
Dependencies file "src/network/CMakeFiles/Network.dir/socket/qlocalserver.cpp.o.d" is newer than depends file "/home/luke/sponge-os/genode/build/x86_64/qt6/base/src/network/CMakeFiles/Network.dir/compiler_depend.internal".
Dependencies file "src/gui/CMakeFiles/Gui.dir/image/qiconengineplugin.cpp.o.d" is newer than depends file "/home/luke/sponge-os/genode/build/x86_64/qt6/base/src/gui/CMakeFiles/Gui.dir/compiler_depend.internal".
Dependencies file "src/network/CMakeFiles/Network.dir/socket/qlocalserver_unix.cpp.o.d" is newer than depends file "/home/luke/sponge-os/genode/build/x86_64/qt6/base/src/network/CMakeFiles/Network.dir/compiler_depend.internal".
Dependencies file "src/gui/CMakeFiles/Gui.dir/image/qiconloader.cpp.o.d" is newer than depends file "/home/luke/sponge-os/genode/build/x86_64/qt6/base/src/gui/CMakeFiles/Gui.dir/compiler_depend.internal".
Dependencies file "src/network/CMakeFiles/Network.dir/socket/qlocalsocket.cpp.o.d" is newer than depends file "/home/luke/sponge-os/genode/build/x86_64/qt6/base/src/network/CMakeFiles/Network.dir/compiler_depend.internal".
Dependencies file "src/gui/CMakeFiles/Gui.dir/image/qimage.cpp.o.d" is newer than depends file "/home/luke/sponge-os/genode/build/x86_64/qt6/base/src/gui/CMakeFiles/Gui.dir/compiler_depend.internal".
Dependencies file "src/network/CMakeFiles/Network.dir/socket/qlocalsocket_unix.cpp.o.d" is newer than depends file "/home/luke/sponge-os/genode/build/x86_64/qt6/base/src/network/CMakeFiles/Network.dir/compiler_depend.internal".
Dependencies file "src/network/CMakeFiles/Network.dir/socket/qnativesocketengine.cpp.o.d" is newer than depends file "/home/luke/sponge-os/genode/build/x86_64/qt6/base/src/network/CMakeFiles/Network.dir/compiler_depend.internal".
Dependencies file "src/gui/CMakeFiles/Gui.dir/image/qimage_conversions.cpp.o.d" is newer than depends file "/home/luke/sponge-os/genode/build/x86_64/qt6/base/src/gui/CMakeFiles/Gui.dir/compiler_depend.internal".
Dependencies file "src/network/CMakeFiles/Network.dir/socket/qnativesocketengine_unix.cpp.o.d" is newer than depends file "/home/luke/sponge-os/genode/build/x86_64/qt6/base/src/network/CMakeFiles/Network.dir/compiler_depend.internal".
Dependencies file "src/network/CMakeFiles/Network.dir/socket/qsocks5socketengine.cpp.o.d" is newer than depends file "/home/luke/sponge-os/genode/build/x86_64/qt6/base/src/network/CMakeFiles/Network.dir/compiler_depend.internal".
Dependencies file "src/gui/CMakeFiles/Gui.dir/image/qimage_ssse3.cpp.o.d" is newer than depends file "/home/luke/sponge-os/genode/build/x86_64/qt6/base/src/gui/CMakeFiles/Gui.dir/compiler_depend.internal".
Dependencies file "src/network/CMakeFiles/Network.dir/socket/qtcpserver.cpp.o.d" is newer than depends file "/home/luke/sponge-os/genode/build/x86_64/qt6/base/src/network/CMakeFiles/Network.dir/compiler_depend.internal".
Dependencies file "src/gui/CMakeFiles/Gui.dir/image/qimageiohandler.cpp.o.d" is newer than depends file "/home/luke/sponge-os/genode/build/x86_64/qt6/base/src/gui/CMakeFiles/Gui.dir/compiler_depend.internal".
[ 45%] Built target Sql
Dependencies file "src/network/CMakeFiles/Network.dir/socket/qtcpsocket.cpp.o.d" is newer than depends file "/home/luke/sponge-os/genode/build/x86_64/qt6/base/src/network/CMakeFiles/Network.dir/compiler_depend.internal".
Dependencies file "src/gui/CMakeFiles/Gui.dir/image/qimagepixmapcleanuphooks.cpp.o.d" is newer than depends file "/home/luke/sponge-os/genode/build/x86_64/qt6/base/src/gui/CMakeFiles/Gui.dir/compiler_depend.internal".
Dependencies file "src/network/CMakeFiles/Network.dir/socket/qudpsocket.cpp.o.d" is newer than depends file "/home/luke/sponge-os/genode/build/x86_64/qt6/base/src/network/CMakeFiles/Network.dir/compiler_depend.internal".
Dependencies file "src/gui/CMakeFiles/Gui.dir/image/qimagereader.cpp.o.d" is newer than depends file "/home/luke/sponge-os/genode/build/x86_64/qt6/base/src/gui/CMakeFiles/Gui.dir/compiler_depend.internal".
Dependencies file "src/network/CMakeFiles/Network.dir/ssl/qpassworddigestor.cpp.o.d" is newer than depends file "/home/luke/sponge-os/genode/build/x86_64/qt6/base/src/network/CMakeFiles/Network.dir/compiler_depend.internal".
Dependencies file "src/gui/CMakeFiles/Gui.dir/image/qimagereaderwriterhelpers.cpp.o.d" is newer than depends file "/home/luke/sponge-os/genode/build/x86_64/qt6/base/src/gui/CMakeFiles/Gui.dir/compiler_depend.internal".
Dependencies file "src/network/CMakeFiles/Network.dir/ssl/qssl.cpp.o.d" is newer than depends file "/home/luke/sponge-os/genode/build/x86_64/qt6/base/src/network/CMakeFiles/Network.dir/compiler_depend.internal".
Dependencies file "src/network/CMakeFiles/Network.dir/ssl/qsslcertificate.cpp.o.d" is newer than depends file "/home/luke/sponge-os/genode/build/x86_64/qt6/base/src/network/CMakeFiles/Network.dir/compiler_depend.internal".
Dependencies file "src/gui/CMakeFiles/Gui.dir/image/qimagewriter.cpp.o.d" is newer than depends file "/home/luke/sponge-os/genode/build/x86_64/qt6/base/src/gui/CMakeFiles/Gui.dir/compiler_depend.internal".
Dependencies file "src/network/CMakeFiles/Network.dir/ssl/qsslcertificateextension.cpp.o.d" is newer than depends file "/home/luke/sponge-os/genode/build/x86_64/qt6/base/src/network/CMakeFiles/Network.dir/compiler_depend.internal".
Dependencies file "src/gui/CMakeFiles/Gui.dir/image/qmovie.cpp.o.d" is newer than depends file "/home/luke/sponge-os/genode/build/x86_64/qt6/base/src/gui/CMakeFiles/Gui.dir/compiler_depend.internal".
Dependencies file "src/network/CMakeFiles/Network.dir/ssl/qtlsbackend.cpp.o.d" is newer than depends file "/home/luke/sponge-os/genode/build/x86_64/qt6/base/src/network/CMakeFiles/Network.dir/compiler_depend.internal".
Dependencies file "src/gui/CMakeFiles/Gui.dir/image/qpaintengine_pic.cpp.o.d" is newer than depends file "/home/luke/sponge-os/genode/build/x86_64/qt6/base/src/gui/CMakeFiles/Gui.dir/compiler_depend.internal".
[1m[35mConsolidate compiler generated dependencies of target Network[0m
Dependencies file "src/gui/CMakeFiles/Gui.dir/image/qpicture.cpp.o.d" is newer than depends file "/home/luke/sponge-os/genode/build/x86_64/qt6/base/src/gui/CMakeFiles/Gui.dir/compiler_depend.internal".
Dependencies file "src/gui/CMakeFiles/Gui.dir/image/qpixmap.cpp.o.d" is newer than depends file "/home/luke/sponge-os/genode/build/x86_64/qt6/base/src/gui/CMakeFiles/Gui.dir/compiler_depend.internal".
Dependencies file "src/gui/CMakeFiles/Gui.dir/image/qpixmap_blitter.cpp.o.d" is newer than depends file "/home/luke/sponge-os/genode/build/x86_64/qt6/base/src/gui/CMakeFiles/Gui.dir/compiler_depend.internal".
Dependencies file "src/gui/CMakeFiles/Gui.dir/image/qpixmap_raster.cpp.o.d" is newer than depends file "/home/luke/sponge-os/genode/build/x86_64/qt6/base/src/gui/CMakeFiles/Gui.dir/compiler_depend.internal".
Dependencies file "src/gui/CMakeFiles/Gui.dir/image/qpixmapcache.cpp.o.d" is newer than depends file "/home/luke/sponge-os/genode/build/x86_64/qt6/base/src/gui/CMakeFiles/Gui.dir/compiler_depend.internal".
Dependencies file "src/plugins/sqldrivers/sqlite/CMakeFiles/QSQLiteDriverPlugin.dir/__/__/__/3rdparty/sqlite/sqlite3.c.o.d" is newer than depends file "/home/luke/sponge-os/genode/build/x86_64/qt6/base/src/plugins/sqldrivers/sqlite/CMakeFiles/QSQLiteDriverPlugin.dir/compiler_depend.internal".
Dependencies file "src/plugins/sqldrivers/sqlite/CMakeFiles/QSQLiteDriverPlugin.dir/QSQLiteDriverPlugin_autogen/mocs_compilation.cpp.o.d" is newer than depends file "/home/luke/sponge-os/genode/build/x86_64/qt6/base/src/plugins/sqldrivers/sqlite/CMakeFiles/QSQLiteDriverPlugin.dir/compiler_depend.internal".
Dependencies file "src/plugins/sqldrivers/sqlite/CMakeFiles/QSQLiteDriverPlugin.dir/qsql_sqlite.cpp.o.d" is newer than depends file "/home/luke/sponge-os/genode/build/x86_64/qt6/base/src/plugins/sqldrivers/sqlite/CMakeFiles/QSQLiteDriverPlugin.dir/compiler_depend.internal".
Dependencies file "src/gui/CMakeFiles/Gui.dir/image/qplatformpixmap.cpp.o.d" is newer than depends file "/home/luke/sponge-os/genode/build/x86_64/qt6/base/src/gui/CMakeFiles/Gui.dir/compiler_depend.internal".
Dependencies file "src/plugins/sqldrivers/sqlite/CMakeFiles/QSQLiteDriverPlugin.dir/qsql_sqlite_vfs.cpp.o.d" is newer than depends file "/home/luke/sponge-os/genode/build/x86_64/qt6/base/src/plugins/sqldrivers/sqlite/CMakeFiles/QSQLiteDriverPlugin.dir/compiler_depend.internal".
Dependencies file "src/plugins/sqldrivers/sqlite/CMakeFiles/QSQLiteDriverPlugin.dir/smain.cpp.o.d" is newer than depends file "/home/luke/sponge-os/genode/build/x86_64/qt6/base/src/plugins/sqldrivers/sqlite/CMakeFiles/QSQLiteDriverPlugin.dir/compiler_depend.internal".
Dependencies file "src/gui/CMakeFiles/Gui.dir/image/qpnghandler.cpp.o.d" is newer than depends file "/home/luke/sponge-os/genode/build/x86_64/qt6/base/src/gui/CMakeFiles/Gui.dir/compiler_depend.internal".
[1m[35mConsolidate compiler generated dependencies of target QSQLiteDriverPlugin[0m
Dependencies file "src/gui/CMakeFiles/Gui.dir/image/qppmhandler.cpp.o.d" is newer than depends file "/home/luke/sponge-os/genode/build/x86_64/qt6/base/src/gui/CMakeFiles/Gui.dir/compiler_depend.internal".
Dependencies file "src/gui/CMakeFiles/Gui.dir/image/qxbmhandler.cpp.o.d" is newer than depends file "/home/luke/sponge-os/genode/build/x86_64/qt6/base/src/gui/CMakeFiles/Gui.dir/compiler_depend.internal".
Dependencies file "src/gui/CMakeFiles/Gui.dir/image/qxpmhandler.cpp.o.d" is newer than depends file "/home/luke/sponge-os/genode/build/x86_64/qt6/base/src/gui/CMakeFiles/Gui.dir/compiler_depend.internal".
Dependencies file "src/gui/CMakeFiles/Gui.dir/itemmodels/qfileinfogatherer.cpp.o.d" is newer than depends file "/home/luke/sponge-os/genode/build/x86_64/qt6/base/src/gui/CMakeFiles/Gui.dir/compiler_depend.internal".
Dependencies file "src/gui/CMakeFiles/Gui.dir/itemmodels/qfilesystemmodel.cpp.o.d" is newer than depends file "/home/luke/sponge-os/genode/build/x86_64/qt6/base/src/gui/CMakeFiles/Gui.dir/compiler_depend.internal".
Dependencies file "src/gui/CMakeFiles/Gui.dir/itemmodels/qstandarditemmodel.cpp.o.d" is newer than depends file "/home/luke/sponge-os/genode/build/x86_64/qt6/base/src/gui/CMakeFiles/Gui.dir/compiler_depend.internal".
Dependencies file "src/gui/CMakeFiles/Gui.dir/kernel/qaction.cpp.o.d" is newer than depends file "/home/luke/sponge-os/genode/build/x86_64/qt6/base/src/gui/CMakeFiles/Gui.dir/compiler_depend.internal".
Dependencies file "src/gui/CMakeFiles/Gui.dir/kernel/qactiongroup.cpp.o.d" is newer than depends file "/home/luke/sponge-os/genode/build/x86_64/qt6/base/src/gui/CMakeFiles/Gui.dir/compiler_depend.internal".
Dependencies file "src/gui/CMakeFiles/Gui.dir/kernel/qclipboard.cpp.o.d" is newer than depends file "/home/luke/sponge-os/genode/build/x86_64/qt6/base/src/gui/CMakeFiles/Gui.dir/compiler_depend.internal".
Dependencies file "src/gui/CMakeFiles/Gui.dir/kernel/qcursor.cpp.o.d" is newer than depends file "/home/luke/sponge-os/genode/build/x86_64/qt6/base/src/gui/CMakeFiles/Gui.dir/compiler_depend.internal".
Dependencies file "src/gui/CMakeFiles/Gui.dir/kernel/qdnd.cpp.o.d" is newer than depends file "/home/luke/sponge-os/genode/build/x86_64/qt6/base/src/gui/CMakeFiles/Gui.dir/compiler_depend.internal".
Dependencies file "src/gui/CMakeFiles/Gui.dir/kernel/qdrag.cpp.o.d" is newer than depends file "/home/luke/sponge-os/genode/build/x86_64/qt6/base/src/gui/CMakeFiles/Gui.dir/compiler_depend.internal".
Dependencies file "src/gui/CMakeFiles/Gui.dir/kernel/qevent.cpp.o.d" is newer than depends file "/home/luke/sponge-os/genode/build/x86_64/qt6/base/src/gui/CMakeFiles/Gui.dir/compiler_depend.internal".
Dependencies file "src/gui/CMakeFiles/Gui.dir/kernel/qeventpoint.cpp.o.d" is newer than depends file "/home/luke/sponge-os/genode/build/x86_64/qt6/base/src/gui/CMakeFiles/Gui.dir/compiler_depend.internal".
Dependencies file "src/gui/CMakeFiles/Gui.dir/kernel/qgenericplugin.cpp.o.d" is newer than depends file "/home/luke/sponge-os/genode/build/x86_64/qt6/base/src/gui/CMakeFiles/Gui.dir/compiler_depend.internal".
Dependencies file "src/gui/CMakeFiles/Gui.dir/kernel/qgenericpluginfactory.cpp.o.d" is newer than depends file "/home/luke/sponge-os/genode/build/x86_64/qt6/base/src/gui/CMakeFiles/Gui.dir/compiler_depend.internal".
Dependencies file "src/gui/CMakeFiles/Gui.dir/kernel/qguiapplication.cpp.o.d" is newer than depends file "/home/luke/sponge-os/genode/build/x86_64/qt6/base/src/gui/CMakeFiles/Gui.dir/compiler_depend.internal".
Dependencies file "src/gui/CMakeFiles/Gui.dir/kernel/qguivariant.cpp.o.d" is newer than depends file "/home/luke/sponge-os/genode/build/x86_64/qt6/base/src/gui/CMakeFiles/Gui.dir/compiler_depend.internal".
Dependencies file "src/gui/CMakeFiles/Gui.dir/kernel/qhighdpiscaling.cpp.o.d" is newer than depends file "/home/luke/sponge-os/genode/build/x86_64/qt6/base/src/gui/CMakeFiles/Gui.dir/compiler_depend.internal".
Dependencies file "src/gui/CMakeFiles/Gui.dir/kernel/qinputdevice.cpp.o.d" is newer than depends file "/home/luke/sponge-os/genode/build/x86_64/qt6/base/src/gui/CMakeFiles/Gui.dir/compiler_depend.internal".
Dependencies file "src/gui/CMakeFiles/Gui.dir/kernel/qinputdevicemanager.cpp.o.d" is newer than depends file "/home/luke/sponge-os/genode/build/x86_64/qt6/base/src/gui/CMakeFiles/Gui.dir/compiler_depend.internal".
Dependencies file "src/gui/CMakeFiles/Gui.dir/kernel/qinputmethod.cpp.o.d" is newer than depends file "/home/luke/sponge-os/genode/build/x86_64/qt6/base/src/gui/CMakeFiles/Gui.dir/compiler_depend.internal".
Dependencies file "src/gui/CMakeFiles/Gui.dir/kernel/qinternalmimedata.cpp.o.d" is newer than depends file "/home/luke/sponge-os/genode/build/x86_64/qt6/base/src/gui/CMakeFiles/Gui.dir/compiler_depend.internal".
Dependencies file "src/gui/CMakeFiles/Gui.dir/kernel/qkeymapper.cpp.o.d" is newer than depends file "/home/luke/sponge-os/genode/build/x86_64/qt6/base/src/gui/CMakeFiles/Gui.dir/compiler_depend.internal".
Dependencies file "src/gui/CMakeFiles/Gui.dir/kernel/qkeysequence.cpp.o.d" is newer than depends file "/home/luke/sponge-os/genode/build/x86_64/qt6/base/src/gui/CMakeFiles/Gui.dir/compiler_depend.internal".
Dependencies file "src/gui/CMakeFiles/Gui.dir/kernel/qoffscreensurface.cpp.o.d" is newer than depends file "/home/luke/sponge-os/genode/build/x86_64/qt6/base/src/gui/CMakeFiles/Gui.dir/compiler_depend.internal".
Dependencies file "src/gui/CMakeFiles/Gui.dir/kernel/qopenglcontext.cpp.o.d" is newer than depends file "/home/luke/sponge-os/genode/build/x86_64/qt6/base/src/gui/CMakeFiles/Gui.dir/compiler_depend.internal".
[ 46%] Built target QSQLiteDriverPlugin
Dependencies file "src/gui/CMakeFiles/Gui.dir/kernel/qpaintdevicewindow.cpp.o.d" is newer than depends file "/home/luke/sponge-os/genode/build/x86_64/qt6/base/src/gui/CMakeFiles/Gui.dir/compiler_depend.internal".
Dependencies file "src/gui/CMakeFiles/Gui.dir/kernel/qpalette.cpp.o.d" is newer than depends file "/home/luke/sponge-os/genode/build/x86_64/qt6/base/src/gui/CMakeFiles/Gui.dir/compiler_depend.internal".
Dependencies file "src/gui/CMakeFiles/Gui.dir/kernel/qpixelformat.cpp.o.d" is newer than depends file "/home/luke/sponge-os/genode/build/x86_64/qt6/base/src/gui/CMakeFiles/Gui.dir/compiler_depend.internal".
Dependencies file "src/gui/CMakeFiles/Gui.dir/kernel/qplatformclipboard.cpp.o.d" is newer than depends file "/home/luke/sponge-os/genode/build/x86_64/qt6/base/src/gui/CMakeFiles/Gui.dir/compiler_depend.internal".
Dependencies file "src/gui/CMakeFiles/Gui.dir/kernel/qplatformcursor.cpp.o.d" is newer than depends file "/home/luke/sponge-os/genode/build/x86_64/qt6/base/src/gui/CMakeFiles/Gui.dir/compiler_depend.internal".
Dependencies file "src/gui/CMakeFiles/Gui.dir/kernel/qplatformdialoghelper.cpp.o.d" is newer than depends file "/home/luke/sponge-os/genode/build/x86_64/qt6/base/src/gui/CMakeFiles/Gui.dir/compiler_depend.internal".
Dependencies file "src/gui/CMakeFiles/Gui.dir/kernel/qplatformdrag.cpp.o.d" is newer than depends file "/home/luke/sponge-os/genode/build/x86_64/qt6/base/src/gui/CMakeFiles/Gui.dir/compiler_depend.internal".
Dependencies file "src/gui/CMakeFiles/Gui.dir/kernel/qplatformgraphicsbuffer.cpp.o.d" is newer than depends file "/home/luke/sponge-os/genode/build/x86_64/qt6/base/src/gui/CMakeFiles/Gui.dir/compiler_depend.internal".
Dependencies file "src/gui/CMakeFiles/Gui.dir/kernel/qplatformgraphicsbufferhelper.cpp.o.d" is newer than depends file "/home/luke/sponge-os/genode/build/x86_64/qt6/base/src/gui/CMakeFiles/Gui.dir/compiler_depend.internal".
Dependencies file "src/gui/CMakeFiles/Gui.dir/kernel/qplatforminputcontext.cpp.o.d" is newer than depends file "/home/luke/sponge-os/genode/build/x86_64/qt6/base/src/gui/CMakeFiles/Gui.dir/compiler_depend.internal".
Dependencies file "src/gui/CMakeFiles/Gui.dir/kernel/qplatforminputcontextfactory.cpp.o.d" is newer than depends file "/home/luke/sponge-os/genode/build/x86_64/qt6/base/src/gui/CMakeFiles/Gui.dir/compiler_depend.internal".
Dependencies file "src/gui/CMakeFiles/Gui.dir/kernel/qplatforminputcontextplugin.cpp.o.d" is newer than depends file "/home/luke/sponge-os/genode/build/x86_64/qt6/base/src/gui/CMakeFiles/Gui.dir/compiler_depend.internal".
Dependencies file "src/gui/CMakeFiles/Gui.dir/kernel/qplatformintegration.cpp.o.d" is newer than depends file "/home/luke/sponge-os/genode/build/x86_64/qt6/base/src/gui/CMakeFiles/Gui.dir/compiler_depend.internal".
Dependencies file "src/gui/CMakeFiles/Gui.dir/kernel/qplatformintegrationfactory.cpp.o.d" is newer than depends file "/home/luke/sponge-os/genode/build/x86_64/qt6/base/src/gui/CMakeFiles/Gui.dir/compiler_depend.internal".
Dependencies file "src/gui/CMakeFiles/Gui.dir/kernel/qplatformintegrationplugin.cpp.o.d" is newer than depends file "/home/luke/sponge-os/genode/build/x86_64/qt6/base/src/gui/CMakeFiles/Gui.dir/compiler_depend.internal".
Dependencies file "src/gui/CMakeFiles/Gui.dir/kernel/qplatformkeymapper.cpp.o.d" is newer than depends file "/home/luke/sponge-os/genode/build/x86_64/qt6/base/src/gui/CMakeFiles/Gui.dir/compiler_depend.internal".
Dependencies file "src/gui/CMakeFiles/Gui.dir/kernel/qplatformmenu.cpp.o.d" is newer than depends file "/home/luke/sponge-os/genode/build/x86_64/qt6/base/src/gui/CMakeFiles/Gui.dir/compiler_depend.internal".
Dependencies file "src/gui/CMakeFiles/Gui.dir/kernel/qplatformnativeinterface.cpp.o.d" is newer than depends file "/home/luke/sponge-os/genode/build/x86_64/qt6/base/src/gui/CMakeFiles/Gui.dir/compiler_depend.internal".
Dependencies file "src/gui/CMakeFiles/Gui.dir/kernel/qplatformoffscreensurface.cpp.o.d" is newer than depends file "/home/luke/sponge-os/genode/build/x86_64/qt6/base/src/gui/CMakeFiles/Gui.dir/compiler_depend.internal".
Dependencies file "src/gui/CMakeFiles/Gui.dir/kernel/qplatformopenglcontext.cpp.o.d" is newer than depends file "/home/luke/sponge-os/genode/build/x86_64/qt6/base/src/gui/CMakeFiles/Gui.dir/compiler_depend.internal".
Dependencies file "src/gui/CMakeFiles/Gui.dir/kernel/qplatformscreen.cpp.o.d" is newer than depends file "/home/luke/sponge-os/genode/build/x86_64/qt6/base/src/gui/CMakeFiles/Gui.dir/compiler_depend.internal".
Dependencies file "src/gui/CMakeFiles/Gui.dir/kernel/qplatformservices.cpp.o.d" is newer than depends file "/home/luke/sponge-os/genode/build/x86_64/qt6/base/src/gui/CMakeFiles/Gui.dir/compiler_depend.internal".
Dependencies file "src/gui/CMakeFiles/Gui.dir/kernel/qplatformsessionmanager.cpp.o.d" is newer than depends file "/home/luke/sponge-os/genode/build/x86_64/qt6/base/src/gui/CMakeFiles/Gui.dir/compiler_depend.internal".
Dependencies file "src/gui/CMakeFiles/Gui.dir/kernel/qplatformsharedgraphicscache.cpp.o.d" is newer than depends file "/home/luke/sponge-os/genode/build/x86_64/qt6/base/src/gui/CMakeFiles/Gui.dir/compiler_depend.internal".
Dependencies file "src/gui/CMakeFiles/Gui.dir/kernel/qplatformsurface.cpp.o.d" is newer than depends file "/home/luke/sponge-os/genode/build/x86_64/qt6/base/src/gui/CMakeFiles/Gui.dir/compiler_depend.internal".
Dependencies file "src/gui/CMakeFiles/Gui.dir/kernel/qplatformsystemtrayicon.cpp.o.d" is newer than depends file "/home/luke/sponge-os/genode/build/x86_64/qt6/base/src/gui/CMakeFiles/Gui.dir/compiler_depend.internal".
Dependencies file "src/gui/CMakeFiles/Gui.dir/kernel/qplatformtheme.cpp.o.d" is newer than depends file "/home/luke/sponge-os/genode/build/x86_64/qt6/base/src/gui/CMakeFiles/Gui.dir/compiler_depend.internal".
Dependencies file "src/gui/CMakeFiles/Gui.dir/kernel/qplatformthemefactory.cpp.o.d" is newer than depends file "/home/luke/sponge-os/genode/build/x86_64/qt6/base/src/gui/CMakeFiles/Gui.dir/compiler_depend.internal".
Dependencies file "src/gui/CMakeFiles/Gui.dir/kernel/qplatformthemeplugin.cpp.o.d" is newer than depends file "/home/luke/sponge-os/genode/build/x86_64/qt6/base/src/gui/CMakeFiles/Gui.dir/compiler_depend.internal".
Dependencies file "src/gui/CMakeFiles/Gui.dir/kernel/qplatformwindow.cpp.o.d" is newer than depends file "/home/luke/sponge-os/genode/build/x86_64/qt6/base/src/gui/CMakeFiles/Gui.dir/compiler_depend.internal".
Dependencies file "src/gui/CMakeFiles/Gui.dir/kernel/qpointingdevice.cpp.o.d" is newer than depends file "/home/luke/sponge-os/genode/build/x86_64/qt6/base/src/gui/CMakeFiles/Gui.dir/compiler_depend.internal".
[ 49%] Built target Test
Dependencies file "src/gui/CMakeFiles/Gui.dir/kernel/qrasterwindow.cpp.o.d" is newer than depends file "/home/luke/sponge-os/genode/build/x86_64/qt6/base/src/gui/CMakeFiles/Gui.dir/compiler_depend.internal".
Dependencies file "src/gui/CMakeFiles/Gui.dir/kernel/qscreen.cpp.o.d" is newer than depends file "/home/luke/sponge-os/genode/build/x86_64/qt6/base/src/gui/CMakeFiles/Gui.dir/compiler_depend.internal".
Dependencies file "src/gui/CMakeFiles/Gui.dir/kernel/qsessionmanager.cpp.o.d" is newer than depends file "/home/luke/sponge-os/genode/build/x86_64/qt6/base/src/gui/CMakeFiles/Gui.dir/compiler_depend.internal".
Dependencies file "src/gui/CMakeFiles/Gui.dir/kernel/qshapedpixmapdndwindow.cpp.o.d" is newer than depends file "/home/luke/sponge-os/genode/build/x86_64/qt6/base/src/gui/CMakeFiles/Gui.dir/compiler_depend.internal".
Dependencies file "src/gui/CMakeFiles/Gui.dir/kernel/qshortcut.cpp.o.d" is newer than depends file "/home/luke/sponge-os/genode/build/x86_64/qt6/base/src/gui/CMakeFiles/Gui.dir/compiler_depend.internal".
Dependencies file "src/gui/CMakeFiles/Gui.dir/kernel/qshortcutmap.cpp.o.d" is newer than depends file "/home/luke/sponge-os/genode/build/x86_64/qt6/base/src/gui/CMakeFiles/Gui.dir/compiler_depend.internal".
Dependencies file "src/gui/CMakeFiles/Gui.dir/kernel/qsimpledrag.cpp.o.d" is newer than depends file "/home/luke/sponge-os/genode/build/x86_64/qt6/base/src/gui/CMakeFiles/Gui.dir/compiler_depend.internal".
Dependencies file "src/gui/CMakeFiles/Gui.dir/kernel/qstylehints.cpp.o.d" is newer than depends file "/home/luke/sponge-os/genode/build/x86_64/qt6/base/src/gui/CMakeFiles/Gui.dir/compiler_depend.internal".
Dependencies file "src/gui/CMakeFiles/Gui.dir/kernel/qsurface.cpp.o.d" is newer than depends file "/home/luke/sponge-os/genode/build/x86_64/qt6/base/src/gui/CMakeFiles/Gui.dir/compiler_depend.internal".
Dependencies file "src/gui/CMakeFiles/Gui.dir/kernel/qsurfaceformat.cpp.o.d" is newer than depends file "/home/luke/sponge-os/genode/build/x86_64/qt6/base/src/gui/CMakeFiles/Gui.dir/compiler_depend.internal".
Dependencies file "src/gui/CMakeFiles/Gui.dir/kernel/qtestsupport_gui.cpp.o.d" is newer than depends file "/home/luke/sponge-os/genode/build/x86_64/qt6/base/src/gui/CMakeFiles/Gui.dir/compiler_depend.internal".
Dependencies file "src/gui/CMakeFiles/Gui.dir/kernel/qwindow.cpp.o.d" is newer than depends file "/home/luke/sponge-os/genode/build/x86_64/qt6/base/src/gui/CMakeFiles/Gui.dir/compiler_depend.internal".
Dependencies file "src/gui/CMakeFiles/Gui.dir/kernel/qwindowsysteminterface.cpp.o.d" is newer than depends file "/home/luke/sponge-os/genode/build/x86_64/qt6/base/src/gui/CMakeFiles/Gui.dir/compiler_depend.internal".
Dependencies file "src/gui/CMakeFiles/Gui.dir/math3d/qgenericmatrix.cpp.o.d" is newer than depends file "/home/luke/sponge-os/genode/build/x86_64/qt6/base/src/gui/CMakeFiles/Gui.dir/compiler_depend.internal".
Dependencies file "src/gui/CMakeFiles/Gui.dir/math3d/qmatrix4x4.cpp.o.d" is newer than depends file "/home/luke/sponge-os/genode/build/x86_64/qt6/base/src/gui/CMakeFiles/Gui.dir/compiler_depend.internal".
Dependencies file "src/gui/CMakeFiles/Gui.dir/math3d/qquaternion.cpp.o.d" is newer than depends file "/home/luke/sponge-os/genode/build/x86_64/qt6/base/src/gui/CMakeFiles/Gui.dir/compiler_depend.internal".
Dependencies file "src/gui/CMakeFiles/Gui.dir/math3d/qvectornd.cpp.o.d" is newer than depends file "/home/luke/sponge-os/genode/build/x86_64/qt6/base/src/gui/CMakeFiles/Gui.dir/compiler_depend.internal".
Dependencies file "src/gui/CMakeFiles/Gui.dir/opengl/platform/egl/qeglconvenience.cpp.o.d" is newer than depends file "/home/luke/sponge-os/genode/build/x86_64/qt6/base/src/gui/CMakeFiles/Gui.dir/compiler_depend.internal".
Dependencies file "src/gui/CMakeFiles/Gui.dir/opengl/platform/egl/qeglpbuffer.cpp.o.d" is newer than depends file "/home/luke/sponge-os/genode/build/x86_64/qt6/base/src/gui/CMakeFiles/Gui.dir/compiler_depend.internal".
Dependencies file "src/gui/CMakeFiles/Gui.dir/opengl/platform/egl/qeglplatformcontext.cpp.o.d" is newer than depends file "/home/luke/sponge-os/genode/build/x86_64/qt6/base/src/gui/CMakeFiles/Gui.dir/compiler_depend.internal".
Dependencies file "src/gui/CMakeFiles/Gui.dir/opengl/platform/egl/qeglstreamconvenience.cpp.o.d" is newer than depends file "/home/luke/sponge-os/genode/build/x86_64/qt6/base/src/gui/CMakeFiles/Gui.dir/compiler_depend.internal".
Dependencies file "src/gui/CMakeFiles/Gui.dir/opengl/qopengl.cpp.o.d" is newer than depends file "/home/luke/sponge-os/genode/build/x86_64/qt6/base/src/gui/CMakeFiles/Gui.dir/compiler_depend.internal".
Dependencies file "src/gui/CMakeFiles/Gui.dir/opengl/qopenglfunctions.cpp.o.d" is newer than depends file "/home/luke/sponge-os/genode/build/x86_64/qt6/base/src/gui/CMakeFiles/Gui.dir/compiler_depend.internal".
Dependencies file "src/gui/CMakeFiles/Gui.dir/opengl/qopenglprogrambinarycache.cpp.o.d" is newer than depends file "/home/luke/sponge-os/genode/build/x86_64/qt6/base/src/gui/CMakeFiles/Gui.dir/compiler_depend.internal".
Dependencies file "src/gui/CMakeFiles/Gui.dir/painting/qbackingstore.cpp.o.d" is newer than depends file "/home/luke/sponge-os/genode/build/x86_64/qt6/base/src/gui/CMakeFiles/Gui.dir/compiler_depend.internal".
Dependencies file "src/gui/CMakeFiles/Gui.dir/painting/qbackingstoredefaultcompositor.cpp.o.d" is newer than depends file "/home/luke/sponge-os/genode/build/x86_64/qt6/base/src/gui/CMakeFiles/Gui.dir/compiler_depend.internal".
Dependencies file "src/gui/CMakeFiles/Gui.dir/painting/qbackingstorerhisupport.cpp.o.d" is newer than depends file "/home/luke/sponge-os/genode/build/x86_64/qt6/base/src/gui/CMakeFiles/Gui.dir/compiler_depend.internal".
Dependencies file "src/gui/CMakeFiles/Gui.dir/painting/qbezier.cpp.o.d" is newer than depends file "/home/luke/sponge-os/genode/build/x86_64/qt6/base/src/gui/CMakeFiles/Gui.dir/compiler_depend.internal".
Dependencies file "src/gui/CMakeFiles/Gui.dir/painting/qblendfunctions.cpp.o.d" is newer than depends file "/home/luke/sponge-os/genode/build/x86_64/qt6/base/src/gui/CMakeFiles/Gui.dir/compiler_depend.internal".
Dependencies file "src/gui/CMakeFiles/Gui.dir/painting/qblittable.cpp.o.d" is newer than depends file "/home/luke/sponge-os/genode/build/x86_64/qt6/base/src/gui/CMakeFiles/Gui.dir/compiler_depend.internal".
Dependencies file "src/gui/CMakeFiles/Gui.dir/painting/qbrush.cpp.o.d" is newer than depends file "/home/luke/sponge-os/genode/build/x86_64/qt6/base/src/gui/CMakeFiles/Gui.dir/compiler_depend.internal".
Dependencies file "src/gui/CMakeFiles/Gui.dir/painting/qcolor.cpp.o.d" is newer than depends file "/home/luke/sponge-os/genode/build/x86_64/qt6/base/src/gui/CMakeFiles/Gui.dir/compiler_depend.internal".
Dependencies file "src/gui/CMakeFiles/Gui.dir/painting/qcolorspace.cpp.o.d" is newer than depends file "/home/luke/sponge-os/genode/build/x86_64/qt6/base/src/gui/CMakeFiles/Gui.dir/compiler_depend.internal".
Dependencies file "src/gui/CMakeFiles/Gui.dir/painting/qcolortransform.cpp.o.d" is newer than depends file "/home/luke/sponge-os/genode/build/x86_64/qt6/base/src/gui/CMakeFiles/Gui.dir/compiler_depend.internal".
Dependencies file "src/gui/CMakeFiles/Gui.dir/painting/qcolortrclut.cpp.o.d" is newer than depends file "/home/luke/sponge-os/genode/build/x86_64/qt6/base/src/gui/CMakeFiles/Gui.dir/compiler_depend.internal".
Dependencies file "src/gui/CMakeFiles/Gui.dir/painting/qcompositionfunctions.cpp.o.d" is newer than depends file "/home/luke/sponge-os/genode/build/x86_64/qt6/base/src/gui/CMakeFiles/Gui.dir/compiler_depend.internal".
Dependencies file "src/gui/CMakeFiles/Gui.dir/painting/qcosmeticstroker.cpp.o.d" is newer than depends file "/home/luke/sponge-os/genode/build/x86_64/qt6/base/src/gui/CMakeFiles/Gui.dir/compiler_depend.internal".
Dependencies file "src/gui/CMakeFiles/Gui.dir/painting/qcssutil.cpp.o.d" is newer than depends file "/home/luke/sponge-os/genode/build/x86_64/qt6/base/src/gui/CMakeFiles/Gui.dir/compiler_depend.internal".
Dependencies file "src/gui/CMakeFiles/Gui.dir/painting/qdrawhelper.cpp.o.d" is newer than depends file "/home/luke/sponge-os/genode/build/x86_64/qt6/base/src/gui/CMakeFiles/Gui.dir/compiler_depend.internal".
Dependencies file "src/gui/CMakeFiles/Gui.dir/painting/qdrawhelper_avx2.cpp.o.d" is newer than depends file "/home/luke/sponge-os/genode/build/x86_64/qt6/base/src/gui/CMakeFiles/Gui.dir/compiler_depend.internal".
Dependencies file "src/gui/CMakeFiles/Gui.dir/painting/qdrawhelper_sse2.cpp.o.d" is newer than depends file "/home/luke/sponge-os/genode/build/x86_64/qt6/base/src/gui/CMakeFiles/Gui.dir/compiler_depend.internal".
Dependencies file "src/gui/CMakeFiles/Gui.dir/painting/qdrawhelper_sse4.cpp.o.d" is newer than depends file "/home/luke/sponge-os/genode/build/x86_64/qt6/base/src/gui/CMakeFiles/Gui.dir/compiler_depend.internal".
Dependencies file "src/gui/CMakeFiles/Gui.dir/painting/qdrawhelper_ssse3.cpp.o.d" is newer than depends file "/home/luke/sponge-os/genode/build/x86_64/qt6/base/src/gui/CMakeFiles/Gui.dir/compiler_depend.internal".
Dependencies file "src/gui/CMakeFiles/Gui.dir/painting/qemulationpaintengine.cpp.o.d" is newer than depends file "/home/luke/sponge-os/genode/build/x86_64/qt6/base/src/gui/CMakeFiles/Gui.dir/compiler_depend.internal".
Dependencies file "src/gui/CMakeFiles/Gui.dir/painting/qicc.cpp.o.d" is newer than depends file "/home/luke/sponge-os/genode/build/x86_64/qt6/base/src/gui/CMakeFiles/Gui.dir/compiler_depend.internal".
Dependencies file "src/gui/CMakeFiles/Gui.dir/painting/qimageeffects.cpp.o.d" is newer than depends file "/home/luke/sponge-os/genode/build/x86_64/qt6/base/src/gui/CMakeFiles/Gui.dir/compiler_depend.internal".
Dependencies file "src/gui/CMakeFiles/Gui.dir/painting/qimagescale.cpp.o.d" is newer than depends file "/home/luke/sponge-os/genode/build/x86_64/qt6/base/src/gui/CMakeFiles/Gui.dir/compiler_depend.internal".
Dependencies file "src/gui/CMakeFiles/Gui.dir/painting/qimagescale_sse4.cpp.o.d" is newer than depends file "/home/luke/sponge-os/genode/build/x86_64/qt6/base/src/gui/CMakeFiles/Gui.dir/compiler_depend.internal".
Dependencies file "src/gui/CMakeFiles/Gui.dir/painting/qmemrotate.cpp.o.d" is newer than depends file "/home/luke/sponge-os/genode/build/x86_64/qt6/base/src/gui/CMakeFiles/Gui.dir/compiler_depend.internal".
Dependencies file "src/gui/CMakeFiles/Gui.dir/painting/qoutlinemapper.cpp.o.d" is newer than depends file "/home/luke/sponge-os/genode/build/x86_64/qt6/base/src/gui/CMakeFiles/Gui.dir/compiler_depend.internal".
Dependencies file "src/gui/CMakeFiles/Gui.dir/painting/qpagedpaintdevice.cpp.o.d" is newer than depends file "/home/luke/sponge-os/genode/build/x86_64/qt6/base/src/gui/CMakeFiles/Gui.dir/compiler_depend.internal".
Dependencies file "src/gui/CMakeFiles/Gui.dir/painting/qpagelayout.cpp.o.d" is newer than depends file "/home/luke/sponge-os/genode/build/x86_64/qt6/base/src/gui/CMakeFiles/Gui.dir/compiler_depend.internal".
Dependencies file "src/gui/CMakeFiles/Gui.dir/painting/qpageranges.cpp.o.d" is newer than depends file "/home/luke/sponge-os/genode/build/x86_64/qt6/base/src/gui/CMakeFiles/Gui.dir/compiler_depend.internal".
Dependencies file "src/gui/CMakeFiles/Gui.dir/painting/qpagesize.cpp.o.d" is newer than depends file "/home/luke/sponge-os/genode/build/x86_64/qt6/base/src/gui/CMakeFiles/Gui.dir/compiler_depend.internal".
Dependencies file "src/gui/CMakeFiles/Gui.dir/painting/qpaintdevice.cpp.o.d" is newer than depends file "/home/luke/sponge-os/genode/build/x86_64/qt6/base/src/gui/CMakeFiles/Gui.dir/compiler_depend.internal".
Dependencies file "src/gui/CMakeFiles/Gui.dir/painting/qpaintengine.cpp.o.d" is newer than depends file "/home/luke/sponge-os/genode/build/x86_64/qt6/base/src/gui/CMakeFiles/Gui.dir/compiler_depend.internal".
Dependencies file "src/gui/CMakeFiles/Gui.dir/painting/qpaintengine_blitter.cpp.o.d" is newer than depends file "/home/luke/sponge-os/genode/build/x86_64/qt6/base/src/gui/CMakeFiles/Gui.dir/compiler_depend.internal".
Dependencies file "src/gui/CMakeFiles/Gui.dir/painting/qpaintengine_raster.cpp.o.d" is newer than depends file "/home/luke/sponge-os/genode/build/x86_64/qt6/base/src/gui/CMakeFiles/Gui.dir/compiler_depend.internal".
Dependencies file "src/gui/CMakeFiles/Gui.dir/painting/qpaintengineex.cpp.o.d" is newer than depends file "/home/luke/sponge-os/genode/build/x86_64/qt6/base/src/gui/CMakeFiles/Gui.dir/compiler_depend.internal".
Dependencies file "src/gui/CMakeFiles/Gui.dir/painting/qpainter.cpp.o.d" is newer than depends file "/home/luke/sponge-os/genode/build/x86_64/qt6/base/src/gui/CMakeFiles/Gui.dir/compiler_depend.internal".
Dependencies file "src/gui/CMakeFiles/Gui.dir/painting/qpainterpath.cpp.o.d" is newer than depends file "/home/luke/sponge-os/genode/build/x86_64/qt6/base/src/gui/CMakeFiles/Gui.dir/compiler_depend.internal".
Dependencies file "src/gui/CMakeFiles/Gui.dir/painting/qpathclipper.cpp.o.d" is newer than depends file "/home/luke/sponge-os/genode/build/x86_64/qt6/base/src/gui/CMakeFiles/Gui.dir/compiler_depend.internal".
Dependencies file "src/gui/CMakeFiles/Gui.dir/painting/qpathsimplifier.cpp.o.d" is newer than depends file "/home/luke/sponge-os/genode/build/x86_64/qt6/base/src/gui/CMakeFiles/Gui.dir/compiler_depend.internal".
Dependencies file "src/gui/CMakeFiles/Gui.dir/painting/qpdf.cpp.o.d" is newer than depends file "/home/luke/sponge-os/genode/build/x86_64/qt6/base/src/gui/CMakeFiles/Gui.dir/compiler_depend.internal".
Dependencies file "src/gui/CMakeFiles/Gui.dir/painting/qpdfoutputintent.cpp.o.d" is newer than depends file "/home/luke/sponge-os/genode/build/x86_64/qt6/base/src/gui/CMakeFiles/Gui.dir/compiler_depend.internal".
Dependencies file "src/gui/CMakeFiles/Gui.dir/painting/qpdfwriter.cpp.o.d" is newer than depends file "/home/luke/sponge-os/genode/build/x86_64/qt6/base/src/gui/CMakeFiles/Gui.dir/compiler_depend.internal".
Dependencies file "src/gui/CMakeFiles/Gui.dir/painting/qpen.cpp.o.d" is newer than depends file "/home/luke/sponge-os/genode/build/x86_64/qt6/base/src/gui/CMakeFiles/Gui.dir/compiler_depend.internal".
Dependencies file "src/gui/CMakeFiles/Gui.dir/painting/qpixellayout.cpp.o.d" is newer than depends file "/home/luke/sponge-os/genode/build/x86_64/qt6/base/src/gui/CMakeFiles/Gui.dir/compiler_depend.internal".
Dependencies file "src/gui/CMakeFiles/Gui.dir/painting/qplatformbackingstore.cpp.o.d" is newer than depends file "/home/luke/sponge-os/genode/build/x86_64/qt6/base/src/gui/CMakeFiles/Gui.dir/compiler_depend.internal".
Dependencies file "src/gui/CMakeFiles/Gui.dir/painting/qpolygon.cpp.o.d" is newer than depends file "/home/luke/sponge-os/genode/build/x86_64/qt6/base/src/gui/CMakeFiles/Gui.dir/compiler_depend.internal".
Dependencies file "src/gui/CMakeFiles/Gui.dir/painting/qrasterizer.cpp.o.d" is newer than depends file "/home/luke/sponge-os/genode/build/x86_64/qt6/base/src/gui/CMakeFiles/Gui.dir/compiler_depend.internal".
Dependencies file "src/gui/CMakeFiles/Gui.dir/painting/qregion.cpp.o.d" is newer than depends file "/home/luke/sponge-os/genode/build/x86_64/qt6/base/src/gui/CMakeFiles/Gui.dir/compiler_depend.internal".
Dependencies file "src/gui/CMakeFiles/Gui.dir/painting/qstroker.cpp.o.d" is newer than depends file "/home/luke/sponge-os/genode/build/x86_64/qt6/base/src/gui/CMakeFiles/Gui.dir/compiler_depend.internal".
Dependencies file "src/gui/CMakeFiles/Gui.dir/painting/qtextureglyphcache.cpp.o.d" is newer than depends file "/home/luke/sponge-os/genode/build/x86_64/qt6/base/src/gui/CMakeFiles/Gui.dir/compiler_depend.internal".
Dependencies file "src/gui/CMakeFiles/Gui.dir/painting/qtransform.cpp.o.d" is newer than depends file "/home/luke/sponge-os/genode/build/x86_64/qt6/base/src/gui/CMakeFiles/Gui.dir/compiler_depend.internal".
Dependencies file "src/gui/CMakeFiles/Gui.dir/painting/qtriangulatingstroker.cpp.o.d" is newer than depends file "/home/luke/sponge-os/genode/build/x86_64/qt6/base/src/gui/CMakeFiles/Gui.dir/compiler_depend.internal".
Dependencies file "src/gui/CMakeFiles/Gui.dir/painting/qtriangulator.cpp.o.d" is newer than depends file "/home/luke/sponge-os/genode/build/x86_64/qt6/base/src/gui/CMakeFiles/Gui.dir/compiler_depend.internal".
Dependencies file "src/gui/CMakeFiles/Gui.dir/platform/unix/qgenericunixeventdispatcher.cpp.o.d" is newer than depends file "/home/luke/sponge-os/genode/build/x86_64/qt6/base/src/gui/CMakeFiles/Gui.dir/compiler_depend.internal".
Dependencies file "src/gui/CMakeFiles/Gui.dir/platform/unix/qgenericunixservices.cpp.o.d" is newer than depends file "/home/luke/sponge-os/genode/build/x86_64/qt6/base/src/gui/CMakeFiles/Gui.dir/compiler_depend.internal".
Dependencies file "src/gui/CMakeFiles/Gui.dir/platform/unix/qgenericunixthemes.cpp.o.d" is newer than depends file "/home/luke/sponge-os/genode/build/x86_64/qt6/base/src/gui/CMakeFiles/Gui.dir/compiler_depend.internal".
Dependencies file "src/gui/CMakeFiles/Gui.dir/platform/unix/qunixeventdispatcher.cpp.o.d" is newer than depends file "/home/luke/sponge-os/genode/build/x86_64/qt6/base/src/gui/CMakeFiles/Gui.dir/compiler_depend.internal".
Dependencies file "src/gui/CMakeFiles/Gui.dir/platform/unix/qunixnativeinterface.cpp.o.d" is newer than depends file "/home/luke/sponge-os/genode/build/x86_64/qt6/base/src/gui/CMakeFiles/Gui.dir/compiler_depend.internal".
Dependencies file "src/gui/CMakeFiles/Gui.dir/rhi/qrhi.cpp.o.d" is newer than depends file "/home/luke/sponge-os/genode/build/x86_64/qt6/base/src/gui/CMakeFiles/Gui.dir/compiler_depend.internal".
Dependencies file "src/gui/CMakeFiles/Gui.dir/rhi/qrhigles2.cpp.o.d" is newer than depends file "/home/luke/sponge-os/genode/build/x86_64/qt6/base/src/gui/CMakeFiles/Gui.dir/compiler_depend.internal".
Dependencies file "src/gui/CMakeFiles/Gui.dir/rhi/qrhinull.cpp.o.d" is newer than depends file "/home/luke/sponge-os/genode/build/x86_64/qt6/base/src/gui/CMakeFiles/Gui.dir/compiler_depend.internal".
Dependencies file "src/gui/CMakeFiles/Gui.dir/rhi/qshader.cpp.o.d" is newer than depends file "/home/luke/sponge-os/genode/build/x86_64/qt6/base/src/gui/CMakeFiles/Gui.dir/compiler_depend.internal".
Dependencies file "src/gui/CMakeFiles/Gui.dir/rhi/qshaderdescription.cpp.o.d" is newer than depends file "/home/luke/sponge-os/genode/build/x86_64/qt6/base/src/gui/CMakeFiles/Gui.dir/compiler_depend.internal".
Dependencies file "src/gui/CMakeFiles/Gui.dir/text/freetype/qfontengine_ft.cpp.o.d" is newer than depends file "/home/luke/sponge-os/genode/build/x86_64/qt6/base/src/gui/CMakeFiles/Gui.dir/compiler_depend.internal".
Dependencies file "src/gui/CMakeFiles/Gui.dir/text/freetype/qfreetypefontdatabase.cpp.o.d" is newer than depends file "/home/luke/sponge-os/genode/build/x86_64/qt6/base/src/gui/CMakeFiles/Gui.dir/compiler_depend.internal".
Dependencies file "src/gui/CMakeFiles/Gui.dir/text/qabstracttextdocumentlayout.cpp.o.d" is newer than depends file "/home/luke/sponge-os/genode/build/x86_64/qt6/base/src/gui/CMakeFiles/Gui.dir/compiler_depend.internal".
Dependencies file "src/gui/CMakeFiles/Gui.dir/text/qcssparser.cpp.o.d" is newer than depends file "/home/luke/sponge-os/genode/build/x86_64/qt6/base/src/gui/CMakeFiles/Gui.dir/compiler_depend.internal".
Dependencies file "src/gui/CMakeFiles/Gui.dir/text/qdistancefield.cpp.o.d" is newer than depends file "/home/luke/sponge-os/genode/build/x86_64/qt6/base/src/gui/CMakeFiles/Gui.dir/compiler_depend.internal".
Dependencies file "src/gui/CMakeFiles/Gui.dir/text/qfont.cpp.o.d" is newer than depends file "/home/luke/sponge-os/genode/build/x86_64/qt6/base/src/gui/CMakeFiles/Gui.dir/compiler_depend.internal".
Dependencies file "src/gui/CMakeFiles/Gui.dir/text/qfontdatabase.cpp.o.d" is newer than depends file "/home/luke/sponge-os/genode/build/x86_64/qt6/base/src/gui/CMakeFiles/Gui.dir/compiler_depend.internal".
Dependencies file "src/gui/CMakeFiles/Gui.dir/text/qfontengine.cpp.o.d" is newer than depends file "/home/luke/sponge-os/genode/build/x86_64/qt6/base/src/gui/CMakeFiles/Gui.dir/compiler_depend.internal".
Dependencies file "src/gui/CMakeFiles/Gui.dir/text/qfontengineglyphcache.cpp.o.d" is newer than depends file "/home/luke/sponge-os/genode/build/x86_64/qt6/base/src/gui/CMakeFiles/Gui.dir/compiler_depend.internal".
Dependencies file "src/gui/CMakeFiles/Gui.dir/text/qfontmetrics.cpp.o.d" is newer than depends file "/home/luke/sponge-os/genode/build/x86_64/qt6/base/src/gui/CMakeFiles/Gui.dir/compiler_depend.internal".
Dependencies file "src/gui/CMakeFiles/Gui.dir/text/qfontsubset.cpp.o.d" is newer than depends file "/home/luke/sponge-os/genode/build/x86_64/qt6/base/src/gui/CMakeFiles/Gui.dir/compiler_depend.internal".
Dependencies file "src/gui/CMakeFiles/Gui.dir/text/qfragmentmap.cpp.o.d" is newer than depends file "/home/luke/sponge-os/genode/build/x86_64/qt6/base/src/gui/CMakeFiles/Gui.dir/compiler_depend.internal".
Dependencies file "src/gui/CMakeFiles/Gui.dir/text/qglyphrun.cpp.o.d" is newer than depends file "/home/luke/sponge-os/genode/build/x86_64/qt6/base/src/gui/CMakeFiles/Gui.dir/compiler_depend.internal".
Dependencies file "src/gui/CMakeFiles/Gui.dir/text/qharfbuzzng.cpp.o.d" is newer than depends file "/home/luke/sponge-os/genode/build/x86_64/qt6/base/src/gui/CMakeFiles/Gui.dir/compiler_depend.internal".
Dependencies file "src/gui/CMakeFiles/Gui.dir/text/qinputcontrol.cpp.o.d" is newer than depends file "/home/luke/sponge-os/genode/build/x86_64/qt6/base/src/gui/CMakeFiles/Gui.dir/compiler_depend.internal".
Dependencies file "src/gui/CMakeFiles/Gui.dir/text/qplatformfontdatabase.cpp.o.d" is newer than depends file "/home/luke/sponge-os/genode/build/x86_64/qt6/base/src/gui/CMakeFiles/Gui.dir/compiler_depend.internal".
Dependencies file "src/gui/CMakeFiles/Gui.dir/text/qrawfont.cpp.o.d" is newer than depends file "/home/luke/sponge-os/genode/build/x86_64/qt6/base/src/gui/CMakeFiles/Gui.dir/compiler_depend.internal".
Dependencies file "src/gui/CMakeFiles/Gui.dir/text/qstatictext.cpp.o.d" is newer than depends file "/home/luke/sponge-os/genode/build/x86_64/qt6/base/src/gui/CMakeFiles/Gui.dir/compiler_depend.internal".
Dependencies file "src/gui/CMakeFiles/Gui.dir/text/qsyntaxhighlighter.cpp.o.d" is newer than depends file "/home/luke/sponge-os/genode/build/x86_64/qt6/base/src/gui/CMakeFiles/Gui.dir/compiler_depend.internal".
Dependencies file "src/gui/CMakeFiles/Gui.dir/text/qtextcursor.cpp.o.d" is newer than depends file "/home/luke/sponge-os/genode/build/x86_64/qt6/base/src/gui/CMakeFiles/Gui.dir/compiler_depend.internal".
Dependencies file "src/gui/CMakeFiles/Gui.dir/text/qtextdocument.cpp.o.d" is newer than depends file "/home/luke/sponge-os/genode/build/x86_64/qt6/base/src/gui/CMakeFiles/Gui.dir/compiler_depend.internal".
Dependencies file "src/gui/CMakeFiles/Gui.dir/text/qtextdocument_p.cpp.o.d" is newer than depends file "/home/luke/sponge-os/genode/build/x86_64/qt6/base/src/gui/CMakeFiles/Gui.dir/compiler_depend.internal".
Dependencies file "src/gui/CMakeFiles/Gui.dir/text/qtextdocumentfragment.cpp.o.d" is newer than depends file "/home/luke/sponge-os/genode/build/x86_64/qt6/base/src/gui/CMakeFiles/Gui.dir/compiler_depend.internal".
Dependencies file "src/gui/CMakeFiles/Gui.dir/text/qtextdocumentlayout.cpp.o.d" is newer than depends file "/home/luke/sponge-os/genode/build/x86_64/qt6/base/src/gui/CMakeFiles/Gui.dir/compiler_depend.internal".
Dependencies file "src/gui/CMakeFiles/Gui.dir/text/qtextdocumentwriter.cpp.o.d" is newer than depends file "/home/luke/sponge-os/genode/build/x86_64/qt6/base/src/gui/CMakeFiles/Gui.dir/compiler_depend.internal".
Dependencies file "src/gui/CMakeFiles/Gui.dir/text/qtextengine.cpp.o.d" is newer than depends file "/home/luke/sponge-os/genode/build/x86_64/qt6/base/src/gui/CMakeFiles/Gui.dir/compiler_depend.internal".
Dependencies file "src/gui/CMakeFiles/Gui.dir/text/qtextformat.cpp.o.d" is newer than depends file "/home/luke/sponge-os/genode/build/x86_64/qt6/base/src/gui/CMakeFiles/Gui.dir/compiler_depend.internal".
Dependencies file "src/gui/CMakeFiles/Gui.dir/text/qtexthtmlparser.cpp.o.d" is newer than depends file "/home/luke/sponge-os/genode/build/x86_64/qt6/base/src/gui/CMakeFiles/Gui.dir/compiler_depend.internal".
Dependencies file "src/gui/CMakeFiles/Gui.dir/text/qtextimagehandler.cpp.o.d" is newer than depends file "/home/luke/sponge-os/genode/build/x86_64/qt6/base/src/gui/CMakeFiles/Gui.dir/compiler_depend.internal".
Dependencies file "src/gui/CMakeFiles/Gui.dir/text/qtextlayout.cpp.o.d" is newer than depends file "/home/luke/sponge-os/genode/build/x86_64/qt6/base/src/gui/CMakeFiles/Gui.dir/compiler_depend.internal".
Dependencies file "src/gui/CMakeFiles/Gui.dir/text/qtextlist.cpp.o.d" is newer than depends file "/home/luke/sponge-os/genode/build/x86_64/qt6/base/src/gui/CMakeFiles/Gui.dir/compiler_depend.internal".
Dependencies file "src/gui/CMakeFiles/Gui.dir/text/qtextobject.cpp.o.d" is newer than depends file "/home/luke/sponge-os/genode/build/x86_64/qt6/base/src/gui/CMakeFiles/Gui.dir/compiler_depend.internal".
Dependencies file "src/gui/CMakeFiles/Gui.dir/text/qtextodfwriter.cpp.o.d" is newer than depends file "/home/luke/sponge-os/genode/build/x86_64/qt6/base/src/gui/CMakeFiles/Gui.dir/compiler_depend.internal".
Dependencies file "src/gui/CMakeFiles/Gui.dir/text/qtextoption.cpp.o.d" is newer than depends file "/home/luke/sponge-os/genode/build/x86_64/qt6/base/src/gui/CMakeFiles/Gui.dir/compiler_depend.internal".
Dependencies file "src/gui/CMakeFiles/Gui.dir/text/qtexttable.cpp.o.d" is newer than depends file "/home/luke/sponge-os/genode/build/x86_64/qt6/base/src/gui/CMakeFiles/Gui.dir/compiler_depend.internal".
Dependencies file "src/gui/CMakeFiles/Gui.dir/util/qabstractlayoutstyleinfo.cpp.o.d" is newer than depends file "/home/luke/sponge-os/genode/build/x86_64/qt6/base/src/gui/CMakeFiles/Gui.dir/compiler_depend.internal".
Dependencies file "src/gui/CMakeFiles/Gui.dir/util/qastchandler.cpp.o.d" is newer than depends file "/home/luke/sponge-os/genode/build/x86_64/qt6/base/src/gui/CMakeFiles/Gui.dir/compiler_depend.internal".
Dependencies file "src/gui/CMakeFiles/Gui.dir/util/qdesktopservices.cpp.o.d" is newer than depends file "/home/luke/sponge-os/genode/build/x86_64/qt6/base/src/gui/CMakeFiles/Gui.dir/compiler_depend.internal".
Dependencies file "src/gui/CMakeFiles/Gui.dir/util/qedidparser.cpp.o.d" is newer than depends file "/home/luke/sponge-os/genode/build/x86_64/qt6/base/src/gui/CMakeFiles/Gui.dir/compiler_depend.internal".
Dependencies file "src/gui/CMakeFiles/Gui.dir/util/qgridlayoutengine.cpp.o.d" is newer than depends file "/home/luke/sponge-os/genode/build/x86_64/qt6/base/src/gui/CMakeFiles/Gui.dir/compiler_depend.internal".
Dependencies file "src/gui/CMakeFiles/Gui.dir/util/qktxhandler.cpp.o.d" is newer than depends file "/home/luke/sponge-os/genode/build/x86_64/qt6/base/src/gui/CMakeFiles/Gui.dir/compiler_depend.internal".
Dependencies file "src/gui/CMakeFiles/Gui.dir/util/qlayoutpolicy.cpp.o.d" is newer than depends file "/home/luke/sponge-os/genode/build/x86_64/qt6/base/src/gui/CMakeFiles/Gui.dir/compiler_depend.internal".
Dependencies file "src/gui/CMakeFiles/Gui.dir/util/qpkmhandler.cpp.o.d" is newer than depends file "/home/luke/sponge-os/genode/build/x86_64/qt6/base/src/gui/CMakeFiles/Gui.dir/compiler_depend.internal".
Dependencies file "src/gui/CMakeFiles/Gui.dir/util/qtexturefiledata.cpp.o.d" is newer than depends file "/home/luke/sponge-os/genode/build/x86_64/qt6/base/src/gui/CMakeFiles/Gui.dir/compiler_depend.internal".
Dependencies file "src/gui/CMakeFiles/Gui.dir/util/qtexturefilereader.cpp.o.d" is newer than depends file "/home/luke/sponge-os/genode/build/x86_64/qt6/base/src/gui/CMakeFiles/Gui.dir/compiler_depend.internal".
Dependencies file "src/gui/CMakeFiles/Gui.dir/util/qundogroup.cpp.o.d" is newer than depends file "/home/luke/sponge-os/genode/build/x86_64/qt6/base/src/gui/CMakeFiles/Gui.dir/compiler_depend.internal".
Dependencies file "src/gui/CMakeFiles/Gui.dir/util/qundostack.cpp.o.d" is newer than depends file "/home/luke/sponge-os/genode/build/x86_64/qt6/base/src/gui/CMakeFiles/Gui.dir/compiler_depend.internal".
Dependencies file "src/gui/CMakeFiles/Gui.dir/util/qvalidator.cpp.o.d" is newer than depends file "/home/luke/sponge-os/genode/build/x86_64/qt6/base/src/gui/CMakeFiles/Gui.dir/compiler_depend.internal".
[1m[35mConsolidate compiler generated dependencies of target Gui[0m
[ 56%] Built target Network
Dependencies file "src/plugins/tls/certonly/CMakeFiles/QTlsBackendCertOnlyPlugin.dir/QTlsBackendCertOnlyPlugin_autogen/mocs_compilation.cpp.o.d" is newer than depends file "/home/luke/sponge-os/genode/build/x86_64/qt6/base/src/plugins/tls/certonly/CMakeFiles/QTlsBackendCertOnlyPlugin.dir/compiler_depend.internal".
Dependencies file "src/plugins/tls/certonly/CMakeFiles/QTlsBackendCertOnlyPlugin.dir/__/shared/qasn1element.cpp.o.d" is newer than depends file "/home/luke/sponge-os/genode/build/x86_64/qt6/base/src/plugins/tls/certonly/CMakeFiles/QTlsBackendCertOnlyPlugin.dir/compiler_depend.internal".
Dependencies file "src/plugins/tls/certonly/CMakeFiles/QTlsBackendCertOnlyPlugin.dir/__/shared/qx509_base.cpp.o.d" is newer than depends file "/home/luke/sponge-os/genode/build/x86_64/qt6/base/src/plugins/tls/certonly/CMakeFiles/QTlsBackendCertOnlyPlugin.dir/compiler_depend.internal".
Dependencies file "src/plugins/tls/certonly/CMakeFiles/QTlsBackendCertOnlyPlugin.dir/__/shared/qx509_generic.cpp.o.d" is newer than depends file "/home/luke/sponge-os/genode/build/x86_64/qt6/base/src/plugins/tls/certonly/CMakeFiles/QTlsBackendCertOnlyPlugin.dir/compiler_depend.internal".
Dependencies file "src/plugins/tls/certonly/CMakeFiles/QTlsBackendCertOnlyPlugin.dir/qtlsbackend_cert.cpp.o.d" is newer than depends file "/home/luke/sponge-os/genode/build/x86_64/qt6/base/src/plugins/tls/certonly/CMakeFiles/QTlsBackendCertOnlyPlugin.dir/compiler_depend.internal".
[1m[35mConsolidate compiler generated dependencies of target QTlsBackendCertOnlyPlugin[0m
[ 57%] Built target QTlsBackendCertOnlyPlugin
[ 75%] Built target Gui
Dependencies file "src/platformsupport/fbconvenience/CMakeFiles/FbSupportPrivate.dir/FbSupportPrivate_autogen/mocs_compilation.cpp.o.d" is newer than depends file "/home/luke/sponge-os/genode/build/x86_64/qt6/base/src/platformsupport/fbconvenience/CMakeFiles/FbSupportPrivate.dir/compiler_depend.internal".
Dependencies file "src/platformsupport/fbconvenience/CMakeFiles/FbSupportPrivate.dir/qfbbackingstore.cpp.o.d" is newer than depends file "/home/luke/sponge-os/genode/build/x86_64/qt6/base/src/platformsupport/fbconvenience/CMakeFiles/FbSupportPrivate.dir/compiler_depend.internal".
Dependencies file "src/platformsupport/fbconvenience/CMakeFiles/FbSupportPrivate.dir/qfbcursor.cpp.o.d" is newer than depends file "/home/luke/sponge-os/genode/build/x86_64/qt6/base/src/platformsupport/fbconvenience/CMakeFiles/FbSupportPrivate.dir/compiler_depend.internal".
Dependencies file "src/platformsupport/fbconvenience/CMakeFiles/FbSupportPrivate.dir/qfbscreen.cpp.o.d" is newer than depends file "/home/luke/sponge-os/genode/build/x86_64/qt6/base/src/platformsupport/fbconvenience/CMakeFiles/FbSupportPrivate.dir/compiler_depend.internal".
Dependencies file "src/platformsupport/fbconvenience/CMakeFiles/FbSupportPrivate.dir/qfbvthandler.cpp.o.d" is newer than depends file "/home/luke/sponge-os/genode/build/x86_64/qt6/base/src/platformsupport/fbconvenience/CMakeFiles/FbSupportPrivate.dir/compiler_depend.internal".
Dependencies file "src/platformsupport/fbconvenience/CMakeFiles/FbSupportPrivate.dir/qfbwindow.cpp.o.d" is newer than depends file "/home/luke/sponge-os/genode/build/x86_64/qt6/base/src/platformsupport/fbconvenience/CMakeFiles/FbSupportPrivate.dir/compiler_depend.internal".
[1m[35mConsolidate compiler generated dependencies of target FbSupportPrivate[0m
[ 75%] Built target Widgets_autogen_timestamp_deps
[ 75%] Built target OpenGL_autogen_timestamp_deps
[ 75%] Built target QGifPlugin_autogen_timestamp_deps
[ 75%] Built target QICOPlugin_autogen_timestamp_deps
[ 75%] Built target QTuioTouchPlugin_autogen_timestamp_deps
[ 75%] Built target QJpegPlugin_autogen_timestamp_deps
[ 75%] Built target QGenodeIntegrationPlugin_autogen_timestamp_deps
[ 75%] Built target OpenGL_autogen
[ 75%] Built target QICOPlugin_autogen
[ 75%] Built target QGifPlugin_autogen
[ 75%] Built target QJpegPlugin_autogen
[ 75%] Built target Widgets_autogen
[ 75%] Built target QTuioTouchPlugin_autogen
[ 75%] Built target QGenodeIntegrationPlugin_autogen
[ 76%] Built target FbSupportPrivate
Dependencies file "src/opengl/CMakeFiles/OpenGL.dir/OpenGL_autogen/mocs_compilation.cpp.o.d" is newer than depends file "/home/luke/sponge-os/genode/build/x86_64/qt6/base/src/opengl/CMakeFiles/OpenGL.dir/compiler_depend.internal".
Dependencies file "src/opengl/CMakeFiles/OpenGL.dir/compat/removed_api.cpp.o.d" is newer than depends file "/home/luke/sponge-os/genode/build/x86_64/qt6/base/src/opengl/CMakeFiles/OpenGL.dir/compiler_depend.internal".
Dependencies file "src/plugins/imageformats/ico/CMakeFiles/QICOPlugin.dir/QICOPlugin_autogen/mocs_compilation.cpp.o.d" is newer than depends file "/home/luke/sponge-os/genode/build/x86_64/qt6/base/src/plugins/imageformats/ico/CMakeFiles/QICOPlugin.dir/compiler_depend.internal".
Dependencies file "src/plugins/imageformats/ico/CMakeFiles/QICOPlugin.dir/main.cpp.o.d" is newer than depends file "/home/luke/sponge-os/genode/build/x86_64/qt6/base/src/plugins/imageformats/ico/CMakeFiles/QICOPlugin.dir/compiler_depend.internal".
Dependencies file "src/opengl/CMakeFiles/OpenGL.dir/qopengl2pexvertexarray.cpp.o.d" is newer than depends file "/home/luke/sponge-os/genode/build/x86_64/qt6/base/src/opengl/CMakeFiles/OpenGL.dir/compiler_depend.internal".
Dependencies file "src/plugins/imageformats/ico/CMakeFiles/QICOPlugin.dir/qicohandler.cpp.o.d" is newer than depends file "/home/luke/sponge-os/genode/build/x86_64/qt6/base/src/plugins/imageformats/ico/CMakeFiles/QICOPlugin.dir/compiler_depend.internal".
Dependencies file "src/opengl/CMakeFiles/OpenGL.dir/qopenglbuffer.cpp.o.d" is newer than depends file "/home/luke/sponge-os/genode/build/x86_64/qt6/base/src/opengl/CMakeFiles/OpenGL.dir/compiler_depend.internal".
[1m[35mConsolidate compiler generated dependencies of target QICOPlugin[0m
Dependencies file "src/plugins/imageformats/gif/CMakeFiles/QGifPlugin.dir/QGifPlugin_autogen/mocs_compilation.cpp.o.d" is newer than depends file "/home/luke/sponge-os/genode/build/x86_64/qt6/base/src/plugins/imageformats/gif/CMakeFiles/QGifPlugin.dir/compiler_depend.internal".
Dependencies file "src/plugins/imageformats/gif/CMakeFiles/QGifPlugin.dir/main.cpp.o.d" is newer than depends file "/home/luke/sponge-os/genode/build/x86_64/qt6/base/src/plugins/imageformats/gif/CMakeFiles/QGifPlugin.dir/compiler_depend.internal".
Dependencies file "src/opengl/CMakeFiles/OpenGL.dir/qopenglcompositor.cpp.o.d" is newer than depends file "/home/luke/sponge-os/genode/build/x86_64/qt6/base/src/opengl/CMakeFiles/OpenGL.dir/compiler_depend.internal".
Dependencies file "src/plugins/imageformats/jpeg/CMakeFiles/QJpegPlugin.dir/QJpegPlugin_autogen/mocs_compilation.cpp.o.d" is newer than depends file "/home/luke/sponge-os/genode/build/x86_64/qt6/base/src/plugins/imageformats/jpeg/CMakeFiles/QJpegPlugin.dir/compiler_depend.internal".
Dependencies file "src/plugins/imageformats/jpeg/CMakeFiles/QJpegPlugin.dir/main.cpp.o.d" is newer than depends file "/home/luke/sponge-os/genode/build/x86_64/qt6/base/src/plugins/imageformats/jpeg/CMakeFiles/QJpegPlugin.dir/compiler_depend.internal".
Dependencies file "src/plugins/imageformats/gif/CMakeFiles/QGifPlugin.dir/qgifhandler.cpp.o.d" is newer than depends file "/home/luke/sponge-os/genode/build/x86_64/qt6/base/src/plugins/imageformats/gif/CMakeFiles/QGifPlugin.dir/compiler_depend.internal".
Dependencies file "src/opengl/CMakeFiles/OpenGL.dir/qopenglcompositorbackingstore.cpp.o.d" is newer than depends file "/home/luke/sponge-os/genode/build/x86_64/qt6/base/src/opengl/CMakeFiles/OpenGL.dir/compiler_depend.internal".
Dependencies file "src/plugins/generic/tuiotouch/CMakeFiles/QTuioTouchPlugin.dir/QTuioTouchPlugin_autogen/mocs_compilation.cpp.o.d" is newer than depends file "/home/luke/sponge-os/genode/build/x86_64/qt6/base/src/plugins/generic/tuiotouch/CMakeFiles/QTuioTouchPlugin.dir/compiler_depend.internal".
Dependencies file "src/plugins/generic/tuiotouch/CMakeFiles/QTuioTouchPlugin.dir/main.cpp.o.d" is newer than depends file "/home/luke/sponge-os/genode/build/x86_64/qt6/base/src/plugins/generic/tuiotouch/CMakeFiles/QTuioTouchPlugin.dir/compiler_depend.internal".
Dependencies file "src/plugins/imageformats/jpeg/CMakeFiles/QJpegPlugin.dir/qjpeghandler.cpp.o.d" is newer than depends file "/home/luke/sponge-os/genode/build/x86_64/qt6/base/src/plugins/imageformats/jpeg/CMakeFiles/QJpegPlugin.dir/compiler_depend.internal".
[1m[35mConsolidate compiler generated dependencies of target QGifPlugin[0m
Dependencies file "src/plugins/platforms/genode/CMakeFiles/QGenodeIntegrationPlugin.dir/QGenodeIntegrationPlugin_autogen/mocs_compilation.cpp.o.d" is newer than depends file "/home/luke/sponge-os/genode/build/x86_64/qt6/base/src/plugins/platforms/genode/CMakeFiles/QGenodeIntegrationPlugin.dir/compiler_depend.internal".
Dependencies file "src/opengl/CMakeFiles/OpenGL.dir/qopenglcustomshaderstage.cpp.o.d" is newer than depends file "/home/luke/sponge-os/genode/build/x86_64/qt6/base/src/opengl/CMakeFiles/OpenGL.dir/compiler_depend.internal".
Dependencies file "src/plugins/generic/tuiotouch/CMakeFiles/QTuioTouchPlugin.dir/qoscbundle.cpp.o.d" is newer than depends file "/home/luke/sponge-os/genode/build/x86_64/qt6/base/src/plugins/generic/tuiotouch/CMakeFiles/QTuioTouchPlugin.dir/compiler_depend.internal".
[1m[35mConsolidate compiler generated dependencies of target QJpegPlugin[0m
Dependencies file "src/plugins/generic/tuiotouch/CMakeFiles/QTuioTouchPlugin.dir/qoscmessage.cpp.o.d" is newer than depends file "/home/luke/sponge-os/genode/build/x86_64/qt6/base/src/plugins/generic/tuiotouch/CMakeFiles/QTuioTouchPlugin.dir/compiler_depend.internal".
Dependencies file "src/plugins/platforms/genode/CMakeFiles/QGenodeIntegrationPlugin.dir/main.cpp.o.d" is newer than depends file "/home/luke/sponge-os/genode/build/x86_64/qt6/base/src/plugins/platforms/genode/CMakeFiles/QGenodeIntegrationPlugin.dir/compiler_depend.internal".
Dependencies file "src/opengl/CMakeFiles/OpenGL.dir/qopengldebug.cpp.o.d" is newer than depends file "/home/luke/sponge-os/genode/build/x86_64/qt6/base/src/opengl/CMakeFiles/OpenGL.dir/compiler_depend.internal".
Dependencies file "src/plugins/generic/tuiotouch/CMakeFiles/QTuioTouchPlugin.dir/qtuiohandler.cpp.o.d" is newer than depends file "/home/luke/sponge-os/genode/build/x86_64/qt6/base/src/plugins/generic/tuiotouch/CMakeFiles/QTuioTouchPlugin.dir/compiler_depend.internal".
Dependencies file "src/opengl/CMakeFiles/OpenGL.dir/qopenglengineshadermanager.cpp.o.d" is newer than depends file "/home/luke/sponge-os/genode/build/x86_64/qt6/base/src/opengl/CMakeFiles/OpenGL.dir/compiler_depend.internal".
Dependencies file "src/plugins/platforms/genode/CMakeFiles/QGenodeIntegrationPlugin.dir/qgenodeclipboard.cpp.o.d" is newer than depends file "/home/luke/sponge-os/genode/build/x86_64/qt6/base/src/plugins/platforms/genode/CMakeFiles/QGenodeIntegrationPlugin.dir/compiler_depend.internal".
[1m[35mConsolidate compiler generated dependencies of target QTuioTouchPlugin[0m
Dependencies file "src/plugins/platforms/genode/CMakeFiles/QGenodeIntegrationPlugin.dir/qgenodecursor.cpp.o.d" is newer than depends file "/home/luke/sponge-os/genode/build/x86_64/qt6/base/src/plugins/platforms/genode/CMakeFiles/QGenodeIntegrationPlugin.dir/compiler_depend.internal".
Dependencies file "src/opengl/CMakeFiles/OpenGL.dir/qopenglframebufferobject.cpp.o.d" is newer than depends file "/home/luke/sponge-os/genode/build/x86_64/qt6/base/src/opengl/CMakeFiles/OpenGL.dir/compiler_depend.internal".
Dependencies file "src/widgets/CMakeFiles/Widgets.dir/.qt/rcc/qrc_qmessagebox.cpp.o.d" is newer than depends file "/home/luke/sponge-os/genode/build/x86_64/qt6/base/src/widgets/CMakeFiles/Widgets.dir/compiler_depend.internal".
Dependencies file "src/widgets/CMakeFiles/Widgets.dir/.qt/rcc/qrc_qstyle.cpp.o.d" is newer than depends file "/home/luke/sponge-os/genode/build/x86_64/qt6/base/src/widgets/CMakeFiles/Widgets.dir/compiler_depend.internal".
Dependencies file "src/widgets/CMakeFiles/Widgets.dir/.qt/rcc/qrc_qstyle1.cpp.o.d" is newer than depends file "/home/luke/sponge-os/genode/build/x86_64/qt6/base/src/widgets/CMakeFiles/Widgets.dir/compiler_depend.internal".
Dependencies file "src/widgets/CMakeFiles/Widgets.dir/.qt/rcc/qrc_qstyle_fusion.cpp.o.d" is newer than depends file "/home/luke/sponge-os/genode/build/x86_64/qt6/base/src/widgets/CMakeFiles/Widgets.dir/compiler_depend.internal".
Dependencies file "src/widgets/CMakeFiles/Widgets.dir/Widgets_autogen/mocs_compilation.cpp.o.d" is newer than depends file "/home/luke/sponge-os/genode/build/x86_64/qt6/base/src/widgets/CMakeFiles/Widgets.dir/compiler_depend.internal".
Dependencies file "src/plugins/platforms/genode/CMakeFiles/QGenodeIntegrationPlugin.dir/qgenodeglcontext.cpp.o.d" is newer than depends file "/home/luke/sponge-os/genode/build/x86_64/qt6/base/src/plugins/platforms/genode/CMakeFiles/QGenodeIntegrationPlugin.dir/compiler_depend.internal".
Dependencies file "src/opengl/CMakeFiles/OpenGL.dir/qopenglfunctions_1_0.cpp.o.d" is newer than depends file "/home/luke/sponge-os/genode/build/x86_64/qt6/base/src/opengl/CMakeFiles/OpenGL.dir/compiler_depend.internal".
Dependencies file "src/widgets/CMakeFiles/Widgets.dir/accessible/complexwidgets.cpp.o.d" is newer than depends file "/home/luke/sponge-os/genode/build/x86_64/qt6/base/src/widgets/CMakeFiles/Widgets.dir/compiler_depend.internal".
Dependencies file "src/opengl/CMakeFiles/OpenGL.dir/qopenglfunctions_1_1.cpp.o.d" is newer than depends file "/home/luke/sponge-os/genode/build/x86_64/qt6/base/src/opengl/CMakeFiles/OpenGL.dir/compiler_depend.internal".
Dependencies file "src/plugins/platforms/genode/CMakeFiles/QGenodeIntegrationPlugin.dir/qgenodeintegration.cpp.o.d" is newer than depends file "/home/luke/sponge-os/genode/build/x86_64/qt6/base/src/plugins/platforms/genode/CMakeFiles/QGenodeIntegrationPlugin.dir/compiler_depend.internal".
Dependencies file "src/opengl/CMakeFiles/OpenGL.dir/qopenglfunctions_1_2.cpp.o.d" is newer than depends file "/home/luke/sponge-os/genode/build/x86_64/qt6/base/src/opengl/CMakeFiles/OpenGL.dir/compiler_depend.internal".
Dependencies file "src/widgets/CMakeFiles/Widgets.dir/accessible/itemviews.cpp.o.d" is newer than depends file "/home/luke/sponge-os/genode/build/x86_64/qt6/base/src/widgets/CMakeFiles/Widgets.dir/compiler_depend.internal".
Dependencies file "src/opengl/CMakeFiles/OpenGL.dir/qopenglfunctions_1_3.cpp.o.d" is newer than depends file "/home/luke/sponge-os/genode/build/x86_64/qt6/base/src/opengl/CMakeFiles/OpenGL.dir/compiler_depend.internal".
Dependencies file "src/plugins/platforms/genode/CMakeFiles/QGenodeIntegrationPlugin.dir/qgenodeplatformwindow.cpp.o.d" is newer than depends file "/home/luke/sponge-os/genode/build/x86_64/qt6/base/src/plugins/platforms/genode/CMakeFiles/QGenodeIntegrationPlugin.dir/compiler_depend.internal".
Dependencies file "src/opengl/CMakeFiles/OpenGL.dir/qopenglfunctions_1_4.cpp.o.d" is newer than depends file "/home/luke/sponge-os/genode/build/x86_64/qt6/base/src/opengl/CMakeFiles/OpenGL.dir/compiler_depend.internal".
Dependencies file "src/widgets/CMakeFiles/Widgets.dir/accessible/qaccessiblemenu.cpp.o.d" is newer than depends file "/home/luke/sponge-os/genode/build/x86_64/qt6/base/src/widgets/CMakeFiles/Widgets.dir/compiler_depend.internal".
Dependencies file "src/plugins/platforms/genode/CMakeFiles/QGenodeIntegrationPlugin.dir/qgenodewindowsurface.cpp.o.d" is newer than depends file "/home/luke/sponge-os/genode/build/x86_64/qt6/base/src/plugins/platforms/genode/CMakeFiles/QGenodeIntegrationPlugin.dir/compiler_depend.internal".
Dependencies file "src/opengl/CMakeFiles/OpenGL.dir/qopenglfunctions_1_5.cpp.o.d" is newer than depends file "/home/luke/sponge-os/genode/build/x86_64/qt6/base/src/opengl/CMakeFiles/OpenGL.dir/compiler_depend.internal".
Dependencies file "src/opengl/CMakeFiles/OpenGL.dir/qopenglfunctions_2_0.cpp.o.d" is newer than depends file "/home/luke/sponge-os/genode/build/x86_64/qt6/base/src/opengl/CMakeFiles/OpenGL.dir/compiler_depend.internal".
Dependencies file "src/widgets/CMakeFiles/Widgets.dir/accessible/qaccessiblewidget.cpp.o.d" is newer than depends file "/home/luke/sponge-os/genode/build/x86_64/qt6/base/src/widgets/CMakeFiles/Widgets.dir/compiler_depend.internal".
[1m[35mConsolidate compiler generated dependencies of target QGenodeIntegrationPlugin[0m
Dependencies file "src/opengl/CMakeFiles/OpenGL.dir/qopenglfunctions_2_1.cpp.o.d" is newer than depends file "/home/luke/sponge-os/genode/build/x86_64/qt6/base/src/opengl/CMakeFiles/OpenGL.dir/compiler_depend.internal".
Dependencies file "src/opengl/CMakeFiles/OpenGL.dir/qopenglfunctions_3_0.cpp.o.d" is newer than depends file "/home/luke/sponge-os/genode/build/x86_64/qt6/base/src/opengl/CMakeFiles/OpenGL.dir/compiler_depend.internal".
Dependencies file "src/widgets/CMakeFiles/Widgets.dir/accessible/qaccessiblewidgetfactory.cpp.o.d" is newer than depends file "/home/luke/sponge-os/genode/build/x86_64/qt6/base/src/widgets/CMakeFiles/Widgets.dir/compiler_depend.internal".
Dependencies file "src/opengl/CMakeFiles/OpenGL.dir/qopenglfunctions_3_1.cpp.o.d" is newer than depends file "/home/luke/sponge-os/genode/build/x86_64/qt6/base/src/opengl/CMakeFiles/OpenGL.dir/compiler_depend.internal".
Dependencies file "src/opengl/CMakeFiles/OpenGL.dir/qopenglfunctions_3_2_compatibility.cpp.o.d" is newer than depends file "/home/luke/sponge-os/genode/build/x86_64/qt6/base/src/opengl/CMakeFiles/OpenGL.dir/compiler_depend.internal".
Dependencies file "src/widgets/CMakeFiles/Widgets.dir/accessible/qaccessiblewidgets.cpp.o.d" is newer than depends file "/home/luke/sponge-os/genode/build/x86_64/qt6/base/src/widgets/CMakeFiles/Widgets.dir/compiler_depend.internal".
Dependencies file "src/opengl/CMakeFiles/OpenGL.dir/qopenglfunctions_3_2_core.cpp.o.d" is newer than depends file "/home/luke/sponge-os/genode/build/x86_64/qt6/base/src/opengl/CMakeFiles/OpenGL.dir/compiler_depend.internal".
Dependencies file "src/opengl/CMakeFiles/OpenGL.dir/qopenglfunctions_3_3_compatibility.cpp.o.d" is newer than depends file "/home/luke/sponge-os/genode/build/x86_64/qt6/base/src/opengl/CMakeFiles/OpenGL.dir/compiler_depend.internal".
Dependencies file "src/opengl/CMakeFiles/OpenGL.dir/qopenglfunctions_3_3_core.cpp.o.d" is newer than depends file "/home/luke/sponge-os/genode/build/x86_64/qt6/base/src/opengl/CMakeFiles/OpenGL.dir/compiler_depend.internal".
Dependencies file "src/widgets/CMakeFiles/Widgets.dir/accessible/rangecontrols.cpp.o.d" is newer than depends file "/home/luke/sponge-os/genode/build/x86_64/qt6/base/src/widgets/CMakeFiles/Widgets.dir/compiler_depend.internal".
Dependencies file "src/opengl/CMakeFiles/OpenGL.dir/qopenglfunctions_4_0_compatibility.cpp.o.d" is newer than depends file "/home/luke/sponge-os/genode/build/x86_64/qt6/base/src/opengl/CMakeFiles/OpenGL.dir/compiler_depend.internal".
Dependencies file "src/widgets/CMakeFiles/Widgets.dir/accessible/simplewidgets.cpp.o.d" is newer than depends file "/home/luke/sponge-os/genode/build/x86_64/qt6/base/src/widgets/CMakeFiles/Widgets.dir/compiler_depend.internal".
Dependencies file "src/opengl/CMakeFiles/OpenGL.dir/qopenglfunctions_4_0_core.cpp.o.d" is newer than depends file "/home/luke/sponge-os/genode/build/x86_64/qt6/base/src/opengl/CMakeFiles/OpenGL.dir/compiler_depend.internal".
Dependencies file "src/opengl/CMakeFiles/OpenGL.dir/qopenglfunctions_4_1_compatibility.cpp.o.d" is newer than depends file "/home/luke/sponge-os/genode/build/x86_64/qt6/base/src/opengl/CMakeFiles/OpenGL.dir/compiler_depend.internal".
Dependencies file "src/widgets/CMakeFiles/Widgets.dir/compat/removed_api.cpp.o.d" is newer than depends file "/home/luke/sponge-os/genode/build/x86_64/qt6/base/src/widgets/CMakeFiles/Widgets.dir/compiler_depend.internal".
Dependencies file "src/opengl/CMakeFiles/OpenGL.dir/qopenglfunctions_4_1_core.cpp.o.d" is newer than depends file "/home/luke/sponge-os/genode/build/x86_64/qt6/base/src/opengl/CMakeFiles/OpenGL.dir/compiler_depend.internal".
Dependencies file "src/widgets/CMakeFiles/Widgets.dir/dialogs/qcolordialog.cpp.o.d" is newer than depends file "/home/luke/sponge-os/genode/build/x86_64/qt6/base/src/widgets/CMakeFiles/Widgets.dir/compiler_depend.internal".
Dependencies file "src/opengl/CMakeFiles/OpenGL.dir/qopenglfunctions_4_2_compatibility.cpp.o.d" is newer than depends file "/home/luke/sponge-os/genode/build/x86_64/qt6/base/src/opengl/CMakeFiles/OpenGL.dir/compiler_depend.internal".
Dependencies file "src/opengl/CMakeFiles/OpenGL.dir/qopenglfunctions_4_2_core.cpp.o.d" is newer than depends file "/home/luke/sponge-os/genode/build/x86_64/qt6/base/src/opengl/CMakeFiles/OpenGL.dir/compiler_depend.internal".
Dependencies file "src/widgets/CMakeFiles/Widgets.dir/dialogs/qdialog.cpp.o.d" is newer than depends file "/home/luke/sponge-os/genode/build/x86_64/qt6/base/src/widgets/CMakeFiles/Widgets.dir/compiler_depend.internal".
Dependencies file "src/opengl/CMakeFiles/OpenGL.dir/qopenglfunctions_4_3_compatibility.cpp.o.d" is newer than depends file "/home/luke/sponge-os/genode/build/x86_64/qt6/base/src/opengl/CMakeFiles/OpenGL.dir/compiler_depend.internal".
Dependencies file "src/opengl/CMakeFiles/OpenGL.dir/qopenglfunctions_4_3_core.cpp.o.d" is newer than depends file "/home/luke/sponge-os/genode/build/x86_64/qt6/base/src/opengl/CMakeFiles/OpenGL.dir/compiler_depend.internal".
Dependencies file "src/opengl/CMakeFiles/OpenGL.dir/qopenglfunctions_4_4_compatibility.cpp.o.d" is newer than depends file "/home/luke/sponge-os/genode/build/x86_64/qt6/base/src/opengl/CMakeFiles/OpenGL.dir/compiler_depend.internal".
Dependencies file "src/widgets/CMakeFiles/Widgets.dir/dialogs/qerrormessage.cpp.o.d" is newer than depends file "/home/luke/sponge-os/genode/build/x86_64/qt6/base/src/widgets/CMakeFiles/Widgets.dir/compiler_depend.internal".
Dependencies file "src/opengl/CMakeFiles/OpenGL.dir/qopenglfunctions_4_4_core.cpp.o.d" is newer than depends file "/home/luke/sponge-os/genode/build/x86_64/qt6/base/src/opengl/CMakeFiles/OpenGL.dir/compiler_depend.internal".
Dependencies file "src/opengl/CMakeFiles/OpenGL.dir/qopenglfunctions_4_5_compatibility.cpp.o.d" is newer than depends file "/home/luke/sponge-os/genode/build/x86_64/qt6/base/src/opengl/CMakeFiles/OpenGL.dir/compiler_depend.internal".
Dependencies file "src/widgets/CMakeFiles/Widgets.dir/dialogs/qfiledialog.cpp.o.d" is newer than depends file "/home/luke/sponge-os/genode/build/x86_64/qt6/base/src/widgets/CMakeFiles/Widgets.dir/compiler_depend.internal".
Dependencies file "src/opengl/CMakeFiles/OpenGL.dir/qopenglfunctions_4_5_core.cpp.o.d" is newer than depends file "/home/luke/sponge-os/genode/build/x86_64/qt6/base/src/opengl/CMakeFiles/OpenGL.dir/compiler_depend.internal".
Dependencies file "src/opengl/CMakeFiles/OpenGL.dir/qopenglgradientcache.cpp.o.d" is newer than depends file "/home/luke/sponge-os/genode/build/x86_64/qt6/base/src/opengl/CMakeFiles/OpenGL.dir/compiler_depend.internal".
Dependencies file "src/widgets/CMakeFiles/Widgets.dir/dialogs/qfontdialog.cpp.o.d" is newer than depends file "/home/luke/sponge-os/genode/build/x86_64/qt6/base/src/widgets/CMakeFiles/Widgets.dir/compiler_depend.internal".
Dependencies file "src/opengl/CMakeFiles/OpenGL.dir/qopenglpaintdevice.cpp.o.d" is newer than depends file "/home/luke/sponge-os/genode/build/x86_64/qt6/base/src/opengl/CMakeFiles/OpenGL.dir/compiler_depend.internal".
Dependencies file "src/widgets/CMakeFiles/Widgets.dir/dialogs/qinputdialog.cpp.o.d" is newer than depends file "/home/luke/sponge-os/genode/build/x86_64/qt6/base/src/widgets/CMakeFiles/Widgets.dir/compiler_depend.internal".
Dependencies file "src/opengl/CMakeFiles/OpenGL.dir/qopenglpaintengine.cpp.o.d" is newer than depends file "/home/luke/sponge-os/genode/build/x86_64/qt6/base/src/opengl/CMakeFiles/OpenGL.dir/compiler_depend.internal".
Dependencies file "src/widgets/CMakeFiles/Widgets.dir/dialogs/qmessagebox.cpp.o.d" is newer than depends file "/home/luke/sponge-os/genode/build/x86_64/qt6/base/src/widgets/CMakeFiles/Widgets.dir/compiler_depend.internal".
Dependencies file "src/opengl/CMakeFiles/OpenGL.dir/qopenglpixeltransferoptions.cpp.o.d" is newer than depends file "/home/luke/sponge-os/genode/build/x86_64/qt6/base/src/opengl/CMakeFiles/OpenGL.dir/compiler_depend.internal".
Dependencies file "src/opengl/CMakeFiles/OpenGL.dir/qopenglshaderprogram.cpp.o.d" is newer than depends file "/home/luke/sponge-os/genode/build/x86_64/qt6/base/src/opengl/CMakeFiles/OpenGL.dir/compiler_depend.internal".
Dependencies file "src/opengl/CMakeFiles/OpenGL.dir/qopengltexture.cpp.o.d" is newer than depends file "/home/luke/sponge-os/genode/build/x86_64/qt6/base/src/opengl/CMakeFiles/OpenGL.dir/compiler_depend.internal".
Dependencies file "src/widgets/CMakeFiles/Widgets.dir/dialogs/qprogressdialog.cpp.o.d" is newer than depends file "/home/luke/sponge-os/genode/build/x86_64/qt6/base/src/widgets/CMakeFiles/Widgets.dir/compiler_depend.internal".
Dependencies file "src/opengl/CMakeFiles/OpenGL.dir/qopengltextureblitter.cpp.o.d" is newer than depends file "/home/luke/sponge-os/genode/build/x86_64/qt6/base/src/opengl/CMakeFiles/OpenGL.dir/compiler_depend.internal".
Dependencies file "src/widgets/CMakeFiles/Widgets.dir/dialogs/qsidebar.cpp.o.d" is newer than depends file "/home/luke/sponge-os/genode/build/x86_64/qt6/base/src/widgets/CMakeFiles/Widgets.dir/compiler_depend.internal".
Dependencies file "src/opengl/CMakeFiles/OpenGL.dir/qopengltexturecache.cpp.o.d" is newer than depends file "/home/luke/sponge-os/genode/build/x86_64/qt6/base/src/opengl/CMakeFiles/OpenGL.dir/compiler_depend.internal".
Dependencies file "src/widgets/CMakeFiles/Widgets.dir/dialogs/qwizard.cpp.o.d" is newer than depends file "/home/luke/sponge-os/genode/build/x86_64/qt6/base/src/widgets/CMakeFiles/Widgets.dir/compiler_depend.internal".
Dependencies file "src/opengl/CMakeFiles/OpenGL.dir/qopengltextureglyphcache.cpp.o.d" is newer than depends file "/home/luke/sponge-os/genode/build/x86_64/qt6/base/src/opengl/CMakeFiles/OpenGL.dir/compiler_depend.internal".
[ 77%] Built target QICOPlugin
Dependencies file "src/opengl/CMakeFiles/OpenGL.dir/qopengltexturehelper.cpp.o.d" is newer than depends file "/home/luke/sponge-os/genode/build/x86_64/qt6/base/src/opengl/CMakeFiles/OpenGL.dir/compiler_depend.internal".
Dependencies file "src/widgets/CMakeFiles/Widgets.dir/effects/qgraphicseffect.cpp.o.d" is newer than depends file "/home/luke/sponge-os/genode/build/x86_64/qt6/base/src/widgets/CMakeFiles/Widgets.dir/compiler_depend.internal".
Dependencies file "src/opengl/CMakeFiles/OpenGL.dir/qopengltextureuploader.cpp.o.d" is newer than depends file "/home/luke/sponge-os/genode/build/x86_64/qt6/base/src/opengl/CMakeFiles/OpenGL.dir/compiler_depend.internal".
Dependencies file "src/opengl/CMakeFiles/OpenGL.dir/qopengltimerquery.cpp.o.d" is newer than depends file "/home/luke/sponge-os/genode/build/x86_64/qt6/base/src/opengl/CMakeFiles/OpenGL.dir/compiler_depend.internal".
Dependencies file "src/widgets/CMakeFiles/Widgets.dir/effects/qpixmapfilter.cpp.o.d" is newer than depends file "/home/luke/sponge-os/genode/build/x86_64/qt6/base/src/widgets/CMakeFiles/Widgets.dir/compiler_depend.internal".
[ 77%] Built target QGifPlugin
Dependencies file "src/opengl/CMakeFiles/OpenGL.dir/qopenglversionfunctions.cpp.o.d" is newer than depends file "/home/luke/sponge-os/genode/build/x86_64/qt6/base/src/opengl/CMakeFiles/OpenGL.dir/compiler_depend.internal".
Dependencies file "src/widgets/CMakeFiles/Widgets.dir/graphicsview/qgraphicsanchorlayout.cpp.o.d" is newer than depends file "/home/luke/sponge-os/genode/build/x86_64/qt6/base/src/widgets/CMakeFiles/Widgets.dir/compiler_depend.internal".
Dependencies file "src/opengl/CMakeFiles/OpenGL.dir/qopenglversionfunctionsfactory.cpp.o.d" is newer than depends file "/home/luke/sponge-os/genode/build/x86_64/qt6/base/src/opengl/CMakeFiles/OpenGL.dir/compiler_depend.internal".
Dependencies file "src/widgets/CMakeFiles/Widgets.dir/graphicsview/qgraphicsanchorlayout_p.cpp.o.d" is newer than depends file "/home/luke/sponge-os/genode/build/x86_64/qt6/base/src/widgets/CMakeFiles/Widgets.dir/compiler_depend.internal".
Dependencies file "src/opengl/CMakeFiles/OpenGL.dir/qopenglversionprofile.cpp.o.d" is newer than depends file "/home/luke/sponge-os/genode/build/x86_64/qt6/base/src/opengl/CMakeFiles/OpenGL.dir/compiler_depend.internal".
Dependencies file "src/opengl/CMakeFiles/OpenGL.dir/qopenglvertexarrayobject.cpp.o.d" is newer than depends file "/home/luke/sponge-os/genode/build/x86_64/qt6/base/src/opengl/CMakeFiles/OpenGL.dir/compiler_depend.internal".
Dependencies file "src/widgets/CMakeFiles/Widgets.dir/graphicsview/qgraphicsgridlayout.cpp.o.d" is newer than depends file "/home/luke/sponge-os/genode/build/x86_64/qt6/base/src/widgets/CMakeFiles/Widgets.dir/compiler_depend.internal".
Dependencies file "src/opengl/CMakeFiles/OpenGL.dir/qopenglwindow.cpp.o.d" is newer than depends file "/home/luke/sponge-os/genode/build/x86_64/qt6/base/src/opengl/CMakeFiles/OpenGL.dir/compiler_depend.internal".
Dependencies file "src/widgets/CMakeFiles/Widgets.dir/graphicsview/qgraphicsgridlayoutengine.cpp.o.d" is newer than depends file "/home/luke/sponge-os/genode/build/x86_64/qt6/base/src/widgets/CMakeFiles/Widgets.dir/compiler_depend.internal".
[1m[35mConsolidate compiler generated dependencies of target OpenGL[0m
Dependencies file "src/widgets/CMakeFiles/Widgets.dir/graphicsview/qgraphicsitem.cpp.o.d" is newer than depends file "/home/luke/sponge-os/genode/build/x86_64/qt6/base/src/widgets/CMakeFiles/Widgets.dir/compiler_depend.internal".
Dependencies file "src/widgets/CMakeFiles/Widgets.dir/graphicsview/qgraphicsitemanimation.cpp.o.d" is newer than depends file "/home/luke/sponge-os/genode/build/x86_64/qt6/base/src/widgets/CMakeFiles/Widgets.dir/compiler_depend.internal".
Dependencies file "src/widgets/CMakeFiles/Widgets.dir/graphicsview/qgraphicslayout.cpp.o.d" is newer than depends file "/home/luke/sponge-os/genode/build/x86_64/qt6/base/src/widgets/CMakeFiles/Widgets.dir/compiler_depend.internal".
[ 77%] Built target QJpegPlugin
Dependencies file "src/widgets/CMakeFiles/Widgets.dir/graphicsview/qgraphicslayout_p.cpp.o.d" is newer than depends file "/home/luke/sponge-os/genode/build/x86_64/qt6/base/src/widgets/CMakeFiles/Widgets.dir/compiler_depend.internal".
Dependencies file "src/widgets/CMakeFiles/Widgets.dir/graphicsview/qgraphicslayoutitem.cpp.o.d" is newer than depends file "/home/luke/sponge-os/genode/build/x86_64/qt6/base/src/widgets/CMakeFiles/Widgets.dir/compiler_depend.internal".
Dependencies file "src/widgets/CMakeFiles/Widgets.dir/graphicsview/qgraphicslayoutstyleinfo.cpp.o.d" is newer than depends file "/home/luke/sponge-os/genode/build/x86_64/qt6/base/src/widgets/CMakeFiles/Widgets.dir/compiler_depend.internal".
[ 77%] Built target QTuioTouchPlugin
Dependencies file "src/widgets/CMakeFiles/Widgets.dir/graphicsview/qgraphicslinearlayout.cpp.o.d" is newer than depends file "/home/luke/sponge-os/genode/build/x86_64/qt6/base/src/widgets/CMakeFiles/Widgets.dir/compiler_depend.internal".
Dependencies file "src/widgets/CMakeFiles/Widgets.dir/graphicsview/qgraphicsproxywidget.cpp.o.d" is newer than depends file "/home/luke/sponge-os/genode/build/x86_64/qt6/base/src/widgets/CMakeFiles/Widgets.dir/compiler_depend.internal".
Dependencies file "src/widgets/CMakeFiles/Widgets.dir/graphicsview/qgraphicsscene.cpp.o.d" is newer than depends file "/home/luke/sponge-os/genode/build/x86_64/qt6/base/src/widgets/CMakeFiles/Widgets.dir/compiler_depend.internal".
Dependencies file "src/widgets/CMakeFiles/Widgets.dir/graphicsview/qgraphicsscene_bsp.cpp.o.d" is newer than depends file "/home/luke/sponge-os/genode/build/x86_64/qt6/base/src/widgets/CMakeFiles/Widgets.dir/compiler_depend.internal".
Dependencies file "src/widgets/CMakeFiles/Widgets.dir/graphicsview/qgraphicsscenebsptreeindex.cpp.o.d" is newer than depends file "/home/luke/sponge-os/genode/build/x86_64/qt6/base/src/widgets/CMakeFiles/Widgets.dir/compiler_depend.internal".
Dependencies file "src/widgets/CMakeFiles/Widgets.dir/graphicsview/qgraphicssceneevent.cpp.o.d" is newer than depends file "/home/luke/sponge-os/genode/build/x86_64/qt6/base/src/widgets/CMakeFiles/Widgets.dir/compiler_depend.internal".
Dependencies file "src/widgets/CMakeFiles/Widgets.dir/graphicsview/qgraphicssceneindex.cpp.o.d" is newer than depends file "/home/luke/sponge-os/genode/build/x86_64/qt6/base/src/widgets/CMakeFiles/Widgets.dir/compiler_depend.internal".
Dependencies file "src/widgets/CMakeFiles/Widgets.dir/graphicsview/qgraphicsscenelinearindex.cpp.o.d" is newer than depends file "/home/luke/sponge-os/genode/build/x86_64/qt6/base/src/widgets/CMakeFiles/Widgets.dir/compiler_depend.internal".
Dependencies file "src/widgets/CMakeFiles/Widgets.dir/graphicsview/qgraphicstransform.cpp.o.d" is newer than depends file "/home/luke/sponge-os/genode/build/x86_64/qt6/base/src/widgets/CMakeFiles/Widgets.dir/compiler_depend.internal".
Dependencies file "src/widgets/CMakeFiles/Widgets.dir/graphicsview/qgraphicsview.cpp.o.d" is newer than depends file "/home/luke/sponge-os/genode/build/x86_64/qt6/base/src/widgets/CMakeFiles/Widgets.dir/compiler_depend.internal".
Dependencies file "src/widgets/CMakeFiles/Widgets.dir/graphicsview/qgraphicswidget.cpp.o.d" is newer than depends file "/home/luke/sponge-os/genode/build/x86_64/qt6/base/src/widgets/CMakeFiles/Widgets.dir/compiler_depend.internal".
Dependencies file "src/widgets/CMakeFiles/Widgets.dir/graphicsview/qgraphicswidget_p.cpp.o.d" is newer than depends file "/home/luke/sponge-os/genode/build/x86_64/qt6/base/src/widgets/CMakeFiles/Widgets.dir/compiler_depend.internal".
Dependencies file "src/widgets/CMakeFiles/Widgets.dir/graphicsview/qsimplex_p.cpp.o.d" is newer than depends file "/home/luke/sponge-os/genode/build/x86_64/qt6/base/src/widgets/CMakeFiles/Widgets.dir/compiler_depend.internal".
Dependencies file "src/widgets/CMakeFiles/Widgets.dir/itemviews/qabstractitemdelegate.cpp.o.d" is newer than depends file "/home/luke/sponge-os/genode/build/x86_64/qt6/base/src/widgets/CMakeFiles/Widgets.dir/compiler_depend.internal".
Dependencies file "src/widgets/CMakeFiles/Widgets.dir/itemviews/qabstractitemview.cpp.o.d" is newer than depends file "/home/luke/sponge-os/genode/build/x86_64/qt6/base/src/widgets/CMakeFiles/Widgets.dir/compiler_depend.internal".
Dependencies file "src/widgets/CMakeFiles/Widgets.dir/itemviews/qbsptree.cpp.o.d" is newer than depends file "/home/luke/sponge-os/genode/build/x86_64/qt6/base/src/widgets/CMakeFiles/Widgets.dir/compiler_depend.internal".
Dependencies file "src/widgets/CMakeFiles/Widgets.dir/itemviews/qcolumnview.cpp.o.d" is newer than depends file "/home/luke/sponge-os/genode/build/x86_64/qt6/base/src/widgets/CMakeFiles/Widgets.dir/compiler_depend.internal".
Dependencies file "src/widgets/CMakeFiles/Widgets.dir/itemviews/qcolumnviewgrip.cpp.o.d" is newer than depends file "/home/luke/sponge-os/genode/build/x86_64/qt6/base/src/widgets/CMakeFiles/Widgets.dir/compiler_depend.internal".
Dependencies file "src/widgets/CMakeFiles/Widgets.dir/itemviews/qdatawidgetmapper.cpp.o.d" is newer than depends file "/home/luke/sponge-os/genode/build/x86_64/qt6/base/src/widgets/CMakeFiles/Widgets.dir/compiler_depend.internal".
Dependencies file "src/widgets/CMakeFiles/Widgets.dir/itemviews/qfileiconprovider.cpp.o.d" is newer than depends file "/home/luke/sponge-os/genode/build/x86_64/qt6/base/src/widgets/CMakeFiles/Widgets.dir/compiler_depend.internal".
[ 78%] Built target QGenodeIntegrationPlugin
Dependencies file "src/widgets/CMakeFiles/Widgets.dir/itemviews/qheaderview.cpp.o.d" is newer than depends file "/home/luke/sponge-os/genode/build/x86_64/qt6/base/src/widgets/CMakeFiles/Widgets.dir/compiler_depend.internal".
Dependencies file "src/widgets/CMakeFiles/Widgets.dir/itemviews/qitemdelegate.cpp.o.d" is newer than depends file "/home/luke/sponge-os/genode/build/x86_64/qt6/base/src/widgets/CMakeFiles/Widgets.dir/compiler_depend.internal".
Dependencies file "src/widgets/CMakeFiles/Widgets.dir/itemviews/qitemeditorfactory.cpp.o.d" is newer than depends file "/home/luke/sponge-os/genode/build/x86_64/qt6/base/src/widgets/CMakeFiles/Widgets.dir/compiler_depend.internal".
Dependencies file "src/widgets/CMakeFiles/Widgets.dir/itemviews/qlistview.cpp.o.d" is newer than depends file "/home/luke/sponge-os/genode/build/x86_64/qt6/base/src/widgets/CMakeFiles/Widgets.dir/compiler_depend.internal".
Dependencies file "src/widgets/CMakeFiles/Widgets.dir/itemviews/qlistwidget.cpp.o.d" is newer than depends file "/home/luke/sponge-os/genode/build/x86_64/qt6/base/src/widgets/CMakeFiles/Widgets.dir/compiler_depend.internal".
Dependencies file "src/widgets/CMakeFiles/Widgets.dir/itemviews/qstyleditemdelegate.cpp.o.d" is newer than depends file "/home/luke/sponge-os/genode/build/x86_64/qt6/base/src/widgets/CMakeFiles/Widgets.dir/compiler_depend.internal".
Dependencies file "src/widgets/CMakeFiles/Widgets.dir/itemviews/qtableview.cpp.o.d" is newer than depends file "/home/luke/sponge-os/genode/build/x86_64/qt6/base/src/widgets/CMakeFiles/Widgets.dir/compiler_depend.internal".
Dependencies file "src/widgets/CMakeFiles/Widgets.dir/itemviews/qtablewidget.cpp.o.d" is newer than depends file "/home/luke/sponge-os/genode/build/x86_64/qt6/base/src/widgets/CMakeFiles/Widgets.dir/compiler_depend.internal".
Dependencies file "src/widgets/CMakeFiles/Widgets.dir/itemviews/qtreeview.cpp.o.d" is newer than depends file "/home/luke/sponge-os/genode/build/x86_64/qt6/base/src/widgets/CMakeFiles/Widgets.dir/compiler_depend.internal".
Dependencies file "src/widgets/CMakeFiles/Widgets.dir/itemviews/qtreewidget.cpp.o.d" is newer than depends file "/home/luke/sponge-os/genode/build/x86_64/qt6/base/src/widgets/CMakeFiles/Widgets.dir/compiler_depend.internal".
Dependencies file "src/widgets/CMakeFiles/Widgets.dir/itemviews/qtreewidgetitemiterator.cpp.o.d" is newer than depends file "/home/luke/sponge-os/genode/build/x86_64/qt6/base/src/widgets/CMakeFiles/Widgets.dir/compiler_depend.internal".
Dependencies file "src/widgets/CMakeFiles/Widgets.dir/kernel/qaction_widgets.cpp.o.d" is newer than depends file "/home/luke/sponge-os/genode/build/x86_64/qt6/base/src/widgets/CMakeFiles/Widgets.dir/compiler_depend.internal".
Dependencies file "src/widgets/CMakeFiles/Widgets.dir/kernel/qapplication.cpp.o.d" is newer than depends file "/home/luke/sponge-os/genode/build/x86_64/qt6/base/src/widgets/CMakeFiles/Widgets.dir/compiler_depend.internal".
Dependencies file "src/widgets/CMakeFiles/Widgets.dir/kernel/qboxlayout.cpp.o.d" is newer than depends file "/home/luke/sponge-os/genode/build/x86_64/qt6/base/src/widgets/CMakeFiles/Widgets.dir/compiler_depend.internal".
Dependencies file "src/widgets/CMakeFiles/Widgets.dir/kernel/qformlayout.cpp.o.d" is newer than depends file "/home/luke/sponge-os/genode/build/x86_64/qt6/base/src/widgets/CMakeFiles/Widgets.dir/compiler_depend.internal".
Dependencies file "src/widgets/CMakeFiles/Widgets.dir/kernel/qgesture.cpp.o.d" is newer than depends file "/home/luke/sponge-os/genode/build/x86_64/qt6/base/src/widgets/CMakeFiles/Widgets.dir/compiler_depend.internal".
Dependencies file "src/widgets/CMakeFiles/Widgets.dir/kernel/qgesturemanager.cpp.o.d" is newer than depends file "/home/luke/sponge-os/genode/build/x86_64/qt6/base/src/widgets/CMakeFiles/Widgets.dir/compiler_depend.internal".
Dependencies file "src/widgets/CMakeFiles/Widgets.dir/kernel/qgesturerecognizer.cpp.o.d" is newer than depends file "/home/luke/sponge-os/genode/build/x86_64/qt6/base/src/widgets/CMakeFiles/Widgets.dir/compiler_depend.internal".
Dependencies file "src/widgets/CMakeFiles/Widgets.dir/kernel/qgridlayout.cpp.o.d" is newer than depends file "/home/luke/sponge-os/genode/build/x86_64/qt6/base/src/widgets/CMakeFiles/Widgets.dir/compiler_depend.internal".
Dependencies file "src/widgets/CMakeFiles/Widgets.dir/kernel/qlayout.cpp.o.d" is newer than depends file "/home/luke/sponge-os/genode/build/x86_64/qt6/base/src/widgets/CMakeFiles/Widgets.dir/compiler_depend.internal".
Dependencies file "src/widgets/CMakeFiles/Widgets.dir/kernel/qlayoutengine.cpp.o.d" is newer than depends file "/home/luke/sponge-os/genode/build/x86_64/qt6/base/src/widgets/CMakeFiles/Widgets.dir/compiler_depend.internal".
Dependencies file "src/widgets/CMakeFiles/Widgets.dir/kernel/qlayoutitem.cpp.o.d" is newer than depends file "/home/luke/sponge-os/genode/build/x86_64/qt6/base/src/widgets/CMakeFiles/Widgets.dir/compiler_depend.internal".
Dependencies file "src/widgets/CMakeFiles/Widgets.dir/kernel/qrhiwidget.cpp.o.d" is newer than depends file "/home/luke/sponge-os/genode/build/x86_64/qt6/base/src/widgets/CMakeFiles/Widgets.dir/compiler_depend.internal".
Dependencies file "src/widgets/CMakeFiles/Widgets.dir/kernel/qshortcut_widgets.cpp.o.d" is newer than depends file "/home/luke/sponge-os/genode/build/x86_64/qt6/base/src/widgets/CMakeFiles/Widgets.dir/compiler_depend.internal".
Dependencies file "src/widgets/CMakeFiles/Widgets.dir/kernel/qsizepolicy.cpp.o.d" is newer than depends file "/home/luke/sponge-os/genode/build/x86_64/qt6/base/src/widgets/CMakeFiles/Widgets.dir/compiler_depend.internal".
Dependencies file "src/widgets/CMakeFiles/Widgets.dir/kernel/qstackedlayout.cpp.o.d" is newer than depends file "/home/luke/sponge-os/genode/build/x86_64/qt6/base/src/widgets/CMakeFiles/Widgets.dir/compiler_depend.internal".
Dependencies file "src/widgets/CMakeFiles/Widgets.dir/kernel/qstandardgestures.cpp.o.d" is newer than depends file "/home/luke/sponge-os/genode/build/x86_64/qt6/base/src/widgets/CMakeFiles/Widgets.dir/compiler_depend.internal".
Dependencies file "src/widgets/CMakeFiles/Widgets.dir/kernel/qtestsupport_widgets.cpp.o.d" is newer than depends file "/home/luke/sponge-os/genode/build/x86_64/qt6/base/src/widgets/CMakeFiles/Widgets.dir/compiler_depend.internal".
Dependencies file "src/widgets/CMakeFiles/Widgets.dir/kernel/qtooltip.cpp.o.d" is newer than depends file "/home/luke/sponge-os/genode/build/x86_64/qt6/base/src/widgets/CMakeFiles/Widgets.dir/compiler_depend.internal".
Dependencies file "src/widgets/CMakeFiles/Widgets.dir/kernel/qwhatsthis.cpp.o.d" is newer than depends file "/home/luke/sponge-os/genode/build/x86_64/qt6/base/src/widgets/CMakeFiles/Widgets.dir/compiler_depend.internal".
Dependencies file "src/widgets/CMakeFiles/Widgets.dir/kernel/qwidget.cpp.o.d" is newer than depends file "/home/luke/sponge-os/genode/build/x86_64/qt6/base/src/widgets/CMakeFiles/Widgets.dir/compiler_depend.internal".
Dependencies file "src/widgets/CMakeFiles/Widgets.dir/kernel/qwidgetaction.cpp.o.d" is newer than depends file "/home/luke/sponge-os/genode/build/x86_64/qt6/base/src/widgets/CMakeFiles/Widgets.dir/compiler_depend.internal".
Dependencies file "src/widgets/CMakeFiles/Widgets.dir/kernel/qwidgetrepaintmanager.cpp.o.d" is newer than depends file "/home/luke/sponge-os/genode/build/x86_64/qt6/base/src/widgets/CMakeFiles/Widgets.dir/compiler_depend.internal".
Dependencies file "src/widgets/CMakeFiles/Widgets.dir/kernel/qwidgetsvariant.cpp.o.d" is newer than depends file "/home/luke/sponge-os/genode/build/x86_64/qt6/base/src/widgets/CMakeFiles/Widgets.dir/compiler_depend.internal".
Dependencies file "src/widgets/CMakeFiles/Widgets.dir/kernel/qwidgetwindow.cpp.o.d" is newer than depends file "/home/luke/sponge-os/genode/build/x86_64/qt6/base/src/widgets/CMakeFiles/Widgets.dir/compiler_depend.internal".
Dependencies file "src/widgets/CMakeFiles/Widgets.dir/kernel/qwindowcontainer.cpp.o.d" is newer than depends file "/home/luke/sponge-os/genode/build/x86_64/qt6/base/src/widgets/CMakeFiles/Widgets.dir/compiler_depend.internal".
Dependencies file "src/widgets/CMakeFiles/Widgets.dir/styles/qcommonstyle.cpp.o.d" is newer than depends file "/home/luke/sponge-os/genode/build/x86_64/qt6/base/src/widgets/CMakeFiles/Widgets.dir/compiler_depend.internal".
Dependencies file "src/widgets/CMakeFiles/Widgets.dir/styles/qdrawutil.cpp.o.d" is newer than depends file "/home/luke/sponge-os/genode/build/x86_64/qt6/base/src/widgets/CMakeFiles/Widgets.dir/compiler_depend.internal".
Dependencies file "src/widgets/CMakeFiles/Widgets.dir/styles/qfusionstyle.cpp.o.d" is newer than depends file "/home/luke/sponge-os/genode/build/x86_64/qt6/base/src/widgets/CMakeFiles/Widgets.dir/compiler_depend.internal".
Dependencies file "src/widgets/CMakeFiles/Widgets.dir/styles/qpixmapstyle.cpp.o.d" is newer than depends file "/home/luke/sponge-os/genode/build/x86_64/qt6/base/src/widgets/CMakeFiles/Widgets.dir/compiler_depend.internal".
Dependencies file "src/widgets/CMakeFiles/Widgets.dir/styles/qproxystyle.cpp.o.d" is newer than depends file "/home/luke/sponge-os/genode/build/x86_64/qt6/base/src/widgets/CMakeFiles/Widgets.dir/compiler_depend.internal".
Dependencies file "src/widgets/CMakeFiles/Widgets.dir/styles/qstyle.cpp.o.d" is newer than depends file "/home/luke/sponge-os/genode/build/x86_64/qt6/base/src/widgets/CMakeFiles/Widgets.dir/compiler_depend.internal".
Dependencies file "src/widgets/CMakeFiles/Widgets.dir/styles/qstyleanimation.cpp.o.d" is newer than depends file "/home/luke/sponge-os/genode/build/x86_64/qt6/base/src/widgets/CMakeFiles/Widgets.dir/compiler_depend.internal".
Dependencies file "src/widgets/CMakeFiles/Widgets.dir/styles/qstylefactory.cpp.o.d" is newer than depends file "/home/luke/sponge-os/genode/build/x86_64/qt6/base/src/widgets/CMakeFiles/Widgets.dir/compiler_depend.internal".
Dependencies file "src/widgets/CMakeFiles/Widgets.dir/styles/qstylehelper.cpp.o.d" is newer than depends file "/home/luke/sponge-os/genode/build/x86_64/qt6/base/src/widgets/CMakeFiles/Widgets.dir/compiler_depend.internal".
Dependencies file "src/widgets/CMakeFiles/Widgets.dir/styles/qstyleoption.cpp.o.d" is newer than depends file "/home/luke/sponge-os/genode/build/x86_64/qt6/base/src/widgets/CMakeFiles/Widgets.dir/compiler_depend.internal".
Dependencies file "src/widgets/CMakeFiles/Widgets.dir/styles/qstylepainter.cpp.o.d" is newer than depends file "/home/luke/sponge-os/genode/build/x86_64/qt6/base/src/widgets/CMakeFiles/Widgets.dir/compiler_depend.internal".
Dependencies file "src/widgets/CMakeFiles/Widgets.dir/styles/qstyleplugin.cpp.o.d" is newer than depends file "/home/luke/sponge-os/genode/build/x86_64/qt6/base/src/widgets/CMakeFiles/Widgets.dir/compiler_depend.internal".
Dependencies file "src/widgets/CMakeFiles/Widgets.dir/styles/qstylesheetstyle.cpp.o.d" is newer than depends file "/home/luke/sponge-os/genode/build/x86_64/qt6/base/src/widgets/CMakeFiles/Widgets.dir/compiler_depend.internal".
Dependencies file "src/widgets/CMakeFiles/Widgets.dir/styles/qstylesheetstyle_default.cpp.o.d" is newer than depends file "/home/luke/sponge-os/genode/build/x86_64/qt6/base/src/widgets/CMakeFiles/Widgets.dir/compiler_depend.internal".
Dependencies file "src/widgets/CMakeFiles/Widgets.dir/styles/qwindowsstyle.cpp.o.d" is newer than depends file "/home/luke/sponge-os/genode/build/x86_64/qt6/base/src/widgets/CMakeFiles/Widgets.dir/compiler_depend.internal".
Dependencies file "src/widgets/CMakeFiles/Widgets.dir/util/qcolormap.cpp.o.d" is newer than depends file "/home/luke/sponge-os/genode/build/x86_64/qt6/base/src/widgets/CMakeFiles/Widgets.dir/compiler_depend.internal".
Dependencies file "src/widgets/CMakeFiles/Widgets.dir/util/qcompleter.cpp.o.d" is newer than depends file "/home/luke/sponge-os/genode/build/x86_64/qt6/base/src/widgets/CMakeFiles/Widgets.dir/compiler_depend.internal".
Dependencies file "src/widgets/CMakeFiles/Widgets.dir/util/qflickgesture.cpp.o.d" is newer than depends file "/home/luke/sponge-os/genode/build/x86_64/qt6/base/src/widgets/CMakeFiles/Widgets.dir/compiler_depend.internal".
Dependencies file "src/widgets/CMakeFiles/Widgets.dir/util/qscroller.cpp.o.d" is newer than depends file "/home/luke/sponge-os/genode/build/x86_64/qt6/base/src/widgets/CMakeFiles/Widgets.dir/compiler_depend.internal".
Dependencies file "src/widgets/CMakeFiles/Widgets.dir/util/qscrollerproperties.cpp.o.d" is newer than depends file "/home/luke/sponge-os/genode/build/x86_64/qt6/base/src/widgets/CMakeFiles/Widgets.dir/compiler_depend.internal".
Dependencies file "src/widgets/CMakeFiles/Widgets.dir/util/qsystemtrayicon.cpp.o.d" is newer than depends file "/home/luke/sponge-os/genode/build/x86_64/qt6/base/src/widgets/CMakeFiles/Widgets.dir/compiler_depend.internal".
Dependencies file "src/widgets/CMakeFiles/Widgets.dir/util/qsystemtrayicon_qpa.cpp.o.d" is newer than depends file "/home/luke/sponge-os/genode/build/x86_64/qt6/base/src/widgets/CMakeFiles/Widgets.dir/compiler_depend.internal".
Dependencies file "src/widgets/CMakeFiles/Widgets.dir/util/qundoview.cpp.o.d" is newer than depends file "/home/luke/sponge-os/genode/build/x86_64/qt6/base/src/widgets/CMakeFiles/Widgets.dir/compiler_depend.internal".
Dependencies file "src/widgets/CMakeFiles/Widgets.dir/widgets/qabstractbutton.cpp.o.d" is newer than depends file "/home/luke/sponge-os/genode/build/x86_64/qt6/base/src/widgets/CMakeFiles/Widgets.dir/compiler_depend.internal".
Dependencies file "src/widgets/CMakeFiles/Widgets.dir/widgets/qabstractscrollarea.cpp.o.d" is newer than depends file "/home/luke/sponge-os/genode/build/x86_64/qt6/base/src/widgets/CMakeFiles/Widgets.dir/compiler_depend.internal".
Dependencies file "src/widgets/CMakeFiles/Widgets.dir/widgets/qabstractslider.cpp.o.d" is newer than depends file "/home/luke/sponge-os/genode/build/x86_64/qt6/base/src/widgets/CMakeFiles/Widgets.dir/compiler_depend.internal".
Dependencies file "src/widgets/CMakeFiles/Widgets.dir/widgets/qabstractspinbox.cpp.o.d" is newer than depends file "/home/luke/sponge-os/genode/build/x86_64/qt6/base/src/widgets/CMakeFiles/Widgets.dir/compiler_depend.internal".
Dependencies file "src/widgets/CMakeFiles/Widgets.dir/widgets/qbuttongroup.cpp.o.d" is newer than depends file "/home/luke/sponge-os/genode/build/x86_64/qt6/base/src/widgets/CMakeFiles/Widgets.dir/compiler_depend.internal".
Dependencies file "src/widgets/CMakeFiles/Widgets.dir/widgets/qcalendarwidget.cpp.o.d" is newer than depends file "/home/luke/sponge-os/genode/build/x86_64/qt6/base/src/widgets/CMakeFiles/Widgets.dir/compiler_depend.internal".
Dependencies file "src/widgets/CMakeFiles/Widgets.dir/widgets/qcheckbox.cpp.o.d" is newer than depends file "/home/luke/sponge-os/genode/build/x86_64/qt6/base/src/widgets/CMakeFiles/Widgets.dir/compiler_depend.internal".
Dependencies file "src/widgets/CMakeFiles/Widgets.dir/widgets/qcombobox.cpp.o.d" is newer than depends file "/home/luke/sponge-os/genode/build/x86_64/qt6/base/src/widgets/CMakeFiles/Widgets.dir/compiler_depend.internal".
Dependencies file "src/widgets/CMakeFiles/Widgets.dir/widgets/qcommandlinkbutton.cpp.o.d" is newer than depends file "/home/luke/sponge-os/genode/build/x86_64/qt6/base/src/widgets/CMakeFiles/Widgets.dir/compiler_depend.internal".
Dependencies file "src/widgets/CMakeFiles/Widgets.dir/widgets/qdatetimeedit.cpp.o.d" is newer than depends file "/home/luke/sponge-os/genode/build/x86_64/qt6/base/src/widgets/CMakeFiles/Widgets.dir/compiler_depend.internal".
Dependencies file "src/widgets/CMakeFiles/Widgets.dir/widgets/qdial.cpp.o.d" is newer than depends file "/home/luke/sponge-os/genode/build/x86_64/qt6/base/src/widgets/CMakeFiles/Widgets.dir/compiler_depend.internal".
Dependencies file "src/widgets/CMakeFiles/Widgets.dir/widgets/qdialogbuttonbox.cpp.o.d" is newer than depends file "/home/luke/sponge-os/genode/build/x86_64/qt6/base/src/widgets/CMakeFiles/Widgets.dir/compiler_depend.internal".
Dependencies file "src/widgets/CMakeFiles/Widgets.dir/widgets/qdockarealayout.cpp.o.d" is newer than depends file "/home/luke/sponge-os/genode/build/x86_64/qt6/base/src/widgets/CMakeFiles/Widgets.dir/compiler_depend.internal".
Dependencies file "src/widgets/CMakeFiles/Widgets.dir/widgets/qdockwidget.cpp.o.d" is newer than depends file "/home/luke/sponge-os/genode/build/x86_64/qt6/base/src/widgets/CMakeFiles/Widgets.dir/compiler_depend.internal".
Dependencies file "src/widgets/CMakeFiles/Widgets.dir/widgets/qeffects.cpp.o.d" is newer than depends file "/home/luke/sponge-os/genode/build/x86_64/qt6/base/src/widgets/CMakeFiles/Widgets.dir/compiler_depend.internal".
Dependencies file "src/widgets/CMakeFiles/Widgets.dir/widgets/qfocusframe.cpp.o.d" is newer than depends file "/home/luke/sponge-os/genode/build/x86_64/qt6/base/src/widgets/CMakeFiles/Widgets.dir/compiler_depend.internal".
Dependencies file "src/widgets/CMakeFiles/Widgets.dir/widgets/qfontcombobox.cpp.o.d" is newer than depends file "/home/luke/sponge-os/genode/build/x86_64/qt6/base/src/widgets/CMakeFiles/Widgets.dir/compiler_depend.internal".
Dependencies file "src/widgets/CMakeFiles/Widgets.dir/widgets/qframe.cpp.o.d" is newer than depends file "/home/luke/sponge-os/genode/build/x86_64/qt6/base/src/widgets/CMakeFiles/Widgets.dir/compiler_depend.internal".
Dependencies file "src/widgets/CMakeFiles/Widgets.dir/widgets/qgroupbox.cpp.o.d" is newer than depends file "/home/luke/sponge-os/genode/build/x86_64/qt6/base/src/widgets/CMakeFiles/Widgets.dir/compiler_depend.internal".
Dependencies file "src/widgets/CMakeFiles/Widgets.dir/widgets/qkeysequenceedit.cpp.o.d" is newer than depends file "/home/luke/sponge-os/genode/build/x86_64/qt6/base/src/widgets/CMakeFiles/Widgets.dir/compiler_depend.internal".
Dependencies file "src/widgets/CMakeFiles/Widgets.dir/widgets/qlabel.cpp.o.d" is newer than depends file "/home/luke/sponge-os/genode/build/x86_64/qt6/base/src/widgets/CMakeFiles/Widgets.dir/compiler_depend.internal".
Dependencies file "src/widgets/CMakeFiles/Widgets.dir/widgets/qlcdnumber.cpp.o.d" is newer than depends file "/home/luke/sponge-os/genode/build/x86_64/qt6/base/src/widgets/CMakeFiles/Widgets.dir/compiler_depend.internal".
Dependencies file "src/widgets/CMakeFiles/Widgets.dir/widgets/qlineedit.cpp.o.d" is newer than depends file "/home/luke/sponge-os/genode/build/x86_64/qt6/base/src/widgets/CMakeFiles/Widgets.dir/compiler_depend.internal".
Dependencies file "src/widgets/CMakeFiles/Widgets.dir/widgets/qlineedit_p.cpp.o.d" is newer than depends file "/home/luke/sponge-os/genode/build/x86_64/qt6/base/src/widgets/CMakeFiles/Widgets.dir/compiler_depend.internal".
Dependencies file "src/widgets/CMakeFiles/Widgets.dir/widgets/qmainwindow.cpp.o.d" is newer than depends file "/home/luke/sponge-os/genode/build/x86_64/qt6/base/src/widgets/CMakeFiles/Widgets.dir/compiler_depend.internal".
Dependencies file "src/widgets/CMakeFiles/Widgets.dir/widgets/qmainwindowlayout.cpp.o.d" is newer than depends file "/home/luke/sponge-os/genode/build/x86_64/qt6/base/src/widgets/CMakeFiles/Widgets.dir/compiler_depend.internal".
Dependencies file "src/widgets/CMakeFiles/Widgets.dir/widgets/qmdiarea.cpp.o.d" is newer than depends file "/home/luke/sponge-os/genode/build/x86_64/qt6/base/src/widgets/CMakeFiles/Widgets.dir/compiler_depend.internal".
Dependencies file "src/widgets/CMakeFiles/Widgets.dir/widgets/qmdisubwindow.cpp.o.d" is newer than depends file "/home/luke/sponge-os/genode/build/x86_64/qt6/base/src/widgets/CMakeFiles/Widgets.dir/compiler_depend.internal".
Dependencies file "src/widgets/CMakeFiles/Widgets.dir/widgets/qmenu.cpp.o.d" is newer than depends file "/home/luke/sponge-os/genode/build/x86_64/qt6/base/src/widgets/CMakeFiles/Widgets.dir/compiler_depend.internal".
Dependencies file "src/widgets/CMakeFiles/Widgets.dir/widgets/qmenubar.cpp.o.d" is newer than depends file "/home/luke/sponge-os/genode/build/x86_64/qt6/base/src/widgets/CMakeFiles/Widgets.dir/compiler_depend.internal".
Dependencies file "src/widgets/CMakeFiles/Widgets.dir/widgets/qplaintextedit.cpp.o.d" is newer than depends file "/home/luke/sponge-os/genode/build/x86_64/qt6/base/src/widgets/CMakeFiles/Widgets.dir/compiler_depend.internal".
Dependencies file "src/widgets/CMakeFiles/Widgets.dir/widgets/qprogressbar.cpp.o.d" is newer than depends file "/home/luke/sponge-os/genode/build/x86_64/qt6/base/src/widgets/CMakeFiles/Widgets.dir/compiler_depend.internal".
Dependencies file "src/widgets/CMakeFiles/Widgets.dir/widgets/qpushbutton.cpp.o.d" is newer than depends file "/home/luke/sponge-os/genode/build/x86_64/qt6/base/src/widgets/CMakeFiles/Widgets.dir/compiler_depend.internal".
Dependencies file "src/widgets/CMakeFiles/Widgets.dir/widgets/qradiobutton.cpp.o.d" is newer than depends file "/home/luke/sponge-os/genode/build/x86_64/qt6/base/src/widgets/CMakeFiles/Widgets.dir/compiler_depend.internal".
Dependencies file "src/widgets/CMakeFiles/Widgets.dir/widgets/qrubberband.cpp.o.d" is newer than depends file "/home/luke/sponge-os/genode/build/x86_64/qt6/base/src/widgets/CMakeFiles/Widgets.dir/compiler_depend.internal".
Dependencies file "src/widgets/CMakeFiles/Widgets.dir/widgets/qscrollarea.cpp.o.d" is newer than depends file "/home/luke/sponge-os/genode/build/x86_64/qt6/base/src/widgets/CMakeFiles/Widgets.dir/compiler_depend.internal".
Dependencies file "src/widgets/CMakeFiles/Widgets.dir/widgets/qscrollbar.cpp.o.d" is newer than depends file "/home/luke/sponge-os/genode/build/x86_64/qt6/base/src/widgets/CMakeFiles/Widgets.dir/compiler_depend.internal".
Dependencies file "src/widgets/CMakeFiles/Widgets.dir/widgets/qsizegrip.cpp.o.d" is newer than depends file "/home/luke/sponge-os/genode/build/x86_64/qt6/base/src/widgets/CMakeFiles/Widgets.dir/compiler_depend.internal".
Dependencies file "src/widgets/CMakeFiles/Widgets.dir/widgets/qslider.cpp.o.d" is newer than depends file "/home/luke/sponge-os/genode/build/x86_64/qt6/base/src/widgets/CMakeFiles/Widgets.dir/compiler_depend.internal".
Dependencies file "src/widgets/CMakeFiles/Widgets.dir/widgets/qspinbox.cpp.o.d" is newer than depends file "/home/luke/sponge-os/genode/build/x86_64/qt6/base/src/widgets/CMakeFiles/Widgets.dir/compiler_depend.internal".
Dependencies file "src/widgets/CMakeFiles/Widgets.dir/widgets/qsplashscreen.cpp.o.d" is newer than depends file "/home/luke/sponge-os/genode/build/x86_64/qt6/base/src/widgets/CMakeFiles/Widgets.dir/compiler_depend.internal".
Dependencies file "src/widgets/CMakeFiles/Widgets.dir/widgets/qsplitter.cpp.o.d" is newer than depends file "/home/luke/sponge-os/genode/build/x86_64/qt6/base/src/widgets/CMakeFiles/Widgets.dir/compiler_depend.internal".
Dependencies file "src/widgets/CMakeFiles/Widgets.dir/widgets/qstackedwidget.cpp.o.d" is newer than depends file "/home/luke/sponge-os/genode/build/x86_64/qt6/base/src/widgets/CMakeFiles/Widgets.dir/compiler_depend.internal".
Dependencies file "src/widgets/CMakeFiles/Widgets.dir/widgets/qstatusbar.cpp.o.d" is newer than depends file "/home/luke/sponge-os/genode/build/x86_64/qt6/base/src/widgets/CMakeFiles/Widgets.dir/compiler_depend.internal".
Dependencies file "src/widgets/CMakeFiles/Widgets.dir/widgets/qtabbar.cpp.o.d" is newer than depends file "/home/luke/sponge-os/genode/build/x86_64/qt6/base/src/widgets/CMakeFiles/Widgets.dir/compiler_depend.internal".
Dependencies file "src/widgets/CMakeFiles/Widgets.dir/widgets/qtabwidget.cpp.o.d" is newer than depends file "/home/luke/sponge-os/genode/build/x86_64/qt6/base/src/widgets/CMakeFiles/Widgets.dir/compiler_depend.internal".
Dependencies file "src/widgets/CMakeFiles/Widgets.dir/widgets/qtextbrowser.cpp.o.d" is newer than depends file "/home/luke/sponge-os/genode/build/x86_64/qt6/base/src/widgets/CMakeFiles/Widgets.dir/compiler_depend.internal".
Dependencies file "src/widgets/CMakeFiles/Widgets.dir/widgets/qtextedit.cpp.o.d" is newer than depends file "/home/luke/sponge-os/genode/build/x86_64/qt6/base/src/widgets/CMakeFiles/Widgets.dir/compiler_depend.internal".
Dependencies file "src/widgets/CMakeFiles/Widgets.dir/widgets/qtoolbar.cpp.o.d" is newer than depends file "/home/luke/sponge-os/genode/build/x86_64/qt6/base/src/widgets/CMakeFiles/Widgets.dir/compiler_depend.internal".
Dependencies file "src/widgets/CMakeFiles/Widgets.dir/widgets/qtoolbararealayout.cpp.o.d" is newer than depends file "/home/luke/sponge-os/genode/build/x86_64/qt6/base/src/widgets/CMakeFiles/Widgets.dir/compiler_depend.internal".
Dependencies file "src/widgets/CMakeFiles/Widgets.dir/widgets/qtoolbarextension.cpp.o.d" is newer than depends file "/home/luke/sponge-os/genode/build/x86_64/qt6/base/src/widgets/CMakeFiles/Widgets.dir/compiler_depend.internal".
Dependencies file "src/widgets/CMakeFiles/Widgets.dir/widgets/qtoolbarlayout.cpp.o.d" is newer than depends file "/home/luke/sponge-os/genode/build/x86_64/qt6/base/src/widgets/CMakeFiles/Widgets.dir/compiler_depend.internal".
Dependencies file "src/widgets/CMakeFiles/Widgets.dir/widgets/qtoolbarseparator.cpp.o.d" is newer than depends file "/home/luke/sponge-os/genode/build/x86_64/qt6/base/src/widgets/CMakeFiles/Widgets.dir/compiler_depend.internal".
Dependencies file "src/widgets/CMakeFiles/Widgets.dir/widgets/qtoolbox.cpp.o.d" is newer than depends file "/home/luke/sponge-os/genode/build/x86_64/qt6/base/src/widgets/CMakeFiles/Widgets.dir/compiler_depend.internal".
Dependencies file "src/widgets/CMakeFiles/Widgets.dir/widgets/qtoolbutton.cpp.o.d" is newer than depends file "/home/luke/sponge-os/genode/build/x86_64/qt6/base/src/widgets/CMakeFiles/Widgets.dir/compiler_depend.internal".
[ 83%] Built target OpenGL
Dependencies file "src/widgets/CMakeFiles/Widgets.dir/widgets/qwidgetanimator.cpp.o.d" is newer than depends file "/home/luke/sponge-os/genode/build/x86_64/qt6/base/src/widgets/CMakeFiles/Widgets.dir/compiler_depend.internal".
Dependencies file "src/widgets/CMakeFiles/Widgets.dir/widgets/qwidgetlinecontrol.cpp.o.d" is newer than depends file "/home/luke/sponge-os/genode/build/x86_64/qt6/base/src/widgets/CMakeFiles/Widgets.dir/compiler_depend.internal".
Dependencies file "src/widgets/CMakeFiles/Widgets.dir/widgets/qwidgetresizehandler.cpp.o.d" is newer than depends file "/home/luke/sponge-os/genode/build/x86_64/qt6/base/src/widgets/CMakeFiles/Widgets.dir/compiler_depend.internal".
Dependencies file "src/widgets/CMakeFiles/Widgets.dir/widgets/qwidgettextcontrol.cpp.o.d" is newer than depends file "/home/luke/sponge-os/genode/build/x86_64/qt6/base/src/widgets/CMakeFiles/Widgets.dir/compiler_depend.internal".
[1m[35mConsolidate compiler generated dependencies of target Widgets[0m
[ 97%] Built target Widgets
[ 97%] Built target PrintSupport_autogen_timestamp_deps
[ 97%] Built target OpenGLWidgets_autogen_timestamp_deps
[ 97%] Built target OpenGLWidgets_autogen
[ 97%] Built target PrintSupport_autogen
Dependencies file "src/openglwidgets/CMakeFiles/OpenGLWidgets.dir/OpenGLWidgets_autogen/mocs_compilation.cpp.o.d" is newer than depends file "/home/luke/sponge-os/genode/build/x86_64/qt6/base/src/openglwidgets/CMakeFiles/OpenGLWidgets.dir/compiler_depend.internal".
Dependencies file "src/openglwidgets/CMakeFiles/OpenGLWidgets.dir/qopenglwidget.cpp.o.d" is newer than depends file "/home/luke/sponge-os/genode/build/x86_64/qt6/base/src/openglwidgets/CMakeFiles/OpenGLWidgets.dir/compiler_depend.internal".
[1m[35mConsolidate compiler generated dependencies of target OpenGLWidgets[0m
Dependencies file "src/printsupport/CMakeFiles/PrintSupport.dir/.qt/rcc/qrc_qprintdialog.cpp.o.d" is newer than depends file "/home/luke/sponge-os/genode/build/x86_64/qt6/base/src/printsupport/CMakeFiles/PrintSupport.dir/compiler_depend.internal".
Dependencies file "src/printsupport/CMakeFiles/PrintSupport.dir/.qt/rcc/qrc_qprintdialog1.cpp.o.d" is newer than depends file "/home/luke/sponge-os/genode/build/x86_64/qt6/base/src/printsupport/CMakeFiles/PrintSupport.dir/compiler_depend.internal".
Dependencies file "src/printsupport/CMakeFiles/PrintSupport.dir/PrintSupport_autogen/mocs_compilation.cpp.o.d" is newer than depends file "/home/luke/sponge-os/genode/build/x86_64/qt6/base/src/printsupport/CMakeFiles/PrintSupport.dir/compiler_depend.internal".
Dependencies file "src/printsupport/CMakeFiles/PrintSupport.dir/dialogs/qabstractprintdialog.cpp.o.d" is newer than depends file "/home/luke/sponge-os/genode/build/x86_64/qt6/base/src/printsupport/CMakeFiles/PrintSupport.dir/compiler_depend.internal".
Dependencies file "src/printsupport/CMakeFiles/PrintSupport.dir/dialogs/qpagesetupdialog.cpp.o.d" is newer than depends file "/home/luke/sponge-os/genode/build/x86_64/qt6/base/src/printsupport/CMakeFiles/PrintSupport.dir/compiler_depend.internal".
Dependencies file "src/printsupport/CMakeFiles/PrintSupport.dir/dialogs/qpagesetupdialog_unix.cpp.o.d" is newer than depends file "/home/luke/sponge-os/genode/build/x86_64/qt6/base/src/printsupport/CMakeFiles/PrintSupport.dir/compiler_depend.internal".
Dependencies file "src/printsupport/CMakeFiles/PrintSupport.dir/dialogs/qprintdialog_unix.cpp.o.d" is newer than depends file "/home/luke/sponge-os/genode/build/x86_64/qt6/base/src/printsupport/CMakeFiles/PrintSupport.dir/compiler_depend.internal".
Dependencies file "src/printsupport/CMakeFiles/PrintSupport.dir/dialogs/qprintpreviewdialog.cpp.o.d" is newer than depends file "/home/luke/sponge-os/genode/build/x86_64/qt6/base/src/printsupport/CMakeFiles/PrintSupport.dir/compiler_depend.internal".
Dependencies file "src/printsupport/CMakeFiles/PrintSupport.dir/kernel/qpaintengine_alpha.cpp.o.d" is newer than depends file "/home/luke/sponge-os/genode/build/x86_64/qt6/base/src/printsupport/CMakeFiles/PrintSupport.dir/compiler_depend.internal".
Dependencies file "src/printsupport/CMakeFiles/PrintSupport.dir/kernel/qpaintengine_preview.cpp.o.d" is newer than depends file "/home/luke/sponge-os/genode/build/x86_64/qt6/base/src/printsupport/CMakeFiles/PrintSupport.dir/compiler_depend.internal".
Dependencies file "src/printsupport/CMakeFiles/PrintSupport.dir/kernel/qplatformprintdevice.cpp.o.d" is newer than depends file "/home/luke/sponge-os/genode/build/x86_64/qt6/base/src/printsupport/CMakeFiles/PrintSupport.dir/compiler_depend.internal".
Dependencies file "src/printsupport/CMakeFiles/PrintSupport.dir/kernel/qplatformprintersupport.cpp.o.d" is newer than depends file "/home/luke/sponge-os/genode/build/x86_64/qt6/base/src/printsupport/CMakeFiles/PrintSupport.dir/compiler_depend.internal".
Dependencies file "src/printsupport/CMakeFiles/PrintSupport.dir/kernel/qplatformprintplugin.cpp.o.d" is newer than depends file "/home/luke/sponge-os/genode/build/x86_64/qt6/base/src/printsupport/CMakeFiles/PrintSupport.dir/compiler_depend.internal".
Dependencies file "src/printsupport/CMakeFiles/PrintSupport.dir/kernel/qprint.cpp.o.d" is newer than depends file "/home/luke/sponge-os/genode/build/x86_64/qt6/base/src/printsupport/CMakeFiles/PrintSupport.dir/compiler_depend.internal".
Dependencies file "src/printsupport/CMakeFiles/PrintSupport.dir/kernel/qprintdevice.cpp.o.d" is newer than depends file "/home/luke/sponge-os/genode/build/x86_64/qt6/base/src/printsupport/CMakeFiles/PrintSupport.dir/compiler_depend.internal".
Dependencies file "src/printsupport/CMakeFiles/PrintSupport.dir/kernel/qprintengine.cpp.o.d" is newer than depends file "/home/luke/sponge-os/genode/build/x86_64/qt6/base/src/printsupport/CMakeFiles/PrintSupport.dir/compiler_depend.internal".
Dependencies file "src/printsupport/CMakeFiles/PrintSupport.dir/kernel/qprintengine_pdf.cpp.o.d" is newer than depends file "/home/luke/sponge-os/genode/build/x86_64/qt6/base/src/printsupport/CMakeFiles/PrintSupport.dir/compiler_depend.internal".
Dependencies file "src/printsupport/CMakeFiles/PrintSupport.dir/kernel/qprinter.cpp.o.d" is newer than depends file "/home/luke/sponge-os/genode/build/x86_64/qt6/base/src/printsupport/CMakeFiles/PrintSupport.dir/compiler_depend.internal".
Dependencies file "src/printsupport/CMakeFiles/PrintSupport.dir/kernel/qprinterinfo.cpp.o.d" is newer than depends file "/home/luke/sponge-os/genode/build/x86_64/qt6/base/src/printsupport/CMakeFiles/PrintSupport.dir/compiler_depend.internal".
Dependencies file "src/printsupport/CMakeFiles/PrintSupport.dir/widgets/qprintpreviewwidget.cpp.o.d" is newer than depends file "/home/luke/sponge-os/genode/build/x86_64/qt6/base/src/printsupport/CMakeFiles/PrintSupport.dir/compiler_depend.internal".
[1m[35mConsolidate compiler generated dependencies of target PrintSupport[0m
[ 97%] Built target OpenGLWidgets
[100%] Built target PrintSupport
[  0%] Built target ZlibPrivate_sync_headers
[  2%] Built target BundledLibpng_ext_pri
[  2%] Built target Platform
[  2%] Built target PngPrivate_sync_headers
[  2%] Built target BundledFreetype_ext_pri
[  2%] Built target BundledLibjpeg_ext_pri
[  2%] Built target Core_lib_pri
[  3%] Built target qmodule_pri
[  3%] Built target FreetypePrivate_sync_headers
[  3%] Built target Concurrent_lib_pri
[  3%] Built target JpegPrivate_sync_headers
[  3%] Built target Network_lib_pri
[  3%] Built target HarfbuzzPrivate_sync_headers
[  3%] Built target Gui_lib_pri
[  3%] Built target Sql_lib_pri
[  3%] Built target Widgets_lib_pri
[  3%] Built target OpenGL_lib_pri
[  3%] Built target ExampleIconsPrivate_sync_headers
[  3%] Built target OpenGLWidgets_lib_pri
[  3%] Built target Test_lib_pri
[  3%] Built target PrintSupport_lib_pri
[  3%] Built target Xml_lib_pri
[  3%] Built target ZlibPrivate
[  3%] Built target PngPrivate
[  3%] Built target JpegPrivate
[  4%] Built target BundledLibjpeg16bits
[  4%] Built target Core_sync_headers
[  4%] Built target ExampleIconsPrivate_autogen_timestamp_deps
[  6%] Built target BundledLibjpeg12bits
[  8%] Built target BundledPcre2
[  8%] Built target Core_autogen_timestamp_deps
[  8%] Built target Concurrent_sync_headers
[  8%] Built target Sql_sync_headers
[  8%] Built target Network_sync_headers
[  8%] Built target DeviceDiscoverySupportPrivate_sync_headers
[  8%] Built target ExampleIconsPrivate_resources_1
[  8%] Built target Xml_sync_headers
[  9%] Built target BundledZLIB
[  9%] Built target Gui_sync_headers
[  9%] Built target ExampleIconsPrivate_autogen
[ 14%] Built target BundledLibjpeg
[ 14%] Built target QTlsBackendCertOnlyPlugin_autogen_timestamp_deps
[ 14%] Built target DeviceDiscoverySupportPrivate_autogen_timestamp_deps
[ 14%] Built target FbSupportPrivate_sync_headers
[ 14%] Built target OpenGL_sync_headers
[ 14%] Built target Test_sync_headers
[ 15%] Built target ExampleIconsPrivate
[ 15%] Built target Widgets_sync_headers
[ 15%] Built target Core_autogen
[ 19%] Built target BundledHarfbuzz
[ 19%] Built target QTlsBackendCertOnlyPlugin_autogen
[ 19%] Built target DeviceDiscoverySupportPrivate_autogen
[ 19%] Built target OpenGLWidgets_sync_headers
[ 19%] Built target FbSupportPrivate_autogen_timestamp_deps
[ 19%] Built target PrintSupport_sync_headers
[ 19%] Built target FbSupportPrivate_autogen
[ 37%] Built target Core
[ 37%] Built target Concurrent_autogen_timestamp_deps
[ 37%] Built target Network_autogen_timestamp_deps
[ 37%] Built target QSQLiteDriverPlugin_autogen_timestamp_deps
[ 37%] Built target Sql_autogen_timestamp_deps
[ 38%] Built target BundledLibpng
[ 38%] Built target Xml_autogen_timestamp_deps
[ 38%] Built target Test_autogen_timestamp_deps
[ 38%] Built target Gui_autogen_timestamp_deps
[ 38%] Built target DeviceDiscoverySupportPrivate
[ 38%] Built target Concurrent_autogen
[ 38%] Built target QSQLiteDriverPlugin_autogen
[ 39%] Built target Xml_autogen
[ 39%] Built target Sql_autogen
[ 39%] Built target Test_autogen
[ 39%] Built target Network_autogen
[ 42%] Built target BundledFreetype
[ 42%] Built target Gui_autogen
[ 43%] Built target Concurrent
[ 43%] Built target Xml
[ 45%] Built target Sql
[ 48%] Built target Test
[ 49%] Built target QSQLiteDriverPlugin
[ 56%] Built target Network
[ 57%] Built target QTlsBackendCertOnlyPlugin
[ 75%] Built target Gui
[ 75%] Built target Widgets_autogen_timestamp_deps
[ 75%] Built target OpenGL_autogen_timestamp_deps
[ 75%] Built target QICOPlugin_autogen_timestamp_deps
[ 75%] Built target QJpegPlugin_autogen_timestamp_deps
[ 75%] Built target QGenodeIntegrationPlugin_autogen_timestamp_deps
[ 75%] Built target QTuioTouchPlugin_autogen_timestamp_deps
[ 75%] Built target QGifPlugin_autogen_timestamp_deps
[ 76%] Built target FbSupportPrivate
[ 76%] Built target OpenGL_autogen
[ 76%] Built target QICOPlugin_autogen
[ 76%] Built target QTuioTouchPlugin_autogen
[ 76%] Built target QGenodeIntegrationPlugin_autogen
[ 76%] Built target QJpegPlugin_autogen
[ 76%] Built target QGifPlugin_autogen
[ 76%] Built target Widgets_autogen
[ 77%] Built target QICOPlugin
[ 77%] Built target QJpegPlugin
[ 77%] Built target QTuioTouchPlugin
[ 77%] Built target QGifPlugin
[ 78%] Built target QGenodeIntegrationPlugin
[ 83%] Built target OpenGL
[ 97%] Built target Widgets
[ 97%] Built target OpenGLWidgets_autogen_timestamp_deps
[ 97%] Built target PrintSupport_autogen_timestamp_deps
[ 97%] Built target OpenGLWidgets_autogen
[ 97%] Built target PrintSupport_autogen
[ 97%] Built target OpenGLWidgets
[100%] Built target PrintSupport
[36mInstall the project...[0m
-- Install configuration: "RelWithDebInfo"
-- Installing: install/qt/lib/cmake/Qt6BuildInternals/Qt6BuildInternalsConfig.cmake
-- Installing: install/qt/lib/cmake/Qt6BuildInternals/Qt6BuildInternalsConfigVersion.cmake
-- Installing: install/qt/lib/cmake/Qt6BuildInternals/Qt6BuildInternalsConfigVersionImpl.cmake
-- Installing: install/qt/lib/cmake/Qt6BuildInternals/QtBuildInternalsExtra.cmake
-- Up-to-date: install/qt/lib/cmake/Qt6BuildInternals/QtStandaloneTestTemplateProject
-- Up-to-date: install/qt/lib/cmake/Qt6BuildInternals/QtStandaloneTestTemplateProject/CMakeLists.txt
-- Installing: install/qt/lib/cmake/Qt6BuildInternals/QtStandaloneTestTemplateProject/Main.cmake
-- Installing: install/qt/lib/cmake/Qt6/qt.toolchain.cmake
-- Up-to-date: install/qt/mkspecs/qconfig.pri
-- Up-to-date: install/qt/mkspecs/qmodule.pri
-- Up-to-date: install/qt/mkspecs/qdevice.pri
-- Up-to-date: install/qt/bin/target_qt.conf
-- Up-to-date: install/qt/bin/qmake
-- Up-to-date: install/qt/bin/qmake6
-- Up-to-date: install/qt/bin/qtpaths
-- Up-to-date: install/qt/bin/qtpaths6
-- Up-to-date: install/qt/bin/qt-cmake
-- Up-to-date: install/qt/bin/qt-cmake-create
-- Up-to-date: install/qt/libexec/qt-cmake-private
-- Up-to-date: install/qt/bin/qt-configure-module
-- Up-to-date: install/qt/libexec/qt-cmake-standalone-test
-- Up-to-date: install/qt/libexec/qt-cmake-private-install.cmake
-- Up-to-date: install/qt/libexec/qt-internal-configure-tests
-- Up-to-date: install/qt/libexec/qt-internal-configure-examples
-- Installing: install/qt/lib/cmake/Qt6/Qt6Targets.cmake
-- Installing: install/qt/lib/cmake/Qt6/Qt6VersionlessAliasTargets.cmake
-- Installing: install/qt/lib/cmake/Qt6/Qt6VersionlessTargets.cmake
-- Installing: install/qt/lib/cmake/Qt6/Qt6Config.cmake
-- Installing: install/qt/lib/cmake/Qt6/Qt6ConfigExtras.cmake
-- Installing: install/qt/lib/cmake/Qt6/Qt6ConfigVersion.cmake
-- Installing: install/qt/lib/cmake/Qt6/Qt6ConfigVersionImpl.cmake
-- Installing: install/qt/lib/cmake/Qt6/QtInstallPaths.cmake
-- Installing: install/qt/lib/cmake/Qt6/Qt3rdPartyLibraryHelpers.cmake
-- Installing: install/qt/lib/cmake/Qt6/QtAndroidHelpers.cmake
-- Installing: install/qt/lib/cmake/Qt6/QtAppHelpers.cmake
-- Installing: install/qt/lib/cmake/Qt6/QtAutoDetectHelpers.cmake
-- Installing: install/qt/lib/cmake/Qt6/QtAutogenHelpers.cmake
-- Installing: install/qt/lib/cmake/Qt6/QtBuildInformation.cmake
-- Installing: install/qt/lib/cmake/Qt6/QtBuildOptionsHelpers.cmake
-- Installing: install/qt/lib/cmake/Qt6/QtBuildPathsHelpers.cmake
-- Installing: install/qt/lib/cmake/Qt6/QtBuildRepoExamplesHelpers.cmake
-- Installing: install/qt/lib/cmake/Qt6/QtBuildRepoHelpers.cmake
-- Installing: install/qt/lib/cmake/Qt6/QtCMakeHelpers.cmake
-- Installing: install/qt/lib/cmake/Qt6/QtCMakeVersionHelpers.cmake
-- Installing: install/qt/lib/cmake/Qt6/QtDbusHelpers.cmake
-- Installing: install/qt/lib/cmake/Qt6/QtDeferredDependenciesHelpers.cmake
-- Installing: install/qt/lib/cmake/Qt6/QtDocsHelpers.cmake
-- Installing: install/qt/lib/cmake/Qt6/QtExecutableHelpers.cmake
-- Installing: install/qt/lib/cmake/Qt6/QtFindPackageHelpers.cmake
-- Installing: install/qt/lib/cmake/Qt6/QtFlagHandlingHelpers.cmake
-- Installing: install/qt/lib/cmake/Qt6/QtFrameworkHelpers.cmake
-- Installing: install/qt/lib/cmake/Qt6/QtGlobalStateHelpers.cmake
-- Installing: install/qt/lib/cmake/Qt6/QtHeadersClean.cmake
-- Installing: install/qt/lib/cmake/Qt6/QtInstallHelpers.cmake
-- Installing: install/qt/lib/cmake/Qt6/QtJavaHelpers.cmake
-- Installing: install/qt/lib/cmake/Qt6/QtLalrHelpers.cmake
-- Installing: install/qt/lib/cmake/Qt6/QtMkspecHelpers.cmake
-- Installing: install/qt/lib/cmake/Qt6/QtModuleHelpers.cmake
-- Installing: install/qt/lib/cmake/Qt6/QtNoLinkTargetHelpers.cmake
-- Installing: install/qt/lib/cmake/Qt6/QtPkgConfigHelpers.cmake
-- Installing: install/qt/lib/cmake/Qt6/QtPlatformTargetHelpers.cmake
-- Installing: install/qt/lib/cmake/Qt6/QtPluginHelpers.cmake
-- Installing: install/qt/lib/cmake/Qt6/QtPostProcessHelpers.cmake
-- Installing: install/qt/lib/cmake/Qt6/QtPrecompiledHeadersHelpers.cmake
-- Installing: install/qt/lib/cmake/Qt6/QtPriHelpers.cmake
-- Installing: install/qt/lib/cmake/Qt6/QtPrlHelpers.cmake
-- Installing: install/qt/lib/cmake/Qt6/QtProperties.cmake
-- Installing: install/qt/lib/cmake/Qt6/QtQmakeHelpers.cmake
-- Installing: install/qt/lib/cmake/Qt6/QtResourceHelpers.cmake
-- Installing: install/qt/lib/cmake/Qt6/QtRpathHelpers.cmake
-- Installing: install/qt/lib/cmake/Qt6/QtSanitizerHelpers.cmake
-- Installing: install/qt/lib/cmake/Qt6/QtSbomHelpers.cmake
-- Installing: install/qt/lib/cmake/Qt6/QtScopeFinalizerHelpers.cmake
-- Installing: install/qt/lib/cmake/Qt6/QtSeparateDebugInfo.cmake
-- Installing: install/qt/lib/cmake/Qt6/QtSimdHelpers.cmake
-- Installing: install/qt/lib/cmake/Qt6/QtSingleRepoTargetSetBuildHelpers.cmake
-- Installing: install/qt/lib/cmake/Qt6/QtSyncQtHelpers.cmake
-- Installing: install/qt/lib/cmake/Qt6/QtTargetHelpers.cmake
-- Installing: install/qt/lib/cmake/Qt6/QtTestHelpers.cmake
-- Installing: install/qt/lib/cmake/Qt6/QtToolHelpers.cmake
-- Installing: install/qt/lib/cmake/Qt6/QtToolchainHelpers.cmake
-- Installing: install/qt/lib/cmake/Qt6/QtUnityBuildHelpers.cmake
-- Installing: install/qt/lib/cmake/Qt6/QtWasmHelpers.cmake
-- Installing: install/qt/lib/cmake/Qt6/QtWindowsHelpers.cmake
-- Installing: install/qt/lib/cmake/Qt6/QtWrapperScriptHelpers.cmake
-- Up-to-date: install/qt/lib/cmake/Qt6/ModuleDescription.json.in
-- Up-to-date: install/qt/lib/cmake/Qt6/PkgConfigLibrary.pc.in
-- Up-to-date: install/qt/lib/cmake/Qt6/Qt3rdPartyLibraryConfig.cmake.in
-- Installing: install/qt/lib/cmake/Qt6/QtBaseTopLevelHelpers.cmake
-- Installing: install/qt/lib/cmake/Qt6/QtBuild.cmake
-- Installing: install/qt/lib/cmake/Qt6/QtBuildHelpers.cmake
-- Installing: install/qt/lib/cmake/Qt6/QtBuildStaticDocToolsScript.cmake
-- Up-to-date: install/qt/lib/cmake/Qt6/QtCMakePackageVersionFile.cmake.in
-- Installing: install/qt/lib/cmake/Qt6/QtCompilerFlags.cmake
-- Installing: install/qt/lib/cmake/Qt6/QtCompilerOptimization.cmake
-- Up-to-date: install/qt/lib/cmake/Qt6/QtConfigDependencies.cmake.in
-- Up-to-date: install/qt/lib/cmake/Qt6/QtConfigureTimeExecutableCMakeLists.txt.in
-- Up-to-date: install/qt/lib/cmake/Qt6/QtFileConfigure.txt.in
-- Up-to-date: install/qt/lib/cmake/Qt6/QtFindWrapConfigExtra.cmake.in
-- Installing: install/qt/lib/cmake/Qt6/QtFindWrapHelper.cmake
-- Installing: install/qt/lib/cmake/Qt6/QtFinishPkgConfigFile.cmake
-- Installing: install/qt/lib/cmake/Qt6/QtFinishPrlFile.cmake
-- Installing: install/qt/lib/cmake/Qt6/QtGenerateExtPri.cmake
-- Installing: install/qt/lib/cmake/Qt6/QtGenerateLibHelpers.cmake
-- Installing: install/qt/lib/cmake/Qt6/QtGenerateLibPri.cmake
-- Installing: install/qt/lib/cmake/Qt6/QtGenerateVersionScript.cmake
-- Up-to-date: install/qt/lib/cmake/Qt6/QtModuleConfig.cmake.in
-- Up-to-date: install/qt/lib/cmake/Qt6/QtModuleDependencies.cmake.in
-- Installing: install/qt/lib/cmake/Qt6/QtModuleHeadersCheck.cmake
-- Up-to-date: install/qt/lib/cmake/Qt6/QtModuleToolsConfig.cmake.in
-- Up-to-date: install/qt/lib/cmake/Qt6/QtModuleToolsDependencies.cmake.in
-- Up-to-date: install/qt/lib/cmake/Qt6/QtModuleToolsVersionlessTargets.cmake.in
-- Installing: install/qt/lib/cmake/Qt6/QtPlatformAndroid.cmake
-- Installing: install/qt/lib/cmake/Qt6/QtPlatformSupport.cmake
-- Up-to-date: install/qt/lib/cmake/Qt6/QtPluginConfig.cmake.in
-- Up-to-date: install/qt/lib/cmake/Qt6/QtPluginDependencies.cmake.in
-- Up-to-date: install/qt/lib/cmake/Qt6/QtPlugins.cmake.in
-- Installing: install/qt/lib/cmake/Qt6/QtPostProcess.cmake
-- Installing: install/qt/lib/cmake/Qt6/QtProcessConfigureArgs.cmake
-- Up-to-date: install/qt/lib/cmake/Qt6/QtSeparateDebugInfo.Info.plist.in
-- Installing: install/qt/lib/cmake/Qt6/QtSetup.cmake
-- Up-to-date: install/qt/lib/cmake/Qt6/QtStandaloneTestsConfig.cmake.in
-- Up-to-date: install/qt/lib/cmake/Qt6/QtVersionlessAliasTargets.cmake.in
-- Up-to-date: install/qt/lib/cmake/Qt6/QtVersionlessTargets.cmake.in
-- Installing: install/qt/lib/cmake/Qt6/QtWriteArgsFile.cmake
-- Up-to-date: install/qt/lib/cmake/Qt6/modulecppexports.h.in
-- Up-to-date: install/qt/lib/cmake/Qt6/qbatchedtestrunner.in.cpp
-- Up-to-date: install/qt/lib/cmake/Qt6/platforms
-- Installing: install/qt/lib/cmake/Qt6/platforms/FindIntegrityPlatformGraphics.cmake
-- Installing: install/qt/lib/cmake/Qt6/platforms/FindPlatformGraphics.cmake
-- Installing: install/qt/lib/cmake/Qt6/platforms/FindVxWorksPlatformGraphics.cmake
-- Up-to-date: install/qt/lib/cmake/Qt6/platforms/Platform
-- Installing: install/qt/lib/cmake/Qt6/platforms/Platform/Genode.cmake
-- Installing: install/qt/lib/cmake/Qt6/platforms/Platform/Integrity.cmake
-- Up-to-date: install/qt/lib/cmake/Qt6/config.tests/static_link_order
-- Up-to-date: install/qt/lib/cmake/Qt6/config.tests/static_link_order/CMakeLists.txt
-- Up-to-date: install/qt/lib/cmake/Qt6/config.tests/static_link_order/main.cpp
-- Up-to-date: install/qt/lib/cmake/Qt6/config.tests/static_link_order/objlib.cpp
-- Up-to-date: install/qt/lib/cmake/Qt6/config.tests/static_link_order/staticlib1.cpp
-- Up-to-date: install/qt/lib/cmake/Qt6/config.tests/static_link_order/staticlib2.cpp
-- Up-to-date: install/qt/lib/cmake/Qt6/config.tests/binary_for_strip
-- Up-to-date: install/qt/lib/cmake/Qt6/config.tests/binary_for_strip/CMakeLists.txt
-- Up-to-date: install/qt/lib/cmake/Qt6/config.tests/binary_for_strip/lib1.cpp
-- Up-to-date: install/qt/lib/cmake/Qt6/libexec/qt-internal-strip.in
-- Up-to-date: install/qt/lib/cmake/Qt6/libexec/qt-internal-strip.bat.in
-- Up-to-date: install/qt/lib/cmake/Qt6/libexec/qt-internal-ninja.in
-- Up-to-date: install/qt/lib/cmake/Qt6/libexec/qt-internal-ninja.bat.in
-- Installing: install/qt/lib/cmake/Qt6/QtFeature.cmake
-- Installing: install/qt/lib/cmake/Qt6/QtFeatureCommon.cmake
-- Installing: install/qt/lib/cmake/Qt6/QtPublicAppleHelpers.cmake
-- Installing: install/qt/lib/cmake/Qt6/QtPublicCMakeHelpers.cmake
-- Installing: install/qt/lib/cmake/Qt6/QtPublicCMakeVersionHelpers.cmake
-- Installing: install/qt/lib/cmake/Qt6/QtPublicDependencyHelpers.cmake
-- Installing: install/qt/lib/cmake/Qt6/QtPublicExternalProjectHelpers.cmake
-- Installing: install/qt/lib/cmake/Qt6/QtPublicFinalizerHelpers.cmake
-- Installing: install/qt/lib/cmake/Qt6/QtPublicFindPackageHelpers.cmake
-- Installing: install/qt/lib/cmake/Qt6/QtPublicGitHelpers.cmake
-- Installing: install/qt/lib/cmake/Qt6/QtPublicPluginHelpers.cmake
-- Installing: install/qt/lib/cmake/Qt6/QtPublicSbomAttributionHelpers.cmake
-- Installing: install/qt/lib/cmake/Qt6/QtPublicSbomCpeHelpers.cmake
-- Installing: install/qt/lib/cmake/Qt6/QtPublicSbomDepHelpers.cmake
-- Installing: install/qt/lib/cmake/Qt6/QtPublicSbomFileHelpers.cmake
-- Installing: install/qt/lib/cmake/Qt6/QtPublicSbomGenerationHelpers.cmake
-- Installing: install/qt/lib/cmake/Qt6/QtPublicSbomHelpers.cmake
-- Installing: install/qt/lib/cmake/Qt6/QtPublicSbomLicenseHelpers.cmake
-- Installing: install/qt/lib/cmake/Qt6/QtPublicSbomOpsHelpers.cmake
-- Installing: install/qt/lib/cmake/Qt6/QtPublicSbomPurlHelpers.cmake
-- Installing: install/qt/lib/cmake/Qt6/QtPublicSbomPythonHelpers.cmake
-- Installing: install/qt/lib/cmake/Qt6/QtPublicSbomQtEntityHelpers.cmake
-- Installing: install/qt/lib/cmake/Qt6/QtPublicSbomSystemDepHelpers.cmake
-- Installing: install/qt/lib/cmake/Qt6/QtPublicTargetHelpers.cmake
-- Installing: install/qt/lib/cmake/Qt6/QtPublicTestHelpers.cmake
-- Installing: install/qt/lib/cmake/Qt6/QtPublicToolHelpers.cmake
-- Installing: install/qt/lib/cmake/Qt6/QtPublicWalkLibsHelpers.cmake
-- Installing: install/qt/lib/cmake/Qt6/QtCopyFileIfDifferent.cmake
-- Installing: install/qt/lib/cmake/Qt6/QtInitProject.cmake
-- Installing: install/qt/lib/cmake/Qt6/QtPublicWasmToolchainHelpers.cmake
-- Up-to-date: install/qt/lib/cmake/Qt6/3rdparty
-- Up-to-date: install/qt/lib/cmake/Qt6/3rdparty/extra-cmake-modules
-- Up-to-date: install/qt/lib/cmake/Qt6/3rdparty/extra-cmake-modules/COPYING-CMAKE-SCRIPTS
-- Up-to-date: install/qt/lib/cmake/Qt6/3rdparty/extra-cmake-modules/REUSE.toml
-- Up-to-date: install/qt/lib/cmake/Qt6/3rdparty/extra-cmake-modules/find-modules
-- Installing: install/qt/lib/cmake/Qt6/3rdparty/extra-cmake-modules/find-modules/ECMFindModuleHelpersStub.cmake
-- Installing: install/qt/lib/cmake/Qt6/3rdparty/extra-cmake-modules/find-modules/FindEGL.cmake
-- Installing: install/qt/lib/cmake/Qt6/3rdparty/extra-cmake-modules/find-modules/FindGLIB2.cmake
-- Installing: install/qt/lib/cmake/Qt6/3rdparty/extra-cmake-modules/find-modules/FindWayland.cmake
-- Installing: install/qt/lib/cmake/Qt6/3rdparty/extra-cmake-modules/find-modules/FindWaylandScanner.cmake
-- Installing: install/qt/lib/cmake/Qt6/3rdparty/extra-cmake-modules/find-modules/FindX11_XCB.cmake
-- Installing: install/qt/lib/cmake/Qt6/3rdparty/extra-cmake-modules/find-modules/FindXCB.cmake
-- Up-to-date: install/qt/lib/cmake/Qt6/3rdparty/extra-cmake-modules/modules
-- Installing: install/qt/lib/cmake/Qt6/3rdparty/extra-cmake-modules/modules/ECMEnableSanitizers.cmake
-- Installing: install/qt/lib/cmake/Qt6/3rdparty/extra-cmake-modules/modules/ECMFindModuleHelpers.cmake
-- Up-to-date: install/qt/lib/cmake/Qt6/3rdparty/extra-cmake-modules/qt_attribution.json
-- Up-to-date: install/qt/lib/cmake/Qt6/3rdparty/kwin
-- Up-to-date: install/qt/lib/cmake/Qt6/3rdparty/kwin/COPYING-CMAKE-SCRIPTS
-- Installing: install/qt/lib/cmake/Qt6/3rdparty/kwin/FindLibdrm.cmake
-- Installing: install/qt/lib/cmake/Qt6/3rdparty/kwin/FindLibinput.cmake
-- Installing: install/qt/lib/cmake/Qt6/3rdparty/kwin/FindXKB.cmake
-- Installing: install/qt/lib/cmake/Qt6/3rdparty/kwin/Findgbm.cmake
-- Up-to-date: install/qt/lib/cmake/Qt6/3rdparty/kwin/REUSE.toml
-- Up-to-date: install/qt/lib/cmake/Qt6/3rdparty/kwin/qt_attribution.json
-- Up-to-date: install/qt/lib/cmake/Qt6
-- Installing: install/qt/lib/cmake/Qt6/FindATSPI2.cmake
-- Installing: install/qt/lib/cmake/Qt6/FindDB2.cmake
-- Installing: install/qt/lib/cmake/Qt6/FindDirectFB.cmake
-- Installing: install/qt/lib/cmake/Qt6/FindGLESv2.cmake
-- Installing: install/qt/lib/cmake/Qt6/FindGSSAPI.cmake
-- Installing: install/qt/lib/cmake/Qt6/FindGTK3.cmake
-- Installing: install/qt/lib/cmake/Qt6/FindInterbase.cmake
-- Installing: install/qt/lib/cmake/Qt6/FindLibb2.cmake
-- Installing: install/qt/lib/cmake/Qt6/FindLibproxy.cmake
-- Installing: install/qt/lib/cmake/Qt6/FindLibsystemd.cmake
-- Installing: install/qt/lib/cmake/Qt6/FindLibudev.cmake
-- Installing: install/qt/lib/cmake/Qt6/FindMimer.cmake
-- Installing: install/qt/lib/cmake/Qt6/FindMtdev.cmake
-- Installing: install/qt/lib/cmake/Qt6/FindMySQL.cmake
-- Installing: install/qt/lib/cmake/Qt6/FindOracle.cmake
-- Installing: install/qt/lib/cmake/Qt6/FindPPS.cmake
-- Installing: install/qt/lib/cmake/Qt6/FindPostgreSQL.cmake
-- Installing: install/qt/lib/cmake/Qt6/FindRenderDoc.cmake
-- Installing: install/qt/lib/cmake/Qt6/FindSlog2.cmake
-- Installing: install/qt/lib/cmake/Qt6/FindTslib.cmake
-- Installing: install/qt/lib/cmake/Qt6/FindWrapAtomic.cmake
-- Installing: install/qt/lib/cmake/Qt6/FindWrapBacktrace.cmake
-- Installing: install/qt/lib/cmake/Qt6/FindWrapBrotli.cmake
-- Installing: install/qt/lib/cmake/Qt6/FindWrapDBus1.cmake
-- Installing: install/qt/lib/cmake/Qt6/FindWrapFreetype.cmake
-- Installing: install/qt/lib/cmake/Qt6/FindWrapHarfbuzz.cmake
-- Installing: install/qt/lib/cmake/Qt6/FindWrapJpeg.cmake
-- Installing: install/qt/lib/cmake/Qt6/FindWrapOpenGL.cmake
-- Installing: install/qt/lib/cmake/Qt6/FindWrapOpenSSL.cmake
-- Installing: install/qt/lib/cmake/Qt6/FindWrapOpenSSLHeaders.cmake
-- Installing: install/qt/lib/cmake/Qt6/FindWrapPCRE2.cmake
-- Installing: install/qt/lib/cmake/Qt6/FindWrapPNG.cmake
-- Installing: install/qt/lib/cmake/Qt6/FindWrapResolv.cmake
-- Installing: install/qt/lib/cmake/Qt6/FindWrapRt.cmake
-- Installing: install/qt/lib/cmake/Qt6/FindWrapSystemDoubleConversion.cmake
-- Installing: install/qt/lib/cmake/Qt6/FindWrapSystemFreetype.cmake
-- Installing: install/qt/lib/cmake/Qt6/FindWrapSystemHarfbuzz.cmake
-- Installing: install/qt/lib/cmake/Qt6/FindWrapSystemJpeg.cmake
-- Installing: install/qt/lib/cmake/Qt6/FindWrapSystemMd4c.cmake
-- Installing: install/qt/lib/cmake/Qt6/FindWrapSystemPCRE2.cmake
-- Installing: install/qt/lib/cmake/Qt6/FindWrapSystemPNG.cmake
-- Installing: install/qt/lib/cmake/Qt6/FindWrapSystemZLIB.cmake
-- Installing: install/qt/lib/cmake/Qt6/FindWrapVulkan.cmake
-- Installing: install/qt/lib/cmake/Qt6/FindWrapVulkanHeaders.cmake
-- Installing: install/qt/lib/cmake/Qt6/FindWrapZLIB.cmake
-- Installing: install/qt/lib/cmake/Qt6/FindWrapZSTD.cmake
-- Installing: install/qt/lib/cmake/Qt6/FindXKB_COMMON_X11.cmake
-- Installing: install/qt/lib/cmake/Qt6/FindXRender.cmake
-- Up-to-date: install/qt/libexec/ensure_pro_file.cmake
-- Up-to-date: install/qt/libexec/qt-testrunner.py
-- Up-to-date: install/qt/libexec/sanitizer-testrunner.py
-- Up-to-date: install/qt/doc/global
-- Up-to-date: install/qt/doc/global/compat.qdocconf
-- Up-to-date: install/qt/doc/global/config.qdocconf
-- Up-to-date: install/qt/doc/global/cpp-doc-macros.qdocconf
-- Up-to-date: install/qt/doc/global/externalsites.qdocconf
-- Up-to-date: install/qt/doc/global/externalsites
-- Up-to-date: install/qt/doc/global/externalsites/external-resources.qdoc
-- Up-to-date: install/qt/doc/global/externalsites/qt-webpages.qdoc
-- Up-to-date: install/qt/doc/global/externalsites/qtcreator.qdoc
-- Up-to-date: install/qt/doc/global/externalsites/qtdesignstudio.qdoc
-- Up-to-date: install/qt/doc/global/externalsites/rfc.qdoc
-- Up-to-date: install/qt/doc/global/fileextensions.qdocconf
-- Up-to-date: install/qt/doc/global/grid.qdocconf
-- Up-to-date: install/qt/doc/global/html-config.qdocconf
-- Up-to-date: install/qt/doc/global/html-footer-online.qdocconf
-- Up-to-date: install/qt/doc/global/html-footer.qdocconf
-- Up-to-date: install/qt/doc/global/html-header-offline.qdocconf
-- Up-to-date: install/qt/doc/global/html-header-online.qdocconf
-- Up-to-date: install/qt/doc/global/htmltabs.qdocconf
-- Up-to-date: install/qt/doc/global/includes-online
-- Up-to-date: install/qt/doc/global/includes-online/search.qdoc
-- Up-to-date: install/qt/doc/global/includes
-- Up-to-date: install/qt/doc/global/includes/cli-build-cmake.qdocinc
-- Up-to-date: install/qt/doc/global/includes/corelib
-- Up-to-date: install/qt/doc/global/includes/corelib/port-from-qregexp.qdocinc
-- Up-to-date: install/qt/doc/global/includes/examples-run.qdocinc
-- Up-to-date: install/qt/doc/global/includes/module-use.qdocinc
-- Up-to-date: install/qt/doc/global/includes/standardpath
-- Up-to-date: install/qt/doc/global/includes/standardpath/functiondocs.qdocinc
-- Up-to-date: install/qt/doc/global/macros-online.qdocconf
-- Up-to-date: install/qt/doc/global/macros.qdocconf
-- Up-to-date: install/qt/doc/global/manifest-meta.qdocconf
-- Up-to-date: install/qt/doc/global/qt-cpp-defines.qdocconf
-- Up-to-date: install/qt/doc/global/qt-html-templates-offline-simple.qdocconf
-- Up-to-date: install/qt/doc/global/qt-html-templates-offline.qdocconf
-- Up-to-date: install/qt/doc/global/qt-html-templates-online.qdocconf
-- Up-to-date: install/qt/doc/global/qt-module-defaults-offline.qdocconf
-- Up-to-date: install/qt/doc/global/qt-module-defaults-online-commercial.qdocconf
-- Up-to-date: install/qt/doc/global/qt-module-defaults-online.qdocconf
-- Up-to-date: install/qt/doc/global/qt-module-defaults.qdocconf
-- Up-to-date: install/qt/doc/global/snippets
-- Up-to-date: install/qt/doc/global/snippets/code
-- Up-to-date: install/qt/doc/global/snippets/code/doc_src_port_from_qregexp.cpp
-- Up-to-date: install/qt/doc/global/template
-- Up-to-date: install/qt/doc/global/template/images
-- Up-to-date: install/qt/doc/global/template/images/Qt-dark_gradient.png
-- Up-to-date: install/qt/doc/global/template/images/Qt-footer-bg.jpg
-- Up-to-date: install/qt/doc/global/template/images/Qt-footer_shadow.png
-- Up-to-date: install/qt/doc/global/template/images/Qt-gradient.png
-- Up-to-date: install/qt/doc/global/template/images/Qt-header-bg.jpg
-- Up-to-date: install/qt/doc/global/template/images/Qt-logo.png
-- Up-to-date: install/qt/doc/global/template/images/arrow.png
-- Up-to-date: install/qt/doc/global/template/images/arrow_bc.png
-- Up-to-date: install/qt/doc/global/template/images/arrow_down.png
-- Up-to-date: install/qt/doc/global/template/images/bg_l.png
-- Up-to-date: install/qt/doc/global/template/images/bg_l_blank.png
-- Up-to-date: install/qt/doc/global/template/images/bg_ll_blank.png
-- Up-to-date: install/qt/doc/global/template/images/bg_r.png
-- Up-to-date: install/qt/doc/global/template/images/bg_ul_blank.png
-- Up-to-date: install/qt/doc/global/template/images/bgrContent.png
-- Up-to-date: install/qt/doc/global/template/images/blu_dot.png
-- Up-to-date: install/qt/doc/global/template/images/box_bg.png
-- Up-to-date: install/qt/doc/global/template/images/breadcrumb.png
-- Up-to-date: install/qt/doc/global/template/images/btn_next.png
-- Up-to-date: install/qt/doc/global/template/images/btn_prev.png
-- Up-to-date: install/qt/doc/global/template/images/bullet_dn.png
-- Up-to-date: install/qt/doc/global/template/images/bullet_gt.png
-- Up-to-date: install/qt/doc/global/template/images/bullet_sq.png
-- Up-to-date: install/qt/doc/global/template/images/bullet_up.png
-- Up-to-date: install/qt/doc/global/template/images/feedbackground.png
-- Up-to-date: install/qt/doc/global/template/images/header_bg.png
-- Up-to-date: install/qt/doc/global/template/images/home.png
-- Up-to-date: install/qt/doc/global/template/images/horBar.png
-- Up-to-date: install/qt/doc/global/template/images/ico_out.png
-- Up-to-date: install/qt/doc/global/template/images/logo.png
-- Up-to-date: install/qt/doc/global/template/images/page.png
-- Up-to-date: install/qt/doc/global/template/images/page_bg.png
-- Up-to-date: install/qt/doc/global/template/images/spinner.gif
-- Up-to-date: install/qt/doc/global/template/images/sprites-combined.png
-- Up-to-date: install/qt/doc/global/template/scripts
-- Up-to-date: install/qt/doc/global/template/scripts/extras.js
-- Up-to-date: install/qt/doc/global/template/scripts/main.js
-- Up-to-date: install/qt/doc/global/template/style
-- Up-to-date: install/qt/doc/global/template/style/cookie-confirm.css
-- Up-to-date: install/qt/doc/global/template/style/cookiebar-x.png
-- Up-to-date: install/qt/doc/global/template/style/doc_search.png
-- Up-to-date: install/qt/doc/global/template/style/gsc.css
-- Up-to-date: install/qt/doc/global/template/style/htmltabs.css
-- Up-to-date: install/qt/doc/global/template/style/icomoon.eot
-- Up-to-date: install/qt/doc/global/template/style/icomoon.svg
-- Up-to-date: install/qt/doc/global/template/style/icomoon.ttf
-- Up-to-date: install/qt/doc/global/template/style/icomoon.woff
-- Up-to-date: install/qt/doc/global/template/style/list_arrow.png
-- Up-to-date: install/qt/doc/global/template/style/list_expand.png
-- Up-to-date: install/qt/doc/global/template/style/offline-dark.css
-- Up-to-date: install/qt/doc/global/template/style/offline-simple.css
-- Up-to-date: install/qt/doc/global/template/style/offline.css
-- Up-to-date: install/qt/doc/global/template/style/online.css
-- Up-to-date: install/qt/doc/global/template/style/tech_preview.svg
-- Up-to-date: install/qt/doc/global/template/style/theqtcompany.png
-- Up-to-date: install/qt/doc/global/warninglimit.qdocconf
-- Up-to-date: install/qt/doc/config
-- Up-to-date: install/qt/doc/config/exampleurl-qt3d.qdocconf
-- Up-to-date: install/qt/doc/config/exampleurl-qtactiveqt.qdocconf
-- Up-to-date: install/qt/doc/config/exampleurl-qtandroidextras.qdocconf
-- Up-to-date: install/qt/doc/config/exampleurl-qtbase.qdocconf
-- Up-to-date: install/qt/doc/config/exampleurl-qtcharts.qdocconf
-- Up-to-date: install/qt/doc/config/exampleurl-qtconnectivity.qdocconf
-- Up-to-date: install/qt/doc/config/exampleurl-qtdatavis3d.qdocconf
-- Up-to-date: install/qt/doc/config/exampleurl-qtdeclarative.qdocconf
-- Up-to-date: install/qt/doc/config/exampleurl-qtdoc.qdocconf
-- Up-to-date: install/qt/doc/config/exampleurl-qtgamepad.qdocconf
-- Up-to-date: install/qt/doc/config/exampleurl-qtgraphicaleffects.qdocconf
-- Up-to-date: install/qt/doc/config/exampleurl-qtimageformats.qdocconf
-- Up-to-date: install/qt/doc/config/exampleurl-qtlocation.qdocconf
-- Up-to-date: install/qt/doc/config/exampleurl-qtlottie.qdocconf
-- Up-to-date: install/qt/doc/config/exampleurl-qtmacextras.qdocconf
-- Up-to-date: install/qt/doc/config/exampleurl-qtmultimedia.qdocconf
-- Up-to-date: install/qt/doc/config/exampleurl-qtnetworkauth.qdocconf
-- Up-to-date: install/qt/doc/config/exampleurl-qtpositioning.qdocconf
-- Up-to-date: install/qt/doc/config/exampleurl-qtpurchasing.qdocconf
-- Up-to-date: install/qt/doc/config/exampleurl-qtquickcontrols.qdocconf
-- Up-to-date: install/qt/doc/config/exampleurl-qtquickcontrols2.qdocconf
-- Up-to-date: install/qt/doc/config/exampleurl-qtremoteobjects.qdocconf
-- Up-to-date: install/qt/doc/config/exampleurl-qtscript.qdocconf
-- Up-to-date: install/qt/doc/config/exampleurl-qtscxml.qdocconf
-- Up-to-date: install/qt/doc/config/exampleurl-qtsensors.qdocconf
-- Up-to-date: install/qt/doc/config/exampleurl-qtserialbus.qdocconf
-- Up-to-date: install/qt/doc/config/exampleurl-qtserialport.qdocconf
-- Up-to-date: install/qt/doc/config/exampleurl-qtspeech.qdocconf
-- Up-to-date: install/qt/doc/config/exampleurl-qtsvg.qdocconf
-- Up-to-date: install/qt/doc/config/exampleurl-qttools.qdocconf
-- Up-to-date: install/qt/doc/config/exampleurl-qtvirtualkeyboard.qdocconf
-- Up-to-date: install/qt/doc/config/exampleurl-qtwayland.qdocconf
-- Up-to-date: install/qt/doc/config/exampleurl-qtwebchannel.qdocconf
-- Up-to-date: install/qt/doc/config/exampleurl-qtwebengine.qdocconf
-- Up-to-date: install/qt/doc/config/exampleurl-qtwebsockets.qdocconf
-- Up-to-date: install/qt/doc/config/exampleurl-qtwebview.qdocconf
-- Up-to-date: install/qt/doc/config/exampleurl-qtwinextras.qdocconf
-- Up-to-date: install/qt/doc/config/exampleurl-qtx11extras.qdocconf
-- Up-to-date: install/qt/doc/config/exampleurl-qtxmlpatterns.qdocconf
-- Installing: install/qt/lib/cmake/Qt6/FindWrapBundledPcre2ConfigExtra.cmake
-- Installing: install/qt/lib/cmake/Qt6ZlibPrivate/Qt6ZlibPrivateConfig.cmake
-- Installing: install/qt/lib/cmake/Qt6ZlibPrivate/Qt6ZlibPrivateConfigVersion.cmake
-- Installing: install/qt/lib/cmake/Qt6ZlibPrivate/Qt6ZlibPrivateConfigVersionImpl.cmake
-- Installing: install/qt/lib/cmake/Qt6ZlibPrivate/Qt6ZlibPrivateTargets.cmake
-- Installing: install/qt/lib/cmake/Qt6ZlibPrivate/Qt6ZlibPrivateVersionlessAliasTargets.cmake
-- Installing: install/qt/lib/cmake/Qt6ZlibPrivate/Qt6ZlibPrivateVersionlessTargets.cmake
-- Up-to-date: install/qt/modules/ZlibPrivate.json
-- Installing: install/qt/lib/cmake/Qt6ZlibPrivate/Qt6ZlibPrivateAdditionalTargetInfo.cmake
-- Up-to-date: install/qt/include/QtZlib/zlib.h
-- Up-to-date: install/qt/include/QtZlib/zconf.h
-- Up-to-date: install/qt/include/QtZlib/QtZlibDepends
-- Up-to-date: install/qt/mkspecs/modules/qt_lib_zlib_private.pri
-- Installing: install/qt/lib/cmake/Qt6/FindWrapBundledZLIBConfigExtra.cmake
-- Installing: install/qt/lib/cmake/Qt6Core/Qt6CTestMacros.cmake
-- Up-to-date: install/qt/lib/cmake/Qt6Core/Qt6CoreConfigureFileTemplate.in
-- Up-to-date: install/qt/lib/cmake/Qt6Core/Qt6CoreResourceInit.in.cpp
-- Installing: install/qt/lib/cmake/Qt6Core/Qt6CoreDeploySupport.cmake
-- Installing: install/qt/lib/cmake/Qt6Core/Qt6CoreConfig.cmake
-- Installing: install/qt/lib/cmake/Qt6Core/Qt6CoreConfigVersion.cmake
-- Installing: install/qt/lib/cmake/Qt6Core/Qt6CoreConfigVersionImpl.cmake
-- Installing: install/qt/lib/cmake/Qt6Core/Qt6CoreMacros.cmake
-- Installing: install/qt/lib/cmake/Qt6Core/Qt6CoreConfigExtras.cmake
-- Up-to-date: install/qt/lib/libQt6Core.lib.so
-- Installing: install/qt/lib/cmake/Qt6Core/Qt6CoreTargets.cmake
-- Installing: install/qt/lib/cmake/Qt6Core/Qt6CoreTargets-relwithdebinfo.cmake
-- Installing: install/qt/lib/cmake/Qt6Core/Qt6CoreVersionlessAliasTargets.cmake
-- Installing: install/qt/lib/cmake/Qt6Core/Qt6CoreVersionlessTargets.cmake
-- Up-to-date: install/qt/modules/Core.json
-- Up-to-date: install/qt/metatypes/qt6core_relwithdebinfo_metatypes.json
-- Installing: install/qt/lib/cmake/Qt6Core/Qt6CoreAdditionalTargetInfo.cmake
-- Up-to-date: install/qt/include/QtCore
-- Up-to-date: install/qt/include/QtCore/QAbstractAnimation
-- Up-to-date: install/qt/include/QtCore/QAbstractEventDispatcher
-- Up-to-date: install/qt/include/QtCore/QAbstractEventDispatcherV2
-- Up-to-date: install/qt/include/QtCore/QAbstractItemModel
-- Up-to-date: install/qt/include/QtCore/QAbstractListModel
-- Up-to-date: install/qt/include/QtCore/QAbstractNativeEventFilter
-- Up-to-date: install/qt/include/QtCore/QAbstractProxyModel
-- Up-to-date: install/qt/include/QtCore/QAbstractTableModel
-- Up-to-date: install/qt/include/QtCore/QAnimationDriver
-- Up-to-date: install/qt/include/QtCore/QAnimationGroup
-- Up-to-date: install/qt/include/QtCore/QAnyStringView
-- Up-to-date: install/qt/include/QtCore/QApplicationStatic
-- Up-to-date: install/qt/include/QtCore/QArgument
-- Up-to-date: install/qt/include/QtCore/QArrayData
-- Up-to-date: install/qt/include/QtCore/QArrayDataOps
-- Up-to-date: install/qt/include/QtCore/QArrayDataPointer
-- Up-to-date: install/qt/include/QtCore/QAssociativeConstIterator
-- Up-to-date: install/qt/include/QtCore/QAssociativeIterable
-- Up-to-date: install/qt/include/QtCore/QAssociativeIterator
-- Up-to-date: install/qt/include/QtCore/QAtomicInt
-- Up-to-date: install/qt/include/QtCore/QAtomicInteger
-- Up-to-date: install/qt/include/QtCore/QAtomicPointer
-- Up-to-date: install/qt/include/QtCore/QAtomicScopedValueRollback
-- Up-to-date: install/qt/include/QtCore/QBEInteger
-- Up-to-date: install/qt/include/QtCore/QBaseIterator
-- Up-to-date: install/qt/include/QtCore/QBasicMutex
-- Up-to-date: install/qt/include/QtCore/QBasicTimer
-- Up-to-date: install/qt/include/QtCore/QBasicUtf8StringView
-- Up-to-date: install/qt/include/QtCore/QBigEndianStorageType
-- Up-to-date: install/qt/include/QtCore/QBindable
-- Up-to-date: install/qt/include/QtCore/QBindingStatus
-- Up-to-date: install/qt/include/QtCore/QBindingStorage
-- Up-to-date: install/qt/include/QtCore/QBitArray
-- Up-to-date: install/qt/include/QtCore/QBitRef
-- Up-to-date: install/qt/include/QtCore/QBluetoothPermission
-- Up-to-date: install/qt/include/QtCore/QBuffer
-- Up-to-date: install/qt/include/QtCore/QByteArray
-- Up-to-date: install/qt/include/QtCore/QByteArrayAlgorithms
-- Up-to-date: install/qt/include/QtCore/QByteArrayList
-- Up-to-date: install/qt/include/QtCore/QByteArrayListIterator
-- Up-to-date: install/qt/include/QtCore/QByteArrayMatcher
-- Up-to-date: install/qt/include/QtCore/QByteArrayView
-- Up-to-date: install/qt/include/QtCore/QCache
-- Up-to-date: install/qt/include/QtCore/QCalendar
-- Up-to-date: install/qt/include/QtCore/QCalendarPermission
-- Up-to-date: install/qt/include/QtCore/QCborArray
-- Up-to-date: install/qt/include/QtCore/QCborError
-- Up-to-date: install/qt/include/QtCore/QCborMap
-- Up-to-date: install/qt/include/QtCore/QCborParserError
-- Up-to-date: install/qt/include/QtCore/QCborStreamReader
-- Up-to-date: install/qt/include/QtCore/QCborStreamWriter
-- Up-to-date: install/qt/include/QtCore/QCborValue
-- Up-to-date: install/qt/include/QtCore/QCborValueConstRef
-- Up-to-date: install/qt/include/QtCore/QCborValueRef
-- Up-to-date: install/qt/include/QtCore/QChar
-- Up-to-date: install/qt/include/QtCore/QChildEvent
-- Up-to-date: install/qt/include/QtCore/QChronoTimer
-- Up-to-date: install/qt/include/QtCore/QCollator
-- Up-to-date: install/qt/include/QtCore/QCollatorSortKey
-- Up-to-date: install/qt/include/QtCore/QCommandLineOption
-- Up-to-date: install/qt/include/QtCore/QCommandLineParser
-- Up-to-date: install/qt/include/QtCore/QConcatenateTablesProxyModel
-- Up-to-date: install/qt/include/QtCore/QConstIterator
-- Up-to-date: install/qt/include/QtCore/QConstOverload
-- Up-to-date: install/qt/include/QtCore/QContactsPermission
-- Up-to-date: install/qt/include/QtCore/QContiguousCache
-- Up-to-date: install/qt/include/QtCore/QContiguousCacheData
-- Up-to-date: install/qt/include/QtCore/QContiguousCacheTypedData
-- Up-to-date: install/qt/include/QtCore/QCoreApplication
-- Up-to-date: install/qt/include/QtCore/QCryptographicHash
-- Up-to-date: install/qt/include/QtCore/QDataStream
-- Up-to-date: install/qt/include/QtCore/QDate
-- Up-to-date: install/qt/include/QtCore/QDateTime
-- Up-to-date: install/qt/include/QtCore/QDeadlineTimer
-- Up-to-date: install/qt/include/QtCore/QDebug
-- Up-to-date: install/qt/include/QtCore/QDebugStateSaver
-- Up-to-date: install/qt/include/QtCore/QDir
-- Up-to-date: install/qt/include/QtCore/QDirIterator
-- Up-to-date: install/qt/include/QtCore/QDirListing
-- Up-to-date: install/qt/include/QtCore/QDynamicPropertyChangeEvent
-- Up-to-date: install/qt/include/QtCore/QEasingCurve
-- Up-to-date: install/qt/include/QtCore/QElapsedTimer
-- Up-to-date: install/qt/include/QtCore/QEnableSharedFromThis
-- Up-to-date: install/qt/include/QtCore/QEvent
-- Up-to-date: install/qt/include/QtCore/QEventLoop
-- Up-to-date: install/qt/include/QtCore/QEventLoopLocker
-- Up-to-date: install/qt/include/QtCore/QException
-- Up-to-date: install/qt/include/QtCore/QExplicitlySharedDataPointer
-- Up-to-date: install/qt/include/QtCore/QFactoryInterface
-- Up-to-date: install/qt/include/QtCore/QFile
-- Up-to-date: install/qt/include/QtCore/QFileDevice
-- Up-to-date: install/qt/include/QtCore/QFileInfo
-- Up-to-date: install/qt/include/QtCore/QFileInfoList
-- Up-to-date: install/qt/include/QtCore/QFileSelector
-- Up-to-date: install/qt/include/QtCore/QFileSystemWatcher
-- Up-to-date: install/qt/include/QtCore/QFlag
-- Up-to-date: install/qt/include/QtCore/QFlags
-- Up-to-date: install/qt/include/QtCore/QFloat16
-- Up-to-date: install/qt/include/QtCore/QForeach
-- Up-to-date: install/qt/include/QtCore/QFunctionPointer
-- Up-to-date: install/qt/include/QtCore/QFuture
-- Up-to-date: install/qt/include/QtCore/QFutureInterface
-- Up-to-date: install/qt/include/QtCore/QFutureInterfaceBase
-- Up-to-date: install/qt/include/QtCore/QFutureIterator
-- Up-to-date: install/qt/include/QtCore/QFutureSynchronizer
-- Up-to-date: install/qt/include/QtCore/QFutureWatcher
-- Up-to-date: install/qt/include/QtCore/QFutureWatcherBase
-- Up-to-date: install/qt/include/QtCore/QGenericArgument
-- Up-to-date: install/qt/include/QtCore/QGenericReturnArgument
-- Up-to-date: install/qt/include/QtCore/QGlobalStatic
-- Up-to-date: install/qt/include/QtCore/QHash
-- Up-to-date: install/qt/include/QtCore/QHashDummyValue
-- Up-to-date: install/qt/include/QtCore/QHashFunctions
-- Up-to-date: install/qt/include/QtCore/QHashHeterogeneousSearch
-- Up-to-date: install/qt/include/QtCore/QHashIterator
-- Up-to-date: install/qt/include/QtCore/QHashSeed
-- Up-to-date: install/qt/include/QtCore/QIODevice
-- Up-to-date: install/qt/include/QtCore/QIODeviceBase
-- Up-to-date: install/qt/include/QtCore/QIdentityProxyModel
-- Up-to-date: install/qt/include/QtCore/QIncompatibleFlag
-- Up-to-date: install/qt/include/QtCore/QIntegerForSize
-- Up-to-date: install/qt/include/QtCore/QInternal
-- Up-to-date: install/qt/include/QtCore/QItemSelection
-- Up-to-date: install/qt/include/QtCore/QItemSelectionModel
-- Up-to-date: install/qt/include/QtCore/QItemSelectionRange
-- Up-to-date: install/qt/include/QtCore/QIterable
-- Up-to-date: install/qt/include/QtCore/QIterator
-- Up-to-date: install/qt/include/QtCore/QJsonArray
-- Up-to-date: install/qt/include/QtCore/QJsonDocument
-- Up-to-date: install/qt/include/QtCore/QJsonObject
-- Up-to-date: install/qt/include/QtCore/QJsonParseError
-- Up-to-date: install/qt/include/QtCore/QJsonValue
-- Up-to-date: install/qt/include/QtCore/QJsonValueConstRef
-- Up-to-date: install/qt/include/QtCore/QJsonValueRef
-- Up-to-date: install/qt/include/QtCore/QKeyCombination
-- Up-to-date: install/qt/include/QtCore/QKeyValueIterator
-- Up-to-date: install/qt/include/QtCore/QLEInteger
-- Up-to-date: install/qt/include/QtCore/QLatin1Char
-- Up-to-date: install/qt/include/QtCore/QLatin1String
-- Up-to-date: install/qt/include/QtCore/QLatin1StringMatcher
-- Up-to-date: install/qt/include/QtCore/QLatin1StringView
-- Up-to-date: install/qt/include/QtCore/QLibrary
-- Up-to-date: install/qt/include/QtCore/QLibraryInfo
-- Up-to-date: install/qt/include/QtCore/QLine
-- Up-to-date: install/qt/include/QtCore/QLineF
-- Up-to-date: install/qt/include/QtCore/QList
-- Up-to-date: install/qt/include/QtCore/QListIterator
-- Up-to-date: install/qt/include/QtCore/QListSpecialMethods
-- Up-to-date: install/qt/include/QtCore/QListSpecialMethodsBase
-- Up-to-date: install/qt/include/QtCore/QLittleEndianStorageType
-- Up-to-date: install/qt/include/QtCore/QLocale
-- Up-to-date: install/qt/include/QtCore/QLocationPermission
-- Up-to-date: install/qt/include/QtCore/QLockFile
-- Up-to-date: install/qt/include/QtCore/QLoggingCategory
-- Up-to-date: install/qt/include/QtCore/QMap
-- Up-to-date: install/qt/include/QtCore/QMapData
-- Up-to-date: install/qt/include/QtCore/QMapIterator
-- Up-to-date: install/qt/include/QtCore/QMargins
-- Up-to-date: install/qt/include/QtCore/QMarginsF
-- Up-to-date: install/qt/include/QtCore/QMessageAuthenticationCode
-- Up-to-date: install/qt/include/QtCore/QMessageLogContext
-- Up-to-date: install/qt/include/QtCore/QMessageLogger
-- Up-to-date: install/qt/include/QtCore/QMetaAssociation
-- Up-to-date: install/qt/include/QtCore/QMetaClassInfo
-- Up-to-date: install/qt/include/QtCore/QMetaContainer
-- Up-to-date: install/qt/include/QtCore/QMetaEnum
-- Up-to-date: install/qt/include/QtCore/QMetaMethod
-- Up-to-date: install/qt/include/QtCore/QMetaMethodArgument
-- Up-to-date: install/qt/include/QtCore/QMetaMethodReturnArgument
-- Up-to-date: install/qt/include/QtCore/QMetaObject
-- Up-to-date: install/qt/include/QtCore/QMetaProperty
-- Up-to-date: install/qt/include/QtCore/QMetaSequence
-- Up-to-date: install/qt/include/QtCore/QMetaType
-- Up-to-date: install/qt/include/QtCore/QMetaTypeId
-- Up-to-date: install/qt/include/QtCore/QMetaTypeId2
-- Up-to-date: install/qt/include/QtCore/QMetaTypeIdQObject
-- Up-to-date: install/qt/include/QtCore/QMethodRawArguments
-- Up-to-date: install/qt/include/QtCore/QMimeData
-- Up-to-date: install/qt/include/QtCore/QMimeDatabase
-- Up-to-date: install/qt/include/QtCore/QMimeType
-- Up-to-date: install/qt/include/QtCore/QModelIndex
-- Up-to-date: install/qt/include/QtCore/QModelIndexList
-- Up-to-date: install/qt/include/QtCore/QModelRoleData
-- Up-to-date: install/qt/include/QtCore/QModelRoleDataSpan
-- Up-to-date: install/qt/include/QtCore/QMultiHash
-- Up-to-date: install/qt/include/QtCore/QMultiHashIterator
-- Up-to-date: install/qt/include/QtCore/QMultiMap
-- Up-to-date: install/qt/include/QtCore/QMultiMapIterator
-- Up-to-date: install/qt/include/QtCore/QMutableByteArrayListIterator
-- Up-to-date: install/qt/include/QtCore/QMutableFutureIterator
-- Up-to-date: install/qt/include/QtCore/QMutableHashIterator
-- Up-to-date: install/qt/include/QtCore/QMutableListIterator
-- Up-to-date: install/qt/include/QtCore/QMutableMapIterator
-- Up-to-date: install/qt/include/QtCore/QMutableMultiHashIterator
-- Up-to-date: install/qt/include/QtCore/QMutableMultiMapIterator
-- Up-to-date: install/qt/include/QtCore/QMutableSetIterator
-- Up-to-date: install/qt/include/QtCore/QMutableVectorIterator
-- Up-to-date: install/qt/include/QtCore/QMutex
-- Up-to-date: install/qt/include/QtCore/QMutexLocker
-- Up-to-date: install/qt/include/QtCore/QNativeIpcKey
-- Up-to-date: install/qt/include/QtCore/QNoDebug
-- Up-to-date: install/qt/include/QtCore/QNonConstOverload
-- Up-to-date: install/qt/include/QtCore/QNtfsPermissionCheckGuard
-- Up-to-date: install/qt/include/QtCore/QObject
-- Up-to-date: install/qt/include/QtCore/QObjectBindableProperty
-- Up-to-date: install/qt/include/QtCore/QObjectCleanupHandler
-- Up-to-date: install/qt/include/QtCore/QObjectComputedProperty
-- Up-to-date: install/qt/include/QtCore/QObjectData
-- Up-to-date: install/qt/include/QtCore/QObjectList
-- Up-to-date: install/qt/include/QtCore/QOperatingSystemVersion
-- Up-to-date: install/qt/include/QtCore/QOperatingSystemVersionBase
-- Up-to-date: install/qt/include/QtCore/QOperatingSystemVersionUnexported
-- Up-to-date: install/qt/include/QtCore/QOverload
-- Up-to-date: install/qt/include/QtCore/QPair
-- Up-to-date: install/qt/include/QtCore/QParallelAnimationGroup
-- Up-to-date: install/qt/include/QtCore/QPartialOrdering
-- Up-to-date: install/qt/include/QtCore/QPauseAnimation
-- Up-to-date: install/qt/include/QtCore/QPermission
-- Up-to-date: install/qt/include/QtCore/QPermissions
-- Up-to-date: install/qt/include/QtCore/QPersistentModelIndex
-- Up-to-date: install/qt/include/QtCore/QPluginLoader
-- Up-to-date: install/qt/include/QtCore/QPluginMetaData
-- Up-to-date: install/qt/include/QtCore/QPluginMetaDataV2
-- Up-to-date: install/qt/include/QtCore/QPoint
-- Up-to-date: install/qt/include/QtCore/QPointF
-- Up-to-date: install/qt/include/QtCore/QPointer
-- Up-to-date: install/qt/include/QtCore/QProcess
-- Up-to-date: install/qt/include/QtCore/QProcessEnvironment
-- Up-to-date: install/qt/include/QtCore/QPromise
-- Up-to-date: install/qt/include/QtCore/QProperty
-- Up-to-date: install/qt/include/QtCore/QPropertyAnimation
-- Up-to-date: install/qt/include/QtCore/QPropertyBinding
-- Up-to-date: install/qt/include/QtCore/QPropertyBindingError
-- Up-to-date: install/qt/include/QtCore/QPropertyBindingPrivatePtr
-- Up-to-date: install/qt/include/QtCore/QPropertyBindingSourceLocation
-- Up-to-date: install/qt/include/QtCore/QPropertyChangeHandler
-- Up-to-date: install/qt/include/QtCore/QPropertyData
-- Up-to-date: install/qt/include/QtCore/QPropertyNotifier
-- Up-to-date: install/qt/include/QtCore/QPropertyObserver
-- Up-to-date: install/qt/include/QtCore/QPropertyObserverBase
-- Up-to-date: install/qt/include/QtCore/QPropertyProxyBindingData
-- Up-to-date: install/qt/include/QtCore/QQueue
-- Up-to-date: install/qt/include/QtCore/QRandomGenerator
-- Up-to-date: install/qt/include/QtCore/QRandomGenerator64
-- Up-to-date: install/qt/include/QtCore/QReadLocker
-- Up-to-date: install/qt/include/QtCore/QReadWriteLock
-- Up-to-date: install/qt/include/QtCore/QRect
-- Up-to-date: install/qt/include/QtCore/QRectF
-- Up-to-date: install/qt/include/QtCore/QRecursiveMutex
-- Up-to-date: install/qt/include/QtCore/QRegularExpression
-- Up-to-date: install/qt/include/QtCore/QRegularExpressionMatch
-- Up-to-date: install/qt/include/QtCore/QRegularExpressionMatchIterator
-- Up-to-date: install/qt/include/QtCore/QResource
-- Up-to-date: install/qt/include/QtCore/QReturnArgument
-- Up-to-date: install/qt/include/QtCore/QRunnable
-- Up-to-date: install/qt/include/QtCore/QSaveFile
-- Up-to-date: install/qt/include/QtCore/QScopeGuard
-- Up-to-date: install/qt/include/QtCore/QScopedArrayPointer
-- Up-to-date: install/qt/include/QtCore/QScopedPointer
-- Up-to-date: install/qt/include/QtCore/QScopedPointerArrayDeleter
-- Up-to-date: install/qt/include/QtCore/QScopedPointerDeleteLater
-- Up-to-date: install/qt/include/QtCore/QScopedPointerDeleter
-- Up-to-date: install/qt/include/QtCore/QScopedPointerObjectDeleteLater
-- Up-to-date: install/qt/include/QtCore/QScopedPointerPodDeleter
-- Up-to-date: install/qt/include/QtCore/QScopedPropertyUpdateGroup
-- Up-to-date: install/qt/include/QtCore/QScopedValueRollback
-- Up-to-date: install/qt/include/QtCore/QSemaphore
-- Up-to-date: install/qt/include/QtCore/QSemaphoreReleaser
-- Up-to-date: install/qt/include/QtCore/QSequentialAnimationGroup
-- Up-to-date: install/qt/include/QtCore/QSequentialConstIterator
-- Up-to-date: install/qt/include/QtCore/QSequentialIterable
-- Up-to-date: install/qt/include/QtCore/QSequentialIterator
-- Up-to-date: install/qt/include/QtCore/QSet
-- Up-to-date: install/qt/include/QtCore/QSetIterator
-- Up-to-date: install/qt/include/QtCore/QSettings
-- Up-to-date: install/qt/include/QtCore/QSharedData
-- Up-to-date: install/qt/include/QtCore/QSharedDataPointer
-- Up-to-date: install/qt/include/QtCore/QSharedMemory
-- Up-to-date: install/qt/include/QtCore/QSharedPointer
-- Up-to-date: install/qt/include/QtCore/QSignalBlocker
-- Up-to-date: install/qt/include/QtCore/QSignalMapper
-- Up-to-date: install/qt/include/QtCore/QSize
-- Up-to-date: install/qt/include/QtCore/QSizeF
-- Up-to-date: install/qt/include/QtCore/QSocketDescriptor
-- Up-to-date: install/qt/include/QtCore/QSocketNotifier
-- Up-to-date: install/qt/include/QtCore/QSortFilterProxyModel
-- Up-to-date: install/qt/include/QtCore/QSpan
-- Up-to-date: install/qt/include/QtCore/QSpecialInteger
-- Up-to-date: install/qt/include/QtCore/QStack
-- Up-to-date: install/qt/include/QtCore/QStandardPaths
-- Up-to-date: install/qt/include/QtCore/QStaticByteArrayMatcher
-- Up-to-date: install/qt/include/QtCore/QStaticByteArrayMatcherBase
-- Up-to-date: install/qt/include/QtCore/QStaticLatin1StringMatcher
-- Up-to-date: install/qt/include/QtCore/QStaticPlugin
-- Up-to-date: install/qt/include/QtCore/QStorageInfo
-- Up-to-date: install/qt/include/QtCore/QString
-- Up-to-date: install/qt/include/QtCore/QStringAlgorithms
-- Up-to-date: install/qt/include/QtCore/QStringBuilder
-- Up-to-date: install/qt/include/QtCore/QStringConverter
-- Up-to-date: install/qt/include/QtCore/QStringConverterBase
-- Up-to-date: install/qt/include/QtCore/QStringDecoder
-- Up-to-date: install/qt/include/QtCore/QStringEncoder
-- Up-to-date: install/qt/include/QtCore/QStringList
-- Up-to-date: install/qt/include/QtCore/QStringListModel
-- Up-to-date: install/qt/include/QtCore/QStringLiteral
-- Up-to-date: install/qt/include/QtCore/QStringMatcher
-- Up-to-date: install/qt/include/QtCore/QStringTokenizer
-- Up-to-date: install/qt/include/QtCore/QStringTokenizerBase
-- Up-to-date: install/qt/include/QtCore/QStringTokenizerBaseBase
-- Up-to-date: install/qt/include/QtCore/QStringView
-- Up-to-date: install/qt/include/QtCore/QSysInfo
-- Up-to-date: install/qt/include/QtCore/QSystemSemaphore
-- Up-to-date: install/qt/include/QtCore/QTaggedIterator
-- Up-to-date: install/qt/include/QtCore/QTaggedPointer
-- Up-to-date: install/qt/include/QtCore/QTemplatedMetaMethodReturnArgument
-- Up-to-date: install/qt/include/QtCore/QTemporaryDir
-- Up-to-date: install/qt/include/QtCore/QTemporaryFile
-- Up-to-date: install/qt/include/QtCore/QTextBoundaryFinder
-- Up-to-date: install/qt/include/QtCore/QTextStream
-- Up-to-date: install/qt/include/QtCore/QTextStreamFunction
-- Up-to-date: install/qt/include/QtCore/QTextStreamManipulator
-- Up-to-date: install/qt/include/QtCore/QThread
-- Up-to-date: install/qt/include/QtCore/QThreadPool
-- Up-to-date: install/qt/include/QtCore/QThreadStorage
-- Up-to-date: install/qt/include/QtCore/QThreadStorageData
-- Up-to-date: install/qt/include/QtCore/QTime
-- Up-to-date: install/qt/include/QtCore/QTimeLine
-- Up-to-date: install/qt/include/QtCore/QTimeZone
-- Up-to-date: install/qt/include/QtCore/QTimer
-- Up-to-date: install/qt/include/QtCore/QTimerEvent
-- Up-to-date: install/qt/include/QtCore/QTranslator
-- Up-to-date: install/qt/include/QtCore/QTransposeProxyModel
-- Up-to-date: install/qt/include/QtCore/QTypeInfo
-- Up-to-date: install/qt/include/QtCore/QTypeInfoMerger
-- Up-to-date: install/qt/include/QtCore/QTypeRevision
-- Up-to-date: install/qt/include/QtCore/QTypedArrayData
-- Up-to-date: install/qt/include/QtCore/QUnhandledException
-- Up-to-date: install/qt/include/QtCore/QUntypedBindable
-- Up-to-date: install/qt/include/QtCore/QUntypedPropertyBinding
-- Up-to-date: install/qt/include/QtCore/QUntypedPropertyData
-- Up-to-date: install/qt/include/QtCore/QUrl
-- Up-to-date: install/qt/include/QtCore/QUrlQuery
-- Up-to-date: install/qt/include/QtCore/QUrlTwoFlags
-- Up-to-date: install/qt/include/QtCore/QUtf8StringView
-- Up-to-date: install/qt/include/QtCore/QUuid
-- Up-to-date: install/qt/include/QtCore/QVarLengthArray
-- Up-to-date: install/qt/include/QtCore/QVariant
-- Up-to-date: install/qt/include/QtCore/QVariantAnimation
-- Up-to-date: install/qt/include/QtCore/QVariantConstPointer
-- Up-to-date: install/qt/include/QtCore/QVariantHash
-- Up-to-date: install/qt/include/QtCore/QVariantList
-- Up-to-date: install/qt/include/QtCore/QVariantMap
-- Up-to-date: install/qt/include/QtCore/QVariantPointer
-- Up-to-date: install/qt/include/QtCore/QVariantRef
-- Up-to-date: install/qt/include/QtCore/QVector
-- Up-to-date: install/qt/include/QtCore/QVectorIterator
-- Up-to-date: install/qt/include/QtCore/QVersionNumber
-- Up-to-date: install/qt/include/QtCore/QWaitCondition
-- Up-to-date: install/qt/include/QtCore/QWeakPointer
-- Up-to-date: install/qt/include/QtCore/QWinEventNotifier
-- Up-to-date: install/qt/include/QtCore/QWriteLocker
-- Up-to-date: install/qt/include/QtCore/QXmlStreamAttribute
-- Up-to-date: install/qt/include/QtCore/QXmlStreamAttributes
-- Up-to-date: install/qt/include/QtCore/QXmlStreamEntityDeclaration
-- Up-to-date: install/qt/include/QtCore/QXmlStreamEntityDeclarations
-- Up-to-date: install/qt/include/QtCore/QXmlStreamEntityResolver
-- Up-to-date: install/qt/include/QtCore/QXmlStreamNamespaceDeclaration
-- Up-to-date: install/qt/include/QtCore/QXmlStreamNamespaceDeclarations
-- Up-to-date: install/qt/include/QtCore/QXmlStreamNotationDeclaration
-- Up-to-date: install/qt/include/QtCore/QXmlStreamNotationDeclarations
-- Up-to-date: install/qt/include/QtCore/QXmlStreamReader
-- Up-to-date: install/qt/include/QtCore/QXmlStreamWriter
-- Up-to-date: install/qt/include/QtCore/Qt
-- Up-to-date: install/qt/include/QtCore/QtAlgorithms
-- Up-to-date: install/qt/include/QtCore/QtAssert
-- Up-to-date: install/qt/include/QtCore/QtCborCommon
-- Up-to-date: install/qt/include/QtCore/QtClassHelperMacros
-- Up-to-date: install/qt/include/QtCore/QtCleanUpFunction
-- Up-to-date: install/qt/include/QtCore/QtCompare
-- Up-to-date: install/qt/include/QtCore/QtCompilerDetection
-- Up-to-date: install/qt/include/QtCore/QtConfig
-- Up-to-date: install/qt/include/QtCore/QtConstructorMacros
-- Up-to-date: install/qt/include/QtCore/QtContainerFwd
-- Up-to-date: install/qt/include/QtCore/QtCore
-- Up-to-date: install/qt/include/QtCore/QtCoreVersion
-- Up-to-date: install/qt/include/QtCore/QtDarwinHelpers
-- Up-to-date: install/qt/include/QtCore/QtDebug
-- Up-to-date: install/qt/include/QtCore/QtDeprecationMarkers
-- Up-to-date: install/qt/include/QtCore/QtEndian
-- Up-to-date: install/qt/include/QtCore/QtEnvironmentVariables
-- Up-to-date: install/qt/include/QtCore/QtExceptionHandling
-- Up-to-date: install/qt/include/QtCore/QtGlobal
-- Up-to-date: install/qt/include/QtCore/QtLogging
-- Up-to-date: install/qt/include/QtCore/QtMalloc
-- Up-to-date: install/qt/include/QtCore/QtMath
-- Up-to-date: install/qt/include/QtCore/QtMessageHandler
-- Up-to-date: install/qt/include/QtCore/QtMinMax
-- Up-to-date: install/qt/include/QtCore/QtNumeric
-- Up-to-date: install/qt/include/QtCore/QtPlugin
-- Up-to-date: install/qt/include/QtCore/QtPluginInstanceFunction
-- Up-to-date: install/qt/include/QtCore/QtPluginMetaDataFunction
-- Up-to-date: install/qt/include/QtCore/QtPreprocessorSupport
-- Up-to-date: install/qt/include/QtCore/QtProcessorDetection
-- Up-to-date: install/qt/include/QtCore/QtResource
-- Up-to-date: install/qt/include/QtCore/QtStartUpFunction
-- Up-to-date: install/qt/include/QtCore/QtStdLibDetection
-- Up-to-date: install/qt/include/QtCore/QtSwap
-- Up-to-date: install/qt/include/QtCore/QtSystemDetection
-- Up-to-date: install/qt/include/QtCore/QtTranslation
-- Up-to-date: install/qt/include/QtCore/QtTypeTraits
-- Up-to-date: install/qt/include/QtCore/QtTypes
-- Up-to-date: install/qt/include/QtCore/QtVersion
-- Up-to-date: install/qt/include/QtCore/QtVersionChecks
-- Up-to-date: install/qt/include/QtCore/qtcoreversion.h
-- Up-to-date: install/qt/include/QtCore/qtcoreexports.h
-- Up-to-date: install/qt/include/QtCore/qsimd.h
-- Up-to-date: install/qt/include/QtCore/qhash.h
-- Up-to-date: install/qt/include/QtCore/qassert.h
-- Up-to-date: install/qt/include/QtCore/qcompare_impl.h
-- Up-to-date: install/qt/include/QtCore/qcompare.h
-- Up-to-date: install/qt/include/QtCore/qcomparehelpers.h
-- Up-to-date: install/qt/include/QtCore/qcompilerdetection.h
-- Up-to-date: install/qt/include/QtCore/qconstructormacros.h
-- Up-to-date: install/qt/include/QtCore/qcontainerinfo.h
-- Up-to-date: install/qt/include/QtCore/qdarwinhelpers.h
-- Up-to-date: install/qt/include/QtCore/qendian.h
-- Up-to-date: install/qt/include/QtCore/qexceptionhandling.h
-- Up-to-date: install/qt/include/QtCore/qflags.h
-- Up-to-date: install/qt/include/QtCore/qfloat16.h
-- Up-to-date: install/qt/include/QtCore/qforeach.h
-- Up-to-date: install/qt/include/QtCore/qfunctionpointer.h
-- Up-to-date: install/qt/include/QtCore/qglobal.h
-- Up-to-date: install/qt/include/QtCore/qglobalstatic.h
-- Up-to-date: install/qt/include/QtCore/qlibraryinfo.h
-- Up-to-date: install/qt/include/QtCore/qlogging.h
-- Up-to-date: install/qt/include/QtCore/qmalloc.h
-- Up-to-date: install/qt/include/QtCore/qminmax.h
-- Up-to-date: install/qt/include/QtCore/qnamespace.h
-- Up-to-date: install/qt/include/QtCore/qnativeinterface.h
-- Up-to-date: install/qt/include/QtCore/qnumeric.h
-- Up-to-date: install/qt/include/QtCore/qoperatingsystemversion.h
-- Up-to-date: install/qt/include/QtCore/qoverload.h
-- Up-to-date: install/qt/include/QtCore/qprocessordetection.h
-- Up-to-date: install/qt/include/QtCore/qrandom.h
-- Up-to-date: install/qt/include/QtCore/qstdlibdetection.h
-- Up-to-date: install/qt/include/QtCore/qswap.h
-- Up-to-date: install/qt/include/QtCore/qsysinfo.h
-- Up-to-date: install/qt/include/QtCore/qsystemdetection.h
-- Up-to-date: install/qt/include/QtCore/qtclasshelpermacros.h
-- Up-to-date: install/qt/include/QtCore/qtconfiginclude.h
-- Up-to-date: install/qt/include/QtCore/qtconfigmacros.h
-- Up-to-date: install/qt/include/QtCore/qtdeprecationmarkers.h
-- Up-to-date: install/qt/include/QtCore/qtenvironmentvariables.h
-- Up-to-date: install/qt/include/QtCore/qtnoop.h
-- Up-to-date: install/qt/include/QtCore/qtpreprocessorsupport.h
-- Up-to-date: install/qt/include/QtCore/qtresource.h
-- Up-to-date: install/qt/include/QtCore/qtsymbolmacros.h
-- Up-to-date: install/qt/include/QtCore/qttranslation.h
-- Up-to-date: install/qt/include/QtCore/qttypetraits.h
-- Up-to-date: install/qt/include/QtCore/qtversionchecks.h
-- Up-to-date: install/qt/include/QtCore/qtversion.h
-- Up-to-date: install/qt/include/QtCore/qtypeinfo.h
-- Up-to-date: install/qt/include/QtCore/qtypes.h
-- Up-to-date: install/qt/include/QtCore/q20algorithm.h
-- Up-to-date: install/qt/include/QtCore/q20chrono.h
-- Up-to-date: install/qt/include/QtCore/q20functional.h
-- Up-to-date: install/qt/include/QtCore/q20iterator.h
-- Up-to-date: install/qt/include/QtCore/q20map.h
-- Up-to-date: install/qt/include/QtCore/q20memory.h
-- Up-to-date: install/qt/include/QtCore/q20type_traits.h
-- Up-to-date: install/qt/include/QtCore/q20utility.h
-- Up-to-date: install/qt/include/QtCore/q20vector.h
-- Up-to-date: install/qt/include/QtCore/q23functional.h
-- Up-to-date: install/qt/include/QtCore/q23utility.h
-- Up-to-date: install/qt/include/QtCore/q26numeric.h
-- Up-to-date: install/qt/include/QtCore/qxpfunctional.h
-- Up-to-date: install/qt/include/QtCore/qxptype_traits.h
-- Up-to-date: install/qt/include/QtCore/qversiontagging.h
-- Up-to-date: install/qt/include/QtCore/qsharedmemory.h
-- Up-to-date: install/qt/include/QtCore/qsystemsemaphore.h
-- Up-to-date: install/qt/include/QtCore/qtipccommon.h
-- Up-to-date: install/qt/include/QtCore/qbuffer.h
-- Up-to-date: install/qt/include/QtCore/qdebug.h
-- Up-to-date: install/qt/include/QtCore/qdir.h
-- Up-to-date: install/qt/include/QtCore/qdirlisting.h
-- Up-to-date: install/qt/include/QtCore/qdiriterator.h
-- Up-to-date: install/qt/include/QtCore/qfile.h
-- Up-to-date: install/qt/include/QtCore/qfiledevice.h
-- Up-to-date: install/qt/include/QtCore/qfileinfo.h
-- Up-to-date: install/qt/include/QtCore/qfileselector.h
-- Up-to-date: install/qt/include/QtCore/qiodevice.h
-- Up-to-date: install/qt/include/QtCore/qiodevicebase.h
-- Up-to-date: install/qt/include/QtCore/qlockfile.h
-- Up-to-date: install/qt/include/QtCore/qloggingcategory.h
-- Up-to-date: install/qt/include/QtCore/qresource.h
-- Up-to-date: install/qt/include/QtCore/qsavefile.h
-- Up-to-date: install/qt/include/QtCore/qstandardpaths.h
-- Up-to-date: install/qt/include/QtCore/qstorageinfo.h
-- Up-to-date: install/qt/include/QtCore/qtemporarydir.h
-- Up-to-date: install/qt/include/QtCore/qtemporaryfile.h
-- Up-to-date: install/qt/include/QtCore/qurl.h
-- Up-to-date: install/qt/include/QtCore/qurlquery.h
-- Up-to-date: install/qt/include/QtCore/qabstracteventdispatcher.h
-- Up-to-date: install/qt/include/QtCore/qabstractnativeeventfilter.h
-- Up-to-date: install/qt/include/QtCore/qapplicationstatic.h
-- Up-to-date: install/qt/include/QtCore/qassociativeiterable.h
-- Up-to-date: install/qt/include/QtCore/qbasictimer.h
-- Up-to-date: install/qt/include/QtCore/qbindingstorage.h
-- Up-to-date: install/qt/include/QtCore/qchronotimer.h
-- Up-to-date: install/qt/include/QtCore/qcoreapplication.h
-- Up-to-date: install/qt/include/QtCore/qcoreapplication_platform.h
-- Up-to-date: install/qt/include/QtCore/qcoreevent.h
-- Up-to-date: install/qt/include/QtCore/qdeadlinetimer.h
-- Up-to-date: install/qt/include/QtCore/qelapsedtimer.h
-- Up-to-date: install/qt/include/QtCore/qeventloop.h
-- Up-to-date: install/qt/include/QtCore/qiterable.h
-- Up-to-date: install/qt/include/QtCore/qmath.h
-- Up-to-date: install/qt/include/QtCore/qmetacontainer.h
-- Up-to-date: install/qt/include/QtCore/qmetaobject.h
-- Up-to-date: install/qt/include/QtCore/qmetatype.h
-- Up-to-date: install/qt/include/QtCore/qmimedata.h
-- Up-to-date: install/qt/include/QtCore/qtmetamacros.h
-- Up-to-date: install/qt/include/QtCore/qtmochelpers.h
-- Up-to-date: install/qt/include/QtCore/qobject.h
-- Up-to-date: install/qt/include/QtCore/qobject_impl.h
-- Up-to-date: install/qt/include/QtCore/qobjectcleanuphandler.h
-- Up-to-date: install/qt/include/QtCore/qobjectdefs.h
-- Up-to-date: install/qt/include/QtCore/qobjectdefs_impl.h
-- Up-to-date: install/qt/include/QtCore/qpointer.h
-- Up-to-date: install/qt/include/QtCore/qproperty.h
-- Up-to-date: install/qt/include/QtCore/qpropertyprivate.h
-- Up-to-date: install/qt/include/QtCore/qsequentialiterable.h
-- Up-to-date: install/qt/include/QtCore/qsignalmapper.h
-- Up-to-date: install/qt/include/QtCore/qsocketnotifier.h
-- Up-to-date: install/qt/include/QtCore/qtestsupport_core.h
-- Up-to-date: install/qt/include/QtCore/qtimer.h
-- Up-to-date: install/qt/include/QtCore/qtranslator.h
-- Up-to-date: install/qt/include/QtCore/qvariant.h
-- Up-to-date: install/qt/include/QtCore/qvariantmap.h
-- Up-to-date: install/qt/include/QtCore/qvarianthash.h
-- Up-to-date: install/qt/include/QtCore/qvariantlist.h
-- Up-to-date: install/qt/include/QtCore/qfactoryinterface.h
-- Up-to-date: install/qt/include/QtCore/qplugin.h
-- Up-to-date: install/qt/include/QtCore/qpluginloader.h
-- Up-to-date: install/qt/include/QtCore/quuid.h
-- Up-to-date: install/qt/include/QtCore/qcborarray.h
-- Up-to-date: install/qt/include/QtCore/qcborcommon.h
-- Up-to-date: install/qt/include/QtCore/qcbormap.h
-- Up-to-date: install/qt/include/QtCore/qcborstream.h
-- Up-to-date: install/qt/include/QtCore/qcborvalue.h
-- Up-to-date: install/qt/include/QtCore/qdatastream.h
-- Up-to-date: install/qt/include/QtCore/qjsonarray.h
-- Up-to-date: install/qt/include/QtCore/qjsondocument.h
-- Up-to-date: install/qt/include/QtCore/qjsonobject.h
-- Up-to-date: install/qt/include/QtCore/qjsonvalue.h
-- Up-to-date: install/qt/include/QtCore/qtextstream.h
-- Up-to-date: install/qt/include/QtCore/qanystringview.h
-- Up-to-date: install/qt/include/QtCore/qbytearray.h
-- Up-to-date: install/qt/include/QtCore/qbytearrayalgorithms.h
-- Up-to-date: install/qt/include/QtCore/qbytearraylist.h
-- Up-to-date: install/qt/include/QtCore/qbytearraymatcher.h
-- Up-to-date: install/qt/include/QtCore/qbytearrayview.h
-- Up-to-date: install/qt/include/QtCore/qchar.h
-- Up-to-date: install/qt/include/QtCore/qcollator.h
-- Up-to-date: install/qt/include/QtCore/qlatin1stringmatcher.h
-- Up-to-date: install/qt/include/QtCore/qlatin1stringview.h
-- Up-to-date: install/qt/include/QtCore/qlocale.h
-- Up-to-date: install/qt/include/QtCore/qstaticlatin1stringmatcher.h
-- Up-to-date: install/qt/include/QtCore/qstring.h
-- Up-to-date: install/qt/include/QtCore/qstringalgorithms.h
-- Up-to-date: install/qt/include/QtCore/qstringbuilder.h
-- Up-to-date: install/qt/include/QtCore/qstringconverter_base.h
-- Up-to-date: install/qt/include/QtCore/qstringconverter.h
-- Up-to-date: install/qt/include/QtCore/qstringfwd.h
-- Up-to-date: install/qt/include/QtCore/qstringlist.h
-- Up-to-date: install/qt/include/QtCore/qstringliteral.h
-- Up-to-date: install/qt/include/QtCore/qstringmatcher.h
-- Up-to-date: install/qt/include/QtCore/qstringtokenizer.h
-- Up-to-date: install/qt/include/QtCore/qstringview.h
-- Up-to-date: install/qt/include/QtCore/qtextboundaryfinder.h
-- Up-to-date: install/qt/include/QtCore/qutf8stringview.h
-- Up-to-date: install/qt/include/QtCore/qatomic.h
-- Up-to-date: install/qt/include/QtCore/qatomic_cxx11.h
-- Up-to-date: install/qt/include/QtCore/qbasicatomic.h
-- Up-to-date: install/qt/include/QtCore/qgenericatomic.h
-- Up-to-date: install/qt/include/QtCore/qmutex.h
-- Up-to-date: install/qt/include/QtCore/qreadwritelock.h
-- Up-to-date: install/qt/include/QtCore/qrunnable.h
-- Up-to-date: install/qt/include/QtCore/qthread.h
-- Up-to-date: install/qt/include/QtCore/qthreadstorage.h
-- Up-to-date: install/qt/include/QtCore/qtsan_impl.h
-- Up-to-date: install/qt/include/QtCore/qwaitcondition.h
-- Up-to-date: install/qt/include/QtCore/qyieldcpu.h
-- Up-to-date: install/qt/include/QtCore/qcalendar.h
-- Up-to-date: install/qt/include/QtCore/qdatetime.h
-- Up-to-date: install/qt/include/QtCore/qtimezone.h
-- Up-to-date: install/qt/include/QtCore/qalgorithms.h
-- Up-to-date: install/qt/include/QtCore/qarraydata.h
-- Up-to-date: install/qt/include/QtCore/qarraydataops.h
-- Up-to-date: install/qt/include/QtCore/qarraydatapointer.h
-- Up-to-date: install/qt/include/QtCore/qatomicscopedvaluerollback.h
-- Up-to-date: install/qt/include/QtCore/qbitarray.h
-- Up-to-date: install/qt/include/QtCore/qcache.h
-- Up-to-date: install/qt/include/QtCore/qcontainerfwd.h
-- Up-to-date: install/qt/include/QtCore/qcontainertools_impl.h
-- Up-to-date: install/qt/include/QtCore/qcontiguouscache.h
-- Up-to-date: install/qt/include/QtCore/qcryptographichash.h
-- Up-to-date: install/qt/include/QtCore/qfunctionaltools_impl.h
-- Up-to-date: install/qt/include/QtCore/qhashfunctions.h
-- Up-to-date: install/qt/include/QtCore/qiterator.h
-- Up-to-date: install/qt/include/QtCore/qline.h
-- Up-to-date: install/qt/include/QtCore/qlist.h
-- Up-to-date: install/qt/include/QtCore/qmap.h
-- Up-to-date: install/qt/include/QtCore/qmargins.h
-- Up-to-date: install/qt/include/QtCore/qmessageauthenticationcode.h
-- Up-to-date: install/qt/include/QtCore/qpair.h
-- Up-to-date: install/qt/include/QtCore/qpoint.h
-- Up-to-date: install/qt/include/QtCore/qqueue.h
-- Up-to-date: install/qt/include/QtCore/qrect.h
-- Up-to-date: install/qt/include/QtCore/qrefcount.h
-- Up-to-date: install/qt/include/QtCore/qscopedpointer.h
-- Up-to-date: install/qt/include/QtCore/qscopedvaluerollback.h
-- Up-to-date: install/qt/include/QtCore/qscopeguard.h
-- Up-to-date: install/qt/include/QtCore/qset.h
-- Up-to-date: install/qt/include/QtCore/qshareddata.h
-- Up-to-date: install/qt/include/QtCore/qshareddata_impl.h
-- Up-to-date: install/qt/include/QtCore/qsharedpointer.h
-- Up-to-date: install/qt/include/QtCore/qsharedpointer_impl.h
-- Up-to-date: install/qt/include/QtCore/qsize.h
-- Up-to-date: install/qt/include/QtCore/qspan.h
-- Up-to-date: install/qt/include/QtCore/qstack.h
-- Up-to-date: install/qt/include/QtCore/qtaggedpointer.h
-- Up-to-date: install/qt/include/QtCore/qtyperevision.h
-- Up-to-date: install/qt/include/QtCore/qvarlengtharray.h
-- Up-to-date: install/qt/include/QtCore/qvector.h
-- Up-to-date: install/qt/include/QtCore/qversionnumber.h
-- Up-to-date: install/qt/include/QtCore/qtcore-config.h
-- Up-to-date: install/qt/include/QtCore/qconfig.h
-- Up-to-date: install/qt/include/QtCore/qxmlstream.h
-- Up-to-date: install/qt/include/QtCore/qabstractanimation.h
-- Up-to-date: install/qt/include/QtCore/qanimationgroup.h
-- Up-to-date: install/qt/include/QtCore/qparallelanimationgroup.h
-- Up-to-date: install/qt/include/QtCore/qpauseanimation.h
-- Up-to-date: install/qt/include/QtCore/qpropertyanimation.h
-- Up-to-date: install/qt/include/QtCore/qsequentialanimationgroup.h
-- Up-to-date: install/qt/include/QtCore/qvariantanimation.h
-- Up-to-date: install/qt/include/QtCore/qwineventnotifier.h
-- Up-to-date: install/qt/include/QtCore/qsemaphore.h
-- Up-to-date: install/qt/include/QtCore/qthreadpool.h
-- Up-to-date: install/qt/include/QtCore/qexception.h
-- Up-to-date: install/qt/include/QtCore/qfuture.h
-- Up-to-date: install/qt/include/QtCore/qfuture_impl.h
-- Up-to-date: install/qt/include/QtCore/qfutureinterface.h
-- Up-to-date: install/qt/include/QtCore/qfuturesynchronizer.h
-- Up-to-date: install/qt/include/QtCore/qfuturewatcher.h
-- Up-to-date: install/qt/include/QtCore/qpromise.h
-- Up-to-date: install/qt/include/QtCore/qresultstore.h
-- Up-to-date: install/qt/include/QtCore/qcommandlineoption.h
-- Up-to-date: install/qt/include/QtCore/qcommandlineparser.h
-- Up-to-date: install/qt/include/QtCore/qeasingcurve.h
-- Up-to-date: install/qt/include/QtCore/qtimeline.h
-- Up-to-date: install/qt/include/QtCore/qregularexpression.h
-- Up-to-date: install/qt/include/QtCore/qfilesystemwatcher.h
-- Up-to-date: install/qt/include/QtCore/qprocess.h
-- Up-to-date: install/qt/include/QtCore/qsettings.h
-- Up-to-date: install/qt/include/QtCore/qabstractitemmodel.h
-- Up-to-date: install/qt/include/QtCore/qitemselectionmodel.h
-- Up-to-date: install/qt/include/QtCore/qabstractproxymodel.h
-- Up-to-date: install/qt/include/QtCore/qconcatenatetablesproxymodel.h
-- Up-to-date: install/qt/include/QtCore/qidentityproxymodel.h
-- Up-to-date: install/qt/include/QtCore/qsortfilterproxymodel.h
-- Up-to-date: install/qt/include/QtCore/qtransposeproxymodel.h
-- Up-to-date: install/qt/include/QtCore/qstringlistmodel.h
-- Up-to-date: install/qt/include/QtCore/qlibrary.h
-- Up-to-date: install/qt/include/QtCore/qcborstreamreader.h
-- Up-to-date: install/qt/include/QtCore/qcborstreamwriter.h
-- Up-to-date: install/qt/include/QtCore/qmimedatabase.h
-- Up-to-date: install/qt/include/QtCore/qmimetype.h
-- Up-to-date: install/qt/include/QtCore/qpermissions.h
-- Up-to-date: install/qt/include/QtCore/qtdeprecationdefinitions.h
-- Up-to-date: install/qt/include/QtCore/QtCoreDepends
-- Up-to-date: install/qt/include/QtCore/6.8.3/QtCore/private/qsimd_p.h
-- Up-to-date: install/qt/include/QtCore/6.8.3/QtCore/private/qendian_p.h
-- Up-to-date: install/qt/include/QtCore/6.8.3/QtCore/private/qglobal_p.h
-- Up-to-date: install/qt/include/QtCore/6.8.3/QtCore/private/qhooks_p.h
-- Up-to-date: install/qt/include/QtCore/6.8.3/QtCore/private/qlibraryinfo_p.h
-- Up-to-date: install/qt/include/QtCore/6.8.3/QtCore/private/qlogging_p.h
-- Up-to-date: install/qt/include/QtCore/6.8.3/QtCore/private/qnativeinterface_p.h
-- Up-to-date: install/qt/include/QtCore/6.8.3/QtCore/private/qnumeric_p.h
-- Up-to-date: install/qt/include/QtCore/6.8.3/QtCore/private/qoperatingsystemversion_p.h
-- Up-to-date: install/qt/include/QtCore/6.8.3/QtCore/private/qrandom_p.h
-- Up-to-date: install/qt/include/QtCore/6.8.3/QtCore/private/qtenvironmentvariables_p.h
-- Up-to-date: install/qt/include/QtCore/6.8.3/QtCore/private/qtrace_p.h
-- Up-to-date: install/qt/include/QtCore/6.8.3/QtCore/private/qvolatile_p.h
-- Up-to-date: install/qt/include/QtCore/6.8.3/QtCore/private/qsharedmemory_p.h
-- Up-to-date: install/qt/include/QtCore/6.8.3/QtCore/private/qsystemsemaphore_p.h
-- Up-to-date: install/qt/include/QtCore/6.8.3/QtCore/private/qtipccommon_p.h
-- Up-to-date: install/qt/include/QtCore/6.8.3/QtCore/private/qabstractfileengine_p.h
-- Up-to-date: install/qt/include/QtCore/6.8.3/QtCore/private/qdataurl_p.h
-- Up-to-date: install/qt/include/QtCore/6.8.3/QtCore/private/qdebug_p.h
-- Up-to-date: install/qt/include/QtCore/6.8.3/QtCore/private/qdir_p.h
-- Up-to-date: install/qt/include/QtCore/6.8.3/QtCore/private/qdirentryinfo_p.h
-- Up-to-date: install/qt/include/QtCore/6.8.3/QtCore/private/qfile_p.h
-- Up-to-date: install/qt/include/QtCore/6.8.3/QtCore/private/qfiledevice_p.h
-- Up-to-date: install/qt/include/QtCore/6.8.3/QtCore/private/qfileinfo_p.h
-- Up-to-date: install/qt/include/QtCore/6.8.3/QtCore/private/qfileselector_p.h
-- Up-to-date: install/qt/include/QtCore/6.8.3/QtCore/private/qfilesystemengine_p.h
-- Up-to-date: install/qt/include/QtCore/6.8.3/QtCore/private/qfilesystementry_p.h
-- Up-to-date: install/qt/include/QtCore/6.8.3/QtCore/private/qfilesystemiterator_p.h
-- Up-to-date: install/qt/include/QtCore/6.8.3/QtCore/private/qfilesystemmetadata_p.h
-- Up-to-date: install/qt/include/QtCore/6.8.3/QtCore/private/qfsfileengine_p.h
-- Up-to-date: install/qt/include/QtCore/6.8.3/QtCore/private/qfsfileengine_iterator_p.h
-- Up-to-date: install/qt/include/QtCore/6.8.3/QtCore/private/qiodevice_p.h
-- Up-to-date: install/qt/include/QtCore/6.8.3/QtCore/private/qipaddress_p.h
-- Up-to-date: install/qt/include/QtCore/6.8.3/QtCore/private/qlockfile_p.h
-- Up-to-date: install/qt/include/QtCore/6.8.3/QtCore/private/qloggingregistry_p.h
-- Up-to-date: install/qt/include/QtCore/6.8.3/QtCore/private/qnoncontiguousbytedevice_p.h
-- Up-to-date: install/qt/include/QtCore/6.8.3/QtCore/private/qresource_p.h
-- Up-to-date: install/qt/include/QtCore/6.8.3/QtCore/private/qresource_iterator_p.h
-- Up-to-date: install/qt/include/QtCore/6.8.3/QtCore/private/qsavefile_p.h
-- Up-to-date: install/qt/include/QtCore/6.8.3/QtCore/private/qstorageinfo_p.h
-- Up-to-date: install/qt/include/QtCore/6.8.3/QtCore/private/qtemporaryfile_p.h
-- Up-to-date: install/qt/include/QtCore/6.8.3/QtCore/private/qurl_p.h
-- Up-to-date: install/qt/include/QtCore/6.8.3/QtCore/private/qzipreader_p.h
-- Up-to-date: install/qt/include/QtCore/6.8.3/QtCore/private/qzipwriter_p.h
-- Up-to-date: install/qt/include/QtCore/6.8.3/QtCore/private/qabstracteventdispatcher_p.h
-- Up-to-date: install/qt/include/QtCore/6.8.3/QtCore/private/qcoreapplication_p.h
-- Up-to-date: install/qt/include/QtCore/6.8.3/QtCore/private/qcoreevent_p.h
-- Up-to-date: install/qt/include/QtCore/6.8.3/QtCore/private/qeventloop_p.h
-- Up-to-date: install/qt/include/QtCore/6.8.3/QtCore/private/qfunctions_p.h
-- Up-to-date: install/qt/include/QtCore/6.8.3/QtCore/private/qiterable_p.h
-- Up-to-date: install/qt/include/QtCore/6.8.3/QtCore/private/qmetaobject_p.h
-- Up-to-date: install/qt/include/QtCore/6.8.3/QtCore/private/qmetaobject_moc_p.h
-- Up-to-date: install/qt/include/QtCore/6.8.3/QtCore/private/qmetaobjectbuilder_p.h
-- Up-to-date: install/qt/include/QtCore/6.8.3/QtCore/private/qmetatype_p.h
-- Up-to-date: install/qt/include/QtCore/6.8.3/QtCore/private/qobject_p.h
-- Up-to-date: install/qt/include/QtCore/6.8.3/QtCore/private/qobject_p_p.h
-- Up-to-date: install/qt/include/QtCore/6.8.3/QtCore/private/qproperty_p.h
-- Up-to-date: install/qt/include/QtCore/6.8.3/QtCore/private/qsingleshottimer_p.h
-- Up-to-date: install/qt/include/QtCore/6.8.3/QtCore/private/qsystemerror_p.h
-- Up-to-date: install/qt/include/QtCore/6.8.3/QtCore/private/qtimer_p.h
-- Up-to-date: install/qt/include/QtCore/6.8.3/QtCore/private/qtranslator_p.h
-- Up-to-date: install/qt/include/QtCore/6.8.3/QtCore/private/qvariant_p.h
-- Up-to-date: install/qt/include/QtCore/6.8.3/QtCore/private/qfactoryloader_p.h
-- Up-to-date: install/qt/include/QtCore/6.8.3/QtCore/private/qplugin_p.h
-- Up-to-date: install/qt/include/QtCore/6.8.3/QtCore/private/qcborcommon_p.h
-- Up-to-date: install/qt/include/QtCore/6.8.3/QtCore/private/qcborvalue_p.h
-- Up-to-date: install/qt/include/QtCore/6.8.3/QtCore/private/qdatastream_p.h
-- Up-to-date: install/qt/include/QtCore/6.8.3/QtCore/private/qjson_p.h
-- Up-to-date: install/qt/include/QtCore/6.8.3/QtCore/private/qjsonparser_p.h
-- Up-to-date: install/qt/include/QtCore/6.8.3/QtCore/private/qjsonwriter_p.h
-- Up-to-date: install/qt/include/QtCore/6.8.3/QtCore/private/qtextstream_p.h
-- Up-to-date: install/qt/include/QtCore/6.8.3/QtCore/private/qxmlutils_p.h
-- Up-to-date: install/qt/include/QtCore/6.8.3/QtCore/private/qbytedata_p.h
-- Up-to-date: install/qt/include/QtCore/6.8.3/QtCore/private/qcollator_p.h
-- Up-to-date: install/qt/include/QtCore/6.8.3/QtCore/private/qdoublescanprint_p.h
-- Up-to-date: install/qt/include/QtCore/6.8.3/QtCore/private/qlocale_p.h
-- Up-to-date: install/qt/include/QtCore/6.8.3/QtCore/private/qlocale_data_p.h
-- Up-to-date: install/qt/include/QtCore/6.8.3/QtCore/private/qlocale_tools_p.h
-- Up-to-date: install/qt/include/QtCore/6.8.3/QtCore/private/qstringalgorithms_p.h
-- Up-to-date: install/qt/include/QtCore/6.8.3/QtCore/private/qstringconverter_p.h
-- Up-to-date: install/qt/include/QtCore/6.8.3/QtCore/private/qstringiterator_p.h
-- Up-to-date: install/qt/include/QtCore/6.8.3/QtCore/private/qunicodetables_p.h
-- Up-to-date: install/qt/include/QtCore/6.8.3/QtCore/private/qunicodetools_p.h
-- Up-to-date: install/qt/include/QtCore/6.8.3/QtCore/private/qlocking_p.h
-- Up-to-date: install/qt/include/QtCore/6.8.3/QtCore/private/qorderedmutexlocker_p.h
-- Up-to-date: install/qt/include/QtCore/6.8.3/QtCore/private/qthread_p.h
-- Up-to-date: install/qt/include/QtCore/6.8.3/QtCore/private/qwaitcondition_p.h
-- Up-to-date: install/qt/include/QtCore/6.8.3/QtCore/private/qcalendarbackend_p.h
-- Up-to-date: install/qt/include/QtCore/6.8.3/QtCore/private/qcalendarmath_p.h
-- Up-to-date: install/qt/include/QtCore/6.8.3/QtCore/private/qdatetime_p.h
-- Up-to-date: install/qt/include/QtCore/6.8.3/QtCore/private/qgregoriancalendar_p.h
-- Up-to-date: install/qt/include/QtCore/6.8.3/QtCore/private/qjuliancalendar_p.h
-- Up-to-date: install/qt/include/QtCore/6.8.3/QtCore/private/qlocaltime_p.h
-- Up-to-date: install/qt/include/QtCore/6.8.3/QtCore/private/qmilankoviccalendar_p.h
-- Up-to-date: install/qt/include/QtCore/6.8.3/QtCore/private/qromancalendar_p.h
-- Up-to-date: install/qt/include/QtCore/6.8.3/QtCore/private/qromancalendar_data_p.h
-- Up-to-date: install/qt/include/QtCore/6.8.3/QtCore/private/qduplicatetracker_p.h
-- Up-to-date: install/qt/include/QtCore/6.8.3/QtCore/private/qflatmap_p.h
-- Up-to-date: install/qt/include/QtCore/6.8.3/QtCore/private/qfreelist_p.h
-- Up-to-date: install/qt/include/QtCore/6.8.3/QtCore/private/qmakearray_p.h
-- Up-to-date: install/qt/include/QtCore/6.8.3/QtCore/private/qminimalflatset_p.h
-- Up-to-date: install/qt/include/QtCore/6.8.3/QtCore/private/qoffsetstringarray_p.h
-- Up-to-date: install/qt/include/QtCore/6.8.3/QtCore/private/qringbuffer_p.h
-- Up-to-date: install/qt/include/QtCore/6.8.3/QtCore/private/qsmallbytearray_p.h
-- Up-to-date: install/qt/include/QtCore/6.8.3/QtCore/private/qspan_p.h
-- Up-to-date: install/qt/include/QtCore/6.8.3/QtCore/private/qtools_p.h
-- Up-to-date: install/qt/include/QtCore/6.8.3/QtCore/private/quniquehandle_p.h
-- Up-to-date: install/qt/include/QtCore/6.8.3/QtCore/private/quniquehandle_types_p.h
-- Up-to-date: install/qt/include/QtCore/6.8.3/QtCore/private/qtcore-config_p.h
-- Up-to-date: install/qt/include/QtCore/6.8.3/QtCore/private/qconfig_p.h
-- Up-to-date: install/qt/include/QtCore/6.8.3/QtCore/private/qsimd_x86_p.h
-- Up-to-date: install/qt/include/QtCore/6.8.3/QtCore/private/qxmlstream_p.h
-- Up-to-date: install/qt/include/QtCore/6.8.3/QtCore/private/qxmlstreamgrammar_p.h
-- Up-to-date: install/qt/include/QtCore/6.8.3/QtCore/private/qxmlstreamparser_p.h
-- Up-to-date: install/qt/include/QtCore/6.8.3/QtCore/private/qabstractanimation_p.h
-- Up-to-date: install/qt/include/QtCore/6.8.3/QtCore/private/qanimationgroup_p.h
-- Up-to-date: install/qt/include/QtCore/6.8.3/QtCore/private/qparallelanimationgroup_p.h
-- Up-to-date: install/qt/include/QtCore/6.8.3/QtCore/private/qpropertyanimation_p.h
-- Up-to-date: install/qt/include/QtCore/6.8.3/QtCore/private/qsequentialanimationgroup_p.h
-- Up-to-date: install/qt/include/QtCore/6.8.3/QtCore/private/qvariantanimation_p.h
-- Up-to-date: install/qt/include/QtCore/6.8.3/QtCore/private/qcore_unix_p.h
-- Up-to-date: install/qt/include/QtCore/6.8.3/QtCore/private/qpoll_p.h
-- Up-to-date: install/qt/include/QtCore/6.8.3/QtCore/private/qtimerinfo_unix_p.h
-- Up-to-date: install/qt/include/QtCore/6.8.3/QtCore/private/qeventdispatcher_unix_p.h
-- Up-to-date: install/qt/include/QtCore/6.8.3/QtCore/private/qfutex_p.h
-- Up-to-date: install/qt/include/QtCore/6.8.3/QtCore/private/qmutex_p.h
-- Up-to-date: install/qt/include/QtCore/6.8.3/QtCore/private/qreadwritelock_p.h
-- Up-to-date: install/qt/include/QtCore/6.8.3/QtCore/private/qthreadpool_p.h
-- Up-to-date: install/qt/include/QtCore/6.8.3/QtCore/private/qfutex_freebsd_p.h
-- Up-to-date: install/qt/include/QtCore/6.8.3/QtCore/private/qfutureinterface_p.h
-- Up-to-date: install/qt/include/QtCore/6.8.3/QtCore/private/qfuturewatcher_p.h
-- Up-to-date: install/qt/include/QtCore/6.8.3/QtCore/private/qhijricalendar_p.h
-- Up-to-date: install/qt/include/QtCore/6.8.3/QtCore/private/qhijricalendar_data_p.h
-- Up-to-date: install/qt/include/QtCore/6.8.3/QtCore/private/qislamiccivilcalendar_p.h
-- Up-to-date: install/qt/include/QtCore/6.8.3/QtCore/private/qjalalicalendar_p.h
-- Up-to-date: install/qt/include/QtCore/6.8.3/QtCore/private/qjalalicalendar_data_p.h
-- Up-to-date: install/qt/include/QtCore/6.8.3/QtCore/private/qtimezoneprivate_p.h
-- Up-to-date: install/qt/include/QtCore/6.8.3/QtCore/private/qtimezoneprivate_data_p.h
-- Up-to-date: install/qt/include/QtCore/6.8.3/QtCore/private/qtimezonelocale_p.h
-- Up-to-date: install/qt/include/QtCore/6.8.3/QtCore/private/qtimezonelocale_data_p.h
-- Up-to-date: install/qt/include/QtCore/6.8.3/QtCore/private/qdatetimeparser_p.h
-- Up-to-date: install/qt/include/QtCore/6.8.3/QtCore/private/qfilesystemwatcher_p.h
-- Up-to-date: install/qt/include/QtCore/6.8.3/QtCore/private/qfilesystemwatcher_polling_p.h
-- Up-to-date: install/qt/include/QtCore/6.8.3/QtCore/private/qprocess_p.h
-- Up-to-date: install/qt/include/QtCore/6.8.3/QtCore/private/qsettings_p.h
-- Up-to-date: install/qt/include/QtCore/6.8.3/QtCore/private/qabstractitemmodel_p.h
-- Up-to-date: install/qt/include/QtCore/6.8.3/QtCore/private/qitemselectionmodel_p.h
-- Up-to-date: install/qt/include/QtCore/6.8.3/QtCore/private/qabstractproxymodel_p.h
-- Up-to-date: install/qt/include/QtCore/6.8.3/QtCore/private/qidentityproxymodel_p.h
-- Up-to-date: install/qt/include/QtCore/6.8.3/QtCore/private/qtransposeproxymodel_p.h
-- Up-to-date: install/qt/include/QtCore/6.8.3/QtCore/private/qlibrary_p.h
-- Up-to-date: install/qt/include/QtCore/6.8.3/QtCore/private/qelfparser_p.h
-- Up-to-date: install/qt/include/QtCore/6.8.3/QtCore/private/qmimedatabase_p.h
-- Up-to-date: install/qt/include/QtCore/6.8.3/QtCore/private/qmimeglobpattern_p.h
-- Up-to-date: install/qt/include/QtCore/6.8.3/QtCore/private/qmimemagicrule_p.h
-- Up-to-date: install/qt/include/QtCore/6.8.3/QtCore/private/qmimemagicrulematcher_p.h
-- Up-to-date: install/qt/include/QtCore/6.8.3/QtCore/private/qmimeprovider_p.h
-- Up-to-date: install/qt/include/QtCore/6.8.3/QtCore/private/qmimetype_p.h
-- Up-to-date: install/qt/include/QtCore/6.8.3/QtCore/private/qmimetypeparser_p.h
-- Up-to-date: install/qt/include/QtCore/6.8.3/QtCore/private/qpermissions_p.h
-- Up-to-date: install/qt/mkspecs/modules/qt_lib_core.pri
-- Up-to-date: install/qt/mkspecs/modules/qt_lib_core_private.pri
-- Up-to-date: install/qt/mkspecs/modules/qt_ext_libpng.pri
-- Installing: install/qt/lib/cmake/Qt6BundledLibpng/Qt6BundledLibpngConfig.cmake
-- Installing: install/qt/lib/cmake/Qt6BundledLibpng/Qt6BundledLibpngConfigVersion.cmake
-- Installing: install/qt/lib/cmake/Qt6BundledLibpng/Qt6BundledLibpngConfigVersionImpl.cmake
-- Up-to-date: install/qt/lib/libQt6BundledLibpng.a
-- Installing: install/qt/lib/cmake/Qt6BundledLibpng/Qt6BundledLibpngTargets.cmake
-- Installing: install/qt/lib/cmake/Qt6BundledLibpng/Qt6BundledLibpngTargets-relwithdebinfo.cmake
-- Installing: install/qt/lib/cmake/Qt6BundledLibpng/Qt6BundledLibpngVersionlessAliasTargets.cmake
-- Installing: install/qt/lib/cmake/Qt6BundledLibpng/Qt6BundledLibpngVersionlessTargets.cmake
-- Installing: install/qt/lib/cmake/Qt6PngPrivate/Qt6PngPrivateConfig.cmake
-- Installing: install/qt/lib/cmake/Qt6PngPrivate/Qt6PngPrivateConfigVersion.cmake
-- Installing: install/qt/lib/cmake/Qt6PngPrivate/Qt6PngPrivateConfigVersionImpl.cmake
-- Installing: install/qt/lib/cmake/Qt6PngPrivate/Qt6PngPrivateTargets.cmake
-- Installing: install/qt/lib/cmake/Qt6PngPrivate/Qt6PngPrivateVersionlessAliasTargets.cmake
-- Installing: install/qt/lib/cmake/Qt6PngPrivate/Qt6PngPrivateVersionlessTargets.cmake
-- Up-to-date: install/qt/modules/PngPrivate.json
-- Installing: install/qt/lib/cmake/Qt6BundledLibpng/Qt6BundledLibpngAdditionalTargetInfo.cmake
-- Installing: install/qt/lib/cmake/Qt6PngPrivate/Qt6PngPrivateAdditionalTargetInfo.cmake
-- Up-to-date: install/qt/include/QtPng/png.h
-- Up-to-date: install/qt/include/QtPng/pngconf.h
-- Up-to-date: install/qt/include/QtPng/pnglibconf.h
-- Up-to-date: install/qt/include/QtPng/QtPngDepends
-- Up-to-date: install/qt/mkspecs/modules/qt_lib_png_private.pri
-- Installing: install/qt/lib/cmake/Qt6/FindWrapBundledLibpngConfigExtra.cmake
-- Up-to-date: install/qt/mkspecs/modules/qt_ext_libjpeg.pri
-- Installing: install/qt/lib/cmake/Qt6BundledLibjpeg/Qt6BundledLibjpegConfig.cmake
-- Installing: install/qt/lib/cmake/Qt6BundledLibjpeg/Qt6BundledLibjpegConfigVersion.cmake
-- Installing: install/qt/lib/cmake/Qt6BundledLibjpeg/Qt6BundledLibjpegConfigVersionImpl.cmake
-- Up-to-date: install/qt/lib/libQt6BundledLibjpeg.a
-- Installing: install/qt/lib/cmake/Qt6BundledLibjpeg/Qt6BundledLibjpegTargets.cmake
-- Installing: install/qt/lib/cmake/Qt6BundledLibjpeg/Qt6BundledLibjpegTargets-relwithdebinfo.cmake
-- Installing: install/qt/lib/cmake/Qt6BundledLibjpeg/Qt6BundledLibjpegVersionlessAliasTargets.cmake
-- Installing: install/qt/lib/cmake/Qt6BundledLibjpeg/Qt6BundledLibjpegVersionlessTargets.cmake
-- Installing: install/qt/lib/cmake/Qt6JpegPrivate/Qt6JpegPrivateConfig.cmake
-- Installing: install/qt/lib/cmake/Qt6JpegPrivate/Qt6JpegPrivateConfigVersion.cmake
-- Installing: install/qt/lib/cmake/Qt6JpegPrivate/Qt6JpegPrivateConfigVersionImpl.cmake
-- Installing: install/qt/lib/cmake/Qt6JpegPrivate/Qt6JpegPrivateTargets.cmake
-- Installing: install/qt/lib/cmake/Qt6JpegPrivate/Qt6JpegPrivateVersionlessAliasTargets.cmake
-- Installing: install/qt/lib/cmake/Qt6JpegPrivate/Qt6JpegPrivateVersionlessTargets.cmake
-- Up-to-date: install/qt/modules/JpegPrivate.json
-- Installing: install/qt/lib/cmake/Qt6BundledLibjpeg/Qt6BundledLibjpegAdditionalTargetInfo.cmake
-- Installing: install/qt/lib/cmake/Qt6JpegPrivate/Qt6JpegPrivateAdditionalTargetInfo.cmake
-- Up-to-date: install/qt/include/QtJpeg/jpeglib.h
-- Up-to-date: install/qt/include/QtJpeg/jerror.h
-- Up-to-date: install/qt/include/QtJpeg/jconfig.h
-- Up-to-date: install/qt/include/QtJpeg/jmorecfg.h
-- Up-to-date: install/qt/include/QtJpeg/QtJpegDepends
-- Up-to-date: install/qt/mkspecs/modules/qt_lib_jpeg_private.pri
-- Installing: install/qt/lib/cmake/Qt6/FindWrapBundledLibjpegConfigExtra.cmake
-- Up-to-date: install/qt/mkspecs/modules/qt_ext_freetype.pri
-- Installing: install/qt/lib/cmake/Qt6BundledFreetype/Qt6BundledFreetypeConfig.cmake
-- Installing: install/qt/lib/cmake/Qt6BundledFreetype/Qt6BundledFreetypeConfigVersion.cmake
-- Installing: install/qt/lib/cmake/Qt6BundledFreetype/Qt6BundledFreetypeConfigVersionImpl.cmake
-- Up-to-date: install/qt/lib/libQt6BundledFreetype.a
-- Installing: install/qt/lib/cmake/Qt6BundledFreetype/Qt6BundledFreetypeTargets.cmake
-- Installing: install/qt/lib/cmake/Qt6BundledFreetype/Qt6BundledFreetypeTargets-relwithdebinfo.cmake
-- Installing: install/qt/lib/cmake/Qt6BundledFreetype/Qt6BundledFreetypeVersionlessAliasTargets.cmake
-- Installing: install/qt/lib/cmake/Qt6BundledFreetype/Qt6BundledFreetypeVersionlessTargets.cmake
-- Up-to-date: install/qt/include/QtFreetype
-- Up-to-date: install/qt/include/QtFreetype/REUSE.toml
-- Up-to-date: install/qt/include/QtFreetype/dlg
-- Up-to-date: install/qt/include/QtFreetype/dlg/REUSE.toml
-- Up-to-date: install/qt/include/QtFreetype/dlg/dlg.h
-- Up-to-date: install/qt/include/QtFreetype/dlg/output.h
-- Up-to-date: install/qt/include/QtFreetype/freetype
-- Up-to-date: install/qt/include/QtFreetype/freetype/REUSE.toml
-- Up-to-date: install/qt/include/QtFreetype/freetype/config
-- Up-to-date: install/qt/include/QtFreetype/freetype/config/REUSE.toml
-- Up-to-date: install/qt/include/QtFreetype/freetype/config/ftconfig.h
-- Up-to-date: install/qt/include/QtFreetype/freetype/config/ftheader.h
-- Up-to-date: install/qt/include/QtFreetype/freetype/config/ftmodule.h
-- Up-to-date: install/qt/include/QtFreetype/freetype/config/ftoption.h
-- Up-to-date: install/qt/include/QtFreetype/freetype/config/ftstdlib.h
-- Up-to-date: install/qt/include/QtFreetype/freetype/config/integer-types.h
-- Up-to-date: install/qt/include/QtFreetype/freetype/config/mac-support.h
-- Up-to-date: install/qt/include/QtFreetype/freetype/config/public-macros.h
-- Up-to-date: install/qt/include/QtFreetype/freetype/freetype.h
-- Up-to-date: install/qt/include/QtFreetype/freetype/ftadvanc.h
-- Up-to-date: install/qt/include/QtFreetype/freetype/ftbbox.h
-- Up-to-date: install/qt/include/QtFreetype/freetype/ftbdf.h
-- Up-to-date: install/qt/include/QtFreetype/freetype/ftbitmap.h
-- Up-to-date: install/qt/include/QtFreetype/freetype/ftbzip2.h
-- Up-to-date: install/qt/include/QtFreetype/freetype/ftcache.h
-- Up-to-date: install/qt/include/QtFreetype/freetype/ftchapters.h
-- Up-to-date: install/qt/include/QtFreetype/freetype/ftcid.h
-- Up-to-date: install/qt/include/QtFreetype/freetype/ftcolor.h
-- Up-to-date: install/qt/include/QtFreetype/freetype/ftdriver.h
-- Up-to-date: install/qt/include/QtFreetype/freetype/fterrdef.h
-- Up-to-date: install/qt/include/QtFreetype/freetype/fterrors.h
-- Up-to-date: install/qt/include/QtFreetype/freetype/ftfntfmt.h
-- Up-to-date: install/qt/include/QtFreetype/freetype/ftgasp.h
-- Up-to-date: install/qt/include/QtFreetype/freetype/ftglyph.h
-- Up-to-date: install/qt/include/QtFreetype/freetype/ftgxval.h
-- Up-to-date: install/qt/include/QtFreetype/freetype/ftgzip.h
-- Up-to-date: install/qt/include/QtFreetype/freetype/ftimage.h
-- Up-to-date: install/qt/include/QtFreetype/freetype/ftincrem.h
-- Up-to-date: install/qt/include/QtFreetype/freetype/ftlcdfil.h
-- Up-to-date: install/qt/include/QtFreetype/freetype/ftlist.h
-- Up-to-date: install/qt/include/QtFreetype/freetype/ftlogging.h
-- Up-to-date: install/qt/include/QtFreetype/freetype/ftlzw.h
-- Up-to-date: install/qt/include/QtFreetype/freetype/ftmac.h
-- Up-to-date: install/qt/include/QtFreetype/freetype/ftmm.h
-- Up-to-date: install/qt/include/QtFreetype/freetype/ftmodapi.h
-- Up-to-date: install/qt/include/QtFreetype/freetype/ftmoderr.h
-- Up-to-date: install/qt/include/QtFreetype/freetype/ftotval.h
-- Up-to-date: install/qt/include/QtFreetype/freetype/ftoutln.h
-- Up-to-date: install/qt/include/QtFreetype/freetype/ftparams.h
-- Up-to-date: install/qt/include/QtFreetype/freetype/ftpfr.h
-- Up-to-date: install/qt/include/QtFreetype/freetype/ftrender.h
-- Up-to-date: install/qt/include/QtFreetype/freetype/ftsizes.h
-- Up-to-date: install/qt/include/QtFreetype/freetype/ftsnames.h
-- Up-to-date: install/qt/include/QtFreetype/freetype/ftstroke.h
-- Up-to-date: install/qt/include/QtFreetype/freetype/ftsynth.h
-- Up-to-date: install/qt/include/QtFreetype/freetype/ftsystem.h
-- Up-to-date: install/qt/include/QtFreetype/freetype/fttrigon.h
-- Up-to-date: install/qt/include/QtFreetype/freetype/fttypes.h
-- Up-to-date: install/qt/include/QtFreetype/freetype/ftwinfnt.h
-- Up-to-date: install/qt/include/QtFreetype/freetype/internal
-- Up-to-date: install/qt/include/QtFreetype/freetype/internal/REUSE.toml
-- Up-to-date: install/qt/include/QtFreetype/freetype/internal/autohint.h
-- Up-to-date: install/qt/include/QtFreetype/freetype/internal/cffotypes.h
-- Up-to-date: install/qt/include/QtFreetype/freetype/internal/cfftypes.h
-- Up-to-date: install/qt/include/QtFreetype/freetype/internal/compiler-macros.h
-- Up-to-date: install/qt/include/QtFreetype/freetype/internal/ftcalc.h
-- Up-to-date: install/qt/include/QtFreetype/freetype/internal/ftdebug.h
-- Up-to-date: install/qt/include/QtFreetype/freetype/internal/ftdrv.h
-- Up-to-date: install/qt/include/QtFreetype/freetype/internal/ftgloadr.h
-- Up-to-date: install/qt/include/QtFreetype/freetype/internal/fthash.h
-- Up-to-date: install/qt/include/QtFreetype/freetype/internal/ftmemory.h
-- Up-to-date: install/qt/include/QtFreetype/freetype/internal/ftmmtypes.h
-- Up-to-date: install/qt/include/QtFreetype/freetype/internal/ftobjs.h
-- Up-to-date: install/qt/include/QtFreetype/freetype/internal/ftpsprop.h
-- Up-to-date: install/qt/include/QtFreetype/freetype/internal/ftrfork.h
-- Up-to-date: install/qt/include/QtFreetype/freetype/internal/ftserv.h
-- Up-to-date: install/qt/include/QtFreetype/freetype/internal/ftstream.h
-- Up-to-date: install/qt/include/QtFreetype/freetype/internal/fttrace.h
-- Up-to-date: install/qt/include/QtFreetype/freetype/internal/ftvalid.h
-- Up-to-date: install/qt/include/QtFreetype/freetype/internal/psaux.h
-- Up-to-date: install/qt/include/QtFreetype/freetype/internal/pshints.h
-- Up-to-date: install/qt/include/QtFreetype/freetype/internal/services
-- Up-to-date: install/qt/include/QtFreetype/freetype/internal/services/REUSE.toml
-- Up-to-date: install/qt/include/QtFreetype/freetype/internal/services/svbdf.h
-- Up-to-date: install/qt/include/QtFreetype/freetype/internal/services/svcfftl.h
-- Up-to-date: install/qt/include/QtFreetype/freetype/internal/services/svcid.h
-- Up-to-date: install/qt/include/QtFreetype/freetype/internal/services/svfntfmt.h
-- Up-to-date: install/qt/include/QtFreetype/freetype/internal/services/svgldict.h
-- Up-to-date: install/qt/include/QtFreetype/freetype/internal/services/svgxval.h
-- Up-to-date: install/qt/include/QtFreetype/freetype/internal/services/svkern.h
-- Up-to-date: install/qt/include/QtFreetype/freetype/internal/services/svmetric.h
-- Up-to-date: install/qt/include/QtFreetype/freetype/internal/services/svmm.h
-- Up-to-date: install/qt/include/QtFreetype/freetype/internal/services/svotval.h
-- Up-to-date: install/qt/include/QtFreetype/freetype/internal/services/svpfr.h
-- Up-to-date: install/qt/include/QtFreetype/freetype/internal/services/svpostnm.h
-- Up-to-date: install/qt/include/QtFreetype/freetype/internal/services/svprop.h
-- Up-to-date: install/qt/include/QtFreetype/freetype/internal/services/svpscmap.h
-- Up-to-date: install/qt/include/QtFreetype/freetype/internal/services/svpsinfo.h
-- Up-to-date: install/qt/include/QtFreetype/freetype/internal/services/svsfnt.h
-- Up-to-date: install/qt/include/QtFreetype/freetype/internal/services/svttcmap.h
-- Up-to-date: install/qt/include/QtFreetype/freetype/internal/services/svtteng.h
-- Up-to-date: install/qt/include/QtFreetype/freetype/internal/services/svttglyf.h
-- Up-to-date: install/qt/include/QtFreetype/freetype/internal/services/svwinfnt.h
-- Up-to-date: install/qt/include/QtFreetype/freetype/internal/sfnt.h
-- Up-to-date: install/qt/include/QtFreetype/freetype/internal/svginterface.h
-- Up-to-date: install/qt/include/QtFreetype/freetype/internal/t1types.h
-- Up-to-date: install/qt/include/QtFreetype/freetype/internal/tttypes.h
-- Up-to-date: install/qt/include/QtFreetype/freetype/internal/wofftypes.h
-- Up-to-date: install/qt/include/QtFreetype/freetype/otsvg.h
-- Up-to-date: install/qt/include/QtFreetype/freetype/t1tables.h
-- Up-to-date: install/qt/include/QtFreetype/freetype/ttnameid.h
-- Up-to-date: install/qt/include/QtFreetype/freetype/tttables.h
-- Up-to-date: install/qt/include/QtFreetype/freetype/tttags.h
-- Up-to-date: install/qt/include/QtFreetype/ft2build.h
-- Installing: install/qt/lib/cmake/Qt6FreetypePrivate/Qt6FreetypePrivateConfig.cmake
-- Installing: install/qt/lib/cmake/Qt6FreetypePrivate/Qt6FreetypePrivateConfigVersion.cmake
-- Installing: install/qt/lib/cmake/Qt6FreetypePrivate/Qt6FreetypePrivateConfigVersionImpl.cmake
-- Installing: install/qt/lib/cmake/Qt6FreetypePrivate/Qt6FreetypePrivateTargets.cmake
-- Installing: install/qt/lib/cmake/Qt6FreetypePrivate/Qt6FreetypePrivateVersionlessAliasTargets.cmake
-- Installing: install/qt/lib/cmake/Qt6FreetypePrivate/Qt6FreetypePrivateVersionlessTargets.cmake
-- Up-to-date: install/qt/modules/FreetypePrivate.json
-- Installing: install/qt/lib/cmake/Qt6BundledFreetype/Qt6BundledFreetypeAdditionalTargetInfo.cmake
-- Installing: install/qt/lib/cmake/Qt6FreetypePrivate/Qt6FreetypePrivateAdditionalTargetInfo.cmake
-- Up-to-date: install/qt/include/QtFreetype/QtFreetypeDepends
-- Up-to-date: install/qt/mkspecs/modules/qt_lib_freetype_private.pri
-- Installing: install/qt/lib/cmake/Qt6/FindWrapBundledFreetypeConfigExtra.cmake
-- Up-to-date: install/qt/include/QtHarfbuzz
-- Up-to-date: install/qt/include/QtHarfbuzz/harfbuzz
-- Up-to-date: install/qt/include/QtHarfbuzz/harfbuzz/hb-blob.h
-- Up-to-date: install/qt/include/QtHarfbuzz/harfbuzz/hb-buffer.h
-- Up-to-date: install/qt/include/QtHarfbuzz/harfbuzz/hb-common.h
-- Up-to-date: install/qt/include/QtHarfbuzz/harfbuzz/hb-deprecated.h
-- Up-to-date: install/qt/include/QtHarfbuzz/harfbuzz/hb-face.h
-- Up-to-date: install/qt/include/QtHarfbuzz/harfbuzz/hb-font.h
-- Up-to-date: install/qt/include/QtHarfbuzz/harfbuzz/hb-ot-font.h
-- Up-to-date: install/qt/include/QtHarfbuzz/harfbuzz/hb-ot-layout.h
-- Up-to-date: install/qt/include/QtHarfbuzz/harfbuzz/hb-ot-math.h
-- Up-to-date: install/qt/include/QtHarfbuzz/harfbuzz/hb-ot-shape.h
-- Up-to-date: install/qt/include/QtHarfbuzz/harfbuzz/hb-ot-tag.h
-- Up-to-date: install/qt/include/QtHarfbuzz/harfbuzz/hb-ot-var.h
-- Up-to-date: install/qt/include/QtHarfbuzz/harfbuzz/hb-ot.h
-- Up-to-date: install/qt/include/QtHarfbuzz/harfbuzz/hb-set.h
-- Up-to-date: install/qt/include/QtHarfbuzz/harfbuzz/hb-shape-plan.h
-- Up-to-date: install/qt/include/QtHarfbuzz/harfbuzz/hb-shape.h
-- Up-to-date: install/qt/include/QtHarfbuzz/harfbuzz/hb-unicode.h
-- Up-to-date: install/qt/include/QtHarfbuzz/harfbuzz/hb-version.h
-- Up-to-date: install/qt/include/QtHarfbuzz/harfbuzz/hb.h
-- Installing: install/qt/lib/cmake/Qt6HarfbuzzPrivate/Qt6HarfbuzzPrivateConfig.cmake
-- Installing: install/qt/lib/cmake/Qt6HarfbuzzPrivate/Qt6HarfbuzzPrivateConfigVersion.cmake
-- Installing: install/qt/lib/cmake/Qt6HarfbuzzPrivate/Qt6HarfbuzzPrivateConfigVersionImpl.cmake
-- Installing: install/qt/lib/cmake/Qt6HarfbuzzPrivate/Qt6HarfbuzzPrivateTargets.cmake
-- Installing: install/qt/lib/cmake/Qt6HarfbuzzPrivate/Qt6HarfbuzzPrivateVersionlessAliasTargets.cmake
-- Installing: install/qt/lib/cmake/Qt6HarfbuzzPrivate/Qt6HarfbuzzPrivateVersionlessTargets.cmake
-- Up-to-date: install/qt/modules/HarfbuzzPrivate.json
-- Installing: install/qt/lib/cmake/Qt6HarfbuzzPrivate/Qt6HarfbuzzPrivateAdditionalTargetInfo.cmake
-- Up-to-date: install/qt/include/QtHarfbuzz/QtHarfbuzzDepends
-- Up-to-date: install/qt/mkspecs/modules/qt_lib_harfbuzz_private.pri
-- Installing: install/qt/lib/cmake/Qt6/FindWrapBundledHarfbuzzConfigExtra.cmake
-- Up-to-date: install/qt/metatypes/qt6concurrent_relwithdebinfo_metatypes.json
-- Installing: install/qt/lib/cmake/Qt6Concurrent/Qt6ConcurrentConfig.cmake
-- Installing: install/qt/lib/cmake/Qt6Concurrent/Qt6ConcurrentConfigVersion.cmake
-- Installing: install/qt/lib/cmake/Qt6Concurrent/Qt6ConcurrentConfigVersionImpl.cmake
-- Up-to-date: install/qt/lib/libQt6Concurrent.lib.so
-- Installing: install/qt/lib/cmake/Qt6Concurrent/Qt6ConcurrentTargets.cmake
-- Installing: install/qt/lib/cmake/Qt6Concurrent/Qt6ConcurrentTargets-relwithdebinfo.cmake
-- Installing: install/qt/lib/cmake/Qt6Concurrent/Qt6ConcurrentVersionlessAliasTargets.cmake
-- Installing: install/qt/lib/cmake/Qt6Concurrent/Qt6ConcurrentVersionlessTargets.cmake
-- Up-to-date: install/qt/modules/Concurrent.json
-- Installing: install/qt/lib/cmake/Qt6Concurrent/Qt6ConcurrentAdditionalTargetInfo.cmake
-- Up-to-date: install/qt/include/QtConcurrent
-- Up-to-date: install/qt/include/QtConcurrent/QtConcurrent
-- Up-to-date: install/qt/include/QtConcurrent/QtConcurrentFilter
-- Up-to-date: install/qt/include/QtConcurrent/QtConcurrentMap
-- Up-to-date: install/qt/include/QtConcurrent/QtConcurrentRun
-- Up-to-date: install/qt/include/QtConcurrent/QtConcurrentVersion
-- Up-to-date: install/qt/include/QtConcurrent/qtconcurrentversion.h
-- Up-to-date: install/qt/include/QtConcurrent/qtconcurrentexports.h
-- Up-to-date: install/qt/include/QtConcurrent/qtaskbuilder.h
-- Up-to-date: install/qt/include/QtConcurrent/qtconcurrent_global.h
-- Up-to-date: install/qt/include/QtConcurrent/qtconcurrentcompilertest.h
-- Up-to-date: install/qt/include/QtConcurrent/qtconcurrentfilter.h
-- Up-to-date: install/qt/include/QtConcurrent/qtconcurrentfilterkernel.h
-- Up-to-date: install/qt/include/QtConcurrent/qtconcurrentfunctionwrappers.h
-- Up-to-date: install/qt/include/QtConcurrent/qtconcurrentiteratekernel.h
-- Up-to-date: install/qt/include/QtConcurrent/qtconcurrentmap.h
-- Up-to-date: install/qt/include/QtConcurrent/qtconcurrentmapkernel.h
-- Up-to-date: install/qt/include/QtConcurrent/qtconcurrentmedian.h
-- Up-to-date: install/qt/include/QtConcurrent/qtconcurrentreducekernel.h
-- Up-to-date: install/qt/include/QtConcurrent/qtconcurrentrun.h
-- Up-to-date: install/qt/include/QtConcurrent/qtconcurrentrunbase.h
-- Up-to-date: install/qt/include/QtConcurrent/qtconcurrentstoredfunctioncall.h
-- Up-to-date: install/qt/include/QtConcurrent/qtconcurrenttask.h
-- Up-to-date: install/qt/include/QtConcurrent/qtconcurrentthreadengine.h
-- Up-to-date: install/qt/include/QtConcurrent/QtConcurrentDepends
-- Up-to-date: install/qt/mkspecs/modules/qt_lib_concurrent.pri
-- Up-to-date: install/qt/mkspecs/modules/qt_lib_concurrent_private.pri
-- Up-to-date: install/qt/metatypes/qt6sql_relwithdebinfo_metatypes.json
-- Installing: install/qt/lib/cmake/Qt6Sql/Qt6SqlConfig.cmake
-- Installing: install/qt/lib/cmake/Qt6Sql/Qt6SqlConfigVersion.cmake
-- Installing: install/qt/lib/cmake/Qt6Sql/Qt6SqlConfigVersionImpl.cmake
-- Up-to-date: install/qt/lib/libQt6Sql.lib.so
-- Installing: install/qt/lib/cmake/Qt6Sql/Qt6SqlTargets.cmake
-- Installing: install/qt/lib/cmake/Qt6Sql/Qt6SqlTargets-relwithdebinfo.cmake
-- Installing: install/qt/lib/cmake/Qt6Sql/Qt6SqlVersionlessAliasTargets.cmake
-- Installing: install/qt/lib/cmake/Qt6Sql/Qt6SqlVersionlessTargets.cmake
-- Up-to-date: install/qt/modules/Sql.json
-- Installing: install/qt/lib/cmake/Qt6Sql/Qt6SqlAdditionalTargetInfo.cmake
-- Up-to-date: install/qt/include/QtSql
-- Up-to-date: install/qt/include/QtSql/QSql
-- Up-to-date: install/qt/include/QtSql/QSqlDatabase
-- Up-to-date: install/qt/include/QtSql/QSqlDriver
-- Up-to-date: install/qt/include/QtSql/QSqlDriverCreator
-- Up-to-date: install/qt/include/QtSql/QSqlDriverCreatorBase
-- Up-to-date: install/qt/include/QtSql/QSqlDriverPlugin
-- Up-to-date: install/qt/include/QtSql/QSqlError
-- Up-to-date: install/qt/include/QtSql/QSqlField
-- Up-to-date: install/qt/include/QtSql/QSqlIndex
-- Up-to-date: install/qt/include/QtSql/QSqlQuery
-- Up-to-date: install/qt/include/QtSql/QSqlQueryModel
-- Up-to-date: install/qt/include/QtSql/QSqlRecord
-- Up-to-date: install/qt/include/QtSql/QSqlRelation
-- Up-to-date: install/qt/include/QtSql/QSqlRelationalDelegate
-- Up-to-date: install/qt/include/QtSql/QSqlRelationalTableModel
-- Up-to-date: install/qt/include/QtSql/QSqlResult
-- Up-to-date: install/qt/include/QtSql/QSqlTableModel
-- Up-to-date: install/qt/include/QtSql/QtSql
-- Up-to-date: install/qt/include/QtSql/QtSqlVersion
-- Up-to-date: install/qt/include/QtSql/qtsqlversion.h
-- Up-to-date: install/qt/include/QtSql/qtsqlexports.h
-- Up-to-date: install/qt/include/QtSql/qsqldatabase.h
-- Up-to-date: install/qt/include/QtSql/qsqldriver.h
-- Up-to-date: install/qt/include/QtSql/qsqldriverplugin.h
-- Up-to-date: install/qt/include/QtSql/qsqlerror.h
-- Up-to-date: install/qt/include/QtSql/qsqlfield.h
-- Up-to-date: install/qt/include/QtSql/qsqlindex.h
-- Up-to-date: install/qt/include/QtSql/qsqlquery.h
-- Up-to-date: install/qt/include/QtSql/qsqlrecord.h
-- Up-to-date: install/qt/include/QtSql/qsqlresult.h
-- Up-to-date: install/qt/include/QtSql/qtsqlglobal.h
-- Up-to-date: install/qt/include/QtSql/qtsql-config.h
-- Up-to-date: install/qt/include/QtSql/qsqlquerymodel.h
-- Up-to-date: install/qt/include/QtSql/qsqlrelationaldelegate.h
-- Up-to-date: install/qt/include/QtSql/qsqlrelationaltablemodel.h
-- Up-to-date: install/qt/include/QtSql/qsqltablemodel.h
-- Up-to-date: install/qt/include/QtSql/QtSqlDepends
-- Up-to-date: install/qt/include/QtSql/6.8.3/QtSql/private/qsqlcachedresult_p.h
-- Up-to-date: install/qt/include/QtSql/6.8.3/QtSql/private/qsqldriver_p.h
-- Up-to-date: install/qt/include/QtSql/6.8.3/QtSql/private/qsqlnulldriver_p.h
-- Up-to-date: install/qt/include/QtSql/6.8.3/QtSql/private/qsqlresult_p.h
-- Up-to-date: install/qt/include/QtSql/6.8.3/QtSql/private/qtsqlglobal_p.h
-- Up-to-date: install/qt/include/QtSql/6.8.3/QtSql/private/qtsql-config_p.h
-- Up-to-date: install/qt/include/QtSql/6.8.3/QtSql/private/qsqlquerymodel_p.h
-- Up-to-date: install/qt/include/QtSql/6.8.3/QtSql/private/qsqltablemodel_p.h
-- Up-to-date: install/qt/mkspecs/modules/qt_lib_sql.pri
-- Up-to-date: install/qt/mkspecs/modules/qt_lib_sql_private.pri
-- Up-to-date: install/qt/metatypes/qt6network_relwithdebinfo_metatypes.json
-- Installing: install/qt/lib/cmake/Qt6Network/Qt6NetworkConfig.cmake
-- Installing: install/qt/lib/cmake/Qt6Network/Qt6NetworkConfigVersion.cmake
-- Installing: install/qt/lib/cmake/Qt6Network/Qt6NetworkConfigVersionImpl.cmake
-- Up-to-date: install/qt/lib/libQt6Network.lib.so
-- Installing: install/qt/lib/cmake/Qt6Network/Qt6NetworkTargets.cmake
-- Installing: install/qt/lib/cmake/Qt6Network/Qt6NetworkTargets-relwithdebinfo.cmake
-- Installing: install/qt/lib/cmake/Qt6Network/Qt6NetworkVersionlessAliasTargets.cmake
-- Installing: install/qt/lib/cmake/Qt6Network/Qt6NetworkVersionlessTargets.cmake
-- Up-to-date: install/qt/modules/Network.json
-- Installing: install/qt/lib/cmake/Qt6Network/Qt6NetworkAdditionalTargetInfo.cmake
-- Up-to-date: install/qt/include/QtNetwork
-- Up-to-date: install/qt/include/QtNetwork/QAbstractNetworkCache
-- Up-to-date: install/qt/include/QtNetwork/QAbstractSocket
-- Up-to-date: install/qt/include/QtNetwork/QAuthenticator
-- Up-to-date: install/qt/include/QtNetwork/QDnsDomainNameRecord
-- Up-to-date: install/qt/include/QtNetwork/QDnsHostAddressRecord
-- Up-to-date: install/qt/include/QtNetwork/QDnsLookup
-- Up-to-date: install/qt/include/QtNetwork/QDnsMailExchangeRecord
-- Up-to-date: install/qt/include/QtNetwork/QDnsServiceRecord
-- Up-to-date: install/qt/include/QtNetwork/QDnsTextRecord
-- Up-to-date: install/qt/include/QtNetwork/QDnsTlsAssociationRecord
-- Up-to-date: install/qt/include/QtNetwork/QFormDataBuilder
-- Up-to-date: install/qt/include/QtNetwork/QFormDataPartBuilder
-- Up-to-date: install/qt/include/QtNetwork/QHostAddress
-- Up-to-date: install/qt/include/QtNetwork/QHostInfo
-- Up-to-date: install/qt/include/QtNetwork/QHstsPolicy
-- Up-to-date: install/qt/include/QtNetwork/QHttp1Configuration
-- Up-to-date: install/qt/include/QtNetwork/QHttp2Configuration
-- Up-to-date: install/qt/include/QtNetwork/QHttpHeaders
-- Up-to-date: install/qt/include/QtNetwork/QHttpMultiPart
-- Up-to-date: install/qt/include/QtNetwork/QHttpPart
-- Up-to-date: install/qt/include/QtNetwork/QIPv6Address
-- Up-to-date: install/qt/include/QtNetwork/QLocalServer
-- Up-to-date: install/qt/include/QtNetwork/QLocalSocket
-- Up-to-date: install/qt/include/QtNetwork/QNetworkAccessManager
-- Up-to-date: install/qt/include/QtNetwork/QNetworkAddressEntry
-- Up-to-date: install/qt/include/QtNetwork/QNetworkCacheMetaData
-- Up-to-date: install/qt/include/QtNetwork/QNetworkCookie
-- Up-to-date: install/qt/include/QtNetwork/QNetworkCookieJar
-- Up-to-date: install/qt/include/QtNetwork/QNetworkDatagram
-- Up-to-date: install/qt/include/QtNetwork/QNetworkDiskCache
-- Up-to-date: install/qt/include/QtNetwork/QNetworkInformation
-- Up-to-date: install/qt/include/QtNetwork/QNetworkInterface
-- Up-to-date: install/qt/include/QtNetwork/QNetworkProxy
-- Up-to-date: install/qt/include/QtNetwork/QNetworkProxyFactory
-- Up-to-date: install/qt/include/QtNetwork/QNetworkProxyQuery
-- Up-to-date: install/qt/include/QtNetwork/QNetworkReply
-- Up-to-date: install/qt/include/QtNetwork/QNetworkRequest
-- Up-to-date: install/qt/include/QtNetwork/QNetworkRequestFactory
-- Up-to-date: install/qt/include/QtNetwork/QPasswordDigestor
-- Up-to-date: install/qt/include/QtNetwork/QRestAccessManager
-- Up-to-date: install/qt/include/QtNetwork/QRestReply
-- Up-to-date: install/qt/include/QtNetwork/QSsl
-- Up-to-date: install/qt/include/QtNetwork/QSslCertificate
-- Up-to-date: install/qt/include/QtNetwork/QSslCertificateExtension
-- Up-to-date: install/qt/include/QtNetwork/QSslCipher
-- Up-to-date: install/qt/include/QtNetwork/QSslConfiguration
-- Up-to-date: install/qt/include/QtNetwork/QSslError
-- Up-to-date: install/qt/include/QtNetwork/QSslKey
-- Up-to-date: install/qt/include/QtNetwork/QSslSocket
-- Up-to-date: install/qt/include/QtNetwork/QTcpServer
-- Up-to-date: install/qt/include/QtNetwork/QTcpSocket
-- Up-to-date: install/qt/include/QtNetwork/QUdpSocket
-- Up-to-date: install/qt/include/QtNetwork/Q_IPV6ADDR
-- Up-to-date: install/qt/include/QtNetwork/QtNetwork
-- Up-to-date: install/qt/include/QtNetwork/QtNetworkVersion
-- Up-to-date: install/qt/include/QtNetwork/qtnetworkversion.h
-- Up-to-date: install/qt/include/QtNetwork/qtnetworkexports.h
-- Up-to-date: install/qt/include/QtNetwork/qabstractnetworkcache.h
-- Up-to-date: install/qt/include/QtNetwork/qhstspolicy.h
-- Up-to-date: install/qt/include/QtNetwork/qnetworkaccessmanager.h
-- Up-to-date: install/qt/include/QtNetwork/qnetworkcookie.h
-- Up-to-date: install/qt/include/QtNetwork/qnetworkcookiejar.h
-- Up-to-date: install/qt/include/QtNetwork/qhttpheaders.h
-- Up-to-date: install/qt/include/QtNetwork/qnetworkreply.h
-- Up-to-date: install/qt/include/QtNetwork/qnetworkrequest.h
-- Up-to-date: install/qt/include/QtNetwork/qauthenticator.h
-- Up-to-date: install/qt/include/QtNetwork/qhostaddress.h
-- Up-to-date: install/qt/include/QtNetwork/qhostinfo.h
-- Up-to-date: install/qt/include/QtNetwork/qnetworkdatagram.h
-- Up-to-date: install/qt/include/QtNetwork/qnetworkinformation.h
-- Up-to-date: install/qt/include/QtNetwork/qnetworkinterface.h
-- Up-to-date: install/qt/include/QtNetwork/qnetworkproxy.h
-- Up-to-date: install/qt/include/QtNetwork/qtnetworkglobal.h
-- Up-to-date: install/qt/include/QtNetwork/qabstractsocket.h
-- Up-to-date: install/qt/include/QtNetwork/qtcpserver.h
-- Up-to-date: install/qt/include/QtNetwork/qtcpsocket.h
-- Up-to-date: install/qt/include/QtNetwork/qudpsocket.h
-- Up-to-date: install/qt/include/QtNetwork/qpassworddigestor.h
-- Up-to-date: install/qt/include/QtNetwork/qssl.h
-- Up-to-date: install/qt/include/QtNetwork/qsslcertificate.h
-- Up-to-date: install/qt/include/QtNetwork/qsslcertificateextension.h
-- Up-to-date: install/qt/include/QtNetwork/qsslcipher.h
-- Up-to-date: install/qt/include/QtNetwork/qsslconfiguration.h
-- Up-to-date: install/qt/include/QtNetwork/qsslerror.h
-- Up-to-date: install/qt/include/QtNetwork/qsslkey.h
-- Up-to-date: install/qt/include/QtNetwork/qsslsocket.h
-- Up-to-date: install/qt/include/QtNetwork/qtnetwork-config.h
-- Up-to-date: install/qt/include/QtNetwork/qnetworkdiskcache.h
-- Up-to-date: install/qt/include/QtNetwork/qformdatabuilder.h
-- Up-to-date: install/qt/include/QtNetwork/qhttp1configuration.h
-- Up-to-date: install/qt/include/QtNetwork/qhttp2configuration.h
-- Up-to-date: install/qt/include/QtNetwork/qhttpmultipart.h
-- Up-to-date: install/qt/include/QtNetwork/qnetworkrequestfactory.h
-- Up-to-date: install/qt/include/QtNetwork/qrestaccessmanager.h
-- Up-to-date: install/qt/include/QtNetwork/qrestreply.h
-- Up-to-date: install/qt/include/QtNetwork/qdnslookup.h
-- Up-to-date: install/qt/include/QtNetwork/qlocalserver.h
-- Up-to-date: install/qt/include/QtNetwork/qlocalsocket.h
-- Up-to-date: install/qt/include/QtNetwork/QtNetworkDepends
-- Up-to-date: install/qt/include/QtNetwork/6.8.3/QtNetwork/private/qabstractnetworkcache_p.h
-- Up-to-date: install/qt/include/QtNetwork/6.8.3/QtNetwork/private/qhsts_p.h
-- Up-to-date: install/qt/include/QtNetwork/6.8.3/QtNetwork/private/qnetworkaccessauthenticationmanager_p.h
-- Up-to-date: install/qt/include/QtNetwork/6.8.3/QtNetwork/private/qnetworkaccessbackend_p.h
-- Up-to-date: install/qt/include/QtNetwork/6.8.3/QtNetwork/private/qnetworkaccesscache_p.h
-- Up-to-date: install/qt/include/QtNetwork/6.8.3/QtNetwork/private/qnetworkaccesscachebackend_p.h
-- Up-to-date: install/qt/include/QtNetwork/6.8.3/QtNetwork/private/qnetworkaccessfilebackend_p.h
-- Up-to-date: install/qt/include/QtNetwork/6.8.3/QtNetwork/private/qnetworkaccessmanager_p.h
-- Up-to-date: install/qt/include/QtNetwork/6.8.3/QtNetwork/private/qnetworkcookie_p.h
-- Up-to-date: install/qt/include/QtNetwork/6.8.3/QtNetwork/private/qnetworkcookiejar_p.h
-- Up-to-date: install/qt/include/QtNetwork/6.8.3/QtNetwork/private/qnetworkfile_p.h
-- Up-to-date: install/qt/include/QtNetwork/6.8.3/QtNetwork/private/qhttpheaderparser_p.h
-- Up-to-date: install/qt/include/QtNetwork/6.8.3/QtNetwork/private/qhttpheadershelper_p.h
-- Up-to-date: install/qt/include/QtNetwork/6.8.3/QtNetwork/private/qnetworkreply_p.h
-- Up-to-date: install/qt/include/QtNetwork/6.8.3/QtNetwork/private/qnetworkreplydataimpl_p.h
-- Up-to-date: install/qt/include/QtNetwork/6.8.3/QtNetwork/private/qnetworkreplyfileimpl_p.h
-- Up-to-date: install/qt/include/QtNetwork/6.8.3/QtNetwork/private/qnetworkreplyimpl_p.h
-- Up-to-date: install/qt/include/QtNetwork/6.8.3/QtNetwork/private/qnetworkrequest_p.h
-- Up-to-date: install/qt/include/QtNetwork/6.8.3/QtNetwork/private/qauthenticator_p.h
-- Up-to-date: install/qt/include/QtNetwork/6.8.3/QtNetwork/private/qhostaddress_p.h
-- Up-to-date: install/qt/include/QtNetwork/6.8.3/QtNetwork/private/qhostinfo_p.h
-- Up-to-date: install/qt/include/QtNetwork/6.8.3/QtNetwork/private/qnetconmonitor_p.h
-- Up-to-date: install/qt/include/QtNetwork/6.8.3/QtNetwork/private/qnetworkdatagram_p.h
-- Up-to-date: install/qt/include/QtNetwork/6.8.3/QtNetwork/private/qnetworkinformation_p.h
-- Up-to-date: install/qt/include/QtNetwork/6.8.3/QtNetwork/private/qnetworkinterface_p.h
-- Up-to-date: install/qt/include/QtNetwork/6.8.3/QtNetwork/private/qnetworkinterface_unix_p.h
-- Up-to-date: install/qt/include/QtNetwork/6.8.3/QtNetwork/private/qtnetworkglobal_p.h
-- Up-to-date: install/qt/include/QtNetwork/6.8.3/QtNetwork/private/qabstractsocket_p.h
-- Up-to-date: install/qt/include/QtNetwork/6.8.3/QtNetwork/private/qabstractsocketengine_p.h
-- Up-to-date: install/qt/include/QtNetwork/6.8.3/QtNetwork/private/qnativesocketengine_p.h
-- Up-to-date: install/qt/include/QtNetwork/6.8.3/QtNetwork/private/qnativesocketengine_p_p.h
-- Up-to-date: install/qt/include/QtNetwork/6.8.3/QtNetwork/private/qtcpserver_p.h
-- Up-to-date: install/qt/include/QtNetwork/6.8.3/QtNetwork/private/qtcpsocket_p.h
-- Up-to-date: install/qt/include/QtNetwork/6.8.3/QtNetwork/private/qssl_p.h
-- Up-to-date: install/qt/include/QtNetwork/6.8.3/QtNetwork/private/qsslcertificate_p.h
-- Up-to-date: install/qt/include/QtNetwork/6.8.3/QtNetwork/private/qsslcertificateextension_p.h
-- Up-to-date: install/qt/include/QtNetwork/6.8.3/QtNetwork/private/qtlsbackend_p.h
-- Up-to-date: install/qt/include/QtNetwork/6.8.3/QtNetwork/private/qtnetwork-config_p.h
-- Up-to-date: install/qt/include/QtNetwork/6.8.3/QtNetwork/private/qnetworkdiskcache_p.h
-- Up-to-date: install/qt/include/QtNetwork/6.8.3/QtNetwork/private/qhstsstore_p.h
-- Up-to-date: install/qt/include/QtNetwork/6.8.3/QtNetwork/private/bitstreams_p.h
-- Up-to-date: install/qt/include/QtNetwork/6.8.3/QtNetwork/private/hpack_p.h
-- Up-to-date: install/qt/include/QtNetwork/6.8.3/QtNetwork/private/hpacktable_p.h
-- Up-to-date: install/qt/include/QtNetwork/6.8.3/QtNetwork/private/http2frames_p.h
-- Up-to-date: install/qt/include/QtNetwork/6.8.3/QtNetwork/private/http2protocol_p.h
-- Up-to-date: install/qt/include/QtNetwork/6.8.3/QtNetwork/private/http2streams_p.h
-- Up-to-date: install/qt/include/QtNetwork/6.8.3/QtNetwork/private/huffman_p.h
-- Up-to-date: install/qt/include/QtNetwork/6.8.3/QtNetwork/private/qabstractprotocolhandler_p.h
-- Up-to-date: install/qt/include/QtNetwork/6.8.3/QtNetwork/private/qdecompresshelper_p.h
-- Up-to-date: install/qt/include/QtNetwork/6.8.3/QtNetwork/private/qhttp2connection_p.h
-- Up-to-date: install/qt/include/QtNetwork/6.8.3/QtNetwork/private/qhttp2protocolhandler_p.h
-- Up-to-date: install/qt/include/QtNetwork/6.8.3/QtNetwork/private/qhttpmultipart_p.h
-- Up-to-date: install/qt/include/QtNetwork/6.8.3/QtNetwork/private/qhttpnetworkconnection_p.h
-- Up-to-date: install/qt/include/QtNetwork/6.8.3/QtNetwork/private/qhttpnetworkconnectionchannel_p.h
-- Up-to-date: install/qt/include/QtNetwork/6.8.3/QtNetwork/private/qhttpnetworkheader_p.h
-- Up-to-date: install/qt/include/QtNetwork/6.8.3/QtNetwork/private/qhttpnetworkreply_p.h
-- Up-to-date: install/qt/include/QtNetwork/6.8.3/QtNetwork/private/qhttpnetworkrequest_p.h
-- Up-to-date: install/qt/include/QtNetwork/6.8.3/QtNetwork/private/qhttpprotocolhandler_p.h
-- Up-to-date: install/qt/include/QtNetwork/6.8.3/QtNetwork/private/qhttpthreaddelegate_p.h
-- Up-to-date: install/qt/include/QtNetwork/6.8.3/QtNetwork/private/qnetworkreplyhttpimpl_p.h
-- Up-to-date: install/qt/include/QtNetwork/6.8.3/QtNetwork/private/qnetworkrequestfactory_p.h
-- Up-to-date: install/qt/include/QtNetwork/6.8.3/QtNetwork/private/qrestaccessmanager_p.h
-- Up-to-date: install/qt/include/QtNetwork/6.8.3/QtNetwork/private/qrestreply_p.h
-- Up-to-date: install/qt/include/QtNetwork/6.8.3/QtNetwork/private/qsocketabstraction_p.h
-- Up-to-date: install/qt/include/QtNetwork/6.8.3/QtNetwork/private/qhttpsocketengine_p.h
-- Up-to-date: install/qt/include/QtNetwork/6.8.3/QtNetwork/private/qtldurl_p.h
-- Up-to-date: install/qt/include/QtNetwork/6.8.3/QtNetwork/private/qdnslookup_p.h
-- Up-to-date: install/qt/include/QtNetwork/6.8.3/QtNetwork/private/qnet_unix_p.h
-- Up-to-date: install/qt/include/QtNetwork/6.8.3/QtNetwork/private/qsocks5socketengine_p.h
-- Up-to-date: install/qt/include/QtNetwork/6.8.3/QtNetwork/private/qlocalserver_p.h
-- Up-to-date: install/qt/include/QtNetwork/6.8.3/QtNetwork/private/qlocalsocket_p.h
-- Up-to-date: install/qt/mkspecs/modules/qt_lib_network.pri
-- Up-to-date: install/qt/mkspecs/modules/qt_lib_network_private.pri
-- Up-to-date: install/qt/metatypes/qt6xml_relwithdebinfo_metatypes.json
-- Installing: install/qt/lib/cmake/Qt6Xml/Qt6XmlConfig.cmake
-- Installing: install/qt/lib/cmake/Qt6Xml/Qt6XmlConfigVersion.cmake
-- Installing: install/qt/lib/cmake/Qt6Xml/Qt6XmlConfigVersionImpl.cmake
-- Up-to-date: install/qt/lib/libQt6Xml.lib.so
-- Installing: install/qt/lib/cmake/Qt6Xml/Qt6XmlTargets.cmake
-- Installing: install/qt/lib/cmake/Qt6Xml/Qt6XmlTargets-relwithdebinfo.cmake
-- Installing: install/qt/lib/cmake/Qt6Xml/Qt6XmlVersionlessAliasTargets.cmake
-- Installing: install/qt/lib/cmake/Qt6Xml/Qt6XmlVersionlessTargets.cmake
-- Up-to-date: install/qt/modules/Xml.json
-- Installing: install/qt/lib/cmake/Qt6Xml/Qt6XmlAdditionalTargetInfo.cmake
-- Up-to-date: install/qt/include/QtXml
-- Up-to-date: install/qt/include/QtXml/QDomAttr
-- Up-to-date: install/qt/include/QtXml/QDomCDATASection
-- Up-to-date: install/qt/include/QtXml/QDomCharacterData
-- Up-to-date: install/qt/include/QtXml/QDomComment
-- Up-to-date: install/qt/include/QtXml/QDomDocument
-- Up-to-date: install/qt/include/QtXml/QDomDocumentFragment
-- Up-to-date: install/qt/include/QtXml/QDomDocumentType
-- Up-to-date: install/qt/include/QtXml/QDomElement
-- Up-to-date: install/qt/include/QtXml/QDomEntity
-- Up-to-date: install/qt/include/QtXml/QDomEntityReference
-- Up-to-date: install/qt/include/QtXml/QDomImplementation
-- Up-to-date: install/qt/include/QtXml/QDomNamedNodeMap
-- Up-to-date: install/qt/include/QtXml/QDomNode
-- Up-to-date: install/qt/include/QtXml/QDomNodeList
-- Up-to-date: install/qt/include/QtXml/QDomNotation
-- Up-to-date: install/qt/include/QtXml/QDomProcessingInstruction
-- Up-to-date: install/qt/include/QtXml/QDomText
-- Up-to-date: install/qt/include/QtXml/QtXml
-- Up-to-date: install/qt/include/QtXml/QtXmlVersion
-- Up-to-date: install/qt/include/QtXml/qtxmlversion.h
-- Up-to-date: install/qt/include/QtXml/qtxmlexports.h
-- Up-to-date: install/qt/include/QtXml/qtxmlglobal.h
-- Up-to-date: install/qt/include/QtXml/qtxml-config.h
-- Up-to-date: install/qt/include/QtXml/qdom.h
-- Up-to-date: install/qt/include/QtXml/QtXmlDepends
-- Up-to-date: install/qt/include/QtXml/6.8.3/QtXml/private/qtxml-config_p.h
-- Up-to-date: install/qt/include/QtXml/6.8.3/QtXml/private/qdom_p.h
-- Up-to-date: install/qt/include/QtXml/6.8.3/QtXml/private/qdomhelpers_p.h
-- Up-to-date: install/qt/mkspecs/modules/qt_lib_xml.pri
-- Up-to-date: install/qt/mkspecs/modules/qt_lib_xml_private.pri
-- Up-to-date: install/qt/metatypes/qt6gui_relwithdebinfo_metatypes.json
-- Installing: install/qt/lib/cmake/Qt6Gui/Qt6GuiConfig.cmake
-- Installing: install/qt/lib/cmake/Qt6Gui/Qt6GuiConfigVersion.cmake
-- Installing: install/qt/lib/cmake/Qt6Gui/Qt6GuiConfigVersionImpl.cmake
-- Up-to-date: install/qt/lib/libQt6Gui.lib.so
-- Installing: install/qt/lib/cmake/Qt6Gui/Qt6GuiTargets.cmake
-- Installing: install/qt/lib/cmake/Qt6Gui/Qt6GuiTargets-relwithdebinfo.cmake
-- Installing: install/qt/lib/cmake/Qt6Gui/Qt6GuiVersionlessAliasTargets.cmake
-- Installing: install/qt/lib/cmake/Qt6Gui/Qt6GuiVersionlessTargets.cmake
-- Up-to-date: install/qt/modules/Gui.json
-- Installing: install/qt/lib/cmake/Qt6Gui/Qt6GuiAdditionalTargetInfo.cmake
-- Up-to-date: install/qt/include/QtGui
-- Up-to-date: install/qt/include/QtGui/QAbstractFileIconProvider
-- Up-to-date: install/qt/include/QtGui/QAbstractTextDocumentLayout
-- Up-to-date: install/qt/include/QtGui/QAbstractUndoItem
-- Up-to-date: install/qt/include/QtGui/QAccessible
-- Up-to-date: install/qt/include/QtGui/QAccessibleActionInterface
-- Up-to-date: install/qt/include/QtGui/QAccessibleAnnouncementEvent
-- Up-to-date: install/qt/include/QtGui/QAccessibleApplication
-- Up-to-date: install/qt/include/QtGui/QAccessibleAttributesInterface
-- Up-to-date: install/qt/include/QtGui/QAccessibleBridge
-- Up-to-date: install/qt/include/QtGui/QAccessibleBridgePlugin
-- Up-to-date: install/qt/include/QtGui/QAccessibleEditableTextInterface
-- Up-to-date: install/qt/include/QtGui/QAccessibleEvent
-- Up-to-date: install/qt/include/QtGui/QAccessibleHyperlinkInterface
-- Up-to-date: install/qt/include/QtGui/QAccessibleImageInterface
-- Up-to-date: install/qt/include/QtGui/QAccessibleInterface
-- Up-to-date: install/qt/include/QtGui/QAccessibleObject
-- Up-to-date: install/qt/include/QtGui/QAccessiblePlugin
-- Up-to-date: install/qt/include/QtGui/QAccessibleSelectionInterface
-- Up-to-date: install/qt/include/QtGui/QAccessibleStateChangeEvent
-- Up-to-date: install/qt/include/QtGui/QAccessibleTableCellInterface
-- Up-to-date: install/qt/include/QtGui/QAccessibleTableInterface
-- Up-to-date: install/qt/include/QtGui/QAccessibleTableModelChangeEvent
-- Up-to-date: install/qt/include/QtGui/QAccessibleTextCursorEvent
-- Up-to-date: install/qt/include/QtGui/QAccessibleTextInsertEvent
-- Up-to-date: install/qt/include/QtGui/QAccessibleTextInterface
-- Up-to-date: install/qt/include/QtGui/QAccessibleTextRemoveEvent
-- Up-to-date: install/qt/include/QtGui/QAccessibleTextSelectionEvent
-- Up-to-date: install/qt/include/QtGui/QAccessibleTextUpdateEvent
-- Up-to-date: install/qt/include/QtGui/QAccessibleValueChangeEvent
-- Up-to-date: install/qt/include/QtGui/QAccessibleValueInterface
-- Up-to-date: install/qt/include/QtGui/QAction
-- Up-to-date: install/qt/include/QtGui/QActionEvent
-- Up-to-date: install/qt/include/QtGui/QActionGroup
-- Up-to-date: install/qt/include/QtGui/QApplicationStateChangeEvent
-- Up-to-date: install/qt/include/QtGui/QBackingStore
-- Up-to-date: install/qt/include/QtGui/QBitmap
-- Up-to-date: install/qt/include/QtGui/QBrush
-- Up-to-date: install/qt/include/QtGui/QBrushData
-- Up-to-date: install/qt/include/QtGui/QBrushDataPointerDeleter
-- Up-to-date: install/qt/include/QtGui/QChildWindowEvent
-- Up-to-date: install/qt/include/QtGui/QClipboard
-- Up-to-date: install/qt/include/QtGui/QCloseEvent
-- Up-to-date: install/qt/include/QtGui/QColor
-- Up-to-date: install/qt/include/QtGui/QColorSpace
-- Up-to-date: install/qt/include/QtGui/QColorTransform
-- Up-to-date: install/qt/include/QtGui/QConicalGradient
-- Up-to-date: install/qt/include/QtGui/QContextMenuEvent
-- Up-to-date: install/qt/include/QtGui/QCursor
-- Up-to-date: install/qt/include/QtGui/QDesktopServices
-- Up-to-date: install/qt/include/QtGui/QDoubleValidator
-- Up-to-date: install/qt/include/QtGui/QDrag
-- Up-to-date: install/qt/include/QtGui/QDragEnterEvent
-- Up-to-date: install/qt/include/QtGui/QDragLeaveEvent
-- Up-to-date: install/qt/include/QtGui/QDragMoveEvent
-- Up-to-date: install/qt/include/QtGui/QDropEvent
-- Up-to-date: install/qt/include/QtGui/QEnterEvent
-- Up-to-date: install/qt/include/QtGui/QEventPoint
-- Up-to-date: install/qt/include/QtGui/QExposeEvent
-- Up-to-date: install/qt/include/QtGui/QFileOpenEvent
-- Up-to-date: install/qt/include/QtGui/QFileSystemModel
-- Up-to-date: install/qt/include/QtGui/QFocusEvent
-- Up-to-date: install/qt/include/QtGui/QFont
-- Up-to-date: install/qt/include/QtGui/QFontDatabase
-- Up-to-date: install/qt/include/QtGui/QFontInfo
-- Up-to-date: install/qt/include/QtGui/QFontMetrics
-- Up-to-date: install/qt/include/QtGui/QFontMetricsF
-- Up-to-date: install/qt/include/QtGui/QGenericMatrix
-- Up-to-date: install/qt/include/QtGui/QGenericPlugin
-- Up-to-date: install/qt/include/QtGui/QGenericPluginFactory
-- Up-to-date: install/qt/include/QtGui/QGlyphRun
-- Up-to-date: install/qt/include/QtGui/QGradient
-- Up-to-date: install/qt/include/QtGui/QGradientStop
-- Up-to-date: install/qt/include/QtGui/QGradientStops
-- Up-to-date: install/qt/include/QtGui/QGuiApplication
-- Up-to-date: install/qt/include/QtGui/QHelpEvent
-- Up-to-date: install/qt/include/QtGui/QHideEvent
-- Up-to-date: install/qt/include/QtGui/QHoverEvent
-- Up-to-date: install/qt/include/QtGui/QIcon
-- Up-to-date: install/qt/include/QtGui/QIconDragEvent
-- Up-to-date: install/qt/include/QtGui/QIconEngine
-- Up-to-date: install/qt/include/QtGui/QIconEnginePlugin
-- Up-to-date: install/qt/include/QtGui/QImage
-- Up-to-date: install/qt/include/QtGui/QImageCleanupFunction
-- Up-to-date: install/qt/include/QtGui/QImageIOHandler
-- Up-to-date: install/qt/include/QtGui/QImageIOPlugin
-- Up-to-date: install/qt/include/QtGui/QImageReader
-- Up-to-date: install/qt/include/QtGui/QImageWriter
-- Up-to-date: install/qt/include/QtGui/QInputDevice
-- Up-to-date: install/qt/include/QtGui/QInputEvent
-- Up-to-date: install/qt/include/QtGui/QInputMethod
-- Up-to-date: install/qt/include/QtGui/QInputMethodEvent
-- Up-to-date: install/qt/include/QtGui/QInputMethodQueryEvent
-- Up-to-date: install/qt/include/QtGui/QIntValidator
-- Up-to-date: install/qt/include/QtGui/QKeyEvent
-- Up-to-date: install/qt/include/QtGui/QKeySequence
-- Up-to-date: install/qt/include/QtGui/QLinearGradient
-- Up-to-date: install/qt/include/QtGui/QMatrix2x2
-- Up-to-date: install/qt/include/QtGui/QMatrix2x3
-- Up-to-date: install/qt/include/QtGui/QMatrix2x4
-- Up-to-date: install/qt/include/QtGui/QMatrix3x2
-- Up-to-date: install/qt/include/QtGui/QMatrix3x3
-- Up-to-date: install/qt/include/QtGui/QMatrix3x4
-- Up-to-date: install/qt/include/QtGui/QMatrix4x2
-- Up-to-date: install/qt/include/QtGui/QMatrix4x3
-- Up-to-date: install/qt/include/QtGui/QMatrix4x4
-- Up-to-date: install/qt/include/QtGui/QMouseEvent
-- Up-to-date: install/qt/include/QtGui/QMoveEvent
-- Up-to-date: install/qt/include/QtGui/QMovie
-- Up-to-date: install/qt/include/QtGui/QNativeGestureEvent
-- Up-to-date: install/qt/include/QtGui/QOffscreenSurface
-- Up-to-date: install/qt/include/QtGui/QOpenGLContext
-- Up-to-date: install/qt/include/QtGui/QOpenGLContextGroup
-- Up-to-date: install/qt/include/QtGui/QOpenGLExtraFunctions
-- Up-to-date: install/qt/include/QtGui/QOpenGLExtraFunctionsPrivate
-- Up-to-date: install/qt/include/QtGui/QOpenGLFunctions
-- Up-to-date: install/qt/include/QtGui/QOpenGLFunctionsPrivate
-- Up-to-date: install/qt/include/QtGui/QPageLayout
-- Up-to-date: install/qt/include/QtGui/QPageRanges
-- Up-to-date: install/qt/include/QtGui/QPageSize
-- Up-to-date: install/qt/include/QtGui/QPagedPaintDevice
-- Up-to-date: install/qt/include/QtGui/QPaintDevice
-- Up-to-date: install/qt/include/QtGui/QPaintDeviceWindow
-- Up-to-date: install/qt/include/QtGui/QPaintEngine
-- Up-to-date: install/qt/include/QtGui/QPaintEngineState
-- Up-to-date: install/qt/include/QtGui/QPaintEvent
-- Up-to-date: install/qt/include/QtGui/QPainter
-- Up-to-date: install/qt/include/QtGui/QPainterPath
-- Up-to-date: install/qt/include/QtGui/QPainterPathStroker
-- Up-to-date: install/qt/include/QtGui/QPalette
-- Up-to-date: install/qt/include/QtGui/QPdfOutputIntent
-- Up-to-date: install/qt/include/QtGui/QPdfWriter
-- Up-to-date: install/qt/include/QtGui/QPen
-- Up-to-date: install/qt/include/QtGui/QPicture
-- Up-to-date: install/qt/include/QtGui/QPixelFormat
-- Up-to-date: install/qt/include/QtGui/QPixmap
-- Up-to-date: install/qt/include/QtGui/QPixmapCache
-- Up-to-date: install/qt/include/QtGui/QPlatformSurfaceEvent
-- Up-to-date: install/qt/include/QtGui/QPointerEvent
-- Up-to-date: install/qt/include/QtGui/QPointingDevice
-- Up-to-date: install/qt/include/QtGui/QPointingDeviceUniqueId
-- Up-to-date: install/qt/include/QtGui/QPolygon
-- Up-to-date: install/qt/include/QtGui/QPolygonF
-- Up-to-date: install/qt/include/QtGui/QQuaternion
-- Up-to-date: install/qt/include/QtGui/QRadialGradient
-- Up-to-date: install/qt/include/QtGui/QRasterWindow
-- Up-to-date: install/qt/include/QtGui/QRawFont
-- Up-to-date: install/qt/include/QtGui/QRegion
-- Up-to-date: install/qt/include/QtGui/QRegularExpressionValidator
-- Up-to-date: install/qt/include/QtGui/QResizeEvent
-- Up-to-date: install/qt/include/QtGui/QRgb
-- Up-to-date: install/qt/include/QtGui/QRgba64
-- Up-to-date: install/qt/include/QtGui/QRgbaFloat
-- Up-to-date: install/qt/include/QtGui/QRgbaFloat16
-- Up-to-date: install/qt/include/QtGui/QRgbaFloat32
-- Up-to-date: install/qt/include/QtGui/QScreen
-- Up-to-date: install/qt/include/QtGui/QScreenOrientationChangeEvent
-- Up-to-date: install/qt/include/QtGui/QScrollEvent
-- Up-to-date: install/qt/include/QtGui/QScrollPrepareEvent
-- Up-to-date: install/qt/include/QtGui/QSessionManager
-- Up-to-date: install/qt/include/QtGui/QShortcut
-- Up-to-date: install/qt/include/QtGui/QShortcutEvent
-- Up-to-date: install/qt/include/QtGui/QShowEvent
-- Up-to-date: install/qt/include/QtGui/QSinglePointEvent
-- Up-to-date: install/qt/include/QtGui/QStandardItem
-- Up-to-date: install/qt/include/QtGui/QStandardItemModel
-- Up-to-date: install/qt/include/QtGui/QStaticText
-- Up-to-date: install/qt/include/QtGui/QStatusTipEvent
-- Up-to-date: install/qt/include/QtGui/QStyleHints
-- Up-to-date: install/qt/include/QtGui/QSurface
-- Up-to-date: install/qt/include/QtGui/QSurfaceFormat
-- Up-to-date: install/qt/include/QtGui/QSyntaxHighlighter
-- Up-to-date: install/qt/include/QtGui/QTabletEvent
-- Up-to-date: install/qt/include/QtGui/QTextBlock
-- Up-to-date: install/qt/include/QtGui/QTextBlockFormat
-- Up-to-date: install/qt/include/QtGui/QTextBlockGroup
-- Up-to-date: install/qt/include/QtGui/QTextBlockUserData
-- Up-to-date: install/qt/include/QtGui/QTextCharFormat
-- Up-to-date: install/qt/include/QtGui/QTextCursor
-- Up-to-date: install/qt/include/QtGui/QTextDocument
-- Up-to-date: install/qt/include/QtGui/QTextDocumentFragment
-- Up-to-date: install/qt/include/QtGui/QTextDocumentWriter
-- Up-to-date: install/qt/include/QtGui/QTextFormat
-- Up-to-date: install/qt/include/QtGui/QTextFragment
-- Up-to-date: install/qt/include/QtGui/QTextFrame
-- Up-to-date: install/qt/include/QtGui/QTextFrameFormat
-- Up-to-date: install/qt/include/QtGui/QTextFrameLayoutData
-- Up-to-date: install/qt/include/QtGui/QTextImageFormat
-- Up-to-date: install/qt/include/QtGui/QTextInlineObject
-- Up-to-date: install/qt/include/QtGui/QTextItem
-- Up-to-date: install/qt/include/QtGui/QTextLayout
-- Up-to-date: install/qt/include/QtGui/QTextLength
-- Up-to-date: install/qt/include/QtGui/QTextLine
-- Up-to-date: install/qt/include/QtGui/QTextList
-- Up-to-date: install/qt/include/QtGui/QTextListFormat
-- Up-to-date: install/qt/include/QtGui/QTextObject
-- Up-to-date: install/qt/include/QtGui/QTextObjectInterface
-- Up-to-date: install/qt/include/QtGui/QTextOption
-- Up-to-date: install/qt/include/QtGui/QTextTable
-- Up-to-date: install/qt/include/QtGui/QTextTableCell
-- Up-to-date: install/qt/include/QtGui/QTextTableCellFormat
-- Up-to-date: install/qt/include/QtGui/QTextTableFormat
-- Up-to-date: install/qt/include/QtGui/QToolBarChangeEvent
-- Up-to-date: install/qt/include/QtGui/QTouchEvent
-- Up-to-date: install/qt/include/QtGui/QTransform
-- Up-to-date: install/qt/include/QtGui/QUndoCommand
-- Up-to-date: install/qt/include/QtGui/QUndoGroup
-- Up-to-date: install/qt/include/QtGui/QUndoStack
-- Up-to-date: install/qt/include/QtGui/QValidator
-- Up-to-date: install/qt/include/QtGui/QVector2D
-- Up-to-date: install/qt/include/QtGui/QVector3D
-- Up-to-date: install/qt/include/QtGui/QVector4D
-- Up-to-date: install/qt/include/QtGui/QWhatsThisClickedEvent
-- Up-to-date: install/qt/include/QtGui/QWheelEvent
-- Up-to-date: install/qt/include/QtGui/QWidgetList
-- Up-to-date: install/qt/include/QtGui/QWidgetMapper
-- Up-to-date: install/qt/include/QtGui/QWidgetSet
-- Up-to-date: install/qt/include/QtGui/QWindow
-- Up-to-date: install/qt/include/QtGui/QWindowList
-- Up-to-date: install/qt/include/QtGui/QWindowStateChangeEvent
-- Up-to-date: install/qt/include/QtGui/QtEvents
-- Up-to-date: install/qt/include/QtGui/QtGui
-- Up-to-date: install/qt/include/QtGui/QtGuiVersion
-- Up-to-date: install/qt/include/QtGui/qtguiversion.h
-- Up-to-date: install/qt/include/QtGui/qtguiexports.h
-- Up-to-date: install/qt/include/QtGui/qabstractfileiconprovider.h
-- Up-to-date: install/qt/include/QtGui/qbitmap.h
-- Up-to-date: install/qt/include/QtGui/qicon.h
-- Up-to-date: install/qt/include/QtGui/qiconengine.h
-- Up-to-date: install/qt/include/QtGui/qiconengineplugin.h
-- Up-to-date: install/qt/include/QtGui/qimage.h
-- Up-to-date: install/qt/include/QtGui/qimageiohandler.h
-- Up-to-date: install/qt/include/QtGui/qimagereader.h
-- Up-to-date: install/qt/include/QtGui/qimagewriter.h
-- Up-to-date: install/qt/include/QtGui/qpicture.h
-- Up-to-date: install/qt/include/QtGui/qpixmap.h
-- Up-to-date: install/qt/include/QtGui/qpixmapcache.h
-- Up-to-date: install/qt/include/QtGui/qclipboard.h
-- Up-to-date: install/qt/include/QtGui/qcursor.h
-- Up-to-date: install/qt/include/QtGui/qeventpoint.h
-- Up-to-date: install/qt/include/QtGui/qevent.h
-- Up-to-date: install/qt/include/QtGui/qgenericplugin.h
-- Up-to-date: install/qt/include/QtGui/qgenericpluginfactory.h
-- Up-to-date: install/qt/include/QtGui/qguiapplication.h
-- Up-to-date: install/qt/include/QtGui/qguiapplication_platform.h
-- Up-to-date: install/qt/include/QtGui/qinputdevice.h
-- Up-to-date: install/qt/include/QtGui/qinputmethod.h
-- Up-to-date: install/qt/include/QtGui/qoffscreensurface.h
-- Up-to-date: install/qt/include/QtGui/qoffscreensurface_platform.h
-- Up-to-date: install/qt/include/QtGui/qopenglcontext.h
-- Up-to-date: install/qt/include/QtGui/qpaintdevicewindow.h
-- Up-to-date: install/qt/include/QtGui/qpalette.h
-- Up-to-date: install/qt/include/QtGui/qpixelformat.h
-- Up-to-date: install/qt/include/QtGui/qpointingdevice.h
-- Up-to-date: install/qt/include/QtGui/qrasterwindow.h
-- Up-to-date: install/qt/include/QtGui/qscreen.h
-- Up-to-date: install/qt/include/QtGui/qscreen_platform.h
-- Up-to-date: install/qt/include/QtGui/qsessionmanager.h
-- Up-to-date: install/qt/include/QtGui/qstylehints.h
-- Up-to-date: install/qt/include/QtGui/qsurface.h
-- Up-to-date: install/qt/include/QtGui/qsurfaceformat.h
-- Up-to-date: install/qt/include/QtGui/qtestsupport_gui.h
-- Up-to-date: install/qt/include/QtGui/qtguiglobal.h
-- Up-to-date: install/qt/include/QtGui/qwindow.h
-- Up-to-date: install/qt/include/QtGui/qwindowdefs.h
-- Up-to-date: install/qt/include/QtGui/qgenericmatrix.h
-- Up-to-date: install/qt/include/QtGui/qmatrix4x4.h
-- Up-to-date: install/qt/include/QtGui/qquaternion.h
-- Up-to-date: install/qt/include/QtGui/qvector2d.h
-- Up-to-date: install/qt/include/QtGui/qvector3d.h
-- Up-to-date: install/qt/include/QtGui/qvector4d.h
-- Up-to-date: install/qt/include/QtGui/qvectornd.h
-- Up-to-date: install/qt/include/QtGui/qopengl.h
-- Up-to-date: install/qt/include/QtGui/qopenglext.h
-- Up-to-date: install/qt/include/QtGui/qopenglfunctions.h
-- Up-to-date: install/qt/include/QtGui/qopenglextrafunctions.h
-- Up-to-date: install/qt/include/QtGui/qbackingstore.h
-- Up-to-date: install/qt/include/QtGui/qbrush.h
-- Up-to-date: install/qt/include/QtGui/qcolor.h
-- Up-to-date: install/qt/include/QtGui/qcolorspace.h
-- Up-to-date: install/qt/include/QtGui/qcolortransform.h
-- Up-to-date: install/qt/include/QtGui/qpagedpaintdevice.h
-- Up-to-date: install/qt/include/QtGui/qpagelayout.h
-- Up-to-date: install/qt/include/QtGui/qpageranges.h
-- Up-to-date: install/qt/include/QtGui/qpagesize.h
-- Up-to-date: install/qt/include/QtGui/qpaintdevice.h
-- Up-to-date: install/qt/include/QtGui/qpaintengine.h
-- Up-to-date: install/qt/include/QtGui/qpainter.h
-- Up-to-date: install/qt/include/QtGui/qpainterpath.h
-- Up-to-date: install/qt/include/QtGui/qpdfoutputintent.h
-- Up-to-date: install/qt/include/QtGui/qpdfwriter.h
-- Up-to-date: install/qt/include/QtGui/qpen.h
-- Up-to-date: install/qt/include/QtGui/qpolygon.h
-- Up-to-date: install/qt/include/QtGui/qregion.h
-- Up-to-date: install/qt/include/QtGui/qrgb.h
-- Up-to-date: install/qt/include/QtGui/qrgba64.h
-- Up-to-date: install/qt/include/QtGui/qrgbafloat.h
-- Up-to-date: install/qt/include/QtGui/qtransform.h
-- Up-to-date: install/qt/include/QtGui/qabstracttextdocumentlayout.h
-- Up-to-date: install/qt/include/QtGui/qfont.h
-- Up-to-date: install/qt/include/QtGui/qfontdatabase.h
-- Up-to-date: install/qt/include/QtGui/qfontinfo.h
-- Up-to-date: install/qt/include/QtGui/qfontmetrics.h
-- Up-to-date: install/qt/include/QtGui/qglyphrun.h
-- Up-to-date: install/qt/include/QtGui/qrawfont.h
-- Up-to-date: install/qt/include/QtGui/qstatictext.h
-- Up-to-date: install/qt/include/QtGui/qsyntaxhighlighter.h
-- Up-to-date: install/qt/include/QtGui/qtextcursor.h
-- Up-to-date: install/qt/include/QtGui/qtextdocument.h
-- Up-to-date: install/qt/include/QtGui/qtextdocumentfragment.h
-- Up-to-date: install/qt/include/QtGui/qtextdocumentwriter.h
-- Up-to-date: install/qt/include/QtGui/qtextformat.h
-- Up-to-date: install/qt/include/QtGui/qtextlayout.h
-- Up-to-date: install/qt/include/QtGui/qtextlist.h
-- Up-to-date: install/qt/include/QtGui/qtextobject.h
-- Up-to-date: install/qt/include/QtGui/qtextoption.h
-- Up-to-date: install/qt/include/QtGui/qtexttable.h
-- Up-to-date: install/qt/include/QtGui/qdesktopservices.h
-- Up-to-date: install/qt/include/QtGui/qvalidator.h
-- Up-to-date: install/qt/include/QtGui/qtgui-config.h
-- Up-to-date: install/qt/include/QtGui/qstandarditemmodel.h
-- Up-to-date: install/qt/include/QtGui/qopenglcontext_platform.h
-- Up-to-date: install/qt/include/QtGui/qaccessible.h
-- Up-to-date: install/qt/include/QtGui/qaccessible_base.h
-- Up-to-date: install/qt/include/QtGui/qaccessiblebridge.h
-- Up-to-date: install/qt/include/QtGui/qaccessibleobject.h
-- Up-to-date: install/qt/include/QtGui/qaccessibleplugin.h
-- Up-to-date: install/qt/include/QtGui/qaction.h
-- Up-to-date: install/qt/include/QtGui/qactiongroup.h
-- Up-to-date: install/qt/include/QtGui/qdrag.h
-- Up-to-date: install/qt/include/QtGui/qkeysequence.h
-- Up-to-date: install/qt/include/QtGui/qshortcut.h
-- Up-to-date: install/qt/include/QtGui/qmovie.h
-- Up-to-date: install/qt/include/QtGui/qundostack.h
-- Up-to-date: install/qt/include/QtGui/qundogroup.h
-- Up-to-date: install/qt/include/QtGui/qstandarditemmodel.h
-- Up-to-date: install/qt/include/QtGui/qfilesystemmodel.h
-- Up-to-date: install/qt/include/QtGui/QtGuiDepends
-- Up-to-date: install/qt/include/QtGui/6.8.3/QtGui/private/qabstractfileiconengine_p.h
-- Up-to-date: install/qt/include/QtGui/6.8.3/QtGui/private/qabstractfileiconprovider_p.h
-- Up-to-date: install/qt/include/QtGui/6.8.3/QtGui/private/qbmphandler_p.h
-- Up-to-date: install/qt/include/QtGui/6.8.3/QtGui/private/qicon_p.h
-- Up-to-date: install/qt/include/QtGui/6.8.3/QtGui/private/qiconengine_p.h
-- Up-to-date: install/qt/include/QtGui/6.8.3/QtGui/private/qiconloader_p.h
-- Up-to-date: install/qt/include/QtGui/6.8.3/QtGui/private/qimage_p.h
-- Up-to-date: install/qt/include/QtGui/6.8.3/QtGui/private/qimagepixmapcleanuphooks_p.h
-- Up-to-date: install/qt/include/QtGui/6.8.3/QtGui/private/qimagereaderwriterhelpers_p.h
-- Up-to-date: install/qt/include/QtGui/6.8.3/QtGui/private/qpaintengine_pic_p.h
-- Up-to-date: install/qt/include/QtGui/6.8.3/QtGui/private/qpicture_p.h
-- Up-to-date: install/qt/include/QtGui/6.8.3/QtGui/private/qpixmap_blitter_p.h
-- Up-to-date: install/qt/include/QtGui/6.8.3/QtGui/private/qpixmap_raster_p.h
-- Up-to-date: install/qt/include/QtGui/6.8.3/QtGui/private/qpixmapcache_p.h
-- Up-to-date: install/qt/include/QtGui/6.8.3/QtGui/private/qppmhandler_p.h
-- Up-to-date: install/qt/include/QtGui/6.8.3/QtGui/private/qxbmhandler_p.h
-- Up-to-date: install/qt/include/QtGui/6.8.3/QtGui/private/qxpmhandler_p.h
-- Up-to-date: install/qt/include/QtGui/6.8.3/QtGui/private/qcursor_p.h
-- Up-to-date: install/qt/include/QtGui/6.8.3/QtGui/private/qeventpoint_p.h
-- Up-to-date: install/qt/include/QtGui/6.8.3/QtGui/private/qevent_p.h
-- Up-to-date: install/qt/include/QtGui/6.8.3/QtGui/private/qguiapplication_p.h
-- Up-to-date: install/qt/include/QtGui/6.8.3/QtGui/private/qhighdpiscaling_p.h
-- Up-to-date: install/qt/include/QtGui/6.8.3/QtGui/private/qinputdevice_p.h
-- Up-to-date: install/qt/include/QtGui/6.8.3/QtGui/private/qinputdevicemanager_p.h
-- Up-to-date: install/qt/include/QtGui/6.8.3/QtGui/private/qinputdevicemanager_p_p.h
-- Up-to-date: install/qt/include/QtGui/6.8.3/QtGui/private/qinputmethod_p.h
-- Up-to-date: install/qt/include/QtGui/6.8.3/QtGui/private/qinternalmimedata_p.h
-- Up-to-date: install/qt/include/QtGui/6.8.3/QtGui/private/qkeymapper_p.h
-- Up-to-date: install/qt/include/QtGui/6.8.3/QtGui/private/qoffscreensurface_p.h
-- Up-to-date: install/qt/include/QtGui/6.8.3/QtGui/private/qpaintdevicewindow_p.h
-- Up-to-date: install/qt/include/QtGui/6.8.3/QtGui/private/qpalette_p.h
-- Up-to-date: install/qt/include/QtGui/6.8.3/QtGui/private/qpointingdevice_p.h
-- Up-to-date: install/qt/include/QtGui/6.8.3/QtGui/private/qscreen_p.h
-- Up-to-date: install/qt/include/QtGui/6.8.3/QtGui/private/qsessionmanager_p.h
-- Up-to-date: install/qt/include/QtGui/6.8.3/QtGui/private/qstylehints_p.h
-- Up-to-date: install/qt/include/QtGui/6.8.3/QtGui/private/qtguiglobal_p.h
-- Up-to-date: install/qt/include/QtGui/6.8.3/QtGui/private/qwindow_p.h
-- Up-to-date: install/qt/include/QtGui/6.8.3/QtGui/private/qbackingstoredefaultcompositor_p.h
-- Up-to-date: install/qt/include/QtGui/6.8.3/QtGui/private/qbackingstorerhisupport_p.h
-- Up-to-date: install/qt/include/QtGui/6.8.3/QtGui/private/qbezier_p.h
-- Up-to-date: install/qt/include/QtGui/6.8.3/QtGui/private/qblendfunctions_p.h
-- Up-to-date: install/qt/include/QtGui/6.8.3/QtGui/private/qblittable_p.h
-- Up-to-date: install/qt/include/QtGui/6.8.3/QtGui/private/qcolor_p.h
-- Up-to-date: install/qt/include/QtGui/6.8.3/QtGui/private/qcolorclut_p.h
-- Up-to-date: install/qt/include/QtGui/6.8.3/QtGui/private/qcolormatrix_p.h
-- Up-to-date: install/qt/include/QtGui/6.8.3/QtGui/private/qcolorspace_p.h
-- Up-to-date: install/qt/include/QtGui/6.8.3/QtGui/private/qcolortransferfunction_p.h
-- Up-to-date: install/qt/include/QtGui/6.8.3/QtGui/private/qcolortransfergeneric_p.h
-- Up-to-date: install/qt/include/QtGui/6.8.3/QtGui/private/qcolortransfertable_p.h
-- Up-to-date: install/qt/include/QtGui/6.8.3/QtGui/private/qcolortransform_p.h
-- Up-to-date: install/qt/include/QtGui/6.8.3/QtGui/private/qcolortrc_p.h
-- Up-to-date: install/qt/include/QtGui/6.8.3/QtGui/private/qcolortrclut_p.h
-- Up-to-date: install/qt/include/QtGui/6.8.3/QtGui/private/qcosmeticstroker_p.h
-- Up-to-date: install/qt/include/QtGui/6.8.3/QtGui/private/qcmyk_p.h
-- Up-to-date: install/qt/include/QtGui/6.8.3/QtGui/private/qdatabuffer_p.h
-- Up-to-date: install/qt/include/QtGui/6.8.3/QtGui/private/qdrawhelper_p.h
-- Up-to-date: install/qt/include/QtGui/6.8.3/QtGui/private/qdrawhelper_x86_p.h
-- Up-to-date: install/qt/include/QtGui/6.8.3/QtGui/private/qdrawingprimitive_sse2_p.h
-- Up-to-date: install/qt/include/QtGui/6.8.3/QtGui/private/qemulationpaintengine_p.h
-- Up-to-date: install/qt/include/QtGui/6.8.3/QtGui/private/qfixed_p.h
-- Up-to-date: install/qt/include/QtGui/6.8.3/QtGui/private/qgrayraster_p.h
-- Up-to-date: install/qt/include/QtGui/6.8.3/QtGui/private/qicc_p.h
-- Up-to-date: install/qt/include/QtGui/6.8.3/QtGui/private/qimagescale_p.h
-- Up-to-date: install/qt/include/QtGui/6.8.3/QtGui/private/qmath_p.h
-- Up-to-date: install/qt/include/QtGui/6.8.3/QtGui/private/qmemrotate_p.h
-- Up-to-date: install/qt/include/QtGui/6.8.3/QtGui/private/qoutlinemapper_p.h
-- Up-to-date: install/qt/include/QtGui/6.8.3/QtGui/private/qpagedpaintdevice_p.h
-- Up-to-date: install/qt/include/QtGui/6.8.3/QtGui/private/qpageranges_p.h
-- Up-to-date: install/qt/include/QtGui/6.8.3/QtGui/private/qpaintengine_p.h
-- Up-to-date: install/qt/include/QtGui/6.8.3/QtGui/private/qpaintengine_blitter_p.h
-- Up-to-date: install/qt/include/QtGui/6.8.3/QtGui/private/qpaintengine_raster_p.h
-- Up-to-date: install/qt/include/QtGui/6.8.3/QtGui/private/qpaintengineex_p.h
-- Up-to-date: install/qt/include/QtGui/6.8.3/QtGui/private/qpainter_p.h
-- Up-to-date: install/qt/include/QtGui/6.8.3/QtGui/private/qpainterpath_p.h
-- Up-to-date: install/qt/include/QtGui/6.8.3/QtGui/private/qpathclipper_p.h
-- Up-to-date: install/qt/include/QtGui/6.8.3/QtGui/private/qpathsimplifier_p.h
-- Up-to-date: install/qt/include/QtGui/6.8.3/QtGui/private/qpdf_p.h
-- Up-to-date: install/qt/include/QtGui/6.8.3/QtGui/private/qpen_p.h
-- Up-to-date: install/qt/include/QtGui/6.8.3/QtGui/private/qpixellayout_p.h
-- Up-to-date: install/qt/include/QtGui/6.8.3/QtGui/private/qrasterdefs_p.h
-- Up-to-date: install/qt/include/QtGui/6.8.3/QtGui/private/qrasterizer_p.h
-- Up-to-date: install/qt/include/QtGui/6.8.3/QtGui/private/qrbtree_p.h
-- Up-to-date: install/qt/include/QtGui/6.8.3/QtGui/private/qrgba64_p.h
-- Up-to-date: install/qt/include/QtGui/6.8.3/QtGui/private/qstroker_p.h
-- Up-to-date: install/qt/include/QtGui/6.8.3/QtGui/private/qtextureglyphcache_p.h
-- Up-to-date: install/qt/include/QtGui/6.8.3/QtGui/private/qtriangulatingstroker_p.h
-- Up-to-date: install/qt/include/QtGui/6.8.3/QtGui/private/qtriangulator_p.h
-- Up-to-date: install/qt/include/QtGui/6.8.3/QtGui/private/qvectorpath_p.h
-- Up-to-date: install/qt/include/QtGui/6.8.3/QtGui/private/qrhi_p.h
-- Up-to-date: install/qt/include/QtGui/6.8.3/QtGui/private/qrhinull_p.h
-- Up-to-date: install/qt/include/QtGui/6.8.3/QtGui/private/qshader_p.h
-- Up-to-date: install/qt/include/QtGui/6.8.3/QtGui/private/qshaderdescription_p.h
-- Up-to-date: install/qt/include/QtGui/6.8.3/QtGui/private/qabstracttextdocumentlayout_p.h
-- Up-to-date: install/qt/include/QtGui/6.8.3/QtGui/private/qdistancefield_p.h
-- Up-to-date: install/qt/include/QtGui/6.8.3/QtGui/private/qfont_p.h
-- Up-to-date: install/qt/include/QtGui/6.8.3/QtGui/private/qfontdatabase_p.h
-- Up-to-date: install/qt/include/QtGui/6.8.3/QtGui/private/qfontengine_p.h
-- Up-to-date: install/qt/include/QtGui/6.8.3/QtGui/private/qfontengineglyphcache_p.h
-- Up-to-date: install/qt/include/QtGui/6.8.3/QtGui/private/qfontsubset_p.h
-- Up-to-date: install/qt/include/QtGui/6.8.3/QtGui/private/qfragmentmap_p.h
-- Up-to-date: install/qt/include/QtGui/6.8.3/QtGui/private/qglyphrun_p.h
-- Up-to-date: install/qt/include/QtGui/6.8.3/QtGui/private/qinputcontrol_p.h
-- Up-to-date: install/qt/include/QtGui/6.8.3/QtGui/private/qrawfont_p.h
-- Up-to-date: install/qt/include/QtGui/6.8.3/QtGui/private/qstatictext_p.h
-- Up-to-date: install/qt/include/QtGui/6.8.3/QtGui/private/qtextcursor_p.h
-- Up-to-date: install/qt/include/QtGui/6.8.3/QtGui/private/qtextdocument_p.h
-- Up-to-date: install/qt/include/QtGui/6.8.3/QtGui/private/qtextdocumentfragment_p.h
-- Up-to-date: install/qt/include/QtGui/6.8.3/QtGui/private/qtextdocumentlayout_p.h
-- Up-to-date: install/qt/include/QtGui/6.8.3/QtGui/private/qtextengine_p.h
-- Up-to-date: install/qt/include/QtGui/6.8.3/QtGui/private/qtextformat_p.h
-- Up-to-date: install/qt/include/QtGui/6.8.3/QtGui/private/qtexthtmlparser_p.h
-- Up-to-date: install/qt/include/QtGui/6.8.3/QtGui/private/qtextimagehandler_p.h
-- Up-to-date: install/qt/include/QtGui/6.8.3/QtGui/private/qtextobject_p.h
-- Up-to-date: install/qt/include/QtGui/6.8.3/QtGui/private/qtexttable_p.h
-- Up-to-date: install/qt/include/QtGui/6.8.3/QtGui/private/qabstractlayoutstyleinfo_p.h
-- Up-to-date: install/qt/include/QtGui/6.8.3/QtGui/private/qastchandler_p.h
-- Up-to-date: install/qt/include/QtGui/6.8.3/QtGui/private/qgridlayoutengine_p.h
-- Up-to-date: install/qt/include/QtGui/6.8.3/QtGui/private/qhexstring_p.h
-- Up-to-date: install/qt/include/QtGui/6.8.3/QtGui/private/qktxhandler_p.h
-- Up-to-date: install/qt/include/QtGui/6.8.3/QtGui/private/qlayoutpolicy_p.h
-- Up-to-date: install/qt/include/QtGui/6.8.3/QtGui/private/qpkmhandler_p.h
-- Up-to-date: install/qt/include/QtGui/6.8.3/QtGui/private/qtexturefiledata_p.h
-- Up-to-date: install/qt/include/QtGui/6.8.3/QtGui/private/qtexturefilehandler_p.h
-- Up-to-date: install/qt/include/QtGui/6.8.3/QtGui/private/qtexturefilereader_p.h
-- Up-to-date: install/qt/include/QtGui/6.8.3/QtGui/private/qtgui-config_p.h
-- Up-to-date: install/qt/include/QtGui/6.8.3/QtGui/private/qstandarditemmodel_p.h
-- Up-to-date: install/qt/include/QtGui/6.8.3/QtGui/private/qopenglcontext_p.h
-- Up-to-date: install/qt/include/QtGui/6.8.3/QtGui/private/qopengl_p.h
-- Up-to-date: install/qt/include/QtGui/6.8.3/QtGui/private/qopenglextensions_p.h
-- Up-to-date: install/qt/include/QtGui/6.8.3/QtGui/private/qopenglprogrambinarycache_p.h
-- Up-to-date: install/qt/include/QtGui/6.8.3/QtGui/private/qrhigles2_p.h
-- Up-to-date: install/qt/include/QtGui/6.8.3/QtGui/private/qeglconvenience_p.h
-- Up-to-date: install/qt/include/QtGui/6.8.3/QtGui/private/qeglstreamconvenience_p.h
-- Up-to-date: install/qt/include/QtGui/6.8.3/QtGui/private/qt_egl_p.h
-- Up-to-date: install/qt/include/QtGui/6.8.3/QtGui/private/qaccessiblebridgeutils_p.h
-- Up-to-date: install/qt/include/QtGui/6.8.3/QtGui/private/qaccessiblecache_p.h
-- Up-to-date: install/qt/include/QtGui/6.8.3/QtGui/private/qaction_p.h
-- Up-to-date: install/qt/include/QtGui/6.8.3/QtGui/private/qactiongroup_p.h
-- Up-to-date: install/qt/include/QtGui/6.8.3/QtGui/private/qdnd_p.h
-- Up-to-date: install/qt/include/QtGui/6.8.3/QtGui/private/qshapedpixmapdndwindow_p.h
-- Up-to-date: install/qt/include/QtGui/6.8.3/QtGui/private/qsimpledrag_p.h
-- Up-to-date: install/qt/include/QtGui/6.8.3/QtGui/private/qkeysequence_p.h
-- Up-to-date: install/qt/include/QtGui/6.8.3/QtGui/private/qshortcut_p.h
-- Up-to-date: install/qt/include/QtGui/6.8.3/QtGui/private/qshortcutmap_p.h
-- Up-to-date: install/qt/include/QtGui/6.8.3/QtGui/private/qpnghandler_p.h
-- Up-to-date: install/qt/include/QtGui/6.8.3/QtGui/private/qharfbuzzng_p.h
-- Up-to-date: install/qt/include/QtGui/6.8.3/QtGui/private/qtextodfwriter_p.h
-- Up-to-date: install/qt/include/QtGui/6.8.3/QtGui/private/qcssutil_p.h
-- Up-to-date: install/qt/include/QtGui/6.8.3/QtGui/private/qcssparser_p.h
-- Up-to-date: install/qt/include/QtGui/6.8.3/QtGui/private/qfontengine_ft_p.h
-- Up-to-date: install/qt/include/QtGui/6.8.3/QtGui/private/qfreetypefontdatabase_p.h
-- Up-to-date: install/qt/include/QtGui/6.8.3/QtGui/private/qgenericunixfontdatabase_p.h
-- Up-to-date: install/qt/include/QtGui/6.8.3/QtGui/private/qundostack_p.h
-- Up-to-date: install/qt/include/QtGui/6.8.3/QtGui/private/qeglpbuffer_p.h
-- Up-to-date: install/qt/include/QtGui/6.8.3/QtGui/private/qeglplatformcontext_p.h
-- Up-to-date: install/qt/include/QtGui/6.8.3/QtGui/private/qstandarditemmodel_p.h
-- Up-to-date: install/qt/include/QtGui/6.8.3/QtGui/private/qfileinfogatherer_p.h
-- Up-to-date: install/qt/include/QtGui/6.8.3/QtGui/private/qfilesystemmodel_p.h
-- Up-to-date: install/qt/include/QtGui/6.8.3/QtGui/private/qgenericunixeventdispatcher_p.h
-- Up-to-date: install/qt/include/QtGui/6.8.3/QtGui/private/qunixeventdispatcher_qpa_p.h
-- Up-to-date: install/qt/include/QtGui/6.8.3/QtGui/private/qgenericunixservices_p.h
-- Up-to-date: install/qt/include/QtGui/6.8.3/QtGui/private/qgenericunixthemes_p.h
-- Up-to-date: install/qt/include/QtGui/6.8.3/QtGui/private/qdrawhelper_neon_p.h
-- Up-to-date: install/qt/include/QtGui/6.8.3/QtGui/private/qedidparser_p.h
-- Up-to-date: install/qt/include/QtGui/6.8.3/QtGui/private/qedidvendortable_p.h
-- Up-to-date: install/qt/include/QtGui/6.8.3/QtGui/qpa/qplatformpixmap.h
-- Up-to-date: install/qt/include/QtGui/6.8.3/QtGui/qpa/qplatformclipboard.h
-- Up-to-date: install/qt/include/QtGui/6.8.3/QtGui/qpa/qplatformcursor.h
-- Up-to-date: install/qt/include/QtGui/6.8.3/QtGui/qpa/qplatformdialoghelper.h
-- Up-to-date: install/qt/include/QtGui/6.8.3/QtGui/qpa/qplatformgraphicsbuffer.h
-- Up-to-date: install/qt/include/QtGui/6.8.3/QtGui/qpa/qplatformgraphicsbufferhelper.h
-- Up-to-date: install/qt/include/QtGui/6.8.3/QtGui/qpa/qplatforminputcontext.h
-- Up-to-date: install/qt/include/QtGui/6.8.3/QtGui/qpa/qplatforminputcontext_p.h
-- Up-to-date: install/qt/include/QtGui/6.8.3/QtGui/qpa/qplatforminputcontextfactory_p.h
-- Up-to-date: install/qt/include/QtGui/6.8.3/QtGui/qpa/qplatforminputcontextplugin_p.h
-- Up-to-date: install/qt/include/QtGui/6.8.3/QtGui/qpa/qplatformintegration.h
-- Up-to-date: install/qt/include/QtGui/6.8.3/QtGui/qpa/qplatformintegrationfactory_p.h
-- Up-to-date: install/qt/include/QtGui/6.8.3/QtGui/qpa/qplatformintegrationplugin.h
-- Up-to-date: install/qt/include/QtGui/6.8.3/QtGui/qpa/qplatformkeymapper.h
-- Up-to-date: install/qt/include/QtGui/6.8.3/QtGui/qpa/qplatformmenu.h
-- Up-to-date: install/qt/include/QtGui/6.8.3/QtGui/qpa/qplatformmenu_p.h
-- Up-to-date: install/qt/include/QtGui/6.8.3/QtGui/qpa/qplatformnativeinterface.h
-- Up-to-date: install/qt/include/QtGui/6.8.3/QtGui/qpa/qplatformoffscreensurface.h
-- Up-to-date: install/qt/include/QtGui/6.8.3/QtGui/qpa/qplatformopenglcontext.h
-- Up-to-date: install/qt/include/QtGui/6.8.3/QtGui/qpa/qplatformscreen.h
-- Up-to-date: install/qt/include/QtGui/6.8.3/QtGui/qpa/qplatformscreen_p.h
-- Up-to-date: install/qt/include/QtGui/6.8.3/QtGui/qpa/qplatformservices.h
-- Up-to-date: install/qt/include/QtGui/6.8.3/QtGui/qpa/qplatformsessionmanager.h
-- Up-to-date: install/qt/include/QtGui/6.8.3/QtGui/qpa/qplatformsharedgraphicscache.h
-- Up-to-date: install/qt/include/QtGui/6.8.3/QtGui/qpa/qplatformsurface.h
-- Up-to-date: install/qt/include/QtGui/6.8.3/QtGui/qpa/qplatformsystemtrayicon.h
-- Up-to-date: install/qt/include/QtGui/6.8.3/QtGui/qpa/qplatformtheme.h
-- Up-to-date: install/qt/include/QtGui/6.8.3/QtGui/qpa/qplatformtheme_p.h
-- Up-to-date: install/qt/include/QtGui/6.8.3/QtGui/qpa/qplatformthemefactory_p.h
-- Up-to-date: install/qt/include/QtGui/6.8.3/QtGui/qpa/qplatformthemeplugin.h
-- Up-to-date: install/qt/include/QtGui/6.8.3/QtGui/qpa/qplatformwindow.h
-- Up-to-date: install/qt/include/QtGui/6.8.3/QtGui/qpa/qplatformwindow_p.h
-- Up-to-date: install/qt/include/QtGui/6.8.3/QtGui/qpa/qwindowsysteminterface.h
-- Up-to-date: install/qt/include/QtGui/6.8.3/QtGui/qpa/qwindowsysteminterface_p.h
-- Up-to-date: install/qt/include/QtGui/6.8.3/QtGui/qpa/qplatformbackingstore.h
-- Up-to-date: install/qt/include/QtGui/6.8.3/QtGui/qpa/qplatformfontdatabase.h
-- Up-to-date: install/qt/include/QtGui/6.8.3/QtGui/qpa/qplatformaccessibility.h
-- Up-to-date: install/qt/include/QtGui/6.8.3/QtGui/qpa/qplatformdrag.h
-- Up-to-date: install/qt/include/QtGui/6.8.3/QtGui/rhi/qrhi.h
-- Up-to-date: install/qt/include/QtGui/6.8.3/QtGui/rhi/qrhi_platform.h
-- Up-to-date: install/qt/include/QtGui/6.8.3/QtGui/rhi/qshader.h
-- Up-to-date: install/qt/include/QtGui/6.8.3/QtGui/rhi/qshaderdescription.h
-- Up-to-date: install/qt/mkspecs/modules/qt_lib_gui.pri
-- Up-to-date: install/qt/mkspecs/modules/qt_lib_gui_private.pri
-- Up-to-date: install/qt/metatypes/qt6exampleiconsprivate_relwithdebinfo_metatypes.json
-- Installing: install/qt/lib/cmake/Qt6ExampleIconsPrivate/Qt6ExampleIconsPrivateConfig.cmake
-- Installing: install/qt/lib/cmake/Qt6ExampleIconsPrivate/Qt6ExampleIconsPrivateConfigVersion.cmake
-- Installing: install/qt/lib/cmake/Qt6ExampleIconsPrivate/Qt6ExampleIconsPrivateConfigVersionImpl.cmake
-- Up-to-date: install/qt/lib/libQt6ExampleIcons.a
-- Installing: install/qt/lib/cmake/Qt6ExampleIconsPrivate/Qt6ExampleIconsPrivateTargets.cmake
-- Installing: install/qt/lib/cmake/Qt6ExampleIconsPrivate/Qt6ExampleIconsPrivateTargets-relwithdebinfo.cmake
-- Installing: install/qt/lib/cmake/Qt6ExampleIconsPrivate/Qt6ExampleIconsPrivateVersionlessAliasTargets.cmake
-- Installing: install/qt/lib/cmake/Qt6ExampleIconsPrivate/Qt6ExampleIconsPrivateVersionlessTargets.cmake
-- Up-to-date: install/qt/modules/ExampleIconsPrivate.json
-- Up-to-date: install/qt/lib/objects-RelWithDebInfo/ExampleIconsPrivate_resources_1/.qt/rcc/qrc_example_icons_init.cpp.o
-- Installing: install/qt/lib/cmake/Qt6ExampleIconsPrivate/Qt6ExampleIconsPrivateAdditionalTargetInfo.cmake
-- Up-to-date: install/qt/include/QtExampleIcons/QtExampleIconsDepends
-- Up-to-date: install/qt/mkspecs/modules/qt_lib_example_icons_private.pri
-- Up-to-date: install/qt/metatypes/qt6opengl_relwithdebinfo_metatypes.json
-- Installing: install/qt/lib/cmake/Qt6OpenGL/Qt6OpenGLConfig.cmake
-- Installing: install/qt/lib/cmake/Qt6OpenGL/Qt6OpenGLConfigVersion.cmake
-- Installing: install/qt/lib/cmake/Qt6OpenGL/Qt6OpenGLConfigVersionImpl.cmake
-- Up-to-date: install/qt/lib/libQt6OpenGL.lib.so
-- Installing: install/qt/lib/cmake/Qt6OpenGL/Qt6OpenGLTargets.cmake
-- Installing: install/qt/lib/cmake/Qt6OpenGL/Qt6OpenGLTargets-relwithdebinfo.cmake
-- Installing: install/qt/lib/cmake/Qt6OpenGL/Qt6OpenGLVersionlessAliasTargets.cmake
-- Installing: install/qt/lib/cmake/Qt6OpenGL/Qt6OpenGLVersionlessTargets.cmake
-- Up-to-date: install/qt/modules/OpenGL.json
-- Installing: install/qt/lib/cmake/Qt6OpenGL/Qt6OpenGLAdditionalTargetInfo.cmake
-- Up-to-date: install/qt/include/QtOpenGL
-- Up-to-date: install/qt/include/QtOpenGL/QOpenGLBuffer
-- Up-to-date: install/qt/include/QtOpenGL/QOpenGLDebugLogger
-- Up-to-date: install/qt/include/QtOpenGL/QOpenGLDebugMessage
-- Up-to-date: install/qt/include/QtOpenGL/QOpenGLFramebufferObject
-- Up-to-date: install/qt/include/QtOpenGL/QOpenGLFramebufferObjectFormat
-- Up-to-date: install/qt/include/QtOpenGL/QOpenGLFunctions_1_0
-- Up-to-date: install/qt/include/QtOpenGL/QOpenGLFunctions_1_1
-- Up-to-date: install/qt/include/QtOpenGL/QOpenGLFunctions_1_2
-- Up-to-date: install/qt/include/QtOpenGL/QOpenGLFunctions_1_3
-- Up-to-date: install/qt/include/QtOpenGL/QOpenGLFunctions_1_4
-- Up-to-date: install/qt/include/QtOpenGL/QOpenGLFunctions_1_5
-- Up-to-date: install/qt/include/QtOpenGL/QOpenGLFunctions_2_0
-- Up-to-date: install/qt/include/QtOpenGL/QOpenGLFunctions_2_1
-- Up-to-date: install/qt/include/QtOpenGL/QOpenGLFunctions_3_0
-- Up-to-date: install/qt/include/QtOpenGL/QOpenGLFunctions_3_1
-- Up-to-date: install/qt/include/QtOpenGL/QOpenGLFunctions_3_2_Compatibility
-- Up-to-date: install/qt/include/QtOpenGL/QOpenGLFunctions_3_2_Core
-- Up-to-date: install/qt/include/QtOpenGL/QOpenGLFunctions_3_3_Compatibility
-- Up-to-date: install/qt/include/QtOpenGL/QOpenGLFunctions_3_3_Core
-- Up-to-date: install/qt/include/QtOpenGL/QOpenGLFunctions_4_0_Compatibility
-- Up-to-date: install/qt/include/QtOpenGL/QOpenGLFunctions_4_0_Core
-- Up-to-date: install/qt/include/QtOpenGL/QOpenGLFunctions_4_1_Compatibility
-- Up-to-date: install/qt/include/QtOpenGL/QOpenGLFunctions_4_1_Core
-- Up-to-date: install/qt/include/QtOpenGL/QOpenGLFunctions_4_2_Compatibility
-- Up-to-date: install/qt/include/QtOpenGL/QOpenGLFunctions_4_2_Core
-- Up-to-date: install/qt/include/QtOpenGL/QOpenGLFunctions_4_3_Compatibility
-- Up-to-date: install/qt/include/QtOpenGL/QOpenGLFunctions_4_3_Core
-- Up-to-date: install/qt/include/QtOpenGL/QOpenGLFunctions_4_4_Compatibility
-- Up-to-date: install/qt/include/QtOpenGL/QOpenGLFunctions_4_4_Core
-- Up-to-date: install/qt/include/QtOpenGL/QOpenGLFunctions_4_5_Compatibility
-- Up-to-date: install/qt/include/QtOpenGL/QOpenGLFunctions_4_5_Core
-- Up-to-date: install/qt/include/QtOpenGL/QOpenGLPaintDevice
-- Up-to-date: install/qt/include/QtOpenGL/QOpenGLPixelTransferOptions
-- Up-to-date: install/qt/include/QtOpenGL/QOpenGLShader
-- Up-to-date: install/qt/include/QtOpenGL/QOpenGLShaderProgram
-- Up-to-date: install/qt/include/QtOpenGL/QOpenGLTexture
-- Up-to-date: install/qt/include/QtOpenGL/QOpenGLTextureBlitter
-- Up-to-date: install/qt/include/QtOpenGL/QOpenGLTimeMonitor
-- Up-to-date: install/qt/include/QtOpenGL/QOpenGLTimerQuery
-- Up-to-date: install/qt/include/QtOpenGL/QOpenGLVersionFunctions
-- Up-to-date: install/qt/include/QtOpenGL/QOpenGLVersionFunctionsFactory
-- Up-to-date: install/qt/include/QtOpenGL/QOpenGLVersionProfile
-- Up-to-date: install/qt/include/QtOpenGL/QOpenGLVertexArrayObject
-- Up-to-date: install/qt/include/QtOpenGL/QOpenGLWindow
-- Up-to-date: install/qt/include/QtOpenGL/QtOpenGL
-- Up-to-date: install/qt/include/QtOpenGL/QtOpenGLVersion
-- Up-to-date: install/qt/include/QtOpenGL/qtopenglversion.h
-- Up-to-date: install/qt/include/QtOpenGL/qtopenglexports.h
-- Up-to-date: install/qt/include/QtOpenGL/qopenglbuffer.h
-- Up-to-date: install/qt/include/QtOpenGL/qopengldebug.h
-- Up-to-date: install/qt/include/QtOpenGL/qopenglframebufferobject.h
-- Up-to-date: install/qt/include/QtOpenGL/qopenglpaintdevice.h
-- Up-to-date: install/qt/include/QtOpenGL/qopenglpixeltransferoptions.h
-- Up-to-date: install/qt/include/QtOpenGL/qopenglshaderprogram.h
-- Up-to-date: install/qt/include/QtOpenGL/qopengltexture.h
-- Up-to-date: install/qt/include/QtOpenGL/qopengltextureblitter.h
-- Up-to-date: install/qt/include/QtOpenGL/qopengltimerquery.h
-- Up-to-date: install/qt/include/QtOpenGL/qopenglversionfunctions.h
-- Up-to-date: install/qt/include/QtOpenGL/qopenglversionfunctionsfactory.h
-- Up-to-date: install/qt/include/QtOpenGL/qopenglversionprofile.h
-- Up-to-date: install/qt/include/QtOpenGL/qopenglvertexarrayobject.h
-- Up-to-date: install/qt/include/QtOpenGL/qopenglwindow.h
-- Up-to-date: install/qt/include/QtOpenGL/qtopenglglobal.h
-- Up-to-date: install/qt/include/QtOpenGL/qopenglfunctions_1_0.h
-- Up-to-date: install/qt/include/QtOpenGL/qopenglfunctions_1_1.h
-- Up-to-date: install/qt/include/QtOpenGL/qopenglfunctions_1_2.h
-- Up-to-date: install/qt/include/QtOpenGL/qopenglfunctions_1_3.h
-- Up-to-date: install/qt/include/QtOpenGL/qopenglfunctions_1_4.h
-- Up-to-date: install/qt/include/QtOpenGL/qopenglfunctions_1_5.h
-- Up-to-date: install/qt/include/QtOpenGL/qopenglfunctions_2_0.h
-- Up-to-date: install/qt/include/QtOpenGL/qopenglfunctions_2_1.h
-- Up-to-date: install/qt/include/QtOpenGL/qopenglfunctions_3_0.h
-- Up-to-date: install/qt/include/QtOpenGL/qopenglfunctions_3_1.h
-- Up-to-date: install/qt/include/QtOpenGL/qopenglfunctions_3_2_compatibility.h
-- Up-to-date: install/qt/include/QtOpenGL/qopenglfunctions_3_2_core.h
-- Up-to-date: install/qt/include/QtOpenGL/qopenglfunctions_3_3_compatibility.h
-- Up-to-date: install/qt/include/QtOpenGL/qopenglfunctions_3_3_core.h
-- Up-to-date: install/qt/include/QtOpenGL/qopenglfunctions_4_0_compatibility.h
-- Up-to-date: install/qt/include/QtOpenGL/qopenglfunctions_4_0_core.h
-- Up-to-date: install/qt/include/QtOpenGL/qopenglfunctions_4_1_compatibility.h
-- Up-to-date: install/qt/include/QtOpenGL/qopenglfunctions_4_1_core.h
-- Up-to-date: install/qt/include/QtOpenGL/qopenglfunctions_4_2_compatibility.h
-- Up-to-date: install/qt/include/QtOpenGL/qopenglfunctions_4_2_core.h
-- Up-to-date: install/qt/include/QtOpenGL/qopenglfunctions_4_3_compatibility.h
-- Up-to-date: install/qt/include/QtOpenGL/qopenglfunctions_4_3_core.h
-- Up-to-date: install/qt/include/QtOpenGL/qopenglfunctions_4_4_compatibility.h
-- Up-to-date: install/qt/include/QtOpenGL/qopenglfunctions_4_4_core.h
-- Up-to-date: install/qt/include/QtOpenGL/qopenglfunctions_4_5_compatibility.h
-- Up-to-date: install/qt/include/QtOpenGL/qopenglfunctions_4_5_core.h
-- Up-to-date: install/qt/include/QtOpenGL/QtOpenGLDepends
-- Up-to-date: install/qt/include/QtOpenGL/6.8.3/QtOpenGL/private/qopengl2pexvertexarray_p.h
-- Up-to-date: install/qt/include/QtOpenGL/6.8.3/QtOpenGL/private/qopenglcustomshaderstage_p.h
-- Up-to-date: install/qt/include/QtOpenGL/6.8.3/QtOpenGL/private/qopenglengineshadermanager_p.h
-- Up-to-date: install/qt/include/QtOpenGL/6.8.3/QtOpenGL/private/qopenglengineshadersource_p.h
-- Up-to-date: install/qt/include/QtOpenGL/6.8.3/QtOpenGL/private/qopenglframebufferobject_p.h
-- Up-to-date: install/qt/include/QtOpenGL/6.8.3/QtOpenGL/private/qopenglgradientcache_p.h
-- Up-to-date: install/qt/include/QtOpenGL/6.8.3/QtOpenGL/private/qopenglpaintdevice_p.h
-- Up-to-date: install/qt/include/QtOpenGL/6.8.3/QtOpenGL/private/qopenglpaintengine_p.h
-- Up-to-date: install/qt/include/QtOpenGL/6.8.3/QtOpenGL/private/qopenglshadercache_p.h
-- Up-to-date: install/qt/include/QtOpenGL/6.8.3/QtOpenGL/private/qopengltexture_p.h
-- Up-to-date: install/qt/include/QtOpenGL/6.8.3/QtOpenGL/private/qopengltexturecache_p.h
-- Up-to-date: install/qt/include/QtOpenGL/6.8.3/QtOpenGL/private/qopengltextureglyphcache_p.h
-- Up-to-date: install/qt/include/QtOpenGL/6.8.3/QtOpenGL/private/qopengltexturehelper_p.h
-- Up-to-date: install/qt/include/QtOpenGL/6.8.3/QtOpenGL/private/qopengltextureuploader_p.h
-- Up-to-date: install/qt/include/QtOpenGL/6.8.3/QtOpenGL/private/qopenglversionfunctions_p.h
-- Up-to-date: install/qt/include/QtOpenGL/6.8.3/QtOpenGL/private/qopenglvertexarrayobject_p.h
-- Up-to-date: install/qt/include/QtOpenGL/6.8.3/QtOpenGL/private/qopenglqueryhelper_p.h
-- Up-to-date: install/qt/include/QtOpenGL/6.8.3/QtOpenGL/private/qopenglcompositor_p.h
-- Up-to-date: install/qt/include/QtOpenGL/6.8.3/QtOpenGL/private/qopenglcompositorbackingstore_p.h
-- Up-to-date: install/qt/mkspecs/modules/qt_lib_opengl.pri
-- Up-to-date: install/qt/mkspecs/modules/qt_lib_opengl_private.pri
-- Up-to-date: install/qt/metatypes/qt6widgets_relwithdebinfo_metatypes.json
-- Installing: install/qt/lib/cmake/Qt6Widgets/Qt6WidgetsConfig.cmake
-- Installing: install/qt/lib/cmake/Qt6Widgets/Qt6WidgetsConfigVersion.cmake
-- Installing: install/qt/lib/cmake/Qt6Widgets/Qt6WidgetsConfigVersionImpl.cmake
-- Installing: install/qt/lib/cmake/Qt6Widgets/Qt6WidgetsMacros.cmake
-- Up-to-date: install/qt/lib/libQt6Widgets.lib.so
-- Installing: install/qt/lib/cmake/Qt6Widgets/Qt6WidgetsTargets.cmake
-- Installing: install/qt/lib/cmake/Qt6Widgets/Qt6WidgetsTargets-relwithdebinfo.cmake
-- Installing: install/qt/lib/cmake/Qt6Widgets/Qt6WidgetsVersionlessAliasTargets.cmake
-- Installing: install/qt/lib/cmake/Qt6Widgets/Qt6WidgetsVersionlessTargets.cmake
-- Up-to-date: install/qt/modules/Widgets.json
-- Installing: install/qt/lib/cmake/Qt6Widgets/Qt6WidgetsAdditionalTargetInfo.cmake
-- Up-to-date: install/qt/include/QtWidgets
-- Up-to-date: install/qt/include/QtWidgets/QAbstractButton
-- Up-to-date: install/qt/include/QtWidgets/QAbstractGraphicsShapeItem
-- Up-to-date: install/qt/include/QtWidgets/QAbstractItemDelegate
-- Up-to-date: install/qt/include/QtWidgets/QAbstractItemView
-- Up-to-date: install/qt/include/QtWidgets/QAbstractScrollArea
-- Up-to-date: install/qt/include/QtWidgets/QAbstractSlider
-- Up-to-date: install/qt/include/QtWidgets/QAbstractSpinBox
-- Up-to-date: install/qt/include/QtWidgets/QAccessibleWidget
-- Up-to-date: install/qt/include/QtWidgets/QApplication
-- Up-to-date: install/qt/include/QtWidgets/QBoxLayout
-- Up-to-date: install/qt/include/QtWidgets/QButtonGroup
-- Up-to-date: install/qt/include/QtWidgets/QCalendarWidget
-- Up-to-date: install/qt/include/QtWidgets/QCheckBox
-- Up-to-date: install/qt/include/QtWidgets/QColorDialog
-- Up-to-date: install/qt/include/QtWidgets/QColormap
-- Up-to-date: install/qt/include/QtWidgets/QColumnView
-- Up-to-date: install/qt/include/QtWidgets/QComboBox
-- Up-to-date: install/qt/include/QtWidgets/QCommandLinkButton
-- Up-to-date: install/qt/include/QtWidgets/QCommonStyle
-- Up-to-date: install/qt/include/QtWidgets/QCompleter
-- Up-to-date: install/qt/include/QtWidgets/QDataWidgetMapper
-- Up-to-date: install/qt/include/QtWidgets/QDateEdit
-- Up-to-date: install/qt/include/QtWidgets/QDateTimeEdit
-- Up-to-date: install/qt/include/QtWidgets/QDial
-- Up-to-date: install/qt/include/QtWidgets/QDialog
-- Up-to-date: install/qt/include/QtWidgets/QDialogButtonBox
-- Up-to-date: install/qt/include/QtWidgets/QDockWidget
-- Up-to-date: install/qt/include/QtWidgets/QDoubleSpinBox
-- Up-to-date: install/qt/include/QtWidgets/QErrorMessage
-- Up-to-date: install/qt/include/QtWidgets/QFileDialog
-- Up-to-date: install/qt/include/QtWidgets/QFileIconProvider
-- Up-to-date: install/qt/include/QtWidgets/QFocusFrame
-- Up-to-date: install/qt/include/QtWidgets/QFontComboBox
-- Up-to-date: install/qt/include/QtWidgets/QFontDialog
-- Up-to-date: install/qt/include/QtWidgets/QFormLayout
-- Up-to-date: install/qt/include/QtWidgets/QFrame
-- Up-to-date: install/qt/include/QtWidgets/QGesture
-- Up-to-date: install/qt/include/QtWidgets/QGestureEvent
-- Up-to-date: install/qt/include/QtWidgets/QGestureRecognizer
-- Up-to-date: install/qt/include/QtWidgets/QGraphicsAnchor
-- Up-to-date: install/qt/include/QtWidgets/QGraphicsAnchorLayout
-- Up-to-date: install/qt/include/QtWidgets/QGraphicsBlurEffect
-- Up-to-date: install/qt/include/QtWidgets/QGraphicsColorizeEffect
-- Up-to-date: install/qt/include/QtWidgets/QGraphicsDropShadowEffect
-- Up-to-date: install/qt/include/QtWidgets/QGraphicsEffect
-- Up-to-date: install/qt/include/QtWidgets/QGraphicsEllipseItem
-- Up-to-date: install/qt/include/QtWidgets/QGraphicsGridLayout
-- Up-to-date: install/qt/include/QtWidgets/QGraphicsItem
-- Up-to-date: install/qt/include/QtWidgets/QGraphicsItemAnimation
-- Up-to-date: install/qt/include/QtWidgets/QGraphicsItemGroup
-- Up-to-date: install/qt/include/QtWidgets/QGraphicsLayout
-- Up-to-date: install/qt/include/QtWidgets/QGraphicsLayoutItem
-- Up-to-date: install/qt/include/QtWidgets/QGraphicsLineItem
-- Up-to-date: install/qt/include/QtWidgets/QGraphicsLinearLayout
-- Up-to-date: install/qt/include/QtWidgets/QGraphicsObject
-- Up-to-date: install/qt/include/QtWidgets/QGraphicsOpacityEffect
-- Up-to-date: install/qt/include/QtWidgets/QGraphicsPathItem
-- Up-to-date: install/qt/include/QtWidgets/QGraphicsPixmapItem
-- Up-to-date: install/qt/include/QtWidgets/QGraphicsPolygonItem
-- Up-to-date: install/qt/include/QtWidgets/QGraphicsProxyWidget
-- Up-to-date: install/qt/include/QtWidgets/QGraphicsRectItem
-- Up-to-date: install/qt/include/QtWidgets/QGraphicsRotation
-- Up-to-date: install/qt/include/QtWidgets/QGraphicsScale
-- Up-to-date: install/qt/include/QtWidgets/QGraphicsScene
-- Up-to-date: install/qt/include/QtWidgets/QGraphicsSceneContextMenuEvent
-- Up-to-date: install/qt/include/QtWidgets/QGraphicsSceneDragDropEvent
-- Up-to-date: install/qt/include/QtWidgets/QGraphicsSceneEvent
-- Up-to-date: install/qt/include/QtWidgets/QGraphicsSceneHelpEvent
-- Up-to-date: install/qt/include/QtWidgets/QGraphicsSceneHoverEvent
-- Up-to-date: install/qt/include/QtWidgets/QGraphicsSceneMouseEvent
-- Up-to-date: install/qt/include/QtWidgets/QGraphicsSceneMoveEvent
-- Up-to-date: install/qt/include/QtWidgets/QGraphicsSceneResizeEvent
-- Up-to-date: install/qt/include/QtWidgets/QGraphicsSceneWheelEvent
-- Up-to-date: install/qt/include/QtWidgets/QGraphicsSimpleTextItem
-- Up-to-date: install/qt/include/QtWidgets/QGraphicsTextItem
-- Up-to-date: install/qt/include/QtWidgets/QGraphicsTransform
-- Up-to-date: install/qt/include/QtWidgets/QGraphicsView
-- Up-to-date: install/qt/include/QtWidgets/QGraphicsWidget
-- Up-to-date: install/qt/include/QtWidgets/QGridLayout
-- Up-to-date: install/qt/include/QtWidgets/QGroupBox
-- Up-to-date: install/qt/include/QtWidgets/QHBoxLayout
-- Up-to-date: install/qt/include/QtWidgets/QHeaderView
-- Up-to-date: install/qt/include/QtWidgets/QInputDialog
-- Up-to-date: install/qt/include/QtWidgets/QItemDelegate
-- Up-to-date: install/qt/include/QtWidgets/QItemEditorCreator
-- Up-to-date: install/qt/include/QtWidgets/QItemEditorCreatorBase
-- Up-to-date: install/qt/include/QtWidgets/QItemEditorFactory
-- Up-to-date: install/qt/include/QtWidgets/QKeySequenceEdit
-- Up-to-date: install/qt/include/QtWidgets/QLCDNumber
-- Up-to-date: install/qt/include/QtWidgets/QLabel
-- Up-to-date: install/qt/include/QtWidgets/QLayout
-- Up-to-date: install/qt/include/QtWidgets/QLayoutItem
-- Up-to-date: install/qt/include/QtWidgets/QLineEdit
-- Up-to-date: install/qt/include/QtWidgets/QListView
-- Up-to-date: install/qt/include/QtWidgets/QListWidget
-- Up-to-date: install/qt/include/QtWidgets/QListWidgetItem
-- Up-to-date: install/qt/include/QtWidgets/QMainWindow
-- Up-to-date: install/qt/include/QtWidgets/QMdiArea
-- Up-to-date: install/qt/include/QtWidgets/QMdiSubWindow
-- Up-to-date: install/qt/include/QtWidgets/QMenu
-- Up-to-date: install/qt/include/QtWidgets/QMenuBar
-- Up-to-date: install/qt/include/QtWidgets/QMessageBox
-- Up-to-date: install/qt/include/QtWidgets/QPanGesture
-- Up-to-date: install/qt/include/QtWidgets/QPinchGesture
-- Up-to-date: install/qt/include/QtWidgets/QPlainTextDocumentLayout
-- Up-to-date: install/qt/include/QtWidgets/QPlainTextEdit
-- Up-to-date: install/qt/include/QtWidgets/QProgressBar
-- Up-to-date: install/qt/include/QtWidgets/QProgressDialog
-- Up-to-date: install/qt/include/QtWidgets/QProxyStyle
-- Up-to-date: install/qt/include/QtWidgets/QPushButton
-- Up-to-date: install/qt/include/QtWidgets/QRadioButton
-- Up-to-date: install/qt/include/QtWidgets/QRhiWidget
-- Up-to-date: install/qt/include/QtWidgets/QRubberBand
-- Up-to-date: install/qt/include/QtWidgets/QScrollArea
-- Up-to-date: install/qt/include/QtWidgets/QScrollBar
-- Up-to-date: install/qt/include/QtWidgets/QScroller
-- Up-to-date: install/qt/include/QtWidgets/QScrollerProperties
-- Up-to-date: install/qt/include/QtWidgets/QSizeGrip
-- Up-to-date: install/qt/include/QtWidgets/QSizePolicy
-- Up-to-date: install/qt/include/QtWidgets/QSlider
-- Up-to-date: install/qt/include/QtWidgets/QSpacerItem
-- Up-to-date: install/qt/include/QtWidgets/QSpinBox
-- Up-to-date: install/qt/include/QtWidgets/QSplashScreen
-- Up-to-date: install/qt/include/QtWidgets/QSplitter
-- Up-to-date: install/qt/include/QtWidgets/QSplitterHandle
-- Up-to-date: install/qt/include/QtWidgets/QStackedLayout
-- Up-to-date: install/qt/include/QtWidgets/QStackedWidget
-- Up-to-date: install/qt/include/QtWidgets/QStandardItemEditorCreator
-- Up-to-date: install/qt/include/QtWidgets/QStatusBar
-- Up-to-date: install/qt/include/QtWidgets/QStyle
-- Up-to-date: install/qt/include/QtWidgets/QStyleFactory
-- Up-to-date: install/qt/include/QtWidgets/QStyleHintReturn
-- Up-to-date: install/qt/include/QtWidgets/QStyleHintReturnMask
-- Up-to-date: install/qt/include/QtWidgets/QStyleHintReturnVariant
-- Up-to-date: install/qt/include/QtWidgets/QStyleOption
-- Up-to-date: install/qt/include/QtWidgets/QStyleOptionButton
-- Up-to-date: install/qt/include/QtWidgets/QStyleOptionComboBox
-- Up-to-date: install/qt/include/QtWidgets/QStyleOptionComplex
-- Up-to-date: install/qt/include/QtWidgets/QStyleOptionDockWidget
-- Up-to-date: install/qt/include/QtWidgets/QStyleOptionFocusRect
-- Up-to-date: install/qt/include/QtWidgets/QStyleOptionFrame
-- Up-to-date: install/qt/include/QtWidgets/QStyleOptionGraphicsItem
-- Up-to-date: install/qt/include/QtWidgets/QStyleOptionGroupBox
-- Up-to-date: install/qt/include/QtWidgets/QStyleOptionHeader
-- Up-to-date: install/qt/include/QtWidgets/QStyleOptionHeaderV2
-- Up-to-date: install/qt/include/QtWidgets/QStyleOptionMenuItem
-- Up-to-date: install/qt/include/QtWidgets/QStyleOptionProgressBar
-- Up-to-date: install/qt/include/QtWidgets/QStyleOptionRubberBand
-- Up-to-date: install/qt/include/QtWidgets/QStyleOptionSizeGrip
-- Up-to-date: install/qt/include/QtWidgets/QStyleOptionSlider
-- Up-to-date: install/qt/include/QtWidgets/QStyleOptionSpinBox
-- Up-to-date: install/qt/include/QtWidgets/QStyleOptionTab
-- Up-to-date: install/qt/include/QtWidgets/QStyleOptionTabBarBase
-- Up-to-date: install/qt/include/QtWidgets/QStyleOptionTabWidgetFrame
-- Up-to-date: install/qt/include/QtWidgets/QStyleOptionTitleBar
-- Up-to-date: install/qt/include/QtWidgets/QStyleOptionToolBar
-- Up-to-date: install/qt/include/QtWidgets/QStyleOptionToolBox
-- Up-to-date: install/qt/include/QtWidgets/QStyleOptionToolButton
-- Up-to-date: install/qt/include/QtWidgets/QStyleOptionViewItem
-- Up-to-date: install/qt/include/QtWidgets/QStylePainter
-- Up-to-date: install/qt/include/QtWidgets/QStylePlugin
-- Up-to-date: install/qt/include/QtWidgets/QStyledItemDelegate
-- Up-to-date: install/qt/include/QtWidgets/QSwipeGesture
-- Up-to-date: install/qt/include/QtWidgets/QSystemTrayIcon
-- Up-to-date: install/qt/include/QtWidgets/QTabBar
-- Up-to-date: install/qt/include/QtWidgets/QTabWidget
-- Up-to-date: install/qt/include/QtWidgets/QTableView
-- Up-to-date: install/qt/include/QtWidgets/QTableWidget
-- Up-to-date: install/qt/include/QtWidgets/QTableWidgetItem
-- Up-to-date: install/qt/include/QtWidgets/QTableWidgetSelectionRange
-- Up-to-date: install/qt/include/QtWidgets/QTapAndHoldGesture
-- Up-to-date: install/qt/include/QtWidgets/QTapGesture
-- Up-to-date: install/qt/include/QtWidgets/QTextBrowser
-- Up-to-date: install/qt/include/QtWidgets/QTextEdit
-- Up-to-date: install/qt/include/QtWidgets/QTileRules
-- Up-to-date: install/qt/include/QtWidgets/QTimeEdit
-- Up-to-date: install/qt/include/QtWidgets/QToolBar
-- Up-to-date: install/qt/include/QtWidgets/QToolBox
-- Up-to-date: install/qt/include/QtWidgets/QToolButton
-- Up-to-date: install/qt/include/QtWidgets/QToolTip
-- Up-to-date: install/qt/include/QtWidgets/QTreeView
-- Up-to-date: install/qt/include/QtWidgets/QTreeWidget
-- Up-to-date: install/qt/include/QtWidgets/QTreeWidgetItem
-- Up-to-date: install/qt/include/QtWidgets/QTreeWidgetItemIterator
-- Up-to-date: install/qt/include/QtWidgets/QUndoView
-- Up-to-date: install/qt/include/QtWidgets/QVBoxLayout
-- Up-to-date: install/qt/include/QtWidgets/QWhatsThis
-- Up-to-date: install/qt/include/QtWidgets/QWidget
-- Up-to-date: install/qt/include/QtWidgets/QWidgetAction
-- Up-to-date: install/qt/include/QtWidgets/QWidgetData
-- Up-to-date: install/qt/include/QtWidgets/QWidgetItem
-- Up-to-date: install/qt/include/QtWidgets/QWidgetItemV2
-- Up-to-date: install/qt/include/QtWidgets/QWizard
-- Up-to-date: install/qt/include/QtWidgets/QWizardPage
-- Up-to-date: install/qt/include/QtWidgets/QtWidgets
-- Up-to-date: install/qt/include/QtWidgets/QtWidgetsVersion
-- Up-to-date: install/qt/include/QtWidgets/qtwidgetsversion.h
-- Up-to-date: install/qt/include/QtWidgets/qtwidgetsexports.h
-- Up-to-date: install/qt/include/QtWidgets/qfileiconprovider.h
-- Up-to-date: install/qt/include/QtWidgets/qapplication.h
-- Up-to-date: install/qt/include/QtWidgets/qboxlayout.h
-- Up-to-date: install/qt/include/QtWidgets/qgesture.h
-- Up-to-date: install/qt/include/QtWidgets/qgesturerecognizer.h
-- Up-to-date: install/qt/include/QtWidgets/qgridlayout.h
-- Up-to-date: install/qt/include/QtWidgets/qlayout.h
-- Up-to-date: install/qt/include/QtWidgets/qlayoutitem.h
-- Up-to-date: install/qt/include/QtWidgets/qrhiwidget.h
-- Up-to-date: install/qt/include/QtWidgets/qsizepolicy.h
-- Up-to-date: install/qt/include/QtWidgets/qstackedlayout.h
-- Up-to-date: install/qt/include/QtWidgets/qtestsupport_widgets.h
-- Up-to-date: install/qt/include/QtWidgets/qtwidgetsglobal.h
-- Up-to-date: install/qt/include/QtWidgets/qwidget.h
-- Up-to-date: install/qt/include/QtWidgets/qcommonstyle.h
-- Up-to-date: install/qt/include/QtWidgets/qdrawutil.h
-- Up-to-date: install/qt/include/QtWidgets/qproxystyle.h
-- Up-to-date: install/qt/include/QtWidgets/qstyle.h
-- Up-to-date: install/qt/include/QtWidgets/qstylefactory.h
-- Up-to-date: install/qt/include/QtWidgets/qstyleoption.h
-- Up-to-date: install/qt/include/QtWidgets/qstylepainter.h
-- Up-to-date: install/qt/include/QtWidgets/qstyleplugin.h
-- Up-to-date: install/qt/include/QtWidgets/qcolormap.h
-- Up-to-date: install/qt/include/QtWidgets/qsystemtrayicon.h
-- Up-to-date: install/qt/include/QtWidgets/qabstractscrollarea.h
-- Up-to-date: install/qt/include/QtWidgets/qfocusframe.h
-- Up-to-date: install/qt/include/QtWidgets/qframe.h
-- Up-to-date: install/qt/include/QtWidgets/qtwidgets-config.h
-- Up-to-date: install/qt/include/QtWidgets/qgraphicseffect.h
-- Up-to-date: install/qt/include/QtWidgets/qaction.h
-- Up-to-date: install/qt/include/QtWidgets/qactiongroup.h
-- Up-to-date: install/qt/include/QtWidgets/qwidgetaction.h
-- Up-to-date: install/qt/include/QtWidgets/qformlayout.h
-- Up-to-date: install/qt/include/QtWidgets/qshortcut.h
-- Up-to-date: install/qt/include/QtWidgets/qtooltip.h
-- Up-to-date: install/qt/include/QtWidgets/qwhatsthis.h
-- Up-to-date: install/qt/include/QtWidgets/qabstractbutton.h
-- Up-to-date: install/qt/include/QtWidgets/qabstractslider.h
-- Up-to-date: install/qt/include/QtWidgets/qbuttongroup.h
-- Up-to-date: install/qt/include/QtWidgets/qcalendarwidget.h
-- Up-to-date: install/qt/include/QtWidgets/qcheckbox.h
-- Up-to-date: install/qt/include/QtWidgets/qcombobox.h
-- Up-to-date: install/qt/include/QtWidgets/qcommandlinkbutton.h
-- Up-to-date: install/qt/include/QtWidgets/qdatetimeedit.h
-- Up-to-date: install/qt/include/QtWidgets/qdial.h
-- Up-to-date: install/qt/include/QtWidgets/qdockwidget.h
-- Up-to-date: install/qt/include/QtWidgets/qfontcombobox.h
-- Up-to-date: install/qt/include/QtWidgets/qgroupbox.h
-- Up-to-date: install/qt/include/QtWidgets/qkeysequenceedit.h
-- Up-to-date: install/qt/include/QtWidgets/qlabel.h
-- Up-to-date: install/qt/include/QtWidgets/qlcdnumber.h
-- Up-to-date: install/qt/include/QtWidgets/qlineedit.h
-- Up-to-date: install/qt/include/QtWidgets/qmainwindow.h
-- Up-to-date: install/qt/include/QtWidgets/qmdiarea.h
-- Up-to-date: install/qt/include/QtWidgets/qmdisubwindow.h
-- Up-to-date: install/qt/include/QtWidgets/qmenu.h
-- Up-to-date: install/qt/include/QtWidgets/qmenubar.h
-- Up-to-date: install/qt/include/QtWidgets/qprogressbar.h
-- Up-to-date: install/qt/include/QtWidgets/qpushbutton.h
-- Up-to-date: install/qt/include/QtWidgets/qradiobutton.h
-- Up-to-date: install/qt/include/QtWidgets/qdialogbuttonbox.h
-- Up-to-date: install/qt/include/QtWidgets/qrubberband.h
-- Up-to-date: install/qt/include/QtWidgets/qscrollarea.h
-- Up-to-date: install/qt/include/QtWidgets/qscrollbar.h
-- Up-to-date: install/qt/include/QtWidgets/qsizegrip.h
-- Up-to-date: install/qt/include/QtWidgets/qslider.h
-- Up-to-date: install/qt/include/QtWidgets/qabstractspinbox.h
-- Up-to-date: install/qt/include/QtWidgets/qspinbox.h
-- Up-to-date: install/qt/include/QtWidgets/qsplashscreen.h
-- Up-to-date: install/qt/include/QtWidgets/qsplitter.h
-- Up-to-date: install/qt/include/QtWidgets/qstackedwidget.h
-- Up-to-date: install/qt/include/QtWidgets/qstatusbar.h
-- Up-to-date: install/qt/include/QtWidgets/qtabbar.h
-- Up-to-date: install/qt/include/QtWidgets/qplaintextedit.h
-- Up-to-date: install/qt/include/QtWidgets/qtextedit.h
-- Up-to-date: install/qt/include/QtWidgets/qtextbrowser.h
-- Up-to-date: install/qt/include/QtWidgets/qtabwidget.h
-- Up-to-date: install/qt/include/QtWidgets/qtoolbar.h
-- Up-to-date: install/qt/include/QtWidgets/qtoolbox.h
-- Up-to-date: install/qt/include/QtWidgets/qtoolbutton.h
-- Up-to-date: install/qt/include/QtWidgets/qcolordialog.h
-- Up-to-date: install/qt/include/QtWidgets/qdialog.h
-- Up-to-date: install/qt/include/QtWidgets/qerrormessage.h
-- Up-to-date: install/qt/include/QtWidgets/qfiledialog.h
-- Up-to-date: install/qt/include/QtWidgets/qfilesystemmodel.h
-- Up-to-date: install/qt/include/QtWidgets/qfontdialog.h
-- Up-to-date: install/qt/include/QtWidgets/qinputdialog.h
-- Up-to-date: install/qt/include/QtWidgets/qmessagebox.h
-- Up-to-date: install/qt/include/QtWidgets/qprogressdialog.h
-- Up-to-date: install/qt/include/QtWidgets/qwizard.h
-- Up-to-date: install/qt/include/QtWidgets/qaccessiblewidget.h
-- Up-to-date: install/qt/include/QtWidgets/qabstractitemdelegate.h
-- Up-to-date: install/qt/include/QtWidgets/qabstractitemview.h
-- Up-to-date: install/qt/include/QtWidgets/qheaderview.h
-- Up-to-date: install/qt/include/QtWidgets/qitemdelegate.h
-- Up-to-date: install/qt/include/QtWidgets/qitemeditorfactory.h
-- Up-to-date: install/qt/include/QtWidgets/qstyleditemdelegate.h
-- Up-to-date: install/qt/include/QtWidgets/qcolumnview.h
-- Up-to-date: install/qt/include/QtWidgets/qdatawidgetmapper.h
-- Up-to-date: install/qt/include/QtWidgets/qlistview.h
-- Up-to-date: install/qt/include/QtWidgets/qlistwidget.h
-- Up-to-date: install/qt/include/QtWidgets/qtableview.h
-- Up-to-date: install/qt/include/QtWidgets/qtablewidget.h
-- Up-to-date: install/qt/include/QtWidgets/qtreeview.h
-- Up-to-date: install/qt/include/QtWidgets/qtreewidget.h
-- Up-to-date: install/qt/include/QtWidgets/qtreewidgetitemiterator.h
-- Up-to-date: install/qt/include/QtWidgets/qgraphicsanchorlayout.h
-- Up-to-date: install/qt/include/QtWidgets/qgraphicsgridlayout.h
-- Up-to-date: install/qt/include/QtWidgets/qgraphicsitem.h
-- Up-to-date: install/qt/include/QtWidgets/qgraphicslayout.h
-- Up-to-date: install/qt/include/QtWidgets/qgraphicslayoutitem.h
-- Up-to-date: install/qt/include/QtWidgets/qgraphicslinearlayout.h
-- Up-to-date: install/qt/include/QtWidgets/qgraphicsproxywidget.h
-- Up-to-date: install/qt/include/QtWidgets/qgraphicsscene.h
-- Up-to-date: install/qt/include/QtWidgets/qgraphicssceneevent.h
-- Up-to-date: install/qt/include/QtWidgets/qgraphicstransform.h
-- Up-to-date: install/qt/include/QtWidgets/qgraphicsview.h
-- Up-to-date: install/qt/include/QtWidgets/qgraphicswidget.h
-- Up-to-date: install/qt/include/QtWidgets/qgraphicsitemanimation.h
-- Up-to-date: install/qt/include/QtWidgets/qcompleter.h
-- Up-to-date: install/qt/include/QtWidgets/qscroller.h
-- Up-to-date: install/qt/include/QtWidgets/qscrollerproperties.h
-- Up-to-date: install/qt/include/QtWidgets/qundostack.h
-- Up-to-date: install/qt/include/QtWidgets/qundogroup.h
-- Up-to-date: install/qt/include/QtWidgets/qundoview.h
-- Up-to-date: install/qt/include/QtWidgets/QtWidgetsDepends
-- Up-to-date: install/qt/include/QtWidgets/6.8.3/QtWidgets/private/qfileiconprovider_p.h
-- Up-to-date: install/qt/include/QtWidgets/6.8.3/QtWidgets/private/qapplication_p.h
-- Up-to-date: install/qt/include/QtWidgets/6.8.3/QtWidgets/private/qgesture_p.h
-- Up-to-date: install/qt/include/QtWidgets/6.8.3/QtWidgets/private/qgesturemanager_p.h
-- Up-to-date: install/qt/include/QtWidgets/6.8.3/QtWidgets/private/qlayout_p.h
-- Up-to-date: install/qt/include/QtWidgets/6.8.3/QtWidgets/private/qlayoutengine_p.h
-- Up-to-date: install/qt/include/QtWidgets/6.8.3/QtWidgets/private/qrhiwidget_p.h
-- Up-to-date: install/qt/include/QtWidgets/6.8.3/QtWidgets/private/qstandardgestures_p.h
-- Up-to-date: install/qt/include/QtWidgets/6.8.3/QtWidgets/private/qtwidgetsglobal_p.h
-- Up-to-date: install/qt/include/QtWidgets/6.8.3/QtWidgets/private/qwidget_p.h
-- Up-to-date: install/qt/include/QtWidgets/6.8.3/QtWidgets/private/qwidgetrepaintmanager_p.h
-- Up-to-date: install/qt/include/QtWidgets/6.8.3/QtWidgets/private/qwidgetwindow_p.h
-- Up-to-date: install/qt/include/QtWidgets/6.8.3/QtWidgets/private/qwindowcontainer_p.h
-- Up-to-date: install/qt/include/QtWidgets/6.8.3/QtWidgets/private/qcommonstyle_p.h
-- Up-to-date: install/qt/include/QtWidgets/6.8.3/QtWidgets/private/qcommonstylepixmaps_p.h
-- Up-to-date: install/qt/include/QtWidgets/6.8.3/QtWidgets/private/qpixmapstyle_p.h
-- Up-to-date: install/qt/include/QtWidgets/6.8.3/QtWidgets/private/qpixmapstyle_p_p.h
-- Up-to-date: install/qt/include/QtWidgets/6.8.3/QtWidgets/private/qproxystyle_p.h
-- Up-to-date: install/qt/include/QtWidgets/6.8.3/QtWidgets/private/qstyle_p.h
-- Up-to-date: install/qt/include/QtWidgets/6.8.3/QtWidgets/private/qstylehelper_p.h
-- Up-to-date: install/qt/include/QtWidgets/6.8.3/QtWidgets/private/qstylesheetstyle_p.h
-- Up-to-date: install/qt/include/QtWidgets/6.8.3/QtWidgets/private/qsystemtrayicon_p.h
-- Up-to-date: install/qt/include/QtWidgets/6.8.3/QtWidgets/private/qabstractscrollarea_p.h
-- Up-to-date: install/qt/include/QtWidgets/6.8.3/QtWidgets/private/qframe_p.h
-- Up-to-date: install/qt/include/QtWidgets/6.8.3/QtWidgets/private/qwidgetanimator_p.h
-- Up-to-date: install/qt/include/QtWidgets/6.8.3/QtWidgets/private/qtwidgets-config_p.h
-- Up-to-date: install/qt/include/QtWidgets/6.8.3/QtWidgets/private/qgraphicseffect_p.h
-- Up-to-date: install/qt/include/QtWidgets/6.8.3/QtWidgets/private/qpixmapfilter_p.h
-- Up-to-date: install/qt/include/QtWidgets/6.8.3/QtWidgets/private/qaction_widgets_p.h
-- Up-to-date: install/qt/include/QtWidgets/6.8.3/QtWidgets/private/qwidgetaction_p.h
-- Up-to-date: install/qt/include/QtWidgets/6.8.3/QtWidgets/private/qstyleanimation_p.h
-- Up-to-date: install/qt/include/QtWidgets/6.8.3/QtWidgets/private/qwindowsstyle_p.h
-- Up-to-date: install/qt/include/QtWidgets/6.8.3/QtWidgets/private/qwindowsstyle_p_p.h
-- Up-to-date: install/qt/include/QtWidgets/6.8.3/QtWidgets/private/qfusionstyle_p.h
-- Up-to-date: install/qt/include/QtWidgets/6.8.3/QtWidgets/private/qfusionstyle_p_p.h
-- Up-to-date: install/qt/include/QtWidgets/6.8.3/QtWidgets/private/qabstractbutton_p.h
-- Up-to-date: install/qt/include/QtWidgets/6.8.3/QtWidgets/private/qabstractslider_p.h
-- Up-to-date: install/qt/include/QtWidgets/6.8.3/QtWidgets/private/qbuttongroup_p.h
-- Up-to-date: install/qt/include/QtWidgets/6.8.3/QtWidgets/private/qcombobox_p.h
-- Up-to-date: install/qt/include/QtWidgets/6.8.3/QtWidgets/private/qdatetimeedit_p.h
-- Up-to-date: install/qt/include/QtWidgets/6.8.3/QtWidgets/private/qdockarealayout_p.h
-- Up-to-date: install/qt/include/QtWidgets/6.8.3/QtWidgets/private/qdockwidget_p.h
-- Up-to-date: install/qt/include/QtWidgets/6.8.3/QtWidgets/private/qeffects_p.h
-- Up-to-date: install/qt/include/QtWidgets/6.8.3/QtWidgets/private/qkeysequenceedit_p.h
-- Up-to-date: install/qt/include/QtWidgets/6.8.3/QtWidgets/private/qlabel_p.h
-- Up-to-date: install/qt/include/QtWidgets/6.8.3/QtWidgets/private/qlineedit_p.h
-- Up-to-date: install/qt/include/QtWidgets/6.8.3/QtWidgets/private/qwidgetlinecontrol_p.h
-- Up-to-date: install/qt/include/QtWidgets/6.8.3/QtWidgets/private/qmainwindowlayout_p.h
-- Up-to-date: install/qt/include/QtWidgets/6.8.3/QtWidgets/private/qmdiarea_p.h
-- Up-to-date: install/qt/include/QtWidgets/6.8.3/QtWidgets/private/qmdisubwindow_p.h
-- Up-to-date: install/qt/include/QtWidgets/6.8.3/QtWidgets/private/qmenu_p.h
-- Up-to-date: install/qt/include/QtWidgets/6.8.3/QtWidgets/private/qmenubar_p.h
-- Up-to-date: install/qt/include/QtWidgets/6.8.3/QtWidgets/private/qpushbutton_p.h
-- Up-to-date: install/qt/include/QtWidgets/6.8.3/QtWidgets/private/qwidgetresizehandler_p.h
-- Up-to-date: install/qt/include/QtWidgets/6.8.3/QtWidgets/private/qdialogbuttonbox_p.h
-- Up-to-date: install/qt/include/QtWidgets/6.8.3/QtWidgets/private/qscrollarea_p.h
-- Up-to-date: install/qt/include/QtWidgets/6.8.3/QtWidgets/private/qscrollbar_p.h
-- Up-to-date: install/qt/include/QtWidgets/6.8.3/QtWidgets/private/qabstractspinbox_p.h
-- Up-to-date: install/qt/include/QtWidgets/6.8.3/QtWidgets/private/qsplitter_p.h
-- Up-to-date: install/qt/include/QtWidgets/6.8.3/QtWidgets/private/qtabbar_p.h
-- Up-to-date: install/qt/include/QtWidgets/6.8.3/QtWidgets/private/qplaintextedit_p.h
-- Up-to-date: install/qt/include/QtWidgets/6.8.3/QtWidgets/private/qtextedit_p.h
-- Up-to-date: install/qt/include/QtWidgets/6.8.3/QtWidgets/private/qtoolbar_p.h
-- Up-to-date: install/qt/include/QtWidgets/6.8.3/QtWidgets/private/qtoolbararealayout_p.h
-- Up-to-date: install/qt/include/QtWidgets/6.8.3/QtWidgets/private/qtoolbarlayout_p.h
-- Up-to-date: install/qt/include/QtWidgets/6.8.3/QtWidgets/private/qtoolbarseparator_p.h
-- Up-to-date: install/qt/include/QtWidgets/6.8.3/QtWidgets/private/qtoolbarextension_p.h
-- Up-to-date: install/qt/include/QtWidgets/6.8.3/QtWidgets/private/qwidgettextcontrol_p.h
-- Up-to-date: install/qt/include/QtWidgets/6.8.3/QtWidgets/private/qwidgettextcontrol_p_p.h
-- Up-to-date: install/qt/include/QtWidgets/6.8.3/QtWidgets/private/qdialog_p.h
-- Up-to-date: install/qt/include/QtWidgets/6.8.3/QtWidgets/private/qfiledialog_p.h
-- Up-to-date: install/qt/include/QtWidgets/6.8.3/QtWidgets/private/qsidebar_p.h
-- Up-to-date: install/qt/include/QtWidgets/6.8.3/QtWidgets/private/qfontdialog_p.h
-- Up-to-date: install/qt/include/QtWidgets/6.8.3/QtWidgets/private/qfscompleter_p.h
-- Up-to-date: install/qt/include/QtWidgets/6.8.3/QtWidgets/private/complexwidgets_p.h
-- Up-to-date: install/qt/include/QtWidgets/6.8.3/QtWidgets/private/qaccessiblemenu_p.h
-- Up-to-date: install/qt/include/QtWidgets/6.8.3/QtWidgets/private/qaccessiblewidgetfactory_p.h
-- Up-to-date: install/qt/include/QtWidgets/6.8.3/QtWidgets/private/qaccessiblewidgets_p.h
-- Up-to-date: install/qt/include/QtWidgets/6.8.3/QtWidgets/private/rangecontrols_p.h
-- Up-to-date: install/qt/include/QtWidgets/6.8.3/QtWidgets/private/simplewidgets_p.h
-- Up-to-date: install/qt/include/QtWidgets/6.8.3/QtWidgets/private/itemviews_p.h
-- Up-to-date: install/qt/include/QtWidgets/6.8.3/QtWidgets/private/qabstractitemdelegate_p.h
-- Up-to-date: install/qt/include/QtWidgets/6.8.3/QtWidgets/private/qabstractitemview_p.h
-- Up-to-date: install/qt/include/QtWidgets/6.8.3/QtWidgets/private/qbsptree_p.h
-- Up-to-date: install/qt/include/QtWidgets/6.8.3/QtWidgets/private/qheaderview_p.h
-- Up-to-date: install/qt/include/QtWidgets/6.8.3/QtWidgets/private/qitemeditorfactory_p.h
-- Up-to-date: install/qt/include/QtWidgets/6.8.3/QtWidgets/private/qwidgetitemdata_p.h
-- Up-to-date: install/qt/include/QtWidgets/6.8.3/QtWidgets/private/qcolumnview_p.h
-- Up-to-date: install/qt/include/QtWidgets/6.8.3/QtWidgets/private/qcolumnviewgrip_p.h
-- Up-to-date: install/qt/include/QtWidgets/6.8.3/QtWidgets/private/qlistview_p.h
-- Up-to-date: install/qt/include/QtWidgets/6.8.3/QtWidgets/private/qlistwidget_p.h
-- Up-to-date: install/qt/include/QtWidgets/6.8.3/QtWidgets/private/qtableview_p.h
-- Up-to-date: install/qt/include/QtWidgets/6.8.3/QtWidgets/private/qtablewidget_p.h
-- Up-to-date: install/qt/include/QtWidgets/6.8.3/QtWidgets/private/qtreeview_p.h
-- Up-to-date: install/qt/include/QtWidgets/6.8.3/QtWidgets/private/qtreewidget_p.h
-- Up-to-date: install/qt/include/QtWidgets/6.8.3/QtWidgets/private/qtreewidgetitemiterator_p.h
-- Up-to-date: install/qt/include/QtWidgets/6.8.3/QtWidgets/private/qgraph_p.h
-- Up-to-date: install/qt/include/QtWidgets/6.8.3/QtWidgets/private/qgraphicsanchorlayout_p.h
-- Up-to-date: install/qt/include/QtWidgets/6.8.3/QtWidgets/private/qgraphicsgridlayoutengine_p.h
-- Up-to-date: install/qt/include/QtWidgets/6.8.3/QtWidgets/private/qgraphicsitem_p.h
-- Up-to-date: install/qt/include/QtWidgets/6.8.3/QtWidgets/private/qgraphicslayout_p.h
-- Up-to-date: install/qt/include/QtWidgets/6.8.3/QtWidgets/private/qgraphicslayoutitem_p.h
-- Up-to-date: install/qt/include/QtWidgets/6.8.3/QtWidgets/private/qgraphicslayoutstyleinfo_p.h
-- Up-to-date: install/qt/include/QtWidgets/6.8.3/QtWidgets/private/qgraphicsproxywidget_p.h
-- Up-to-date: install/qt/include/QtWidgets/6.8.3/QtWidgets/private/qgraphicsscene_p.h
-- Up-to-date: install/qt/include/QtWidgets/6.8.3/QtWidgets/private/qgraphicsscene_bsp_p.h
-- Up-to-date: install/qt/include/QtWidgets/6.8.3/QtWidgets/private/qgraphicsscenebsptreeindex_p.h
-- Up-to-date: install/qt/include/QtWidgets/6.8.3/QtWidgets/private/qgraphicssceneindex_p.h
-- Up-to-date: install/qt/include/QtWidgets/6.8.3/QtWidgets/private/qgraphicsscenelinearindex_p.h
-- Up-to-date: install/qt/include/QtWidgets/6.8.3/QtWidgets/private/qgraphicstransform_p.h
-- Up-to-date: install/qt/include/QtWidgets/6.8.3/QtWidgets/private/qgraphicsview_p.h
-- Up-to-date: install/qt/include/QtWidgets/6.8.3/QtWidgets/private/qgraphicswidget_p.h
-- Up-to-date: install/qt/include/QtWidgets/6.8.3/QtWidgets/private/qsimplex_p.h
-- Up-to-date: install/qt/include/QtWidgets/6.8.3/QtWidgets/private/qcompleter_p.h
-- Up-to-date: install/qt/include/QtWidgets/6.8.3/QtWidgets/private/qflickgesture_p.h
-- Up-to-date: install/qt/include/QtWidgets/6.8.3/QtWidgets/private/qscroller_p.h
-- Up-to-date: install/qt/include/QtWidgets/6.8.3/QtWidgets/private/qscrollerproperties_p.h
-- Up-to-date: install/qt/mkspecs/modules/qt_lib_widgets.pri
-- Up-to-date: install/qt/mkspecs/modules/qt_lib_widgets_private.pri
-- Up-to-date: install/qt/metatypes/qt6openglwidgets_relwithdebinfo_metatypes.json
-- Installing: install/qt/lib/cmake/Qt6OpenGLWidgets/Qt6OpenGLWidgetsConfig.cmake
-- Installing: install/qt/lib/cmake/Qt6OpenGLWidgets/Qt6OpenGLWidgetsConfigVersion.cmake
-- Installing: install/qt/lib/cmake/Qt6OpenGLWidgets/Qt6OpenGLWidgetsConfigVersionImpl.cmake
-- Up-to-date: install/qt/lib/libQt6OpenGLWidgets.lib.so
-- Installing: install/qt/lib/cmake/Qt6OpenGLWidgets/Qt6OpenGLWidgetsTargets.cmake
-- Installing: install/qt/lib/cmake/Qt6OpenGLWidgets/Qt6OpenGLWidgetsTargets-relwithdebinfo.cmake
-- Installing: install/qt/lib/cmake/Qt6OpenGLWidgets/Qt6OpenGLWidgetsVersionlessAliasTargets.cmake
-- Installing: install/qt/lib/cmake/Qt6OpenGLWidgets/Qt6OpenGLWidgetsVersionlessTargets.cmake
-- Up-to-date: install/qt/modules/OpenGLWidgets.json
-- Installing: install/qt/lib/cmake/Qt6OpenGLWidgets/Qt6OpenGLWidgetsAdditionalTargetInfo.cmake
-- Up-to-date: install/qt/include/QtOpenGLWidgets
-- Up-to-date: install/qt/include/QtOpenGLWidgets/QOpenGLWidget
-- Up-to-date: install/qt/include/QtOpenGLWidgets/QtOpenGLWidgets
-- Up-to-date: install/qt/include/QtOpenGLWidgets/QtOpenGLWidgetsVersion
-- Up-to-date: install/qt/include/QtOpenGLWidgets/qtopenglwidgetsversion.h
-- Up-to-date: install/qt/include/QtOpenGLWidgets/qtopenglwidgetsexports.h
-- Up-to-date: install/qt/include/QtOpenGLWidgets/qopenglwidget.h
-- Up-to-date: install/qt/include/QtOpenGLWidgets/qtopenglwidgetsglobal.h
-- Up-to-date: install/qt/include/QtOpenGLWidgets/QtOpenGLWidgetsDepends
-- Up-to-date: install/qt/mkspecs/modules/qt_lib_openglwidgets.pri
-- Up-to-date: install/qt/mkspecs/modules/qt_lib_openglwidgets_private.pri
-- Up-to-date: install/qt/metatypes/qt6devicediscoverysupportprivate_relwithdebinfo_metatypes.json
-- Installing: install/qt/lib/cmake/Qt6DeviceDiscoverySupportPrivate/Qt6DeviceDiscoverySupportPrivateConfig.cmake
-- Installing: install/qt/lib/cmake/Qt6DeviceDiscoverySupportPrivate/Qt6DeviceDiscoverySupportPrivateConfigVersion.cmake
-- Installing: install/qt/lib/cmake/Qt6DeviceDiscoverySupportPrivate/Qt6DeviceDiscoverySupportPrivateConfigVersionImpl.cmake
-- Up-to-date: install/qt/lib/libQt6DeviceDiscoverySupport.a
-- Installing: install/qt/lib/cmake/Qt6DeviceDiscoverySupportPrivate/Qt6DeviceDiscoverySupportPrivateTargets.cmake
-- Installing: install/qt/lib/cmake/Qt6DeviceDiscoverySupportPrivate/Qt6DeviceDiscoverySupportPrivateTargets-relwithdebinfo.cmake
-- Installing: install/qt/lib/cmake/Qt6DeviceDiscoverySupportPrivate/Qt6DeviceDiscoverySupportPrivateVersionlessAliasTargets.cmake
-- Installing: install/qt/lib/cmake/Qt6DeviceDiscoverySupportPrivate/Qt6DeviceDiscoverySupportPrivateVersionlessTargets.cmake
-- Up-to-date: install/qt/modules/DeviceDiscoverySupportPrivate.json
-- Installing: install/qt/lib/cmake/Qt6DeviceDiscoverySupportPrivate/Qt6DeviceDiscoverySupportPrivateAdditionalTargetInfo.cmake
-- Up-to-date: install/qt/include/QtDeviceDiscoverySupport
-- Up-to-date: install/qt/include/QtDeviceDiscoverySupport/QtDeviceDiscoverySupport
-- Up-to-date: install/qt/include/QtDeviceDiscoverySupport/QtDeviceDiscoverySupportVersion
-- Up-to-date: install/qt/include/QtDeviceDiscoverySupport/qtdevicediscoverysupportversion.h
-- Up-to-date: install/qt/include/QtDeviceDiscoverySupport/QtDeviceDiscoverySupportDepends
-- Up-to-date: install/qt/include/QtDeviceDiscoverySupport/6.8.3/QtDeviceDiscoverySupport/private/qdevicediscovery_p.h
-- Up-to-date: install/qt/include/QtDeviceDiscoverySupport/6.8.3/QtDeviceDiscoverySupport/private/qdevicediscovery_dummy_p.h
-- Up-to-date: install/qt/mkspecs/modules/qt_lib_devicediscovery_support_private.pri
-- Up-to-date: install/qt/metatypes/qt6fbsupportprivate_relwithdebinfo_metatypes.json
-- Installing: install/qt/lib/cmake/Qt6FbSupportPrivate/Qt6FbSupportPrivateConfig.cmake
-- Installing: install/qt/lib/cmake/Qt6FbSupportPrivate/Qt6FbSupportPrivateConfigVersion.cmake
-- Installing: install/qt/lib/cmake/Qt6FbSupportPrivate/Qt6FbSupportPrivateConfigVersionImpl.cmake
-- Up-to-date: install/qt/lib/libQt6FbSupport.a
-- Installing: install/qt/lib/cmake/Qt6FbSupportPrivate/Qt6FbSupportPrivateTargets.cmake
-- Installing: install/qt/lib/cmake/Qt6FbSupportPrivate/Qt6FbSupportPrivateTargets-relwithdebinfo.cmake
-- Installing: install/qt/lib/cmake/Qt6FbSupportPrivate/Qt6FbSupportPrivateVersionlessAliasTargets.cmake
-- Installing: install/qt/lib/cmake/Qt6FbSupportPrivate/Qt6FbSupportPrivateVersionlessTargets.cmake
-- Up-to-date: install/qt/modules/FbSupportPrivate.json
-- Installing: install/qt/lib/cmake/Qt6FbSupportPrivate/Qt6FbSupportPrivateAdditionalTargetInfo.cmake
-- Up-to-date: install/qt/include/QtFbSupport
-- Up-to-date: install/qt/include/QtFbSupport/QtFbSupport
-- Up-to-date: install/qt/include/QtFbSupport/QtFbSupportVersion
-- Up-to-date: install/qt/include/QtFbSupport/qtfbsupportversion.h
-- Up-to-date: install/qt/include/QtFbSupport/QtFbSupportDepends
-- Up-to-date: install/qt/include/QtFbSupport/6.8.3/QtFbSupport/private/qfbbackingstore_p.h
-- Up-to-date: install/qt/include/QtFbSupport/6.8.3/QtFbSupport/private/qfbcursor_p.h
-- Up-to-date: install/qt/include/QtFbSupport/6.8.3/QtFbSupport/private/qfbscreen_p.h
-- Up-to-date: install/qt/include/QtFbSupport/6.8.3/QtFbSupport/private/qfbvthandler_p.h
-- Up-to-date: install/qt/include/QtFbSupport/6.8.3/QtFbSupport/private/qfbwindow_p.h
-- Up-to-date: install/qt/mkspecs/modules/qt_lib_fb_support_private.pri
-- Installing: install/qt/lib/cmake/Qt6TestInternalsPrivate/3rdparty/cmake/QtRunCMakeTestHelpers.cmake
-- Installing: install/qt/lib/cmake/Qt6TestInternalsPrivate/3rdparty/cmake/RunCMake.cmake
-- Installing: install/qt/lib/cmake/Qt6TestInternalsPrivate/Qt6TestInternalsPrivateConfig.cmake
-- Installing: install/qt/lib/cmake/Qt6TestInternalsPrivate/Qt6TestInternalsPrivateConfigVersion.cmake
-- Installing: install/qt/lib/cmake/Qt6TestInternalsPrivate/Qt6TestInternalsPrivateConfigVersionImpl.cmake
-- Installing: install/qt/lib/cmake/Qt6TestInternalsPrivate/Qt6TestInternalsPrivateTargets.cmake
-- Installing: install/qt/lib/cmake/Qt6TestInternalsPrivate/Qt6TestInternalsPrivateVersionlessAliasTargets.cmake
-- Installing: install/qt/lib/cmake/Qt6TestInternalsPrivate/Qt6TestInternalsPrivateVersionlessTargets.cmake
-- Up-to-date: install/qt/modules/TestInternalsPrivate.json
-- Up-to-date: install/qt/mkspecs/modules/qt_lib_testinternals_private.pri
-- Up-to-date: install/qt/metatypes/qt6test_relwithdebinfo_metatypes.json
-- Installing: install/qt/lib/cmake/Qt6Test/Qt6TestConfig.cmake
-- Installing: install/qt/lib/cmake/Qt6Test/Qt6TestConfigVersion.cmake
-- Installing: install/qt/lib/cmake/Qt6Test/Qt6TestConfigVersionImpl.cmake
-- Up-to-date: install/qt/lib/libQt6Test.lib.so
-- Installing: install/qt/lib/cmake/Qt6Test/Qt6TestTargets.cmake
-- Installing: install/qt/lib/cmake/Qt6Test/Qt6TestTargets-relwithdebinfo.cmake
-- Installing: install/qt/lib/cmake/Qt6Test/Qt6TestVersionlessAliasTargets.cmake
-- Installing: install/qt/lib/cmake/Qt6Test/Qt6TestVersionlessTargets.cmake
-- Up-to-date: install/qt/modules/Test.json
-- Installing: install/qt/lib/cmake/Qt6Test/Qt6TestAdditionalTargetInfo.cmake
-- Up-to-date: install/qt/include/QtTest
-- Up-to-date: install/qt/include/QtTest/QAbstractItemModelTester
-- Up-to-date: install/qt/include/QtTest/QSignalSpy
-- Up-to-date: install/qt/include/QtTest/QSpontaneKeyEvent
-- Up-to-date: install/qt/include/QtTest/QTest
-- Up-to-date: install/qt/include/QtTest/QTestAccessibility
-- Up-to-date: install/qt/include/QtTest/QTestData
-- Up-to-date: install/qt/include/QtTest/QTestDelayEvent
-- Up-to-date: install/qt/include/QtTest/QTestEvent
-- Up-to-date: install/qt/include/QtTest/QTestEventList
-- Up-to-date: install/qt/include/QtTest/QTestEventLoop
-- Up-to-date: install/qt/include/QtTest/QTestKeyClicksEvent
-- Up-to-date: install/qt/include/QtTest/QTestKeyEvent
-- Up-to-date: install/qt/include/QtTest/QTestMouseEvent
-- Up-to-date: install/qt/include/QtTest/QtCoverageScanner
-- Up-to-date: install/qt/include/QtTest/QtTest
-- Up-to-date: install/qt/include/QtTest/QtTestGui
-- Up-to-date: install/qt/include/QtTest/QtTestNetwork
-- Up-to-date: install/qt/include/QtTest/QtTestVersion
-- Up-to-date: install/qt/include/QtTest/QtTestWidgets
-- Up-to-date: install/qt/include/QtTest/qttestversion.h
-- Up-to-date: install/qt/include/QtTest/qttestexports.h
-- Up-to-date: install/qt/include/QtTest/qbenchmark.h
-- Up-to-date: install/qt/include/QtTest/qbenchmarkmetric.h
-- Up-to-date: install/qt/include/QtTest/qsignalspy.h
-- Up-to-date: install/qt/include/QtTest/qtest.h
-- Up-to-date: install/qt/include/QtTest/qtest_gui.h
-- Up-to-date: install/qt/include/QtTest/qtest_network.h
-- Up-to-date: install/qt/include/QtTest/qtest_widgets.h
-- Up-to-date: install/qt/include/QtTest/qtestaccessible.h
-- Up-to-date: install/qt/include/QtTest/qtestassert.h
-- Up-to-date: install/qt/include/QtTest/qtestcase.h
-- Up-to-date: install/qt/include/QtTest/qtestdata.h
-- Up-to-date: install/qt/include/QtTest/qtestevent.h
-- Up-to-date: install/qt/include/QtTest/qtesteventloop.h
-- Up-to-date: install/qt/include/QtTest/qtestkeyboard.h
-- Up-to-date: install/qt/include/QtTest/qtestmouse.h
-- Up-to-date: install/qt/include/QtTest/qtestspontaneevent.h
-- Up-to-date: install/qt/include/QtTest/qtestsystem.h
-- Up-to-date: install/qt/include/QtTest/qtesttouch.h
-- Up-to-date: install/qt/include/QtTest/qtesttostring.h
-- Up-to-date: install/qt/include/QtTest/qtestwheel.h
-- Up-to-date: install/qt/include/QtTest/qttestglobal.h
-- Up-to-date: install/qt/include/QtTest/qttestlib-config.h
-- Up-to-date: install/qt/include/QtTest/qabstractitemmodeltester.h
-- Up-to-date: install/qt/include/QtTest/QtTestDepends
-- Up-to-date: install/qt/include/QtTest/6.8.3/QtTest/private/cycle_p.h
-- Up-to-date: install/qt/include/QtTest/6.8.3/QtTest/private/catch_p.h
-- Up-to-date: install/qt/include/QtTest/6.8.3/QtTest/private/qabstracttestlogger_p.h
-- Up-to-date: install/qt/include/QtTest/6.8.3/QtTest/private/qbenchmark_p.h
-- Up-to-date: install/qt/include/QtTest/6.8.3/QtTest/private/qbenchmarkevent_p.h
-- Up-to-date: install/qt/include/QtTest/6.8.3/QtTest/private/qbenchmarkmeasurement_p.h
-- Up-to-date: install/qt/include/QtTest/6.8.3/QtTest/private/qbenchmarkmetric_p.h
-- Up-to-date: install/qt/include/QtTest/6.8.3/QtTest/private/qbenchmarkperfevents_p.h
-- Up-to-date: install/qt/include/QtTest/6.8.3/QtTest/private/qbenchmarktimemeasurers_p.h
-- Up-to-date: install/qt/include/QtTest/6.8.3/QtTest/private/qcomparisontesthelper_p.h
-- Up-to-date: install/qt/include/QtTest/6.8.3/QtTest/private/qcsvbenchmarklogger_p.h
-- Up-to-date: install/qt/include/QtTest/6.8.3/QtTest/private/qemulationdetector_p.h
-- Up-to-date: install/qt/include/QtTest/6.8.3/QtTest/private/qjunittestlogger_p.h
-- Up-to-date: install/qt/include/QtTest/6.8.3/QtTest/private/qplaintestlogger_p.h
-- Up-to-date: install/qt/include/QtTest/6.8.3/QtTest/private/qpropertytesthelper_p.h
-- Up-to-date: install/qt/include/QtTest/6.8.3/QtTest/private/qsignaldumper_p.h
-- Up-to-date: install/qt/include/QtTest/6.8.3/QtTest/private/qtaptestlogger_p.h
-- Up-to-date: install/qt/include/QtTest/6.8.3/QtTest/private/qteamcitylogger_p.h
-- Up-to-date: install/qt/include/QtTest/6.8.3/QtTest/private/qtestblacklist_p.h
-- Up-to-date: install/qt/include/QtTest/6.8.3/QtTest/private/qtestcase_p.h
-- Up-to-date: install/qt/include/QtTest/6.8.3/QtTest/private/qtestcoreelement_p.h
-- Up-to-date: install/qt/include/QtTest/6.8.3/QtTest/private/qtestcrashhandler_p.h
-- Up-to-date: install/qt/include/QtTest/6.8.3/QtTest/private/qtestelement_p.h
-- Up-to-date: install/qt/include/QtTest/6.8.3/QtTest/private/qtestelementattribute_p.h
-- Up-to-date: install/qt/include/QtTest/6.8.3/QtTest/private/qtesthelpers_p.h
-- Up-to-date: install/qt/include/QtTest/6.8.3/QtTest/private/qtestjunitstreamer_p.h
-- Up-to-date: install/qt/include/QtTest/6.8.3/QtTest/private/qtestlog_p.h
-- Up-to-date: install/qt/include/QtTest/6.8.3/QtTest/private/qtestresult_p.h
-- Up-to-date: install/qt/include/QtTest/6.8.3/QtTest/private/qtesttable_p.h
-- Up-to-date: install/qt/include/QtTest/6.8.3/QtTest/private/qxmltestlogger_p.h
-- Up-to-date: install/qt/include/QtTest/6.8.3/QtTest/private/qttestlib-config_p.h
-- Up-to-date: install/qt/mkspecs/modules/qt_lib_testlib.pri
-- Up-to-date: install/qt/mkspecs/modules/qt_lib_testlib_private.pri
-- Up-to-date: install/qt/metatypes/qt6printsupport_relwithdebinfo_metatypes.json
-- Installing: install/qt/lib/cmake/Qt6PrintSupport/Qt6PrintSupportConfig.cmake
-- Installing: install/qt/lib/cmake/Qt6PrintSupport/Qt6PrintSupportConfigVersion.cmake
-- Installing: install/qt/lib/cmake/Qt6PrintSupport/Qt6PrintSupportConfigVersionImpl.cmake
-- Up-to-date: install/qt/lib/libQt6PrintSupport.lib.so
-- Installing: install/qt/lib/cmake/Qt6PrintSupport/Qt6PrintSupportTargets.cmake
-- Installing: install/qt/lib/cmake/Qt6PrintSupport/Qt6PrintSupportTargets-relwithdebinfo.cmake
-- Installing: install/qt/lib/cmake/Qt6PrintSupport/Qt6PrintSupportVersionlessAliasTargets.cmake
-- Installing: install/qt/lib/cmake/Qt6PrintSupport/Qt6PrintSupportVersionlessTargets.cmake
-- Up-to-date: install/qt/modules/PrintSupport.json
-- Installing: install/qt/lib/cmake/Qt6PrintSupport/Qt6PrintSupportAdditionalTargetInfo.cmake
-- Up-to-date: install/qt/include/QtPrintSupport
-- Up-to-date: install/qt/include/QtPrintSupport/QAbstractPrintDialog
-- Up-to-date: install/qt/include/QtPrintSupport/QPageSetupDialog
-- Up-to-date: install/qt/include/QtPrintSupport/QPrintDialog
-- Up-to-date: install/qt/include/QtPrintSupport/QPrintEngine
-- Up-to-date: install/qt/include/QtPrintSupport/QPrintPreviewDialog
-- Up-to-date: install/qt/include/QtPrintSupport/QPrintPreviewWidget
-- Up-to-date: install/qt/include/QtPrintSupport/QPrinter
-- Up-to-date: install/qt/include/QtPrintSupport/QPrinterInfo
-- Up-to-date: install/qt/include/QtPrintSupport/QtPrintSupport
-- Up-to-date: install/qt/include/QtPrintSupport/QtPrintSupportVersion
-- Up-to-date: install/qt/include/QtPrintSupport/qtprintsupportversion.h
-- Up-to-date: install/qt/include/QtPrintSupport/qtprintsupportexports.h
-- Up-to-date: install/qt/include/QtPrintSupport/qprintengine.h
-- Up-to-date: install/qt/include/QtPrintSupport/qprinter.h
-- Up-to-date: install/qt/include/QtPrintSupport/qprinterinfo.h
-- Up-to-date: install/qt/include/QtPrintSupport/qtprintsupportglobal.h
-- Up-to-date: install/qt/include/QtPrintSupport/qtprintsupport-config.h
-- Up-to-date: install/qt/include/QtPrintSupport/qprintpreviewwidget.h
-- Up-to-date: install/qt/include/QtPrintSupport/qabstractprintdialog.h
-- Up-to-date: install/qt/include/QtPrintSupport/qpagesetupdialog.h
-- Up-to-date: install/qt/include/QtPrintSupport/qprintdialog.h
-- Up-to-date: install/qt/include/QtPrintSupport/qprintpreviewdialog.h
-- Up-to-date: install/qt/include/QtPrintSupport/QtPrintSupportDepends
-- Up-to-date: install/qt/include/QtPrintSupport/6.8.3/QtPrintSupport/private/qpaintengine_alpha_p.h
-- Up-to-date: install/qt/include/QtPrintSupport/6.8.3/QtPrintSupport/private/qprint_p.h
-- Up-to-date: install/qt/include/QtPrintSupport/6.8.3/QtPrintSupport/private/qprintdevice_p.h
-- Up-to-date: install/qt/include/QtPrintSupport/6.8.3/QtPrintSupport/private/qprintengine_pdf_p.h
-- Up-to-date: install/qt/include/QtPrintSupport/6.8.3/QtPrintSupport/private/qprinter_p.h
-- Up-to-date: install/qt/include/QtPrintSupport/6.8.3/QtPrintSupport/private/qprinterinfo_p.h
-- Up-to-date: install/qt/include/QtPrintSupport/6.8.3/QtPrintSupport/private/qtprintsupportglobal_p.h
-- Up-to-date: install/qt/include/QtPrintSupport/6.8.3/QtPrintSupport/private/qtprintsupport-config_p.h
-- Up-to-date: install/qt/include/QtPrintSupport/6.8.3/QtPrintSupport/private/qpaintengine_preview_p.h
-- Up-to-date: install/qt/include/QtPrintSupport/6.8.3/QtPrintSupport/private/qabstractprintdialog_p.h
-- Up-to-date: install/qt/include/QtPrintSupport/6.8.3/QtPrintSupport/private/qpagesetupdialog_p.h
-- Up-to-date: install/qt/include/QtPrintSupport/6.8.3/QtPrintSupport/private/qpagesetupdialog_unix_p.h
-- Up-to-date: install/qt/include/QtPrintSupport/6.8.3/QtPrintSupport/qpa/qplatformprintdevice.h
-- Up-to-date: install/qt/include/QtPrintSupport/6.8.3/QtPrintSupport/qpa/qplatformprintersupport.h
-- Up-to-date: install/qt/include/QtPrintSupport/6.8.3/QtPrintSupport/qpa/qplatformprintplugin.h
-- Up-to-date: install/qt/mkspecs/modules/qt_lib_printsupport.pri
-- Up-to-date: install/qt/mkspecs/modules/qt_lib_printsupport_private.pri
-- Installing: install/qt/lib/cmake/Qt6Sql/Qt6QSQLiteDriverPluginConfig.cmake
-- Installing: install/qt/lib/cmake/Qt6Sql/Qt6QSQLiteDriverPluginConfigVersion.cmake
-- Installing: install/qt/lib/cmake/Qt6Sql/Qt6QSQLiteDriverPluginConfigVersionImpl.cmake
-- Up-to-date: install/qt/plugins/sqldrivers/libqsqlite.lib.so
-- Installing: install/qt/lib/cmake/Qt6Sql/Qt6QSQLiteDriverPluginTargets.cmake
-- Installing: install/qt/lib/cmake/Qt6Sql/Qt6QSQLiteDriverPluginTargets-relwithdebinfo.cmake
-- Installing: install/qt/lib/cmake/Qt6Sql/Qt6QSQLiteDriverPluginAdditionalTargetInfo.cmake
-- Installing: install/qt/lib/cmake/Qt6Gui/Qt6QGenodeIntegrationPluginConfig.cmake
-- Installing: install/qt/lib/cmake/Qt6Gui/Qt6QGenodeIntegrationPluginConfigVersion.cmake
-- Installing: install/qt/lib/cmake/Qt6Gui/Qt6QGenodeIntegrationPluginConfigVersionImpl.cmake
-- Up-to-date: install/qt/plugins/platforms/libqgenode.lib.so
-- Installing: install/qt/lib/cmake/Qt6Gui/Qt6QGenodeIntegrationPluginTargets.cmake
-- Installing: install/qt/lib/cmake/Qt6Gui/Qt6QGenodeIntegrationPluginTargets-relwithdebinfo.cmake
-- Installing: install/qt/lib/cmake/Qt6Gui/Qt6QGenodeIntegrationPluginAdditionalTargetInfo.cmake
-- Installing: install/qt/lib/cmake/Qt6Gui/Qt6QICOPluginConfig.cmake
-- Installing: install/qt/lib/cmake/Qt6Gui/Qt6QICOPluginConfigVersion.cmake
-- Installing: install/qt/lib/cmake/Qt6Gui/Qt6QICOPluginConfigVersionImpl.cmake
-- Up-to-date: install/qt/plugins/imageformats/libqico.lib.so
-- Installing: install/qt/lib/cmake/Qt6Gui/Qt6QICOPluginTargets.cmake
-- Installing: install/qt/lib/cmake/Qt6Gui/Qt6QICOPluginTargets-relwithdebinfo.cmake
-- Installing: install/qt/lib/cmake/Qt6Gui/Qt6QICOPluginAdditionalTargetInfo.cmake
-- Installing: install/qt/lib/cmake/Qt6Gui/Qt6QJpegPluginConfig.cmake
-- Installing: install/qt/lib/cmake/Qt6Gui/Qt6QJpegPluginConfigVersion.cmake
-- Installing: install/qt/lib/cmake/Qt6Gui/Qt6QJpegPluginConfigVersionImpl.cmake
-- Up-to-date: install/qt/plugins/imageformats/libqjpeg.lib.so
-- Installing: install/qt/lib/cmake/Qt6Gui/Qt6QJpegPluginTargets.cmake
-- Installing: install/qt/lib/cmake/Qt6Gui/Qt6QJpegPluginTargets-relwithdebinfo.cmake
-- Installing: install/qt/lib/cmake/Qt6Gui/Qt6QJpegPluginAdditionalTargetInfo.cmake
-- Installing: install/qt/lib/cmake/Qt6Gui/Qt6QGifPluginConfig.cmake
-- Installing: install/qt/lib/cmake/Qt6Gui/Qt6QGifPluginConfigVersion.cmake
-- Installing: install/qt/lib/cmake/Qt6Gui/Qt6QGifPluginConfigVersionImpl.cmake
-- Up-to-date: install/qt/plugins/imageformats/libqgif.lib.so
-- Installing: install/qt/lib/cmake/Qt6Gui/Qt6QGifPluginTargets.cmake
-- Installing: install/qt/lib/cmake/Qt6Gui/Qt6QGifPluginTargets-relwithdebinfo.cmake
-- Installing: install/qt/lib/cmake/Qt6Gui/Qt6QGifPluginAdditionalTargetInfo.cmake
-- Installing: install/qt/lib/cmake/Qt6Gui/Qt6QTuioTouchPluginConfig.cmake
-- Installing: install/qt/lib/cmake/Qt6Gui/Qt6QTuioTouchPluginConfigVersion.cmake
-- Installing: install/qt/lib/cmake/Qt6Gui/Qt6QTuioTouchPluginConfigVersionImpl.cmake
-- Up-to-date: install/qt/plugins/generic/libqtuiotouchplugin.lib.so
-- Installing: install/qt/lib/cmake/Qt6Gui/Qt6QTuioTouchPluginTargets.cmake
-- Installing: install/qt/lib/cmake/Qt6Gui/Qt6QTuioTouchPluginTargets-relwithdebinfo.cmake
-- Installing: install/qt/lib/cmake/Qt6Gui/Qt6QTuioTouchPluginAdditionalTargetInfo.cmake
-- Installing: install/qt/lib/cmake/Qt6Network/Qt6QTlsBackendCertOnlyPluginConfig.cmake
-- Installing: install/qt/lib/cmake/Qt6Network/Qt6QTlsBackendCertOnlyPluginConfigVersion.cmake
-- Installing: install/qt/lib/cmake/Qt6Network/Qt6QTlsBackendCertOnlyPluginConfigVersionImpl.cmake
-- Up-to-date: install/qt/plugins/tls/libqcertonlybackend.lib.so
-- Installing: install/qt/lib/cmake/Qt6Network/Qt6QTlsBackendCertOnlyPluginTargets.cmake
-- Installing: install/qt/lib/cmake/Qt6Network/Qt6QTlsBackendCertOnlyPluginTargets-relwithdebinfo.cmake
-- Installing: install/qt/lib/cmake/Qt6Network/Qt6QTlsBackendCertOnlyPluginAdditionalTargetInfo.cmake
-- Up-to-date: install/qt/mkspecs/REUSE.toml
-- Up-to-date: install/qt/mkspecs/aix-g++
-- Up-to-date: install/qt/mkspecs/aix-g++/qmake.conf
-- Up-to-date: install/qt/mkspecs/aix-g++/qplatformdefs.h
-- Up-to-date: install/qt/mkspecs/aix-g++-64
-- Up-to-date: install/qt/mkspecs/aix-g++-64/qmake.conf
-- Up-to-date: install/qt/mkspecs/aix-g++-64/qplatformdefs.h
-- Up-to-date: install/qt/mkspecs/android-clang
-- Up-to-date: install/qt/mkspecs/android-clang/qmake.conf
-- Up-to-date: install/qt/mkspecs/android-clang/qplatformdefs.h
-- Up-to-date: install/qt/mkspecs/common
-- Up-to-date: install/qt/mkspecs/common/aix
-- Up-to-date: install/qt/mkspecs/common/aix/qplatformdefs.h
-- Up-to-date: install/qt/mkspecs/common/android
-- Up-to-date: install/qt/mkspecs/common/android/qplatformdefs.h
-- Up-to-date: install/qt/mkspecs/common/bsd
-- Up-to-date: install/qt/mkspecs/common/bsd/bsd.conf
-- Up-to-date: install/qt/mkspecs/common/bsd/qplatformdefs.h
-- Up-to-date: install/qt/mkspecs/common/c89
-- Up-to-date: install/qt/mkspecs/common/c89/qplatformdefs.h
-- Up-to-date: install/qt/mkspecs/common/clang-mac.conf
-- Up-to-date: install/qt/mkspecs/common/clang.conf
-- Up-to-date: install/qt/mkspecs/common/g++-base.conf
-- Up-to-date: install/qt/mkspecs/common/g++-macx.conf
-- Up-to-date: install/qt/mkspecs/common/g++-unix.conf
-- Up-to-date: install/qt/mkspecs/common/g++-win32.conf
-- Up-to-date: install/qt/mkspecs/common/g++.conf
-- Up-to-date: install/qt/mkspecs/common/gcc-base-mac.conf
-- Up-to-date: install/qt/mkspecs/common/gcc-base-unix.conf
-- Up-to-date: install/qt/mkspecs/common/gcc-base.conf
-- Up-to-date: install/qt/mkspecs/common/genode.conf
-- Up-to-date: install/qt/mkspecs/common/ghs-base.conf
-- Up-to-date: install/qt/mkspecs/common/ghs-integrity-armv7.conf
-- Up-to-date: install/qt/mkspecs/common/ghs-integrity-armv8.conf
-- Up-to-date: install/qt/mkspecs/common/ghs-integrity-x86.conf
-- Up-to-date: install/qt/mkspecs/common/icc-base-unix.conf
-- Up-to-date: install/qt/mkspecs/common/integrity
-- Up-to-date: install/qt/mkspecs/common/integrity/qplatformdefs.h
-- Up-to-date: install/qt/mkspecs/common/ios.conf
-- Up-to-date: install/qt/mkspecs/common/linux.conf
-- Up-to-date: install/qt/mkspecs/common/llvm.conf
-- Up-to-date: install/qt/mkspecs/common/mac.conf
-- Up-to-date: install/qt/mkspecs/common/mac
-- Up-to-date: install/qt/mkspecs/common/mac/qplatformdefs.h
-- Up-to-date: install/qt/mkspecs/common/macx.conf
-- Up-to-date: install/qt/mkspecs/common/msvc-based-version.conf
-- Up-to-date: install/qt/mkspecs/common/msvc-desktop.conf
-- Up-to-date: install/qt/mkspecs/common/msvc-version.conf
-- Up-to-date: install/qt/mkspecs/common/posix
-- Up-to-date: install/qt/mkspecs/common/posix/qplatformdefs.h
-- Up-to-date: install/qt/mkspecs/common/qcc-base-qnx-aarch64le.conf
-- Up-to-date: install/qt/mkspecs/common/qcc-base-qnx-armle-v7.conf
-- Up-to-date: install/qt/mkspecs/common/qcc-base-qnx-x86-64.conf
-- Up-to-date: install/qt/mkspecs/common/qcc-base-qnx-x86.conf
-- Up-to-date: install/qt/mkspecs/common/qcc-base-qnx.conf
-- Up-to-date: install/qt/mkspecs/common/qcc-base.conf
-- Up-to-date: install/qt/mkspecs/common/qnx
-- Up-to-date: install/qt/mkspecs/common/qnx/qplatformdefs.h
-- Up-to-date: install/qt/mkspecs/common/rtems-base.conf
-- Up-to-date: install/qt/mkspecs/common/rtems
-- Up-to-date: install/qt/mkspecs/common/rtems/qplatformdefs.h
-- Up-to-date: install/qt/mkspecs/common/sanitize.conf
-- Up-to-date: install/qt/mkspecs/common/shell-unix.conf
-- Up-to-date: install/qt/mkspecs/common/shell-win32.conf
-- Up-to-date: install/qt/mkspecs/common/solaris.conf
-- Up-to-date: install/qt/mkspecs/common/tvos.conf
-- Up-to-date: install/qt/mkspecs/common/uikit.conf
-- Up-to-date: install/qt/mkspecs/common/uikit
-- Up-to-date: install/qt/mkspecs/common/uikit/GLES2
-- Up-to-date: install/qt/mkspecs/common/uikit/GLES2/gl2.h
-- Up-to-date: install/qt/mkspecs/common/uikit/clang.conf
-- Up-to-date: install/qt/mkspecs/common/uikit/qmake.conf
-- Up-to-date: install/qt/mkspecs/common/unix.conf
-- Up-to-date: install/qt/mkspecs/common/vxworks
-- Up-to-date: install/qt/mkspecs/common/vxworks/qplatformdefs.h
-- Up-to-date: install/qt/mkspecs/common/wasm
-- Up-to-date: install/qt/mkspecs/common/wasm/qplatformdefs.h
-- Up-to-date: install/qt/mkspecs/common/wasm/wasm.conf
-- Up-to-date: install/qt/mkspecs/common/watchos.conf
-- Up-to-date: install/qt/mkspecs/common/windows-desktop.conf
-- Up-to-date: install/qt/mkspecs/common/windows-vulkan.conf
-- Up-to-date: install/qt/mkspecs/cygwin-g++
-- Up-to-date: install/qt/mkspecs/cygwin-g++/qmake.conf
-- Up-to-date: install/qt/mkspecs/cygwin-g++/qplatformdefs.h
-- Up-to-date: install/qt/mkspecs/darwin-g++
-- Up-to-date: install/qt/mkspecs/darwin-g++/qmake.conf
-- Up-to-date: install/qt/mkspecs/darwin-g++/qplatformdefs.h
-- Up-to-date: install/qt/mkspecs/devices
-- Up-to-date: install/qt/mkspecs/devices/common
-- Up-to-date: install/qt/mkspecs/devices/common/freebsd_device_post.conf
-- Up-to-date: install/qt/mkspecs/devices/common/freebsd_device_pre.conf
-- Up-to-date: install/qt/mkspecs/devices/common/linux_arm_device_post.conf
-- Up-to-date: install/qt/mkspecs/devices/common/linux_device_post.conf
-- Up-to-date: install/qt/mkspecs/devices/common/linux_device_pre.conf
-- Up-to-date: install/qt/mkspecs/devices/freebsd-generic-clang
-- Up-to-date: install/qt/mkspecs/devices/freebsd-generic-clang/qmake.conf
-- Up-to-date: install/qt/mkspecs/devices/freebsd-generic-clang/qplatformdefs.h
-- Up-to-date: install/qt/mkspecs/devices/freebsd-rasp-pi-clang
-- Up-to-date: install/qt/mkspecs/devices/freebsd-rasp-pi-clang/qmake.conf
-- Up-to-date: install/qt/mkspecs/devices/freebsd-rasp-pi-clang/qplatformdefs.h
-- Up-to-date: install/qt/mkspecs/devices/integrity-armv8-SA8155P
-- Up-to-date: install/qt/mkspecs/devices/integrity-armv8-SA8155P/qmake.conf
-- Up-to-date: install/qt/mkspecs/devices/integrity-armv8-SA8155P/qplatformdefs.h
-- Up-to-date: install/qt/mkspecs/devices/integrity-armv8-drive-cx
-- Up-to-date: install/qt/mkspecs/devices/integrity-armv8-drive-cx/qmake.conf
-- Up-to-date: install/qt/mkspecs/devices/integrity-armv8-drive-cx/qplatformdefs.h
-- Up-to-date: install/qt/mkspecs/devices/integrity-armv8-msm8996au
-- Up-to-date: install/qt/mkspecs/devices/integrity-armv8-msm8996au/qmake.conf
-- Up-to-date: install/qt/mkspecs/devices/integrity-armv8-msm8996au/qplatformdefs.h
-- Up-to-date: install/qt/mkspecs/devices/linux-archos-gen8-g++
-- Up-to-date: install/qt/mkspecs/devices/linux-archos-gen8-g++/qmake.conf
-- Up-to-date: install/qt/mkspecs/devices/linux-archos-gen8-g++/qplatformdefs.h
-- Up-to-date: install/qt/mkspecs/devices/linux-arm-amlogic-8726M-g++
-- Up-to-date: install/qt/mkspecs/devices/linux-arm-amlogic-8726M-g++/qeglfshooks_8726m.cpp
-- Up-to-date: install/qt/mkspecs/devices/linux-arm-amlogic-8726M-g++/qmake.conf
-- Up-to-date: install/qt/mkspecs/devices/linux-arm-amlogic-8726M-g++/qplatformdefs.h
-- Up-to-date: install/qt/mkspecs/devices/linux-arm-generic-g++
-- Up-to-date: install/qt/mkspecs/devices/linux-arm-generic-g++/qmake.conf
-- Up-to-date: install/qt/mkspecs/devices/linux-arm-generic-g++/qplatformdefs.h
-- Up-to-date: install/qt/mkspecs/devices/linux-arm-hisilicon-hix5hd2-g++
-- Up-to-date: install/qt/mkspecs/devices/linux-arm-hisilicon-hix5hd2-g++/qmake.conf
-- Up-to-date: install/qt/mkspecs/devices/linux-arm-hisilicon-hix5hd2-g++/qplatformdefs.h
-- Up-to-date: install/qt/mkspecs/devices/linux-arm-trident-pnx8473-g++
-- Up-to-date: install/qt/mkspecs/devices/linux-arm-trident-pnx8473-g++/qmake.conf
-- Up-to-date: install/qt/mkspecs/devices/linux-arm-trident-pnx8473-g++/qplatformdefs.h
-- Up-to-date: install/qt/mkspecs/devices/linux-beagleboard-g++
-- Up-to-date: install/qt/mkspecs/devices/linux-beagleboard-g++/qmake.conf
-- Up-to-date: install/qt/mkspecs/devices/linux-beagleboard-g++/qplatformdefs.h
-- Up-to-date: install/qt/mkspecs/devices/linux-colibri-vf-g++
-- Up-to-date: install/qt/mkspecs/devices/linux-colibri-vf-g++/qmake.conf
-- Up-to-date: install/qt/mkspecs/devices/linux-colibri-vf-g++/qplatformdefs.h
-- Up-to-date: install/qt/mkspecs/devices/linux-drive-cx-g++
-- Up-to-date: install/qt/mkspecs/devices/linux-drive-cx-g++/qmake.conf
-- Up-to-date: install/qt/mkspecs/devices/linux-drive-cx-g++/qplatformdefs.h
-- Up-to-date: install/qt/mkspecs/devices/linux-emu-g++
-- Up-to-date: install/qt/mkspecs/devices/linux-emu-g++/qmake.conf
-- Up-to-date: install/qt/mkspecs/devices/linux-emu-g++/qplatformdefs.h
-- Up-to-date: install/qt/mkspecs/devices/linux-generic-g++
-- Up-to-date: install/qt/mkspecs/devices/linux-generic-g++/qmake.conf
-- Up-to-date: install/qt/mkspecs/devices/linux-generic-g++/qplatformdefs.h
-- Up-to-date: install/qt/mkspecs/devices/linux-imx53qsb-g++
-- Up-to-date: install/qt/mkspecs/devices/linux-imx53qsb-g++/qmake.conf
-- Up-to-date: install/qt/mkspecs/devices/linux-imx53qsb-g++/qplatformdefs.h
-- Up-to-date: install/qt/mkspecs/devices/linux-imx6-g++
-- Up-to-date: install/qt/mkspecs/devices/linux-imx6-g++/qmake.conf
-- Up-to-date: install/qt/mkspecs/devices/linux-imx6-g++/qplatformdefs.h
-- Up-to-date: install/qt/mkspecs/devices/linux-imx7-g++
-- Up-to-date: install/qt/mkspecs/devices/linux-imx7-g++/qmake.conf
-- Up-to-date: install/qt/mkspecs/devices/linux-imx7-g++/qplatformdefs.h
-- Up-to-date: install/qt/mkspecs/devices/linux-imx8-g++
-- Up-to-date: install/qt/mkspecs/devices/linux-imx8-g++/qmake.conf
-- Up-to-date: install/qt/mkspecs/devices/linux-imx8-g++/qplatformdefs.h
-- Up-to-date: install/qt/mkspecs/devices/linux-jetson-tk1-g++
-- Up-to-date: install/qt/mkspecs/devices/linux-jetson-tk1-g++/qmake.conf
-- Up-to-date: install/qt/mkspecs/devices/linux-jetson-tk1-g++/qplatformdefs.h
-- Up-to-date: install/qt/mkspecs/devices/linux-jetson-tk1-pro-g++
-- Up-to-date: install/qt/mkspecs/devices/linux-jetson-tk1-pro-g++/qmake.conf
-- Up-to-date: install/qt/mkspecs/devices/linux-jetson-tk1-pro-g++/qplatformdefs.h
-- Up-to-date: install/qt/mkspecs/devices/linux-jetson-tx1-g++
-- Up-to-date: install/qt/mkspecs/devices/linux-jetson-tx1-g++/qmake.conf
-- Up-to-date: install/qt/mkspecs/devices/linux-jetson-tx1-g++/qplatformdefs.h
-- Up-to-date: install/qt/mkspecs/devices/linux-mipsel-broadcom-97425-g++
-- Up-to-date: install/qt/mkspecs/devices/linux-mipsel-broadcom-97425-g++/qdirectfbeglhooks_bcm97425.cpp
-- Up-to-date: install/qt/mkspecs/devices/linux-mipsel-broadcom-97425-g++/qmake.conf
-- Up-to-date: install/qt/mkspecs/devices/linux-mipsel-broadcom-97425-g++/qplatformdefs.h
-- Up-to-date: install/qt/mkspecs/devices/linux-mipsel-ci20-g++
-- Up-to-date: install/qt/mkspecs/devices/linux-mipsel-ci20-g++/qmake.conf
-- Up-to-date: install/qt/mkspecs/devices/linux-mipsel-ci20-g++/qplatformdefs.h
-- Up-to-date: install/qt/mkspecs/devices/linux-nuc-g++
-- Up-to-date: install/qt/mkspecs/devices/linux-nuc-g++/qmake.conf
-- Up-to-date: install/qt/mkspecs/devices/linux-nuc-g++/qplatformdefs.h
-- Up-to-date: install/qt/mkspecs/devices/linux-odroid-xu3-g++
-- Up-to-date: install/qt/mkspecs/devices/linux-odroid-xu3-g++/qmake.conf
-- Up-to-date: install/qt/mkspecs/devices/linux-odroid-xu3-g++/qplatformdefs.h
-- Up-to-date: install/qt/mkspecs/devices/linux-rasp-pi-g++
-- Up-to-date: install/qt/mkspecs/devices/linux-rasp-pi-g++/qmake.conf
-- Up-to-date: install/qt/mkspecs/devices/linux-rasp-pi-g++/qplatformdefs.h
-- Up-to-date: install/qt/mkspecs/devices/linux-rasp-pi2-g++
-- Up-to-date: install/qt/mkspecs/devices/linux-rasp-pi2-g++/qmake.conf
-- Up-to-date: install/qt/mkspecs/devices/linux-rasp-pi2-g++/qplatformdefs.h
-- Up-to-date: install/qt/mkspecs/devices/linux-rasp-pi3-g++
-- Up-to-date: install/qt/mkspecs/devices/linux-rasp-pi3-g++/qmake.conf
-- Up-to-date: install/qt/mkspecs/devices/linux-rasp-pi3-g++/qplatformdefs.h
-- Up-to-date: install/qt/mkspecs/devices/linux-rasp-pi3-vc4-g++
-- Up-to-date: install/qt/mkspecs/devices/linux-rasp-pi3-vc4-g++/qmake.conf
-- Up-to-date: install/qt/mkspecs/devices/linux-rasp-pi3-vc4-g++/qplatformdefs.h
-- Up-to-date: install/qt/mkspecs/devices/linux-rasp-pi4-aarch64
-- Up-to-date: install/qt/mkspecs/devices/linux-rasp-pi4-aarch64/qmake.conf
-- Up-to-date: install/qt/mkspecs/devices/linux-rasp-pi4-aarch64/qplatformdefs.h
-- Up-to-date: install/qt/mkspecs/devices/linux-rasp-pi4-v3d-g++
-- Up-to-date: install/qt/mkspecs/devices/linux-rasp-pi4-v3d-g++/qmake.conf
-- Up-to-date: install/qt/mkspecs/devices/linux-rasp-pi4-v3d-g++/qplatformdefs.h
-- Up-to-date: install/qt/mkspecs/devices/linux-rcar-h2-g++
-- Up-to-date: install/qt/mkspecs/devices/linux-rcar-h2-g++/qmake.conf
-- Up-to-date: install/qt/mkspecs/devices/linux-rcar-h2-g++/qplatformdefs.h
-- Up-to-date: install/qt/mkspecs/devices/linux-rcar-m3-g++
-- Up-to-date: install/qt/mkspecs/devices/linux-rcar-m3-g++/qmake.conf
-- Up-to-date: install/qt/mkspecs/devices/linux-rcar-m3-g++/qplatformdefs.h
-- Up-to-date: install/qt/mkspecs/devices/linux-sh4-stmicro-ST7108-g++
-- Up-to-date: install/qt/mkspecs/devices/linux-sh4-stmicro-ST7108-g++/qmake.conf
-- Up-to-date: install/qt/mkspecs/devices/linux-sh4-stmicro-ST7108-g++/qplatformdefs.h
-- Up-to-date: install/qt/mkspecs/devices/linux-sh4-stmicro-ST7540-g++
-- Up-to-date: install/qt/mkspecs/devices/linux-sh4-stmicro-ST7540-g++/qmake.conf
-- Up-to-date: install/qt/mkspecs/devices/linux-sh4-stmicro-ST7540-g++/qplatformdefs.h
-- Up-to-date: install/qt/mkspecs/devices/linux-snowball-g++
-- Up-to-date: install/qt/mkspecs/devices/linux-snowball-g++/qmake.conf
-- Up-to-date: install/qt/mkspecs/devices/linux-snowball-g++/qplatformdefs.h
-- Up-to-date: install/qt/mkspecs/devices/linux-tegra2-g++
-- Up-to-date: install/qt/mkspecs/devices/linux-tegra2-g++/qmake.conf
-- Up-to-date: install/qt/mkspecs/devices/linux-tegra2-g++/qplatformdefs.h
-- Up-to-date: install/qt/mkspecs/devices/linux-tinkerboard-g++
-- Up-to-date: install/qt/mkspecs/devices/linux-tinkerboard-g++/qmake.conf
-- Up-to-date: install/qt/mkspecs/devices/linux-tinkerboard-g++/qplatformdefs.h
-- Up-to-date: install/qt/mkspecs/dummy
-- Up-to-date: install/qt/mkspecs/dummy/qmake.conf
-- Up-to-date: install/qt/mkspecs/features
-- Up-to-date: install/qt/mkspecs/features/android
-- Up-to-date: install/qt/mkspecs/features/android/android.prf
-- Up-to-date: install/qt/mkspecs/features/android/android_deployment_settings.prf
-- Up-to-date: install/qt/mkspecs/features/android/default_pre.prf
-- Up-to-date: install/qt/mkspecs/features/android/resolve_config.prf
-- Up-to-date: install/qt/mkspecs/features/android/resolve_target.prf
-- Up-to-date: install/qt/mkspecs/features/android/sdk.prf
-- Up-to-date: install/qt/mkspecs/features/android/spec_post.prf
-- Up-to-date: install/qt/mkspecs/features/benchmark.prf
-- Up-to-date: install/qt/mkspecs/features/build_pass.prf
-- Up-to-date: install/qt/mkspecs/features/cmake_functions.prf
-- Up-to-date: install/qt/mkspecs/features/cmdline.prf
-- Up-to-date: install/qt/mkspecs/features/configure.prf
-- Up-to-date: install/qt/mkspecs/features/configure_base.prf
-- Up-to-date: install/qt/mkspecs/features/coverage.prf
-- Up-to-date: install/qt/mkspecs/features/create_cmake.prf
-- Up-to-date: install/qt/mkspecs/features/ctest_testcase.prf
-- Up-to-date: install/qt/mkspecs/features/ctest_testcase_common.prf
-- Up-to-date: install/qt/mkspecs/features/ctest_testcase_installed.prf
-- Up-to-date: install/qt/mkspecs/features/data
-- Up-to-date: install/qt/mkspecs/features/data/configure.json
-- Up-to-date: install/qt/mkspecs/features/data/dummy.cpp
-- Up-to-date: install/qt/mkspecs/features/data/dumpvcvars.bat
-- Up-to-date: install/qt/mkspecs/features/data/macros.cpp
-- Up-to-date: install/qt/mkspecs/features/data/testserver
-- Up-to-date: install/qt/mkspecs/features/data/testserver/Dockerfile
-- Up-to-date: install/qt/mkspecs/features/data/testserver/docker-compose-common.yml
-- Up-to-date: install/qt/mkspecs/features/dbusadaptors.prf
-- Up-to-date: install/qt/mkspecs/features/dbuscommon.pri
-- Up-to-date: install/qt/mkspecs/features/dbusinterfaces.prf
-- Up-to-date: install/qt/mkspecs/features/declarative_debug.prf
-- Up-to-date: install/qt/mkspecs/features/default_post.prf
-- Up-to-date: install/qt/mkspecs/features/default_pre.prf
-- Up-to-date: install/qt/mkspecs/features/designer_defines.prf
-- Up-to-date: install/qt/mkspecs/features/device_config.prf
-- Up-to-date: install/qt/mkspecs/features/egl.prf
-- Up-to-date: install/qt/mkspecs/features/exceptions.prf
-- Up-to-date: install/qt/mkspecs/features/exceptions_off.prf
-- Up-to-date: install/qt/mkspecs/features/exclusive_builds.prf
-- Up-to-date: install/qt/mkspecs/features/exclusive_builds_post.prf
-- Up-to-date: install/qt/mkspecs/features/file_copies.prf
-- Up-to-date: install/qt/mkspecs/features/gc_binaries.prf
-- Up-to-date: install/qt/mkspecs/features/gcov.prf
-- Up-to-date: install/qt/mkspecs/features/include_source_dir.prf
-- Up-to-date: install/qt/mkspecs/features/incredibuild_xge.prf
-- Up-to-date: install/qt/mkspecs/features/java.prf
-- Up-to-date: install/qt/mkspecs/features/lex.prf
-- Up-to-date: install/qt/mkspecs/features/link_ltcg.prf
-- Up-to-date: install/qt/mkspecs/features/link_pkgconfig.prf
-- Up-to-date: install/qt/mkspecs/features/lrelease.prf
-- Up-to-date: install/qt/mkspecs/features/ltcg.prf
-- Up-to-date: install/qt/mkspecs/features/mac
-- Up-to-date: install/qt/mkspecs/features/mac/asset_catalogs.prf
-- Up-to-date: install/qt/mkspecs/features/mac/default_post.prf
-- Up-to-date: install/qt/mkspecs/features/mac/default_pre.prf
-- Up-to-date: install/qt/mkspecs/features/mac/mac.prf
-- Up-to-date: install/qt/mkspecs/features/mac/no_warn_empty_obj_files.prf
-- Up-to-date: install/qt/mkspecs/features/mac/objective_c.prf
-- Up-to-date: install/qt/mkspecs/features/mac/rez.prf
-- Up-to-date: install/qt/mkspecs/features/mac/sdk.mk
-- Up-to-date: install/qt/mkspecs/features/mac/sdk.prf
-- Up-to-date: install/qt/mkspecs/features/mac/toolchain.prf
-- Up-to-date: install/qt/mkspecs/features/mac/unsupported
-- Up-to-date: install/qt/mkspecs/features/mac/unsupported/objc_namespace.prf
-- Up-to-date: install/qt/mkspecs/features/metatypes.prf
-- Up-to-date: install/qt/mkspecs/features/moc.prf
-- Up-to-date: install/qt/mkspecs/features/no_debug_info.prf
-- Up-to-date: install/qt/mkspecs/features/permissions.prf
-- Up-to-date: install/qt/mkspecs/features/plugin_bundle.prf
-- Up-to-date: install/qt/mkspecs/features/precompile_header.prf
-- Up-to-date: install/qt/mkspecs/features/qgltf.prf
-- Up-to-date: install/qt/mkspecs/features/qlalr.prf
-- Up-to-date: install/qt/mkspecs/features/qmake_use.prf
-- Up-to-date: install/qt/mkspecs/features/qml_debug.prf
-- Up-to-date: install/qt/mkspecs/features/qml_module.prf
-- Up-to-date: install/qt/mkspecs/features/qml_plugin.prf
-- Up-to-date: install/qt/mkspecs/features/qmltestcase.prf
-- Up-to-date: install/qt/mkspecs/features/qt.prf
-- Up-to-date: install/qt/mkspecs/features/qt_config.prf
-- Up-to-date: install/qt/mkspecs/features/qt_functions.prf
-- Up-to-date: install/qt/mkspecs/features/resolve_config.prf
-- Up-to-date: install/qt/mkspecs/features/resolve_target.prf
-- Up-to-date: install/qt/mkspecs/features/resources.prf
-- Up-to-date: install/qt/mkspecs/features/resources_functions.prf
-- Up-to-date: install/qt/mkspecs/features/rtti.prf
-- Up-to-date: install/qt/mkspecs/features/rtti_off.prf
-- Up-to-date: install/qt/mkspecs/features/sanitizer.prf
-- Up-to-date: install/qt/mkspecs/features/silent.prf
-- Up-to-date: install/qt/mkspecs/features/simd.prf
-- Up-to-date: install/qt/mkspecs/features/spec_post.prf
-- Up-to-date: install/qt/mkspecs/features/spec_pre.prf
-- Up-to-date: install/qt/mkspecs/features/static_runtime.prf
-- Up-to-date: install/qt/mkspecs/features/testcase.prf
-- Up-to-date: install/qt/mkspecs/features/testcase_targets.prf
-- Up-to-date: install/qt/mkspecs/features/testcocoon.prf
-- Up-to-date: install/qt/mkspecs/features/testlib_defines.prf
-- Up-to-date: install/qt/mkspecs/features/toolchain.prf
-- Up-to-date: install/qt/mkspecs/features/uic.prf
-- Up-to-date: install/qt/mkspecs/features/uikit
-- Up-to-date: install/qt/mkspecs/features/uikit/bitcode.prf
-- Up-to-date: install/qt/mkspecs/features/uikit/default_post.prf
-- Up-to-date: install/qt/mkspecs/features/uikit/default_pre.prf
-- Up-to-date: install/qt/mkspecs/features/uikit/device_destinations.sh
-- Up-to-date: install/qt/mkspecs/features/uikit/devices.py
-- Up-to-date: install/qt/mkspecs/features/uikit/exclusive_builds_post.prf
-- Up-to-date: install/qt/mkspecs/features/uikit/gc_binaries.prf
-- Up-to-date: install/qt/mkspecs/features/uikit/resolve_config.prf
-- Up-to-date: install/qt/mkspecs/features/uikit/sdk.prf
-- Up-to-date: install/qt/mkspecs/features/uikit/testcase.prf
-- Up-to-date: install/qt/mkspecs/features/uikit/testcase_targets.prf
-- Up-to-date: install/qt/mkspecs/features/uikit/watchos_coretext.prf
-- Up-to-date: install/qt/mkspecs/features/uikit/xcodebuild.mk
-- Up-to-date: install/qt/mkspecs/features/uikit/xcodebuild.prf
-- Up-to-date: install/qt/mkspecs/features/unix
-- Up-to-date: install/qt/mkspecs/features/unix/bsymbolic_functions.prf
-- Up-to-date: install/qt/mkspecs/features/unix/ccache.prf
-- Up-to-date: install/qt/mkspecs/features/unix/hide_symbols.prf
-- Up-to-date: install/qt/mkspecs/features/unix/largefile.prf
-- Up-to-date: install/qt/mkspecs/features/unix/no_direct_extern_access.prf
-- Up-to-date: install/qt/mkspecs/features/unix/opengl.prf
-- Up-to-date: install/qt/mkspecs/features/unix/separate_debug_info.prf
-- Up-to-date: install/qt/mkspecs/features/unix/thread.prf
-- Up-to-date: install/qt/mkspecs/features/unix/x11.prf
-- Up-to-date: install/qt/mkspecs/features/unix/x11inc.prf
-- Up-to-date: install/qt/mkspecs/features/unix/x11lib.prf
-- Up-to-date: install/qt/mkspecs/features/unix/x11sm.prf
-- Up-to-date: install/qt/mkspecs/features/unsupported
-- Up-to-date: install/qt/mkspecs/features/unsupported/testserver.prf
-- Up-to-date: install/qt/mkspecs/features/use_c_linker.prf
-- Up-to-date: install/qt/mkspecs/features/vxworks.prf
-- Up-to-date: install/qt/mkspecs/features/warn_off.prf
-- Up-to-date: install/qt/mkspecs/features/warn_on.prf
-- Up-to-date: install/qt/mkspecs/features/wasm
-- Up-to-date: install/qt/mkspecs/features/wasm/default_pre.prf
-- Up-to-date: install/qt/mkspecs/features/wasm/emcc_ver.prf
-- Up-to-date: install/qt/mkspecs/features/wasm/wasm.prf
-- Up-to-date: install/qt/mkspecs/features/wayland-scanner.prf
-- Up-to-date: install/qt/mkspecs/features/win32
-- Up-to-date: install/qt/mkspecs/features/win32/console.prf
-- Up-to-date: install/qt/mkspecs/features/win32/default_pre.prf
-- Up-to-date: install/qt/mkspecs/features/win32/dumpcpp.prf
-- Up-to-date: install/qt/mkspecs/features/win32/idcidl.prf
-- Up-to-date: install/qt/mkspecs/features/win32/msvc_mp.prf
-- Up-to-date: install/qt/mkspecs/features/win32/opengl.prf
-- Up-to-date: install/qt/mkspecs/features/win32/separate_debug_info.prf
-- Up-to-date: install/qt/mkspecs/features/win32/stl.prf
-- Up-to-date: install/qt/mkspecs/features/win32/stl_off.prf
-- Up-to-date: install/qt/mkspecs/features/win32/windeployqt.prf
-- Up-to-date: install/qt/mkspecs/features/win32/windows.prf
-- Up-to-date: install/qt/mkspecs/features/win32/windows_vulkan_sdk.prf
-- Up-to-date: install/qt/mkspecs/features/xctest.prf
-- Up-to-date: install/qt/mkspecs/features/yacc.prf
-- Up-to-date: install/qt/mkspecs/freebsd-clang
-- Up-to-date: install/qt/mkspecs/freebsd-clang/qmake.conf
-- Up-to-date: install/qt/mkspecs/freebsd-clang/qplatformdefs.h
-- Up-to-date: install/qt/mkspecs/freebsd-g++
-- Up-to-date: install/qt/mkspecs/freebsd-g++/qmake.conf
-- Up-to-date: install/qt/mkspecs/freebsd-g++/qplatformdefs.h
-- Up-to-date: install/qt/mkspecs/genode-aarch64-g++
-- Up-to-date: install/qt/mkspecs/genode-aarch64-g++/qmake.conf
-- Up-to-date: install/qt/mkspecs/genode-aarch64-g++/qplatformdefs.h
-- Up-to-date: install/qt/mkspecs/genode-aarch64-g++/qt.conf
-- Up-to-date: install/qt/mkspecs/genode-arm-g++
-- Up-to-date: install/qt/mkspecs/genode-arm-g++/qmake.conf
-- Up-to-date: install/qt/mkspecs/genode-arm-g++/qplatformdefs.h
-- Up-to-date: install/qt/mkspecs/genode-arm-g++/qt.conf
-- Up-to-date: install/qt/mkspecs/genode-x86_32-g++
-- Up-to-date: install/qt/mkspecs/genode-x86_32-g++/qmake.conf
-- Up-to-date: install/qt/mkspecs/genode-x86_32-g++/qplatformdefs.h
-- Up-to-date: install/qt/mkspecs/genode-x86_32-g++/qt.conf
-- Up-to-date: install/qt/mkspecs/genode-x86_64-g++
-- Up-to-date: install/qt/mkspecs/genode-x86_64-g++/qmake.conf
-- Up-to-date: install/qt/mkspecs/genode-x86_64-g++/qplatformdefs.h
-- Up-to-date: install/qt/mkspecs/genode-x86_64-g++/qt.conf
-- Up-to-date: install/qt/mkspecs/haiku-g++
-- Up-to-date: install/qt/mkspecs/haiku-g++/qmake.conf
-- Up-to-date: install/qt/mkspecs/haiku-g++/qplatformdefs.h
-- Up-to-date: install/qt/mkspecs/hpuxi-g++-64
-- Up-to-date: install/qt/mkspecs/hpuxi-g++-64/qmake.conf
-- Up-to-date: install/qt/mkspecs/hpuxi-g++-64/qplatformdefs.h
-- Up-to-date: install/qt/mkspecs/hurd-g++
-- Up-to-date: install/qt/mkspecs/hurd-g++/qmake.conf
-- Up-to-date: install/qt/mkspecs/hurd-g++/qplatformdefs.h
-- Up-to-date: install/qt/mkspecs/integrity-armv7
-- Up-to-date: install/qt/mkspecs/integrity-armv7/qmake.conf
-- Up-to-date: install/qt/mkspecs/integrity-armv7/qplatformdefs.h
-- Up-to-date: install/qt/mkspecs/integrity-armv7-imx6
-- Up-to-date: install/qt/mkspecs/integrity-armv7-imx6/qmake.conf
-- Up-to-date: install/qt/mkspecs/integrity-armv7-imx6/qplatformdefs.h
-- Up-to-date: install/qt/mkspecs/integrity-armv8-rcar
-- Up-to-date: install/qt/mkspecs/integrity-armv8-rcar/qmake.conf
-- Up-to-date: install/qt/mkspecs/integrity-armv8-rcar/qplatformdefs.h
-- Up-to-date: install/qt/mkspecs/integrity-x86
-- Up-to-date: install/qt/mkspecs/integrity-x86/qmake.conf
-- Up-to-date: install/qt/mkspecs/integrity-x86/qplatformdefs.h
-- Up-to-date: install/qt/mkspecs/linux-aarch64-gnu-g++
-- Up-to-date: install/qt/mkspecs/linux-aarch64-gnu-g++/qmake.conf
-- Up-to-date: install/qt/mkspecs/linux-aarch64-gnu-g++/qplatformdefs.h
-- Up-to-date: install/qt/mkspecs/linux-arm-gnueabi-g++
-- Up-to-date: install/qt/mkspecs/linux-arm-gnueabi-g++/qmake.conf
-- Up-to-date: install/qt/mkspecs/linux-arm-gnueabi-g++/qplatformdefs.h
-- Up-to-date: install/qt/mkspecs/linux-clang
-- Up-to-date: install/qt/mkspecs/linux-clang/qmake.conf
-- Up-to-date: install/qt/mkspecs/linux-clang/qplatformdefs.h
-- Up-to-date: install/qt/mkspecs/linux-clang-32
-- Up-to-date: install/qt/mkspecs/linux-clang-32/qmake.conf
-- Up-to-date: install/qt/mkspecs/linux-clang-32/qplatformdefs.h
-- Up-to-date: install/qt/mkspecs/linux-clang-libc++
-- Up-to-date: install/qt/mkspecs/linux-clang-libc++/qmake.conf
-- Up-to-date: install/qt/mkspecs/linux-clang-libc++/qplatformdefs.h
-- Up-to-date: install/qt/mkspecs/linux-clang-libc++-32
-- Up-to-date: install/qt/mkspecs/linux-clang-libc++-32/qmake.conf
-- Up-to-date: install/qt/mkspecs/linux-clang-libc++-32/qplatformdefs.h
-- Up-to-date: install/qt/mkspecs/linux-g++
-- Up-to-date: install/qt/mkspecs/linux-g++/qmake.conf
-- Up-to-date: install/qt/mkspecs/linux-g++/qplatformdefs.h
-- Up-to-date: install/qt/mkspecs/linux-g++-32
-- Up-to-date: install/qt/mkspecs/linux-g++-32/qmake.conf
-- Up-to-date: install/qt/mkspecs/linux-g++-32/qplatformdefs.h
-- Up-to-date: install/qt/mkspecs/linux-g++-64
-- Up-to-date: install/qt/mkspecs/linux-g++-64/qmake.conf
-- Up-to-date: install/qt/mkspecs/linux-g++-64/qplatformdefs.h
-- Up-to-date: install/qt/mkspecs/linux-icc
-- Up-to-date: install/qt/mkspecs/linux-icc/qmake.conf
-- Up-to-date: install/qt/mkspecs/linux-icc/qplatformdefs.h
-- Up-to-date: install/qt/mkspecs/linux-icc-32
-- Up-to-date: install/qt/mkspecs/linux-icc-32/qmake.conf
-- Up-to-date: install/qt/mkspecs/linux-icc-32/qplatformdefs.h
-- Up-to-date: install/qt/mkspecs/linux-icc-64
-- Up-to-date: install/qt/mkspecs/linux-icc-64/qmake.conf
-- Up-to-date: install/qt/mkspecs/linux-icc-64/qplatformdefs.h
-- Up-to-date: install/qt/mkspecs/linux-icc-k1om
-- Up-to-date: install/qt/mkspecs/linux-icc-k1om/qmake.conf
-- Up-to-date: install/qt/mkspecs/linux-icc-k1om/qplatformdefs.h
-- Up-to-date: install/qt/mkspecs/linux-llvm
-- Up-to-date: install/qt/mkspecs/linux-llvm/qmake.conf
-- Up-to-date: install/qt/mkspecs/linux-llvm/qplatformdefs.h
-- Up-to-date: install/qt/mkspecs/linux-lsb-g++
-- Up-to-date: install/qt/mkspecs/linux-lsb-g++/qmake.conf
-- Up-to-date: install/qt/mkspecs/linux-lsb-g++/qplatformdefs.h
-- Up-to-date: install/qt/mkspecs/lynxos-g++
-- Up-to-date: install/qt/mkspecs/lynxos-g++/qmake.conf
-- Up-to-date: install/qt/mkspecs/lynxos-g++/qplatformdefs.h
-- Up-to-date: install/qt/mkspecs/macx-clang
-- Up-to-date: install/qt/mkspecs/macx-clang/Info.plist.app
-- Up-to-date: install/qt/mkspecs/macx-clang/Info.plist.dSYM.in
-- Up-to-date: install/qt/mkspecs/macx-clang/Info.plist.disable_highdpi
-- Up-to-date: install/qt/mkspecs/macx-clang/Info.plist.lib
-- Up-to-date: install/qt/mkspecs/macx-clang/qmake.conf
-- Up-to-date: install/qt/mkspecs/macx-clang/qplatformdefs.h
-- Up-to-date: install/qt/mkspecs/macx-g++
-- Up-to-date: install/qt/mkspecs/macx-g++/Info.plist.app
-- Up-to-date: install/qt/mkspecs/macx-g++/Info.plist.dSYM.in
-- Up-to-date: install/qt/mkspecs/macx-g++/Info.plist.lib
-- Up-to-date: install/qt/mkspecs/macx-g++/qmake.conf
-- Up-to-date: install/qt/mkspecs/macx-g++/qplatformdefs.h
-- Up-to-date: install/qt/mkspecs/macx-icc
-- Up-to-date: install/qt/mkspecs/macx-icc/Info.plist.app
-- Up-to-date: install/qt/mkspecs/macx-icc/Info.plist.dSYM.in
-- Up-to-date: install/qt/mkspecs/macx-icc/Info.plist.lib
-- Up-to-date: install/qt/mkspecs/macx-icc/qmake.conf
-- Up-to-date: install/qt/mkspecs/macx-icc/qplatformdefs.h
-- Up-to-date: install/qt/mkspecs/macx-ios-clang
-- Up-to-date: install/qt/mkspecs/macx-ios-clang/Info.plist.app
-- Up-to-date: install/qt/mkspecs/macx-ios-clang/Info.plist.dSYM.in
-- Up-to-date: install/qt/mkspecs/macx-ios-clang/Info.plist.lib
-- Up-to-date: install/qt/mkspecs/macx-ios-clang/LaunchScreen.storyboard
-- Up-to-date: install/qt/mkspecs/macx-ios-clang/qmake.conf
-- Up-to-date: install/qt/mkspecs/macx-ios-clang/qplatformdefs.h
-- Up-to-date: install/qt/mkspecs/macx-visionos-clang
-- Up-to-date: install/qt/mkspecs/macx-visionos-clang/Info.plist.app
-- Up-to-date: install/qt/mkspecs/macx-visionos-clang/Info.plist.dSYM.in
-- Up-to-date: install/qt/mkspecs/macx-visionos-clang/Info.plist.lib
-- Up-to-date: install/qt/mkspecs/macx-visionos-clang/qmake.conf
-- Up-to-date: install/qt/mkspecs/macx-visionos-clang/qplatformdefs.h
-- Up-to-date: install/qt/mkspecs/macx-xcode
-- Up-to-date: install/qt/mkspecs/macx-xcode/QtTest.plist
-- Up-to-date: install/qt/mkspecs/macx-xcode/WorkspaceSettings.xcsettings
-- Up-to-date: install/qt/mkspecs/macx-xcode/default.xcscheme
-- Up-to-date: install/qt/mkspecs/macx-xcode/qmake.conf
-- Up-to-date: install/qt/mkspecs/macx-xcode/qplatformdefs.h
-- Up-to-date: install/qt/mkspecs/modules
-- Up-to-date: install/qt/mkspecs/modules/README
-- Up-to-date: install/qt/mkspecs/netbsd-g++
-- Up-to-date: install/qt/mkspecs/netbsd-g++/qmake.conf
-- Up-to-date: install/qt/mkspecs/netbsd-g++/qplatformdefs.h
-- Up-to-date: install/qt/mkspecs/openbsd-g++
-- Up-to-date: install/qt/mkspecs/openbsd-g++/qmake.conf
-- Up-to-date: install/qt/mkspecs/openbsd-g++/qplatformdefs.h
-- Up-to-date: install/qt/mkspecs/qnx-aarch64le-qcc
-- Up-to-date: install/qt/mkspecs/qnx-aarch64le-qcc/qmake.conf
-- Up-to-date: install/qt/mkspecs/qnx-aarch64le-qcc/qplatformdefs.h
-- Up-to-date: install/qt/mkspecs/qnx-armle-v7-qcc
-- Up-to-date: install/qt/mkspecs/qnx-armle-v7-qcc/qmake.conf
-- Up-to-date: install/qt/mkspecs/qnx-armle-v7-qcc/qplatformdefs.h
-- Up-to-date: install/qt/mkspecs/qnx-x86-64-qcc
-- Up-to-date: install/qt/mkspecs/qnx-x86-64-qcc/qmake.conf
-- Up-to-date: install/qt/mkspecs/qnx-x86-64-qcc/qplatformdefs.h
-- Up-to-date: install/qt/mkspecs/qnx-x86-qcc
-- Up-to-date: install/qt/mkspecs/qnx-x86-qcc/qmake.conf
-- Up-to-date: install/qt/mkspecs/qnx-x86-qcc/qplatformdefs.h
-- Up-to-date: install/qt/mkspecs/solaris-cc
-- Up-to-date: install/qt/mkspecs/solaris-cc/qmake.conf
-- Up-to-date: install/qt/mkspecs/solaris-cc/qplatformdefs.h
-- Up-to-date: install/qt/mkspecs/solaris-cc-64
-- Up-to-date: install/qt/mkspecs/solaris-cc-64/qmake.conf
-- Up-to-date: install/qt/mkspecs/solaris-cc-64/qplatformdefs.h
-- Up-to-date: install/qt/mkspecs/solaris-cc-64-stlport
-- Up-to-date: install/qt/mkspecs/solaris-cc-64-stlport/qmake.conf
-- Up-to-date: install/qt/mkspecs/solaris-cc-64-stlport/qplatformdefs.h
-- Up-to-date: install/qt/mkspecs/solaris-cc-stlport
-- Up-to-date: install/qt/mkspecs/solaris-cc-stlport/qmake.conf
-- Up-to-date: install/qt/mkspecs/solaris-cc-stlport/qplatformdefs.h
-- Up-to-date: install/qt/mkspecs/solaris-g++
-- Up-to-date: install/qt/mkspecs/solaris-g++/qmake.conf
-- Up-to-date: install/qt/mkspecs/solaris-g++/qplatformdefs.h
-- Up-to-date: install/qt/mkspecs/solaris-g++-64
-- Up-to-date: install/qt/mkspecs/solaris-g++-64/qmake.conf
-- Up-to-date: install/qt/mkspecs/solaris-g++-64/qplatformdefs.h
-- Up-to-date: install/qt/mkspecs/unsupported
-- Up-to-date: install/qt/mkspecs/unsupported/linux-host-g++
-- Up-to-date: install/qt/mkspecs/unsupported/linux-host-g++/qmake.conf
-- Up-to-date: install/qt/mkspecs/unsupported/linux-host-g++/qplatformdefs.h
-- Up-to-date: install/qt/mkspecs/unsupported/linux-scratchbox2-g++
-- Up-to-date: install/qt/mkspecs/unsupported/linux-scratchbox2-g++/qmake.conf
-- Up-to-date: install/qt/mkspecs/unsupported/linux-scratchbox2-g++/qplatformdefs.h
-- Up-to-date: install/qt/mkspecs/unsupported/macx-tvos-clang
-- Up-to-date: install/qt/mkspecs/unsupported/macx-tvos-clang/Info.plist.app
-- Up-to-date: install/qt/mkspecs/unsupported/macx-tvos-clang/Info.plist.lib
-- Up-to-date: install/qt/mkspecs/unsupported/macx-tvos-clang/qmake.conf
-- Up-to-date: install/qt/mkspecs/unsupported/macx-tvos-clang/qplatformdefs.h
-- Up-to-date: install/qt/mkspecs/unsupported/macx-watchos-clang
-- Up-to-date: install/qt/mkspecs/unsupported/macx-watchos-clang/Info.plist.app
-- Up-to-date: install/qt/mkspecs/unsupported/macx-watchos-clang/Info.plist.lib
-- Up-to-date: install/qt/mkspecs/unsupported/macx-watchos-clang/qmake.conf
-- Up-to-date: install/qt/mkspecs/unsupported/macx-watchos-clang/qplatformdefs.h
-- Up-to-date: install/qt/mkspecs/unsupported/qnx-X11-g++
-- Up-to-date: install/qt/mkspecs/unsupported/qnx-X11-g++/qmake.conf
-- Up-to-date: install/qt/mkspecs/unsupported/qnx-X11-g++/qplatformdefs.h
-- Up-to-date: install/qt/mkspecs/unsupported/vxworks-ppc-dcc
-- Up-to-date: install/qt/mkspecs/unsupported/vxworks-ppc-dcc/qmake.conf
-- Up-to-date: install/qt/mkspecs/unsupported/vxworks-ppc-dcc/qplatformdefs.h
-- Up-to-date: install/qt/mkspecs/unsupported/vxworks-ppc-g++
-- Up-to-date: install/qt/mkspecs/unsupported/vxworks-ppc-g++/qmake.conf
-- Up-to-date: install/qt/mkspecs/unsupported/vxworks-ppc-g++/qplatformdefs.h
-- Up-to-date: install/qt/mkspecs/unsupported/vxworks-simpentium-dcc
-- Up-to-date: install/qt/mkspecs/unsupported/vxworks-simpentium-dcc/qmake.conf
-- Up-to-date: install/qt/mkspecs/unsupported/vxworks-simpentium-dcc/qplatformdefs.h
-- Up-to-date: install/qt/mkspecs/unsupported/vxworks-simpentium-g++
-- Up-to-date: install/qt/mkspecs/unsupported/vxworks-simpentium-g++/qmake.conf
-- Up-to-date: install/qt/mkspecs/unsupported/vxworks-simpentium-g++/qplatformdefs.h
-- Up-to-date: install/qt/mkspecs/vxworks-clang
-- Up-to-date: install/qt/mkspecs/vxworks-clang/qplatformdefs.h
-- Up-to-date: install/qt/mkspecs/wasm-emscripten
-- Up-to-date: install/qt/mkspecs/wasm-emscripten/qmake.conf
-- Up-to-date: install/qt/mkspecs/wasm-emscripten/qplatformdefs.h
-- Up-to-date: install/qt/mkspecs/wasm-emscripten-64
-- Up-to-date: install/qt/mkspecs/wasm-emscripten-64/qmake.conf
-- Up-to-date: install/qt/mkspecs/wasm-emscripten-64/qplatformdefs.h
-- Up-to-date: install/qt/mkspecs/win32-arm64-msvc
-- Up-to-date: install/qt/mkspecs/win32-arm64-msvc/qmake.conf
-- Up-to-date: install/qt/mkspecs/win32-arm64-msvc/qplatformdefs.h
-- Up-to-date: install/qt/mkspecs/win32-clang-g++
-- Up-to-date: install/qt/mkspecs/win32-clang-g++/qmake.conf
-- Up-to-date: install/qt/mkspecs/win32-clang-g++/qplatformdefs.h
-- Up-to-date: install/qt/mkspecs/win32-clang-msvc
-- Up-to-date: install/qt/mkspecs/win32-clang-msvc/qmake.conf
-- Up-to-date: install/qt/mkspecs/win32-clang-msvc/qplatformdefs.h
-- Up-to-date: install/qt/mkspecs/win32-g++
-- Up-to-date: install/qt/mkspecs/win32-g++/qmake.conf
-- Up-to-date: install/qt/mkspecs/win32-g++/qplatformdefs.h
-- Up-to-date: install/qt/mkspecs/win32-icc
-- Up-to-date: install/qt/mkspecs/win32-icc/qmake.conf
-- Up-to-date: install/qt/mkspecs/win32-icc/qplatformdefs.h
-- Up-to-date: install/qt/mkspecs/win32-icc-k1om
-- Up-to-date: install/qt/mkspecs/win32-icc-k1om/qmake.conf
-- Up-to-date: install/qt/mkspecs/win32-icc-k1om/qplatformdefs.h
-- Up-to-date: install/qt/mkspecs/win32-msvc
-- Up-to-date: install/qt/mkspecs/win32-msvc/qmake.conf
-- Up-to-date: install/qt/mkspecs/win32-msvc/qplatformdefs.h
-- Installing: install/qt/lib/cmake/Qt6/Qt6Dependencies.cmake
-- Installing: install/qt/lib/cmake/Qt6Core/Qt6CoreDependencies.cmake
-- Installing: install/qt/lib/cmake/Qt6BundledLibpng/Qt6BundledLibpngDependencies.cmake
-- Installing: install/qt/lib/cmake/Qt6BundledFreetype/Qt6BundledFreetypeDependencies.cmake
-- Installing: install/qt/lib/cmake/Qt6Concurrent/Qt6ConcurrentDependencies.cmake
-- Installing: install/qt/lib/cmake/Qt6Sql/Qt6SqlDependencies.cmake
-- Installing: install/qt/lib/cmake/Qt6Network/Qt6NetworkDependencies.cmake
-- Installing: install/qt/lib/cmake/Qt6Xml/Qt6XmlDependencies.cmake
-- Installing: install/qt/lib/cmake/Qt6Gui/Qt6GuiDependencies.cmake
-- Installing: install/qt/lib/cmake/Qt6OpenGL/Qt6OpenGLDependencies.cmake
-- Installing: install/qt/lib/cmake/Qt6Widgets/Qt6WidgetsDependencies.cmake
-- Installing: install/qt/lib/cmake/Qt6OpenGLWidgets/Qt6OpenGLWidgetsDependencies.cmake
-- Installing: install/qt/lib/cmake/Qt6DeviceDiscoverySupportPrivate/Qt6DeviceDiscoverySupportPrivateDependencies.cmake
-- Installing: install/qt/lib/cmake/Qt6FbSupportPrivate/Qt6FbSupportPrivateDependencies.cmake
-- Installing: install/qt/lib/cmake/Qt6Test/Qt6TestDependencies.cmake
-- Installing: install/qt/lib/cmake/Qt6PrintSupport/Qt6PrintSupportDependencies.cmake
-- Installing: install/qt/lib/cmake/Qt6HostInfo/Qt6HostInfoConfig.cmake
-- Installing: install/qt/lib/cmake/Qt6Sql/Qt6SqlPlugins.cmake
-- Installing: install/qt/lib/cmake/Qt6Network/Qt6NetworkPlugins.cmake
-- Installing: install/qt/lib/cmake/Qt6Gui/Qt6GuiPlugins.cmake
-- Installing: install/qt/lib/cmake/Qt6Widgets/Qt6WidgetsPlugins.cmake
-- Installing: install/qt/lib/cmake/Qt6PrintSupport/Qt6PrintSupportPlugins.cmake
-- Installing: install/qt/lib/cmake/Qt6BuildInternals/StandaloneTests/QtBaseTestsConfig.cmake
-- Up-to-date: install/qt/lib
-- Up-to-date: install/qt/lib/cmake
-- Up-to-date: install/qt/lib/cmake/Qt6BuildInternals
-- Up-to-date: install/qt/lib/cmake/Qt6BuildInternals/StandaloneTests
-- Up-to-date: install/qt/lib/cmake/Qt6
-- Up-to-date: install/qt/lib/cmake/Qt6/libexec
-- Up-to-date: install/qt/lib/cmake/Qt6/3rdparty
-- Up-to-date: install/qt/lib/cmake/Qt6/3rdparty/extra-cmake-modules
-- Up-to-date: install/qt/lib/cmake/Qt6/3rdparty/extra-cmake-modules/find-modules
-- Up-to-date: install/qt/lib/cmake/Qt6/3rdparty/extra-cmake-modules/modules
-- Up-to-date: install/qt/lib/cmake/Qt6/3rdparty/kwin
-- Up-to-date: install/qt/lib/cmake/Qt6ZlibPrivate
-- Up-to-date: install/qt/lib/cmake/Qt6Core
-- Up-to-date: install/qt/lib/cmake/Qt6BundledLibpng
-- Up-to-date: install/qt/lib/cmake/Qt6PngPrivate
-- Up-to-date: install/qt/lib/cmake/Qt6BundledLibjpeg
-- Up-to-date: install/qt/lib/cmake/Qt6JpegPrivate
-- Up-to-date: install/qt/lib/cmake/Qt6BundledFreetype
-- Up-to-date: install/qt/lib/cmake/Qt6FreetypePrivate
-- Up-to-date: install/qt/lib/cmake/Qt6HarfbuzzPrivate
-- Up-to-date: install/qt/lib/cmake/Qt6Concurrent
-- Up-to-date: install/qt/lib/cmake/Qt6Sql
-- Up-to-date: install/qt/lib/cmake/Qt6Network
-- Up-to-date: install/qt/lib/cmake/Qt6Xml
-- Up-to-date: install/qt/lib/cmake/Qt6Gui
-- Up-to-date: install/qt/lib/cmake/Qt6ExampleIconsPrivate
-- Up-to-date: install/qt/lib/cmake/Qt6OpenGL
-- Up-to-date: install/qt/lib/cmake/Qt6Widgets
-- Up-to-date: install/qt/lib/cmake/Qt6OpenGLWidgets
-- Up-to-date: install/qt/lib/cmake/Qt6DeviceDiscoverySupportPrivate
-- Up-to-date: install/qt/lib/cmake/Qt6FbSupportPrivate
-- Up-to-date: install/qt/lib/cmake/Qt6TestInternalsPrivate
-- Up-to-date: install/qt/lib/cmake/Qt6TestInternalsPrivate/3rdparty
-- Up-to-date: install/qt/lib/cmake/Qt6TestInternalsPrivate/3rdparty/cmake
-- Up-to-date: install/qt/lib/cmake/Qt6Test
-- Up-to-date: install/qt/lib/cmake/Qt6PrintSupport
-- Up-to-date: install/qt/lib/cmake/Qt6HostInfo
-- Up-to-date: install/qt/lib/pkgconfig
-- Up-to-date: install/qt/lib/libQt6ExampleIcons.prl
-- Up-to-date: install/qt/lib/libQt6Core.prl
-- Up-to-date: install/qt/lib/libQt6DeviceDiscoverySupport.prl
-- Up-to-date: install/qt/lib/libQt6Concurrent.prl
-- Up-to-date: install/qt/lib/libQt6Xml.prl
-- Up-to-date: install/qt/lib/libQt6Test.prl
-- Up-to-date: install/qt/lib/libQt6Sql.prl
-- Up-to-date: install/qt/lib/libQt6Network.prl
-- Up-to-date: install/qt/lib/libQt6Gui.prl
-- Up-to-date: install/qt/lib/libQt6FbSupport.prl
-- Up-to-date: install/qt/lib/libQt6OpenGL.prl
-- Up-to-date: install/qt/lib/libQt6Widgets.prl
-- Up-to-date: install/qt/lib/libQt6OpenGLWidgets.prl
-- Up-to-date: install/qt/lib/libQt6PrintSupport.prl
  [01;33mProgram[0m server/event_filter/event_filter
  [01;33mProgram[0m server/nitpicker/nitpicker
  [01;33mProgram[0m server/report_rom/report_rom
  [01;33mProgram[0m sponge_pkgd/sponge_pkgd
  [01;33mProgram[0m test/textedit_probe/textedit_probe
  [01;33mProgram[0m timer/hpet/hpet_timer
make[1]: ディレクトリ '/home/luke/sponge-os/genode/build/x86_64' から出ます
genode build completed
building targets: kernel/sel4 lib/ld-sel4
spawn make kernel/sel4 lib/ld-sel4
make[1]: ディレクトリ '/home/luke/sponge-os/genode/build/x86_64' に入ります
  [00;33mLibrary[0m kernel-sel4-pc.lib.a
ninja: Jobserver mode detected:  -j128 --jobserver-auth=fifo:/tmp/GMfifo3630101 --no-print-directory -- DEBUG_DIR=/home/luke/sponge-os/genode/build/x86_64/debug INSTALL_DIR=/home/luke/sponge-os/genode/build/x86_64/bin BUILD_BASE_DIR=/home/luke/sponge-os/genode/build/x86_64 SHARED_LIBS= ARCHIVES= LIB=kernel-sel4-pc LIB_MK=/home/luke/sponge-os/genode/repos/base-sel4/lib/mk/spec/x86_64/kernel-sel4-pc.mk REP_DIR=/home/luke/sponge-os/genode/repos/base-sel4 SHELL=/usr/bin/bash
ninja: no work to do.
  [00;33mLibrary[0m syscall-sel4-pc.lib.a
  [00;33mLibrary[0m syscall-sel4.lib.a
  [00;33mLibrary[0m startup-sel4.lib.a
  [00;33mLibrary[0m base-sel4-common.lib.a
  [00;33mLibrary[0m timeout.lib.a
  [00;33mLibrary[0m cxx.lib.a
  [00;33mLibrary[0m base-sel4.lib.a
  [00;33mLibrary[0m ldso_so_support.lib.a
  [00;33mLibrary[0m ld-sel4.lib.so
  [01;33mProgram[0m kernel/sel4/sel4-pc
make[1]: ディレクトリ '/home/luke/sponge-os/genode/build/x86_64' から出ます
genode build completed
using 'core-sel4.a' as 'core.a'
using 'hpet_timer' as 'timer'
using 'ld-sel4.lib.so' as 'ld.lib.so'
install bootloader
creating ISO image...
xorriso 1.5.8.pl02 : RockRidge filesystem manipulator, libburnia project.

spawn qemu-system-x86_64 -nographic -m 2G -device nec-usb-xhci,id=xhci -device usb-tablet -qmp tcp:127.0.0.1:26427,server=on,wait=off -serial mon:stdio -cdrom var/run/sponge-textedit-qmp.iso -machine q35 -cpu Skylake-Client -net nic,model=e1000,netdev=net0 -netdev user,id=net0
qemu-system-x86_64: warning: TCG doesn't support requested feature: CPUID[eax=01h].ECX.pcid [bit 17]
qemu-system-x86_64: warning: TCG doesn't support requested feature: CPUID[eax=01h].ECX.tsc-deadline [bit 24]
qemu-system-x86_64: warning: TCG doesn't support requested feature: CPUID[eax=07h,ecx=00h].EBX.hle [bit 4]
qemu-system-x86_64: warning: TCG doesn't support requested feature: CPUID[eax=07h,ecx=00h].EBX.invpcid [bit 10]
qemu-system-x86_64: warning: TCG doesn't support requested feature: CPUID[eax=07h,ecx=00h].EBX.rtm [bit 11]
qemu-system-x86_64: warning: TCG doesn't support requested feature: CPUID[eax=0Dh,ecx=01h].EAX.xsavec [bit 1]
c[?7l[2J[0mSeaBIOS (version Arch Linux 1.17.0-2-2)


iPXE (http://ipxe.org) 00:02.0 C900 PCI2.10 PnP PMM+7EFD3D80+7EF33D80 C900
Press Ctrl-B to configure iPXE (PCI 00:02.0)...                                                                               


Booting from Hard Disk...
Boot failed: could not read the boot disk

Booting from DVD/CD...
error: can't find command `loadfont'.
  Booting `Genode on seL4'


Bender Version 0.9-beta7-51-g28ba2ad-dirty
Patching BDA with I/O port 0x3f8.
Bender: Hello World.
hwp config: eeo=na irq=na hwp=na epp=na epb=na
Boot config: debug_port = 0x3f8
Boot config: disable_iommu = true
  module #0: start=0xa9df000 end=0xfdf63c0 size=0x54173c0 name='image.elf'
	Physical Memory Region from 0 size 9fc00 type 1
	Physical Memory Region from 9fc00 size 400 type 2
	Physical Memory Region from f0000 size 10000 type 2
	Physical Memory Region from 100000 size 7fede000 type 1
Adding physical memory region 0x100000-0x7ffde000
	Physical Memory Region from 7ffde000 size 22000 type 2
	Physical Memory Region from b0000000 size 10000000 type 2
	Physical Memory Region from fed1c000 size 4000 type 2
	Physical Memory Region from fffc0000 size 40000 type 2
Got framebuffer info in multiboot2. Current video mode is at physical address=fd000000 pitch=5120 resolution=1280x800@32 type=1
Detected 1 boot module(s):
Kernel loaded to: start=0x200000 end=0xe3e000 size=0xc3e000 entry=0x200298
ACPI: RSDT paddr=0x7ffe2355
ACPI: RSDT vaddr=0x7ffe2355
ACPI: FADT paddr=0x7ffe214d
ACPI: FADT vaddr=0x7ffe214d
ACPI: FADT flags=0x84a5
ACPI: MADT paddr=0x7ffe2241
ACPI: MADT vaddr=0x7ffe2241
ACPI: MADT apic_addr=0xfee00000
ACPI: MADT flags=0x1
ACPI: MADT_APIC apic_id=0x0
ACPI: MADT_IOAPIC ioapic_id=0 ioapic_addr=0xfec00000 gsib=0
ACPI: MADT_ISO bus=0 source=0 gsi=2 flags=0x0
ACPI: MADT_ISO bus=0 source=5 gsi=5 flags=0xd
ACPI: MADT_ISO bus=0 source=9 gsi=9 flags=0xd
ACPI: MADT_ISO bus=0 source=10 gsi=10 flags=0xd
ACPI: MADT_ISO bus=0 source=11 gsi=11 flags=0xd
ACPI: 1 CPU(s) detected
ELF-loading userland images from boot modules:
size=0x6df6000 v_entry=0x2000018 v_start=0x2000000 v_end=0x8df6000 p_start=0xfdf7000 p_end=0x16bed000
Moving loaded userland images to final location: from=0xfdf7000 to=0xe3e000 size=0x6df6000
Starting node #0 with APIC ID 0
Mapping kernel window is done
vt-x: not supported
available phys memory regions: 1
  [100000..7ffde000]
reserved virt address space regions: 1
  [ffffff8000200000..ffffff8007c34000]
Booting all finished, dropped to user space
[34mWarning: device memory in range [0000000800000000,0000001000000000) is unavailable (due to limited untyped cnode range)[0m
[34mWarning: device memory in range [0000001000000000,0000002000000000) is unavailable (due to limited untyped cnode range)[0m
[34mWarning: device memory in range [0000002000000000,0000004000000000) is unavailable (due to limited untyped cnode range)[0m
[34mWarning: device memory in range [0000004000000000,0000008000000000) is unavailable (due to limited untyped cnode range)[0m
[34mWarning: device memory in range [0000008000000000,0000408000000000) is unavailable (due to limited untyped cnode range)[0m
[34mWarning: device memory in range [0000408000000000,0000608000000000) is unavailable (due to limited untyped cnode range)[0m
[34mWarning: device memory in range [0000608000000000,0000708000000000) is unavailable (due to limited untyped cnode range)[0m
[34mWarning: device memory in range [0000708000000000,0000788000000000) is unavailable (due to limited untyped cnode range)[0m
[34mWarning: device memory in range [0000788000000000,00007c8000000000) is unavailable (due to limited untyped cnode range)[0m
[34mWarning: device memory in range [00007c8000000000,00007e8000000000) is unavailable (due to limited untyped cnode range)[0m
[34mWarning: device memory in range [00007e8000000000,00007f8000000000) is unavailable (due to limited untyped cnode range)[0m
[34mWarning: device memory in range [00007f8000000000,0000800000000000) is unavailable (due to limited untyped cnode range)[0m
:phys_mem_16k:     Allocator 0x217aa58 dump:
 Block: [0000000000100000,0000000000a00000) size=9M avail=9M max_avail=9M
 Block: [0000000007c34000,0000000008000000) size=3888K avail=3888K max_avail=85456K
 Block: [000000000c000000,0000000011374000) size=85456K avail=85456K max_avail=85456K
 => mem_size=100925440 (96 MB) / mem_avail=100925440 (96 MB)

[34mWarning: device memory in range [0000000200000000,0000000400000000) is unavailable (due to limited untyped cnode range)[0m
[34mWarning: device memory in range [0000000400000000,0000000800000000) is unavailable (due to limited untyped cnode range)[0m
[34mWarning: device memory in range [0000000800000000,0000001000000000) is unavailable (due to limited untyped cnode range)[0m
[34mWarning: device memory in range [0000001000000000,0000002000000000) is unavailable (due to limited untyped cnode range)[0m
[34mWarning: device memory in range [0000002000000000,0000004000000000) is unavailable (due to limited untyped cnode range)[0m
[34mWarning: device memory in range [0000004000000000,0000008000000000) is unavailable (due to limited untyped cnode range)[0m
[34mWarning: device memory in range [0000008000000000,0000408000000000) is unavailable (due to limited untyped cnode range)[0m
[34mWarning: device memory in range [0000408000000000,0000608000000000) is unavailable (due to limited untyped cnode range)[0m
[34mWarning: device memory in range [0000608000000000,0000708000000000) is unavailable (due to limited untyped cnode range)[0m
[34mWarning: device memory in range [0000708000000000,0000788000000000) is unavailable (due to limited untyped cnode range)[0m
[34mWarning: device memory in range [0000788000000000,00007c8000000000) is unavailable (due to limited untyped cnode range)[0m
[34mWarning: device memory in range [00007c8000000000,00007e8000000000) is unavailable (due to limited untyped cnode range)[0m
[34mWarning: device memory in range [00007e8000000000,00007f8000000000) is unavailable (due to limited untyped cnode range)[0m
[34mWarning: device memory in range [00007f8000000000,0000800000000000) is unavailable (due to limited untyped cnode range)[0m
virtual address layout of core:
 overall    [0000000000002000,0000001000000000)
 core image [0000000002000000,0000000008df6000)
 ipc buffer [0000000008df6000,0000000008df7000)
 boot_info  [0000000008df7000,0000000008df8542)
 stack area [0000000040000000,0000000050000000)
[34mWarning: need physical memory, but Platform object not constructed yet[0m
[34mWarning: need physical memory, but Platform object not constructed yet[0m
[34mWarning: need physical memory, but Platform object not constructed yet[0m
Physical memory per PD at most: 512M
[34mWarning: need physical memory, but Platform object not constructed yet[0m
boot module 'config' (10341 bytes)
boot module 'acpi' (190328 bytes)
boot module 'event_filter' (332104 bytes)
boot module 'timer' (144744 bytes)
boot module 'init' (516744 bytes)
boot module 'init.hsd' (4125 bytes)
boot module 'init.xsd' (8118 bytes)
boot module 'ld.lib.so' (1112464 bytes)
boot module 'libQt6Concurrent.lib.so' (28864 bytes)
boot module 'libQt6Network.lib.so' (2028640 bytes)
boot module 'libQt6OpenGL.lib.so' (772904 bytes)
boot module 'libQt6OpenGLWidgets.lib.so' (66848 bytes)
boot module 'libQt6Sql.lib.so' (412752 bytes)
boot module 'libQt6Test.lib.so' (535192 bytes)
boot module 'libQt6Xml.lib.so' (194712 bytes)
boot module 'libqjpeg.lib.so' (668936 bytes)
boot module 'libqsqlite.lib.so' (1937728 bytes)
boot module 'nitpicker' (530480 bytes)
boot module 'pc_platform' (724960 bytes)
boot module 'pc_usb_host' (1564952 bytes)
boot module 'pci_decode' (171336 bytes)
boot module 'platform' (598984 bytes)
boot module 'ps2' (156880 bytes)
boot module 'qt6_libqjpeg.tar' (675840 bytes)
boot module 'qt6_libqsqlite.tar' (1945600 bytes)
boot module 'report_rom' (150784 bytes)
boot module 'sponge_pkgd' (218544 bytes)
boot module 'textedit_probe' (166400 bytes)
boot module 'usb_hid' (1131360 bytes)
boot module 'vesa_fb' (334560 bytes)
boot module 'textedit' (220704 bytes)
boot module 'textedit.config' (363 bytes)
boot module 'libQt6Core.lib.so' (8167128 bytes)
boot module 'libQt6Gui.lib.so' (11824264 bytes)
boot module 'libQt6Widgets.lib.so' (9479856 bytes)
boot module 'libQt6PrintSupport.lib.so' (497608 bytes)
boot module 'libqgenode.lib.so' (355024 bytes)
boot module 'qt6_libqgenode.tar' (358400 bytes)
boot module 'qt6_dejavusans.tar' (768000 bytes)
boot module 'egl.lib.so' (179040 bytes)
boot module 'mesa.lib.so' (28240248 bytes)
boot module 'glapi.lib.so' (578776 bytes)
boot module 'mesa_gpu-softpipe.lib.so' (207456 bytes)
boot module 'libdrm.lib.so' (223560 bytes)
boot module 'libpng.lib.so' (257960 bytes)
boot module 'freetype.lib.so' (633384 bytes)
boot module 'jpeg.lib.so' (337328 bytes)
boot module 'expat.lib.so' (202952 bytes)
boot module 'zlib.lib.so' (108384 bytes)
boot module 'stdcxx.lib.so' (2735712 bytes)
boot module 'libc.lib.so' (2598456 bytes)
boot module 'libm.lib.so' (291512 bytes)
boot module 'qt6_component.lib.so' (34224 bytes)
boot module 'vfs.lib.so' (804616 bytes)
boot module 'vfs_gpu.lib.so' (102072 bytes)
boot module 'vfs_pipe.lib.so' (83792 bytes)
boot module 'pkg_textedit.xml' (1147 bytes)
boot module 'pkg_index.xml' (48 bytes)
boot module 'en_us.chargen' (8852 bytes)
boot module 'special.chargen' (1218 bytes)
boot module 'drivers.config' (4838 bytes)
boot module 'fb.config' (53 bytes)
boot module 'event_filter.config' (436 bytes)
[34mWarning: need physical memory, but Platform object not constructed yet[0m
[34mWarning: need physical memory, but Platform object not constructed yet[0m
Genode v0.1.0-alpha-11-g31fd536723 <local changes>
1547 MiB RAM and 523288 caps assigned to init
[init -> timer] timers=3, clock 10000000fs , 64bit counter , legacy routing support vendor=0x8086
[init -> timer] timer0 GSI options 0xff0104, supports periodic
[init -> timer] timer1 GSI options 0xff0104, supports periodic
[init -> timer] timer2 GSI options 0xff0104, supports periodic
[init -> timer] time wraps after 5849 years
[init -> timer] irqs=off legacy=off
[init -> timer] Using timer 2 -> using GSI 2 edge triggered
[init -> sponge_pkgd] sponge_pkgd: ready
[init -> sponge_pkgd] sponge_pkgd: binary_prefix=''
[init -> textedit_probe] textedit-probe: starting
[init -> textedit_probe] textedit-probe: [1] install textedit via sponge_pkgd
[init -> textedit_probe] textedit-probe: [1] install ok
[init -> textedit_probe] textedit-probe: [2] verify installed broadcast lists textedit stopped
[init -> textedit_probe] textedit-probe: [2] installed broadcast lists textedit running=no
[init -> textedit_probe] textedit-probe: [3] launch textedit via sponge_pkgd
[init -> sponge_pkgd] sponge_pkgd: launch result textedit -> ok (channel=primary)
[init -> drivers -> acpi] Found MADT
[init -> drivers -> acpi] MADT IRQ 0 -> GSI 2 flags: 0
[init -> drivers -> acpi] MADT IRQ 5 -> GSI 5 flags: 13
[init -> drivers -> acpi] MADT IRQ 9 -> GSI 9 flags: 13
[init -> drivers -> acpi] MADT IRQ 10 -> GSI 10 flags: 13
[init -> drivers -> acpi] MADT IRQ 11 -> GSI 11 flags: 13
[init -> drivers -> acpi] Found HPET hw_id=0x1  vendor_id=0x8086 space_id=0x0 addr=0xfed00000 hpet_id=0x0
[init -> drivers -> acpi] Found MCFG
[init -> drivers -> acpi] MCFG BASE 0xb0000000 seg 0x0 bus 0x0-0xff
[init -> drivers -> acpi] RSDT OEM 'BOCHS ', table id 'BXPC    ', revision 1, creator 'BXPC' (1)
[init -> textedit_probe] textedit-probe: [3] launch ok
[init -> textedit_probe] textedit-probe: [4] verify installed broadcast now lists textedit running
[init -> textedit_probe] textedit-probe: [4] installed broadcast lists textedit running=yes
[init -> textedit_probe] textedit-probe: [5] wait for textedit window render
[init -> textedit_probe] textedit-probe: capture poll 0 rendered_frac=0% color_buckets=1
[init -> drivers -> acpi] [34mWarning: SMBIOSv3 entry point invalid[0m
[init -> drivers -> acpi] SMBIOSv2 table (entry point: 0x1b6510 structures: 0xf6530)
[init -> drivers -> fb] fb mapped to 0x6000
[init -> drivers -> ps2] Using keyboard with scan code set 1 (xlate)
[init -> drivers -> ps2] detected ExPS/2 mouse - activating scroll-wheel and 5-button support
[init -> drivers -> usb] SLUB: HWalign=64, Order=0-1, MinObjects=0, CPUs=1, Nodes=1
[init -> drivers -> fb] Found: VESA BIOS version 3.0
[init -> drivers -> fb] OEM: SeaBIOS VBE(C) 2011
[init -> drivers -> usb] NR_IRQS: 4352, nr_irqs: 4352, preallocated irqs: 256
[init -> textedit_probe] textedit-probe: capture poll 10 rendered_frac=0% color_buckets=1
[init -> drivers -> usb] clocksource: dde_counter: mask: 0xffffffffffffff max_cycles: 0x1d854df40, max_idle_ns: 3526361616960 ns
[init -> drivers -> usb] clocksource: jiffies: mask: 0xffffffff max_cycles: 0xffffffff, max_idle_ns: 7645041785100000 ns
[init -> drivers -> usb] usbcore: registered new interface driver usbfs
[init -> drivers -> usb] usbcore: registered new interface driver hub
[init -> drivers -> usb] usbcore: registered new device driver usb
[init -> drivers -> fb] Found: physical frame buffer at 0xfd000000 size: 16777216
[init -> drivers -> fb] fb mapped to 0x17000000
[init -> drivers -> usb] clocksource: Switched to clocksource dde_counter
[init -> drivers -> usb] usbcore: registered new interface driver genode
[init -> drivers -> usb] xhci_hcd 00:03.0: xHCI Host Controller
[init -> drivers -> usb] xhci_hcd 00:03.0: new USB bus registered, assigned bus number 1
[init -> drivers -> usb] xhci_hcd 00:03.0: hcc params 0x00087001 hci version 0x100 quirks 0x0000000000000014
[init -> drivers -> fb] using 1024x768 (1024x768)
[init -> drivers -> usb] xhci_hcd 00:03.0: xHCI Host Controller
[init -> drivers -> usb] xhci_hcd 00:03.0: new USB bus registered, assigned bus number 2
[init -> drivers -> usb] xhci_hcd 00:03.0: Host supports USB 3.0 SuperSpeed
[init -> drivers -> usb] hub 1-0:1.0: USB hub found
[init -> drivers -> usb] hub 1-0:1.0: 4 ports detected
[34mWarning: flush page table entries - mapping cache full - PD: init -> drivers -> fb out of CAP[0m
[init -> drivers -> usb] usb usb2: We don't know the algorithms for LPM for this host, disabling LPM.
[init -> drivers -> usb] hub 2-0:1.0: USB hub found
[init -> drivers -> usb] hub 2-0:1.0: 4 ports detected
[init -> drivers -> usb] sched_clock: Marking stable (899513000, 809935000)->(2240413000, -530965000)
[init -> textedit_probe] textedit-probe: capture poll 20 rendered_frac=0% color_buckets=1
[init -> drivers -> usb_hid] SLUB: HWalign=64, Order=0-1, MinObjects=0, CPUs=1, Nodes=1
[init -> drivers -> usb_hid] clocksource: dde_counter: mask: 0xffffffffffffff max_cycles: 0x1d854df40, max_idle_ns: 3526361616960 ns
[init -> drivers -> usb_hid] clocksource: jiffies: mask: 0xffffffff max_cycles: 0xffffffff, max_idle_ns: 7645041785100000 ns
[init -> drivers -> usb_hid] usbcore: registered new interface driver usbfs
[init -> drivers -> usb_hid] usbcore: registered new interface driver hub
[init -> drivers -> usb_hid] usbcore: registered new device driver usb
[init -> drivers -> usb_hid] clocksource: Switched to clocksource dde_counter
[init -> drivers -> usb_hid] usbcore: registered new interface driver usbhid
[init -> drivers -> usb_hid] hid_core: USB HID core driver
[init -> drivers -> usb_hid] sched_clock: Marking stable (0, 3826310000)->(4173904000, -347594000)
[init -> pkg_runtime -> textedit] [34mWarning: Libc RNG not configured[0m
[init -> drivers -> usb] usb 1-1: new high-speed USB device number 2 using xhci_hcd
[init -> pkg_runtime -> textedit] [34mWarning: ignoring unsupported RTLD_GLOBAL in dlopen()[0m
[init -> pkg_runtime -> textedit] libEGL warning: MESA-LOADER: failed to retrieve device information
[init -> pkg_runtime -> textedit] 
[init -> pkg_runtime -> textedit] libEGL warning: failed to get driver name for fd 0
[init -> pkg_runtime -> textedit] 
[init -> textedit_probe] textedit-probe: capture poll 30 rendered_frac=0% color_buckets=1
[init -> drivers -> usb_hid] input: QEMU QEMU USB Tablet as /devices/usb-1-2/0-0:1.0/0003:0627:0001.0001/input/input0
[init -> drivers -> usb_hid] Connected device: input0 (QEMU QEMU USB Tablet at usb-usbbus-0/input0) POINTER
[init -> drivers -> usb_hid] hid-generic 0003:0627:0001.0001: input: USB HID v0.01 Mouse [QEMU QEMU USB Tablet] on usb-usbbus-0/input0
[init -> textedit_probe] textedit-probe: capture poll 40 rendered_frac=100% color_buckets=1
[34mWarning: flush page table entries - mapping cache full - PD: init -> drivers -> fb out of CAP[0m
[34mWarning: flush page table entries - mapping cache full - PD: init -> drivers -> fb out of CAP[0m
[init -> textedit_probe] textedit-probe: textedit window detected (100% non-bg, 44 distinct color buckets)
[init -> textedit_probe] textedit-probe: [6] launch nosuchpkg-14 -> not-installed
[init -> sponge_pkgd] sponge_pkgd: launch result nosuchpkg-14 -> not-installed (channel=primary)
[34mWarning: flush page table entries - mapping cache full - PD: init -> drivers -> fb out of CAP[0m
[34mWarning: flush page table entries - mapping cache full - PD: init -> drivers -> fb out of CAP[0m
[init -> textedit_probe] textedit-probe: [6] not-installed reported
[init -> textedit_probe] textedit-probe: [7] double-launch textedit -> already-running
[34mWarning: flush page table entries - mapping cache full - PD: init -> drivers -> fb out of CAP[0m
[init -> sponge_pkgd] sponge_pkgd: launch result textedit -> already-running (channel=primary)
[init -> textedit_probe] textedit-probe: [7] already-running reported
[init -> textedit_probe] QMP-TARGET absmove 512 384

qmp: absmove to (512,384)
[init -> textedit_probe] textedit-probe: [8a] bisect view pixel at (96,96): r=255 g=0 b=255 (probe view visible)
[init -> textedit_probe] textedit-probe: [8a] bisect -- move pointer onto probe view
[init -> textedit_probe] QMP-TARGET move -100 -100
[init -> textedit_probe] QMP-TARGET move -100 -100
[init -> textedit_probe] QMP-TARGET move -100 -100
[init -> textedit_probe] QMP-TARGET move -100 -100
[init -> textedit_probe] QMP-TARGET move -100 -100
[init -> textedit_probe] QMP-TARGET move -100 -100
[init -> textedit_probe] QMP-TARGET move -100 -71
[init -> textedit_probe] QMP-TARGET move -100 0
[init -> textedit_probe] QMP-TARGET move -100 0
[init -> textedit_probe] QMP-TARGET move -27 0
[init -> textedit_probe] textedit-probe: pointer reached (96,96) ~ target (96,96)
[init -> textedit_probe] QMP-TARGET press

qmp: press
[34mWarning: flush page table entries - mapping cache full - PD: init -> drivers -> fb out of CAP[0m
[init -> textedit_probe] textedit-probe: [8a] post-press nitpicker reports:
[init -> textedit_probe] textedit-probe: focus report: focus | label: textedit_probe -> probe-input | color: #ffffff | domain: edit | active: yes
[init -> textedit_probe] -
[init -> textedit_probe] 
[init -> textedit_probe] textedit-probe: clicked report: clicked | label: textedit_probe -> probe-input | color: #ffffff | domain: edit | version: 1
[init -> textedit_probe] -
[init -> textedit_probe] 
[init -> textedit_probe] textedit-probe: hover report: hover | label: textedit_probe -> probe-input | color: #ffffff | domain: edit | active: yes | xpos: 123 | ypos: 96
[init -> textedit_probe] -
[init -> textedit_probe] 
[init -> textedit_probe] textedit-probe: pointer report: pointer | xpos: 96 | ypos: 96
[init -> textedit_probe] -
[init -> textedit_probe] 
[init -> textedit_probe] textedit-probe: keystate report: keystate | count: 0
[init -> textedit_probe] -
[init -> textedit_probe] 
[init -> textedit_probe] textedit-probe: [8a] bisect -- request type 'hello' to probe view
[init -> textedit_probe] QMP-TARGET type hello

qmp: dispatching type 'hello'
[init -> drivers -> ps2] process 0x23 scan code set 1
[init -> drivers -> ps2] post PRESS, key_code = KEY_H
[init -> drivers -> ps2] process 0xa3 scan code set 1
[init -> drivers -> ps2] post RELEASE, key_code = KEY_H
[init -> drivers -> ps2] process 0x12 scan code set 1
[init -> drivers -> ps2] post PRESS, key_code = KEY_E
[init -> drivers -> ps2] process 0x92 scan code set 1
[init -> drivers -> ps2] post RELEASE, key_code = KEY_E
[init -> drivers -> ps2] process 0x26 scan code set 1
[init -> drivers -> ps2] post PRESS, key_code = KEY_L
[init -> drivers -> ps2] process 0xa6 scan code set 1
[init -> drivers -> ps2] post RELEASE, key_code = KEY_L
[init -> drivers -> ps2] process 0x26 scan code set 1
[init -> drivers -> ps2] post PRESS, key_code = KEY_L
[init -> drivers -> ps2] process 0xa6 scan code set 1
[init -> drivers -> ps2] post RELEASE, key_code = KEY_L
[init -> drivers -> ps2] process 0x18 scan code set 1
[init -> drivers -> ps2] post PRESS, key_code = KEY_O
[init -> drivers -> ps2] process 0x98 scan code set 1
[init -> drivers -> ps2] post RELEASE, key_code = KEY_O
[init -> textedit_probe] textedit-probe: [8a] bisect result: key_presses=5 btn_presses=1 other=5
[init -> textedit_probe] textedit-probe: [8] qmp mode -- focus click at document center (512,424)
[init -> textedit_probe] QMP-TARGET move 100 100
[init -> textedit_probe] QMP-TARGET move 100 100
[init -> textedit_probe] QMP-TARGET move 100 100
[init -> textedit_probe] QMP-TARGET move 100 28
[init -> textedit_probe] QMP-TARGET move 16 0
[init -> textedit_probe] textedit-probe: pointer reached (512,424) ~ target (512,424)
[init -> textedit_probe] QMP-TARGET press

qmp: press
[34mWarning: flush page table entries - mapping cache full - PD: init -> drivers -> fb out of CAP[0m
[34mWarning: flush page table entries - mapping cache full - PD: init -> drivers -> fb out of CAP[0m
[34mWarning: flush page table entries - mapping cache full - PD: init -> drivers -> fb out of CAP[0m
[34mWarning: flush page table entries - mapping cache full - PD: init -> drivers -> fb out of CAP[0m
[34mWarning: flush page table entries - mapping cache full - PD: init -> drivers -> fb out of CAP[0m
[init -> textedit_probe] textedit-probe: [8] click delta=0 of 3456 sampled points
[init -> textedit_probe] textedit-probe: [8] post-click nitpicker reports:
[init -> textedit_probe] textedit-probe: focus report: focus | label: pkg_runtime -> textedit -> example.html[*] - Rich .. | color: #ffffff | domain: edit | active: yes
[init -> textedit_probe] -
[init -> textedit_probe] 
[init -> textedit_probe] textedit-probe: clicked report: clicked | label: pkg_runtime -> textedit -> example.html[*] - Rich .. | color: #ffffff | domain: edit | version: 2
[init -> textedit_probe] -
[init -> textedit_probe] 
[init -> textedit_probe] textedit-probe: hover report: hover | label: pkg_runtime -> textedit -> example.html[*] - Rich .. | color: #ffffff | domain: edit | active: yes | xpos: 296 | ypos: 296
[init -> textedit_probe] -
[init -> textedit_probe] 
[init -> textedit_probe] textedit-probe: pointer report: pointer | xpos: 512 | ypos: 424
[init -> textedit_probe] -
[init -> textedit_probe] 
[init -> textedit_probe] textedit-probe: keystate report: keystate | count: 0
[init -> textedit_probe] -
[init -> textedit_probe] 
[init -> textedit_probe] textedit-probe: [8] cursor-blink baseline delta=0 of 3456 sampled points
[init -> textedit_probe] textedit-probe: [9] request QMP type 'hello'
[init -> textedit_probe] QMP-TARGET type hello

qmp: dispatching type 'hello'
[init -> textedit_probe] QMP-TARGET end
[init -> drivers -> ps2] process 0x23 scan code set 1
[init -> drivers -> ps2] post PRESS, key_code = KEY_H
[34mWarning: flush page table entries - mapping cache full - PD: init -> drivers -> fb out of CAP[0m

qmp: marker sequence complete
[init -> drivers -> ps2] process 0xa3 scan code set 1
[init -> drivers -> ps2] post RELEASE, key_code = KEY_H
[init -> drivers -> ps2] process 0x12 scan code set 1
[init -> drivers -> ps2] post PRESS, key_code = KEY_E
[34mWarning: flush page table entries - mapping cache full - PD: init -> drivers -> fb out of CAP[0m
[init -> drivers -> ps2] process 0x92 scan code set 1
[init -> drivers -> ps2] post RELEASE, key_code = KEY_E
[init -> textedit_probe] textedit-probe: [9] typed-delta poll 0 delta=24 keystate=0
[init -> textedit_probe] textedit-probe: [9] typed text rendered via QMP send-key (typed delta=24 > 2x baseline 0)
[init -> textedit_probe] textedit-probe: PASS

Run script execution successful.
make: ディレクトリ '/home/luke/sponge-os/genode/build/x86_64' から出ます
