make: ディレクトリ '/home/luke/sponge-os/genode/build/x86_64'　に入ります
including /home/luke/sponge-os/genode/tool/run/power_on/linux
including /home/luke/sponge-os/genode/tool/run/log/linux
including /home/luke/sponge-os/genode/tool/run/boot_dir/linux
including /home/luke/sponge-os/repos/sponge/run/sponge-panel-config.run
building targets:  core lib/ld init timer server/report_rom server/nitpicker sponge_configd sponge-de test/sponge_de_probe qt6/base lib/libc lib/libm lib/stdcxx lib/mesa lib/mesa_gpu-softpipe lib/egl lib/softpipe lib/libdrm lib/expat lib/qt6_component lib/vfs lib/vfs_pipe lib/vfs_gpu lib/rom_filter lib/zlib lib/libpng lib/blit 
spawn make core lib/ld init timer server/report_rom server/nitpicker sponge_configd sponge-de test/sponge_de_probe qt6/base lib/libc lib/libm lib/stdcxx lib/mesa lib/mesa_gpu-softpipe lib/egl lib/softpipe lib/libdrm lib/expat lib/qt6_component lib/vfs lib/vfs_pipe lib/vfs_gpu lib/rom_filter lib/zlib lib/libpng lib/blit
make[1]: ディレクトリ '/home/luke/sponge-os/genode/build/x86_64' に入ります
Library-description file 'rom_filter.mk' is missing
  [00;33mLibrary[0m ld.abi.so
  [00;33mLibrary[0m ldso_so_support.lib.a
  [00;33mLibrary[0m syscall-linux.lib.a
  [00;33mLibrary[0m base-linux-common.lib.a
  [00;33mLibrary[0m timeout.lib.a
  [00;33mLibrary[0m startup-linux.lib.a
  [00;33mLibrary[0m cxx.lib.a
  [00;33mLibrary[0m seccomp.lib.a
  [00;33mLibrary[0m base-linux.lib.a
  [00;33mLibrary[0m ld-linux.lib.so
  [00;33mLibrary[0m ld.lib.so
  [00;33mLibrary[0m libc.abi.so
  [00;33mLibrary[0m libc-string.lib.a
  [00;33mLibrary[0m libc-locale.lib.a
  [00;33mLibrary[0m libc-stdlib.lib.a
  [00;33mLibrary[0m libc-stdio.lib.a
  [00;33mLibrary[0m libc-gen.lib.a
  [00;33mLibrary[0m libc-gdtoa.lib.a
  [00;33mLibrary[0m libc-inet.lib.a
  [00;33mLibrary[0m libc-stdtime.lib.a
  [00;33mLibrary[0m libc-regex.lib.a
  [00;33mLibrary[0m libc-compat.lib.a
  [00;33mLibrary[0m libc-setjmp.lib.a
  [00;33mLibrary[0m libc-mem.lib.a
  [00;33mLibrary[0m libc-resolv.lib.a
  [00;33mLibrary[0m libc-isc.lib.a
  [00;33mLibrary[0m libc-nameser.lib.a
  [00;33mLibrary[0m libc-net.lib.a
  [00;33mLibrary[0m libc-rpc.lib.a
  [00;33mLibrary[0m libc-tzcode.lib.a
  [00;33mLibrary[0m libc-libkern.lib.a
  [00;33mLibrary[0m base.lib.a
  [00;33mLibrary[0m vfs.abi.so
  [00;33mLibrary[0m libc.lib.so
  [00;33mLibrary[0m libm.abi.so
  [00;33mLibrary[0m libm.lib.so
  [00;33mLibrary[0m stdcxx.abi.so
  [00;33mLibrary[0m stdcxx-c++98.lib.a
  [00;33mLibrary[0m stdcxx-c++11.lib.a
  [00;33mLibrary[0m stdcxx-c++17.lib.a
  [00;33mLibrary[0m stdcxx-c++20.lib.a
  [00;33mLibrary[0m stdcxx.lib.so
  [00;33mLibrary[0m mesa.abi.so
  [00;33mLibrary[0m iris_gen80.lib.a
  [00;33mLibrary[0m iris_gen90.lib.a
  [00;33mLibrary[0m iris_gen110.lib.a
  [00;33mLibrary[0m iris_gen120.lib.a
  [00;33mLibrary[0m iris_gen125.lib.a
  [00;33mLibrary[0m iris_gen200.lib.a
  [00;33mLibrary[0m isl_gen80.lib.a
  [00;33mLibrary[0m isl_gen90.lib.a
  [00;33mLibrary[0m isl_gen110.lib.a
  [00;33mLibrary[0m isl_gen120.lib.a
  [00;33mLibrary[0m isl_gen125.lib.a
  [00;33mLibrary[0m isl_gen200.lib.a
  [00;33mLibrary[0m libdrm.abi.so
  [00;33mLibrary[0m expat.abi.so
  [00;33mLibrary[0m zlib.abi.so
  [00;33mLibrary[0m iris.lib.a
  [00;33mLibrary[0m softpipe.lib.a
  [00;33mLibrary[0m mesa_api.lib.a
  [00;33mLibrary[0m format.lib.a
  [00;33mLibrary[0m glapi.lib.so
  [00;33mLibrary[0m mesa.lib.so
  [00;33mLibrary[0m egl.abi.so
  [00;33mLibrary[0m mesa_gpu-softpipe.lib.so
  [00;33mLibrary[0m blit.lib.a
  [00;33mLibrary[0m egl.lib.so
  [00;33mLibrary[0m vfs_gpu.abi.so
  [00;33mLibrary[0m libdrm.lib.so
  [00;33mLibrary[0m expat.lib.so
  [00;33mLibrary[0m qt6_component.abi.so
  [00;33mLibrary[0m qt6_component.lib.so
  [00;33mLibrary[0m vfs.lib.so
  [00;33mLibrary[0m vfs_pipe.lib.so
  [00;33mLibrary[0m vfs_gpu.lib.so
  [00;33mLibrary[0m zlib.lib.so
  [00;33mLibrary[0m libpng.abi.so
  [00;33mLibrary[0m libpng.lib.so
  [00;33mLibrary[0m core-linux.lib.a
  [01;33mProgram[0m core/linux/core-linux
    COMPILE  version.o
    LINK     core-linux
  [01;33mProgram[0m init/init
  [00;33mLibrary[0m qt6_cmake.lib.a
  [00;33mLibrary[0m qoost.lib.a
  [01;33mProgram[0m qt6/base/qt6_base.cmake_target
[0m
-- Configuration summary has been written to /home/luke/sponge-os/genode/build/x86_64/qt6/base/config.summary[0m
[0m[0m
[33mCMake Warning (unused-cli):
  Manually-specified variables were not used by the project:

    FEATURE_system_md4c

[0m
[  1%] [1m[34mGenerating ../../../mkspecs/modules/qt_ext_libpng.pri[0m
[  1%] [1m[34mRunning syncqt.cpp for module: QtZlib[0m
[  2%] [1m[34mGenerating ../../mkspecs/modules/qt_lib_core_private.pri[0m
[  2%] [1m[34mGenerating mkspecs/qmodule.pri[0m
[  3%] [1m[34mGenerating pc file for target Qt6::Platform[0m
[  3%] [1m[34mRunning syncqt.cpp for module: QtPng[0m
[  3%] [1m[34mRunning syncqt.cpp for module: QtJpeg[0m
[  3%] [1m[34mGenerating ../../../mkspecs/modules/qt_ext_libjpeg.pri[0m
[  3%] [1m[34mRunning syncqt.cpp for module: QtHarfbuzz[0m
[  3%] [1m[34mRunning syncqt.cpp for module: QtFreetype[0m
[  3%] [1m[34mGenerating ../../../mkspecs/modules/qt_ext_freetype.pri[0m
[  3%] [1m[34mGenerating ../../mkspecs/modules/qt_lib_xml_private.pri[0m
[  3%] [1m[34mGenerating ../../mkspecs/modules/qt_lib_sql_private.pri[0m
[  3%] [1m[34mGenerating ../../mkspecs/modules/qt_lib_concurrent_private.pri[0m
[  3%] [1m[34mGenerating ../../mkspecs/modules/qt_lib_network_private.pri[0m
[  3%] [1m[34mGenerating ../../mkspecs/modules/qt_lib_gui_private.pri[0m
[  3%] [1m[34mGenerating ../../mkspecs/modules/qt_lib_testlib_private.pri[0m
[  3%] [1m[34mGenerating ../../mkspecs/modules/qt_lib_widgets_private.pri[0m
[  3%] [1m[34mGenerating ../../mkspecs/modules/qt_lib_openglwidgets_private.pri[0m
[  3%] [1m[34mGenerating ../../mkspecs/modules/qt_lib_printsupport_private.pri[0m
[  3%] [1m[34mGenerating ../../mkspecs/modules/qt_lib_opengl_private.pri[0m
[  3%] [1m[34mRunning syncqt.cpp for module: QtExampleIcons[0m
[  3%] Built target BundledLibpng_ext_pri
[  3%] Built target Platform
[  3%] Built target BundledLibjpeg_ext_pri
[  3%] Built target qmodule_pri
[  3%] Built target BundledFreetype_ext_pri
[  3%] Built target Concurrent_lib_pri
[  3%] Built target Core_lib_pri
[  3%] Built target Xml_lib_pri
[  3%] Built target Network_lib_pri
[  3%] Built target Sql_lib_pri
[  3%] Built target Test_lib_pri
[  3%] Built target Widgets_lib_pri
[  3%] Built target Gui_lib_pri
[  3%] Built target OpenGLWidgets_lib_pri
[  3%] Built target PrintSupport_lib_pri
[  3%] Built target OpenGL_lib_pri
[  3%] Built target JpegPrivate_sync_headers
[  3%] Built target PngPrivate_sync_headers
[  3%] Built target ZlibPrivate_sync_headers
[  3%] Built target HarfbuzzPrivate_sync_headers
[  3%] Built target FreetypePrivate_sync_headers
[  3%] Built target ExampleIconsPrivate_sync_headers
[  3%] [32mBuilding C object src/3rdparty/libjpeg/CMakeFiles/BundledLibjpeg16bits.dir/jccolor_16.c.o[0m
[  3%] [32mBuilding C object src/3rdparty/libjpeg/CMakeFiles/BundledLibjpeg12bits.dir/jcapistd_12.c.o[0m
[  3%] [32mBuilding C object src/3rdparty/libjpeg/CMakeFiles/BundledLibjpeg16bits.dir/jclossls_16.c.o[0m
[  3%] [32mBuilding C object src/3rdparty/pcre2/CMakeFiles/BundledPcre2.dir/src/pcre2_chartables.c.o[0m
[  3%] [32mBuilding C object src/3rdparty/libjpeg/CMakeFiles/BundledLibjpeg16bits.dir/jcdiffct_16.c.o[0m
[  3%] [32mBuilding C object src/3rdparty/libjpeg/CMakeFiles/BundledLibjpeg16bits.dir/jcmainct_16.c.o[0m
[  3%] [32mBuilding C object src/3rdparty/libjpeg/CMakeFiles/BundledLibjpeg16bits.dir/jcapistd_16.c.o[0m
[  3%] [32mBuilding C object src/3rdparty/libjpeg/CMakeFiles/BundledLibjpeg12bits.dir/jcsample_12.c.o[0m
[  3%] [32mBuilding C object src/3rdparty/libjpeg/CMakeFiles/BundledLibjpeg12bits.dir/jcmainct_12.c.o[0m
[  3%] [32mBuilding C object src/3rdparty/libjpeg/CMakeFiles/BundledLibjpeg12bits.dir/jclossls_12.c.o[0m
[  3%] [32mBuilding C object src/3rdparty/libjpeg/CMakeFiles/BundledLibjpeg16bits.dir/jcprepct_16.c.o[0m
[  3%] [32mBuilding C object src/3rdparty/libjpeg/CMakeFiles/BundledLibjpeg12bits.dir/jcdiffct_12.c.o[0m
[  3%] [32mBuilding C object src/3rdparty/pcre2/CMakeFiles/BundledPcre2.dir/src/pcre2_auto_possess.c.o[0m
[  3%] [32mBuilding C object src/3rdparty/libjpeg/CMakeFiles/BundledLibjpeg12bits.dir/jcprepct_12.c.o[0m
[  3%] [32mBuilding C object src/3rdparty/libjpeg/CMakeFiles/BundledLibjpeg12bits.dir/jccolor_12.c.o[0m
[  4%] [32mBuilding C object src/3rdparty/libjpeg/CMakeFiles/BundledLibjpeg16bits.dir/jcsample_16.c.o[0m
[  5%] [32mBuilding C object src/3rdparty/pcre2/CMakeFiles/BundledPcre2.dir/src/pcre2_chkdint.c.o[0m
[  5%] [32mBuilding C object src/3rdparty/libjpeg/CMakeFiles/BundledLibjpeg12bits.dir/jdcolor_12.c.o[0m
[  5%] [32mBuilding C object src/3rdparty/pcre2/CMakeFiles/BundledPcre2.dir/src/pcre2_config.c.o[0m
[  5%] [32mBuilding C object src/3rdparty/pcre2/CMakeFiles/BundledPcre2.dir/src/pcre2_compile_class.c.o[0m
[  5%] [32mBuilding C object src/3rdparty/pcre2/CMakeFiles/BundledPcre2.dir/src/pcre2_context.c.o[0m
[  5%] Built target JpegPrivate
[  5%] [32mBuilding C object src/3rdparty/pcre2/CMakeFiles/BundledPcre2.dir/src/pcre2_compile.c.o[0m
[  5%] [32mBuilding C object src/3rdparty/libjpeg/CMakeFiles/BundledLibjpeg12bits.dir/jdlossls_12.c.o[0m
[  5%] [32mBuilding C object src/3rdparty/libjpeg/CMakeFiles/BundledLibjpeg16bits.dir/jdapistd_16.c.o[0m
[  5%] [32mBuilding C object src/3rdparty/libjpeg/CMakeFiles/BundledLibjpeg12bits.dir/jdapistd_12.c.o[0m
[  5%] [32mBuilding C object src/3rdparty/libjpeg/CMakeFiles/BundledLibjpeg16bits.dir/jddiffct_16.c.o[0m
[  5%] [32mBuilding C object src/3rdparty/libjpeg/CMakeFiles/BundledLibjpeg16bits.dir/jdcolor_16.c.o[0m
[  5%] [32mBuilding C object src/3rdparty/pcre2/CMakeFiles/BundledPcre2.dir/src/pcre2_extuni.c.o[0m
[  5%] [32mBuilding C object src/3rdparty/pcre2/CMakeFiles/BundledPcre2.dir/src/pcre2_error.c.o[0m
[  5%] [32mBuilding C object src/3rdparty/pcre2/CMakeFiles/BundledPcre2.dir/src/pcre2_dfa_match.c.o[0m
[  5%] [32mBuilding C object src/3rdparty/libjpeg/CMakeFiles/BundledLibjpeg16bits.dir/jdmainct_16.c.o[0m
[  5%] [32mBuilding C object src/3rdparty/libjpeg/CMakeFiles/BundledLibjpeg12bits.dir/jdmainct_12.c.o[0m
[  5%] [32mBuilding C object src/3rdparty/libjpeg/CMakeFiles/BundledLibjpeg12bits.dir/jddiffct_12.c.o[0m
[  5%] [32mBuilding C object src/3rdparty/pcre2/CMakeFiles/BundledPcre2.dir/src/pcre2_find_bracket.c.o[0m
[  5%] [32mBuilding C object src/3rdparty/libjpeg/CMakeFiles/BundledLibjpeg16bits.dir/jdlossls_16.c.o[0m
[  5%] Built target PngPrivate
[  5%] [32mBuilding C object src/3rdparty/pcre2/CMakeFiles/BundledPcre2.dir/src/pcre2_jit_compile.c.o[0m
[  5%] [32mBuilding C object src/3rdparty/libjpeg/CMakeFiles/BundledLibjpeg16bits.dir/jdpostct_16.c.o[0m
[  5%] [32mBuilding C object src/3rdparty/libjpeg/CMakeFiles/BundledLibjpeg16bits.dir/jutils_16.c.o[0m
[  5%] [32mBuilding C object src/3rdparty/libjpeg/CMakeFiles/BundledLibjpeg16bits.dir/jdsample_16.c.o[0m
[  6%] [32mBuilding C object src/3rdparty/pcre2/CMakeFiles/BundledPcre2.dir/src/pcre2_maketables.c.o[0m
[  6%] [32mBuilding C object src/3rdparty/libjpeg/CMakeFiles/BundledLibjpeg12bits.dir/jdsample_12.c.o[0m
[  6%] [32mBuilding C object src/3rdparty/pcre2/CMakeFiles/BundledPcre2.dir/src/pcre2_newline.c.o[0m
[  6%] [32mBuilding C object src/3rdparty/libjpeg/CMakeFiles/BundledLibjpeg12bits.dir/jcdctmgr_12.c.o[0m
[  6%] [32mBuilding C object src/3rdparty/libjpeg/CMakeFiles/BundledLibjpeg12bits.dir/jccoefct_12.c.o[0m
[  6%] [32mBuilding C object src/3rdparty/libjpeg/CMakeFiles/BundledLibjpeg12bits.dir/jdpostct_12.c.o[0m
[  6%] [32mBuilding C object src/3rdparty/libjpeg/CMakeFiles/BundledLibjpeg12bits.dir/jutils_12.c.o[0m
[  6%] [32mBuilding C object src/3rdparty/libjpeg/CMakeFiles/BundledLibjpeg12bits.dir/jfdctint_12.c.o[0m
[  6%] [32mBuilding C object src/3rdparty/pcre2/CMakeFiles/BundledPcre2.dir/src/pcre2_match_data.c.o[0m
[  6%] [32mBuilding C object src/3rdparty/pcre2/CMakeFiles/BundledPcre2.dir/src/pcre2_match.c.o[0m
[  6%] [32mBuilding C object src/3rdparty/pcre2/CMakeFiles/BundledPcre2.dir/src/pcre2_ord2utf.c.o[0m
[  6%] [32mBuilding C object src/3rdparty/libjpeg/CMakeFiles/BundledLibjpeg12bits.dir/jdmerge_12.c.o[0m
[  6%] Built target ZlibPrivate
[  6%] [32mBuilding C object src/3rdparty/pcre2/CMakeFiles/BundledPcre2.dir/src/pcre2_script_run.c.o[0m
[  6%] [32mBuilding C object src/3rdparty/pcre2/CMakeFiles/BundledPcre2.dir/src/pcre2_string_utils.c.o[0m
[  6%] [32mBuilding C object src/3rdparty/libjpeg/CMakeFiles/BundledLibjpeg12bits.dir/jddctmgr_12.c.o[0m
[  6%] [32mBuilding C object src/3rdparty/libjpeg/CMakeFiles/BundledLibjpeg12bits.dir/jfdctfst_12.c.o[0m
[  6%] [32mBuilding C object src/3rdparty/libjpeg/CMakeFiles/BundledLibjpeg12bits.dir/jidctfst_12.c.o[0m
[  6%] [32mBuilding C object src/3rdparty/pcre2/CMakeFiles/BundledPcre2.dir/src/pcre2_pattern_info.c.o[0m
[  6%] [32mBuilding C object src/3rdparty/pcre2/CMakeFiles/BundledPcre2.dir/src/pcre2_study.c.o[0m
[  6%] [32mBuilding C object src/3rdparty/libjpeg/CMakeFiles/BundledLibjpeg12bits.dir/jdcoefct_12.c.o[0m
[  6%] [32mBuilding C object src/3rdparty/pcre2/CMakeFiles/BundledPcre2.dir/src/pcre2_serialize.c.o[0m
[  6%] [32mBuilding C object src/3rdparty/pcre2/CMakeFiles/BundledPcre2.dir/src/pcre2_substring.c.o[0m
[  6%] [32mBuilding C object src/3rdparty/pcre2/CMakeFiles/BundledPcre2.dir/src/pcre2_substitute.c.o[0m
[  7%] [32mBuilding C object src/3rdparty/libjpeg/CMakeFiles/BundledLibjpeg12bits.dir/jidctflt_12.c.o[0m
[  7%] [32mBuilding C object src/3rdparty/pcre2/CMakeFiles/BundledPcre2.dir/src/pcre2_tables.c.o[0m
[  7%] [32mBuilding C object src/3rdparty/libjpeg/CMakeFiles/BundledLibjpeg12bits.dir/jquant1_12.c.o[0m
[  7%] [32mBuilding C object src/3rdparty/libjpeg/CMakeFiles/BundledLibjpeg12bits.dir/jidctint_12.c.o[0m
[  7%] [32mBuilding C object src/3rdparty/pcre2/CMakeFiles/BundledPcre2.dir/src/pcre2_ucd.c.o[0m
[  8%] [32mBuilding C object src/3rdparty/pcre2/CMakeFiles/BundledPcre2.dir/src/pcre2_valid_utf.c.o[0m
[  8%] [32mBuilding C object src/3rdparty/libjpeg/CMakeFiles/BundledLibjpeg12bits.dir/jidctred_12.c.o[0m
[  8%] [32mBuilding C object src/3rdparty/pcre2/CMakeFiles/BundledPcre2.dir/src/pcre2_xclass.c.o[0m
[  8%] [32mBuilding C object src/3rdparty/libjpeg/CMakeFiles/BundledLibjpeg12bits.dir/jquant2_12.c.o[0m
[  8%] [1m[34mRunning syncqt.cpp for module: QtCore[0m
[  8%] Built target ExampleIconsPrivate_autogen_timestamp_deps
[  8%] [1m[34mAutomatic MOC for target ExampleIconsPrivate[0m
[  8%] Built target ExampleIconsPrivate_autogen
[  8%] [1m[34mGenerating prl file for target ExampleIconsPrivate[0m
[  8%] [1m[34mRunning rcc for resource example_icons[0m
[  8%] [1m[34mRunning AUTOMOC file extraction for target ExampleIconsPrivate[0m
[  9%] [1m[34mRunning moc --collect-json for target ExampleIconsPrivate[0m
[  9%] [32mBuilding CXX object src/assets/icons/CMakeFiles/ExampleIconsPrivate.dir/ExampleIconsPrivate_autogen/mocs_compilation.cpp.o[0m
[  9%] [32mBuilding CXX object src/assets/icons/CMakeFiles/ExampleIconsPrivate.dir/.qt/rcc/qrc_example_icons.cpp.o[0m
[  9%] Built target Core_sync_headers
[  9%] [1m[34mGenerating .rcc/qmimeprovider_database.cpp[0m
[  9%] [32mBuilding C object src/3rdparty/zlib/CMakeFiles/BundledZLIB.dir/src/compress.c.o[0m
[  9%] [32mBuilding C object src/3rdparty/zlib/CMakeFiles/BundledZLIB.dir/src/crc32.c.o[0m
[  9%] [32mBuilding C object src/3rdparty/zlib/CMakeFiles/BundledZLIB.dir/src/deflate.c.o[0m
[  9%] [32mBuilding C object src/3rdparty/zlib/CMakeFiles/BundledZLIB.dir/src/gzread.c.o[0m
[  9%] [32mBuilding C object src/3rdparty/zlib/CMakeFiles/BundledZLIB.dir/src/adler32.c.o[0m
[  9%] [32mBuilding C object src/3rdparty/zlib/CMakeFiles/BundledZLIB.dir/src/gzclose.c.o[0m
[  9%] [1m[34mRunning syncqt.cpp for module: QtXml[0m
[  9%] [32mBuilding CXX object src/assets/icons/CMakeFiles/ExampleIconsPrivate_resources_1.dir/.qt/rcc/qrc_example_icons_init.cpp.o[0m
[  9%] [1m[34mRunning syncqt.cpp for module: QtConcurrent[0m
[  9%] [1m[34mRunning syncqt.cpp for module: QtSql[0m
[  9%] [32mBuilding C object src/3rdparty/zlib/CMakeFiles/BundledZLIB.dir/src/gzwrite.c.o[0m
[  9%] [32mBuilding CXX object src/3rdparty/harfbuzz-ng/CMakeFiles/BundledHarfbuzz.dir/hb-dummy.cc.o[0m
[  9%] [32mBuilding C object src/3rdparty/zlib/CMakeFiles/BundledZLIB.dir/src/gzlib.c.o[0m
[ 10%] [1m[34mRunning syncqt.cpp for module: QtNetwork[0m
[ 10%] [32mBuilding C object src/3rdparty/zlib/CMakeFiles/BundledZLIB.dir/src/inflate.c.o[0m
[ 10%] [32mBuilding C object src/3rdparty/zlib/CMakeFiles/BundledZLIB.dir/src/inffast.c.o[0m
[ 10%] [1m[34mRunning syncqt.cpp for module: QtDeviceDiscoverySupport[0m
[ 10%] [32mBuilding C object src/3rdparty/zlib/CMakeFiles/BundledZLIB.dir/src/infback.c.o[0m
[ 10%] [1m[34mRunning syncqt.cpp for module: QtGui[0m
[ 10%] [32mBuilding CXX object src/3rdparty/harfbuzz-ng/CMakeFiles/BundledHarfbuzz.dir/src/hb-aat-layout.cc.o[0m
[ 10%] [32mBuilding CXX object src/3rdparty/harfbuzz-ng/CMakeFiles/BundledHarfbuzz.dir/src/hb-blob.cc.o[0m
[ 10%] [32mBuilding C object src/3rdparty/zlib/CMakeFiles/BundledZLIB.dir/src/uncompr.c.o[0m
[ 10%] [32mBuilding CXX object src/3rdparty/harfbuzz-ng/CMakeFiles/BundledHarfbuzz.dir/src/hb-aat-map.cc.o[0m
[ 10%] [32mBuilding C object src/3rdparty/zlib/CMakeFiles/BundledZLIB.dir/src/inftrees.c.o[0m
[ 10%] [32mBuilding C object src/3rdparty/zlib/CMakeFiles/BundledZLIB.dir/src/trees.c.o[0m
[ 10%] [32mBuilding CXX object src/3rdparty/harfbuzz-ng/CMakeFiles/BundledHarfbuzz.dir/src/hb-buffer-serialize.cc.o[0m
[ 10%] [32mBuilding CXX object src/3rdparty/harfbuzz-ng/CMakeFiles/BundledHarfbuzz.dir/src/hb-buffer.cc.o[0m
[ 10%] [32mBuilding C object src/3rdparty/zlib/CMakeFiles/BundledZLIB.dir/src/zutil.c.o[0m
[ 10%] [32mBuilding CXX object src/3rdparty/harfbuzz-ng/CMakeFiles/BundledHarfbuzz.dir/src/hb-buffer-verify.cc.o[0m
[ 10%] [32mBuilding CXX object src/3rdparty/harfbuzz-ng/CMakeFiles/BundledHarfbuzz.dir/src/hb-draw.cc.o[0m
[ 10%] [32mBuilding CXX object src/3rdparty/harfbuzz-ng/CMakeFiles/BundledHarfbuzz.dir/src/hb-face.cc.o[0m
[ 11%] [32mBuilding CXX object src/3rdparty/harfbuzz-ng/CMakeFiles/BundledHarfbuzz.dir/src/hb-fallback-shape.cc.o[0m
[ 11%] [32mBuilding CXX object src/3rdparty/harfbuzz-ng/CMakeFiles/BundledHarfbuzz.dir/src/hb-font.cc.o[0m
[ 11%] [32mBuilding CXX object src/3rdparty/harfbuzz-ng/CMakeFiles/BundledHarfbuzz.dir/src/hb-map.cc.o[0m
[ 11%] [32mBuilding CXX object src/3rdparty/harfbuzz-ng/CMakeFiles/BundledHarfbuzz.dir/src/hb-number.cc.o[0m
[ 11%] [32mBuilding CXX object src/3rdparty/harfbuzz-ng/CMakeFiles/BundledHarfbuzz.dir/src/hb-face-builder.cc.o[0m
[ 11%] [32mBuilding CXX object src/3rdparty/harfbuzz-ng/CMakeFiles/BundledHarfbuzz.dir/src/hb-outline.cc.o[0m
[ 11%] [32mBuilding CXX object src/3rdparty/harfbuzz-ng/CMakeFiles/BundledHarfbuzz.dir/src/hb-paint.cc.o[0m
[ 11%] [32mBuilding CXX object src/3rdparty/harfbuzz-ng/CMakeFiles/BundledHarfbuzz.dir/src/hb-paint-extents.cc.o[0m
[ 11%] [32mBuilding CXX object src/3rdparty/harfbuzz-ng/CMakeFiles/BundledHarfbuzz.dir/src/hb-set.cc.o[0m
[ 11%] [32mBuilding CXX object src/3rdparty/harfbuzz-ng/CMakeFiles/BundledHarfbuzz.dir/src/hb-shape.cc.o[0m
[ 11%] [32mBuilding CXX object src/3rdparty/harfbuzz-ng/CMakeFiles/BundledHarfbuzz.dir/src/hb-shaper.cc.o[0m
[ 11%] [32mBuilding CXX object src/3rdparty/harfbuzz-ng/CMakeFiles/BundledHarfbuzz.dir/src/hb-shape-plan.cc.o[0m
[ 11%] [32mBuilding CXX object src/3rdparty/harfbuzz-ng/CMakeFiles/BundledHarfbuzz.dir/src/hb-style.cc.o[0m
[ 12%] [32mBuilding CXX object src/3rdparty/harfbuzz-ng/CMakeFiles/BundledHarfbuzz.dir/src/hb-subset.cc.o[0m
[ 12%] [32mBuilding CXX object src/3rdparty/harfbuzz-ng/CMakeFiles/BundledHarfbuzz.dir/src/hb-subset-cff-common.cc.o[0m
[ 12%] [32mBuilding CXX object src/3rdparty/harfbuzz-ng/CMakeFiles/BundledHarfbuzz.dir/src/hb-subset-cff1.cc.o[0m
[ 12%] [32mBuilding CXX object src/3rdparty/harfbuzz-ng/CMakeFiles/BundledHarfbuzz.dir/src/hb-subset-input.cc.o[0m
[ 12%] [32mBuilding CXX object src/3rdparty/harfbuzz-ng/CMakeFiles/BundledHarfbuzz.dir/src/hb-subset-instancer-solver.cc.o[0m
[ 12%] [32mBuilding CXX object src/3rdparty/harfbuzz-ng/CMakeFiles/BundledHarfbuzz.dir/src/hb-subset-plan.cc.o[0m
[ 12%] [32mBuilding CXX object src/3rdparty/harfbuzz-ng/CMakeFiles/BundledHarfbuzz.dir/src/hb-subset-instancer-iup.cc.o[0m
[ 12%] [32mBuilding CXX object src/3rdparty/harfbuzz-ng/CMakeFiles/BundledHarfbuzz.dir/src/hb-subset-cff2.cc.o[0m
[ 12%] [32mBuilding CXX object src/3rdparty/harfbuzz-ng/CMakeFiles/BundledHarfbuzz.dir/src/hb-subset-serialize.cc.o[0m
[ 12%] [32mBuilding CXX object src/3rdparty/harfbuzz-ng/CMakeFiles/BundledHarfbuzz.dir/src/hb-unicode.cc.o[0m
[ 12%] [32mBuilding CXX object src/3rdparty/harfbuzz-ng/CMakeFiles/BundledHarfbuzz.dir/src/hb-ot-cff1-table.cc.o[0m
[ 12%] [32mBuilding CXX object src/3rdparty/harfbuzz-ng/CMakeFiles/BundledHarfbuzz.dir/src/hb-ot-color.cc.o[0m
[ 12%] [32mBuilding CXX object src/3rdparty/harfbuzz-ng/CMakeFiles/BundledHarfbuzz.dir/src/hb-ot-face.cc.o[0m
[ 12%] [32mBuilding CXX object src/3rdparty/harfbuzz-ng/CMakeFiles/BundledHarfbuzz.dir/src/hb-ot-cff2-table.cc.o[0m
[ 13%] [32mBuilding CXX object src/3rdparty/harfbuzz-ng/CMakeFiles/BundledHarfbuzz.dir/src/hb-ot-font.cc.o[0m
[ 13%] [32mBuilding CXX object src/3rdparty/harfbuzz-ng/CMakeFiles/BundledHarfbuzz.dir/src/hb-ot-layout.cc.o[0m
[ 13%] [32mBuilding CXX object src/3rdparty/harfbuzz-ng/CMakeFiles/BundledHarfbuzz.dir/src/hb-ot-math.cc.o[0m
[ 13%] [32mBuilding CXX object src/3rdparty/harfbuzz-ng/CMakeFiles/BundledHarfbuzz.dir/src/hb-ot-metrics.cc.o[0m
[ 13%] [32mBuilding CXX object src/3rdparty/harfbuzz-ng/CMakeFiles/BundledHarfbuzz.dir/src/hb-ot-map.cc.o[0m
[ 13%] [32mBuilding CXX object src/3rdparty/harfbuzz-ng/CMakeFiles/BundledHarfbuzz.dir/src/hb-ot-meta.cc.o[0m
[ 13%] Built target DeviceDiscoverySupportPrivate_sync_headers
[ 13%] Built target Sql_sync_headers
[ 13%] [32mBuilding CXX object src/3rdparty/harfbuzz-ng/CMakeFiles/BundledHarfbuzz.dir/src/hb-ot-name.cc.o[0m
[ 13%] Built target Xml_sync_headers
[ 13%] [32mBuilding CXX object src/3rdparty/harfbuzz-ng/CMakeFiles/BundledHarfbuzz.dir/src/hb-ot-shape.cc.o[0m
[ 13%] [32mBuilding CXX object src/3rdparty/harfbuzz-ng/CMakeFiles/BundledHarfbuzz.dir/src/hb-ot-shape-fallback.cc.o[0m
[ 13%] [32mBuilding CXX object src/3rdparty/harfbuzz-ng/CMakeFiles/BundledHarfbuzz.dir/src/hb-ot-shape-normalize.cc.o[0m
[ 13%] [32mBuilding CXX object src/3rdparty/harfbuzz-ng/CMakeFiles/BundledHarfbuzz.dir/src/hb-ot-shaper-default.cc.o[0m
[ 13%] [32mBuilding CXX object src/3rdparty/harfbuzz-ng/CMakeFiles/BundledHarfbuzz.dir/src/hb-ot-shaper-arabic.cc.o[0m
[ 13%] Built target Concurrent_sync_headers
[ 13%] Built target Network_sync_headers
[ 13%] Built target DeviceDiscoverySupportPrivate_autogen_timestamp_deps
[ 14%] Built target ExampleIconsPrivate_resources_1
[ 14%] [32mBuilding CXX object src/3rdparty/harfbuzz-ng/CMakeFiles/BundledHarfbuzz.dir/src/hb-ot-shaper-hebrew.cc.o[0m
[ 14%] [32mBuilding CXX object src/3rdparty/harfbuzz-ng/CMakeFiles/BundledHarfbuzz.dir/src/hb-ot-shaper-hangul.cc.o[0m
[ 14%] [32mBuilding CXX object src/3rdparty/harfbuzz-ng/CMakeFiles/BundledHarfbuzz.dir/src/hb-ot-shaper-indic-table.cc.o[0m
[ 14%] [32mBuilding CXX object src/3rdparty/harfbuzz-ng/CMakeFiles/BundledHarfbuzz.dir/src/hb-ot-shaper-indic.cc.o[0m
[ 14%] Built target Core_autogen_timestamp_deps
[ 14%] [32mBuilding CXX object src/3rdparty/harfbuzz-ng/CMakeFiles/BundledHarfbuzz.dir/src/hb-ot-shaper-khmer.cc.o[0m
[ 14%] Built target QTlsBackendCertOnlyPlugin_autogen_timestamp_deps
[ 14%] [1m[34mAutomatic MOC for target Core[0m
[ 14%] [32mBuilding CXX object src/3rdparty/harfbuzz-ng/CMakeFiles/BundledHarfbuzz.dir/src/hb-ot-shaper-myanmar.cc.o[0m
[ 14%] [1m[32mLinking C static library ../../../lib/libQt6BundledLibjpeg16bits.a[0m
[ 14%] Built target Gui_sync_headers
[ 14%] [1m[34mAutomatic MOC for target DeviceDiscoverySupportPrivate[0m
[ 14%] [32mBuilding CXX object src/3rdparty/harfbuzz-ng/CMakeFiles/BundledHarfbuzz.dir/src/hb-ot-shaper-syllabic.cc.o[0m
[ 14%] [32mBuilding CXX object src/3rdparty/harfbuzz-ng/CMakeFiles/BundledHarfbuzz.dir/src/hb-ot-shaper-thai.cc.o[0m
[ 14%] [1m[34mAutomatic MOC for target QTlsBackendCertOnlyPlugin[0m
[ 14%] [1m[34mRunning syncqt.cpp for module: QtOpenGL[0m
[ 14%] [32mBuilding CXX object src/3rdparty/harfbuzz-ng/CMakeFiles/BundledHarfbuzz.dir/src/hb-ot-shaper-use.cc.o[0m
[ 14%] [32mBuilding CXX object src/3rdparty/harfbuzz-ng/CMakeFiles/BundledHarfbuzz.dir/src/hb-ot-shaper-vowel-constraints.cc.o[0m
[ 14%] [32mBuilding CXX object src/3rdparty/harfbuzz-ng/CMakeFiles/BundledHarfbuzz.dir/src/hb-ot-tag.cc.o[0m
[ 14%] [1m[34mRunning syncqt.cpp for module: QtWidgets[0m
[ 14%] Built target BundledLibjpeg16bits
[ 14%] [32mBuilding CXX object src/3rdparty/harfbuzz-ng/CMakeFiles/BundledHarfbuzz.dir/src/hb-ot-var.cc.o[0m
[ 14%] [32mBuilding CXX object src/3rdparty/harfbuzz-ng/CMakeFiles/BundledHarfbuzz.dir/src/OT/Var/VARC/VARC.cc.o[0m
[ 14%] [1m[34mRunning syncqt.cpp for module: QtFbSupport[0m
[ 14%] [1m[34mRunning syncqt.cpp for module: QtTest[0m
[ 14%] Built target FbSupportPrivate_sync_headers
[ 14%] Built target FbSupportPrivate_autogen_timestamp_deps
[ 14%] Built target OpenGL_sync_headers
[ 14%] [1m[34mAutomatic MOC for target FbSupportPrivate[0m
[ 14%] Built target Widgets_sync_headers
[ 14%] [1m[34mRunning syncqt.cpp for module: QtOpenGLWidgets[0m
[ 14%] Built target Test_sync_headers
[ 14%] Built target DeviceDiscoverySupportPrivate_autogen
[ 14%] [1m[34mRunning syncqt.cpp for module: QtPrintSupport[0m
[ 14%] [1m[32mLinking CXX static library ../../../lib/libQt6ExampleIcons.a[0m
[ 14%] Built target OpenGLWidgets_sync_headers
[ 14%] Built target PrintSupport_sync_headers
[ 14%] Built target ExampleIconsPrivate
AutoMoc: /home/luke/sponge-os/genode/contrib/qt6_base-67348e71a70138daef52b157470f5796f758507f/src/lib/qt6_base/src/corelib/ipc/qsharedmemory.h: note: No relevant classes found. No output generated.
[ 14%] Built target FbSupportPrivate_autogen
[ 14%] Built target QTlsBackendCertOnlyPlugin_autogen
[ 14%] [1m[32mLinking C static library ../../../lib/libQt6BundledZLIB.a[0m
[ 14%] Built target BundledZLIB
[ 14%] Built target Core_autogen
[ 14%] [1m[32mLinking C static library ../../../lib/libQt6BundledLibjpeg12bits.a[0m
[ 14%] Built target BundledLibjpeg12bits
[ 14%] [32mBuilding C object src/3rdparty/libjpeg/CMakeFiles/BundledLibjpeg.dir/jcapistd.c.o[0m
[ 14%] [32mBuilding C object src/3rdparty/libjpeg/CMakeFiles/BundledLibjpeg.dir/jcprepct.c.o[0m
[ 14%] [32mBuilding C object src/3rdparty/libjpeg/CMakeFiles/BundledLibjpeg.dir/jcdiffct.c.o[0m
[ 14%] [32mBuilding C object src/3rdparty/libjpeg/CMakeFiles/BundledLibjpeg.dir/jcmainct.c.o[0m
[ 14%] [32mBuilding C object src/3rdparty/libjpeg/CMakeFiles/BundledLibjpeg.dir/jclossls.c.o[0m
[ 15%] [32mBuilding C object src/3rdparty/libjpeg/CMakeFiles/BundledLibjpeg.dir/jccolor.c.o[0m
[ 15%] [32mBuilding C object src/3rdparty/libjpeg/CMakeFiles/BundledLibjpeg.dir/jdapistd.c.o[0m
[ 15%] [32mBuilding C object src/3rdparty/libjpeg/CMakeFiles/BundledLibjpeg.dir/jcsample.c.o[0m
[ 15%] [32mBuilding C object src/3rdparty/libjpeg/CMakeFiles/BundledLibjpeg.dir/jdcolor.c.o[0m
[ 15%] [32mBuilding C object src/3rdparty/libjpeg/CMakeFiles/BundledLibjpeg.dir/jdlossls.c.o[0m
[ 15%] [32mBuilding C object src/3rdparty/libjpeg/CMakeFiles/BundledLibjpeg.dir/jdmainct.c.o[0m
[ 15%] [32mBuilding C object src/3rdparty/libjpeg/CMakeFiles/BundledLibjpeg.dir/jddiffct.c.o[0m
[ 15%] [32mBuilding C object src/3rdparty/libjpeg/CMakeFiles/BundledLibjpeg.dir/jccoefct.c.o[0m
[ 16%] [32mBuilding C object src/3rdparty/libjpeg/CMakeFiles/BundledLibjpeg.dir/jutils.c.o[0m
[ 16%] [32mBuilding C object src/3rdparty/libjpeg/CMakeFiles/BundledLibjpeg.dir/jdpostct.c.o[0m
[ 16%] [32mBuilding C object src/3rdparty/libjpeg/CMakeFiles/BundledLibjpeg.dir/jddctmgr.c.o[0m
[ 16%] [32mBuilding C object src/3rdparty/libjpeg/CMakeFiles/BundledLibjpeg.dir/jdsample.c.o[0m
[ 16%] [32mBuilding C object src/3rdparty/libjpeg/CMakeFiles/BundledLibjpeg.dir/jfdctfst.c.o[0m
[ 16%] [32mBuilding C object src/3rdparty/libjpeg/CMakeFiles/BundledLibjpeg.dir/jdmerge.c.o[0m
[ 16%] [32mBuilding C object src/3rdparty/libjpeg/CMakeFiles/BundledLibjpeg.dir/jdcoefct.c.o[0m
[ 16%] [32mBuilding C object src/3rdparty/libjpeg/CMakeFiles/BundledLibjpeg.dir/jcdctmgr.c.o[0m
[ 16%] [32mBuilding C object src/3rdparty/libjpeg/CMakeFiles/BundledLibjpeg.dir/jfdctint.c.o[0m
[ 16%] [32mBuilding C object src/3rdparty/libjpeg/CMakeFiles/BundledLibjpeg.dir/jidctflt.c.o[0m
[ 16%] [32mBuilding C object src/3rdparty/libjpeg/CMakeFiles/BundledLibjpeg.dir/jidctfst.c.o[0m
[ 16%] [32mBuilding C object src/3rdparty/libjpeg/CMakeFiles/BundledLibjpeg.dir/jidctint.c.o[0m
[ 16%] [32mBuilding C object src/3rdparty/libjpeg/CMakeFiles/BundledLibjpeg.dir/jidctred.c.o[0m
[ 16%] [32mBuilding C object src/3rdparty/libjpeg/CMakeFiles/BundledLibjpeg.dir/jquant1.c.o[0m
[ 17%] [32mBuilding C object src/3rdparty/libjpeg/CMakeFiles/BundledLibjpeg.dir/jquant2.c.o[0m
[ 17%] [32mBuilding C object src/3rdparty/libjpeg/CMakeFiles/BundledLibjpeg.dir/jaricom.c.o[0m
[ 17%] [32mBuilding C object src/3rdparty/libjpeg/CMakeFiles/BundledLibjpeg.dir/jcapimin.c.o[0m
[ 17%] [32mBuilding C object src/3rdparty/libjpeg/CMakeFiles/BundledLibjpeg.dir/jcarith.c.o[0m
[ 17%] [32mBuilding C object src/3rdparty/libjpeg/CMakeFiles/BundledLibjpeg.dir/jcinit.c.o[0m
[ 17%] [32mBuilding C object src/3rdparty/libjpeg/CMakeFiles/BundledLibjpeg.dir/jchuff.c.o[0m
[ 17%] [32mBuilding C object src/3rdparty/libjpeg/CMakeFiles/BundledLibjpeg.dir/jcicc.c.o[0m
[ 17%] [32mBuilding C object src/3rdparty/libjpeg/CMakeFiles/BundledLibjpeg.dir/jclhuff.c.o[0m
[ 17%] [32mBuilding C object src/3rdparty/libjpeg/CMakeFiles/BundledLibjpeg.dir/jcmarker.c.o[0m
[ 17%] [32mBuilding C object src/3rdparty/libjpeg/CMakeFiles/BundledLibjpeg.dir/jcmaster.c.o[0m
[ 17%] [32mBuilding C object src/3rdparty/libjpeg/CMakeFiles/BundledLibjpeg.dir/jcomapi.c.o[0m
[ 17%] [32mBuilding C object src/3rdparty/libjpeg/CMakeFiles/BundledLibjpeg.dir/jcparam.c.o[0m
[ 17%] [32mBuilding C object src/3rdparty/libjpeg/CMakeFiles/BundledLibjpeg.dir/jcphuff.c.o[0m
[ 17%] [32mBuilding C object src/3rdparty/libjpeg/CMakeFiles/BundledLibjpeg.dir/jctrans.c.o[0m
[ 17%] [32mBuilding C object src/3rdparty/libjpeg/CMakeFiles/BundledLibjpeg.dir/jdarith.c.o[0m
[ 18%] [32mBuilding C object src/3rdparty/libjpeg/CMakeFiles/BundledLibjpeg.dir/jdapimin.c.o[0m
[ 18%] [32mBuilding C object src/3rdparty/libjpeg/CMakeFiles/BundledLibjpeg.dir/jdatadst.c.o[0m
[ 18%] [32mBuilding C object src/3rdparty/libjpeg/CMakeFiles/BundledLibjpeg.dir/jdatasrc.c.o[0m
[ 18%] [32mBuilding C object src/3rdparty/libjpeg/CMakeFiles/BundledLibjpeg.dir/jdhuff.c.o[0m
[ 18%] [32mBuilding C object src/3rdparty/libjpeg/CMakeFiles/BundledLibjpeg.dir/jdmarker.c.o[0m
[ 18%] [32mBuilding C object src/3rdparty/libjpeg/CMakeFiles/BundledLibjpeg.dir/jdicc.c.o[0m
[ 18%] [32mBuilding C object src/3rdparty/libjpeg/CMakeFiles/BundledLibjpeg.dir/jdlhuff.c.o[0m
[ 18%] [32mBuilding C object src/3rdparty/libjpeg/CMakeFiles/BundledLibjpeg.dir/jdinput.c.o[0m
[ 18%] [32mBuilding C object src/3rdparty/libjpeg/CMakeFiles/BundledLibjpeg.dir/jdmaster.c.o[0m
[ 18%] [32mBuilding C object src/3rdparty/libjpeg/CMakeFiles/BundledLibjpeg.dir/jdphuff.c.o[0m
[ 18%] [32mBuilding C object src/3rdparty/libjpeg/CMakeFiles/BundledLibjpeg.dir/jdtrans.c.o[0m
[ 18%] [32mBuilding C object src/3rdparty/libjpeg/CMakeFiles/BundledLibjpeg.dir/jerror.c.o[0m
[ 19%] [32mBuilding C object src/3rdparty/libjpeg/CMakeFiles/BundledLibjpeg.dir/jfdctflt.c.o[0m
[ 19%] [32mBuilding C object src/3rdparty/libjpeg/CMakeFiles/BundledLibjpeg.dir/jmemmgr.c.o[0m
[ 19%] [32mBuilding C object src/3rdparty/libjpeg/CMakeFiles/BundledLibjpeg.dir/jmemnobs.c.o[0m
[ 19%] [32mBuilding C object src/3rdparty/libjpeg/CMakeFiles/BundledLibjpeg.dir/jpeg_nbits.c.o[0m
[ 19%] [1m[32mLinking C static library ../../../lib/libQt6BundledPcre2.a[0m
[ 19%] Built target BundledPcre2
[ 19%] [1m[34mGenerating kernel/moc_qobject.cpp, kernel/moc_qobject.cpp.json[0m
[ 19%] [1m[34mGenerating prl file for target Core[0m
[ 19%] [1m[34mRunning AUTOMOC file extraction for target Core[0m
[ 19%] [1m[34mGenerating pc file for target Qt6::Core[0m
[ 19%] [1m[34mRunning moc --collect-json for target Core[0m
[ 19%] [32mBuilding CXX object src/corelib/CMakeFiles/Core.dir/global/qsimd.cpp.o[0m
[ 19%] [32mBuilding CXX object src/corelib/CMakeFiles/Core.dir/global/qcompare.cpp.o[0m
[ 19%] [32mBuilding CXX object src/corelib/CMakeFiles/Core.dir/global/qassert.cpp.o[0m
[ 19%] [32mBuilding CXX object src/corelib/CMakeFiles/Core.dir/Core_autogen/mocs_compilation.cpp.o[0m
[ 19%] [32mBuilding CXX object src/corelib/CMakeFiles/Core.dir/compat/removed_api.cpp.o[0m
[ 19%] [32mBuilding CXX object src/corelib/CMakeFiles/Core.dir/global/qglobal.cpp.o[0m
[ 19%] [32mBuilding CXX object src/corelib/CMakeFiles/Core.dir/global/qendian.cpp.o[0m
[ 19%] [32mBuilding CXX object src/corelib/CMakeFiles/Core.dir/global/archdetect.cpp.o[0m
[ 20%] [32mBuilding CXX object src/corelib/CMakeFiles/Core.dir/global/qexceptionhandling.cpp.o[0m
[ 20%] [32mBuilding CXX object src/corelib/CMakeFiles/Core.dir/tools/qhash.cpp.o[0m
[ 20%] [32mBuilding CXX object src/corelib/CMakeFiles/Core.dir/global/qlibraryinfo.cpp.o[0m
[ 20%] [32mBuilding CXX object src/corelib/CMakeFiles/Core.dir/global/qhooks.cpp.o[0m
[ 20%] [32mBuilding CXX object src/corelib/CMakeFiles/Core.dir/global/qfloat16.cpp.o[0m
[ 20%] [32mBuilding CXX object src/corelib/CMakeFiles/Core.dir/global/qmalloc.cpp.o[0m
[ 20%] [32mBuilding CXX object src/corelib/CMakeFiles/Core.dir/global/qlogging.cpp.o[0m
[ 21%] [32mBuilding CXX object src/corelib/CMakeFiles/Core.dir/global/qnumeric.cpp.o[0m
[ 21%] [32mBuilding CXX object src/corelib/CMakeFiles/Core.dir/global/qrandom.cpp.o[0m
[ 21%] [32mBuilding CXX object src/corelib/CMakeFiles/Core.dir/global/qoperatingsystemversion.cpp.o[0m
[ 21%] [32mBuilding CXX object src/corelib/CMakeFiles/Core.dir/io/qabstractfileengine.cpp.o[0m
[ 21%] [32mBuilding CXX object src/corelib/CMakeFiles/Core.dir/global/qsysinfo.cpp.o[0m
[ 21%] [32mBuilding CXX object src/corelib/CMakeFiles/Core.dir/io/qbuffer.cpp.o[0m
[ 21%] [32mBuilding CXX object src/corelib/CMakeFiles/Core.dir/global/qtenvironmentvariables.cpp.o[0m
[ 21%] [32mBuilding CXX object src/corelib/CMakeFiles/Core.dir/io/qdataurl.cpp.o[0m
[ 21%] [32mBuilding CXX object src/corelib/CMakeFiles/Core.dir/io/qdirlisting.cpp.o[0m
[ 21%] [32mBuilding CXX object src/corelib/CMakeFiles/Core.dir/ipc/qsharedmemory.cpp.o[0m
[ 21%] [32mBuilding CXX object src/corelib/CMakeFiles/Core.dir/ipc/qsystemsemaphore.cpp.o[0m
[ 21%] [32mBuilding CXX object src/corelib/CMakeFiles/Core.dir/global/qtypes.cpp.o[0m
[ 21%] [32mBuilding CXX object src/corelib/CMakeFiles/Core.dir/global/q23utility.cpp.o[0m
[ 21%] [32mBuilding CXX object src/corelib/CMakeFiles/Core.dir/ipc/qtipccommon.cpp.o[0m
[ 21%] [32mBuilding CXX object src/corelib/CMakeFiles/Core.dir/io/qdiriterator.cpp.o[0m
[ 21%] [32mBuilding CXX object src/corelib/CMakeFiles/Core.dir/io/qdebug.cpp.o[0m
[ 21%] [32mBuilding CXX object src/corelib/CMakeFiles/Core.dir/io/qfile.cpp.o[0m
[ 22%] [32mBuilding CXX object src/corelib/CMakeFiles/Core.dir/io/qdir.cpp.o[0m
[ 22%] [32mBuilding CXX object src/corelib/CMakeFiles/Core.dir/io/qfiledevice.cpp.o[0m
[ 22%] [32mBuilding CXX object src/corelib/CMakeFiles/Core.dir/io/qfilesystemengine.cpp.o[0m
[ 22%] [32mBuilding CXX object src/corelib/CMakeFiles/Core.dir/io/qfileselector.cpp.o[0m
[ 22%] [32mBuilding CXX object src/corelib/CMakeFiles/Core.dir/io/qfileinfo.cpp.o[0m
[ 22%] [32mBuilding CXX object src/corelib/CMakeFiles/Core.dir/io/qfilesystementry.cpp.o[0m
[ 22%] [32mBuilding CXX object src/corelib/CMakeFiles/Core.dir/io/qfsfileengine_iterator.cpp.o[0m
[ 22%] [32mBuilding CXX object src/corelib/CMakeFiles/Core.dir/io/qipaddress.cpp.o[0m
[ 22%] [32mBuilding CXX object src/corelib/CMakeFiles/Core.dir/io/qfsfileengine.cpp.o[0m
[ 23%] [32mBuilding CXX object src/corelib/CMakeFiles/Core.dir/io/qiodevice.cpp.o[0m
[ 23%] [32mBuilding CXX object src/corelib/CMakeFiles/Core.dir/io/qloggingcategory.cpp.o[0m
[ 23%] [32mBuilding CXX object src/corelib/CMakeFiles/Core.dir/io/qlockfile.cpp.o[0m
[ 23%] [32mBuilding CXX object src/corelib/CMakeFiles/Core.dir/io/qnoncontiguousbytedevice.cpp.o[0m
[ 23%] [32mBuilding CXX object src/corelib/CMakeFiles/Core.dir/io/qloggingregistry.cpp.o[0m
[ 23%] [32mBuilding CXX object src/corelib/CMakeFiles/Core.dir/io/qresource_iterator.cpp.o[0m
[ 23%] [32mBuilding CXX object src/corelib/CMakeFiles/Core.dir/io/qstorageinfo.cpp.o[0m
[ 23%] [32mBuilding CXX object src/corelib/CMakeFiles/Core.dir/io/qsavefile.cpp.o[0m
[ 23%] [32mBuilding CXX object src/corelib/CMakeFiles/Core.dir/io/qstandardpaths.cpp.o[0m
[ 23%] [32mBuilding CXX object src/corelib/CMakeFiles/Core.dir/io/qtemporarydir.cpp.o[0m
[ 23%] [32mBuilding CXX object src/corelib/CMakeFiles/Core.dir/io/qresource.cpp.o[0m
[ 23%] [32mBuilding CXX object src/corelib/CMakeFiles/Core.dir/io/qtemporaryfile.cpp.o[0m
[ 23%] [32mBuilding CXX object src/corelib/CMakeFiles/Core.dir/io/qurl.cpp.o[0m
[ 24%] [32mBuilding CXX object src/corelib/CMakeFiles/Core.dir/io/qurlquery.cpp.o[0m
[ 24%] [32mBuilding CXX object src/corelib/CMakeFiles/Core.dir/io/qurlidna.cpp.o[0m
[ 24%] [32mBuilding CXX object src/corelib/CMakeFiles/Core.dir/io/qzip.cpp.o[0m
[ 24%] [32mBuilding CXX object src/corelib/CMakeFiles/Core.dir/io/qurlrecode.cpp.o[0m
[ 24%] [32mBuilding CXX object src/corelib/CMakeFiles/Core.dir/kernel/qassociativeiterable.cpp.o[0m
[ 24%] [32mBuilding CXX object src/corelib/CMakeFiles/Core.dir/kernel/qabstracteventdispatcher.cpp.o[0m
[ 24%] [32mBuilding CXX object src/corelib/CMakeFiles/Core.dir/kernel/qbasictimer.cpp.o[0m
[ 24%] [32mBuilding CXX object src/corelib/CMakeFiles/Core.dir/kernel/qabstractnativeeventfilter.cpp.o[0m
[ 24%] [32mBuilding CXX object src/corelib/CMakeFiles/Core.dir/kernel/qchronotimer.cpp.o[0m
[ 24%] [32mBuilding CXX object src/corelib/CMakeFiles/Core.dir/kernel/qcoreapplication.cpp.o[0m
[ 24%] [32mBuilding CXX object src/corelib/CMakeFiles/Core.dir/kernel/qcoreevent.cpp.o[0m
[ 24%] [32mBuilding CXX object src/corelib/CMakeFiles/Core.dir/kernel/qdeadlinetimer.cpp.o[0m
[ 24%] [32mBuilding CXX object src/corelib/CMakeFiles/Core.dir/kernel/qelapsedtimer.cpp.o[0m
[ 24%] [32mBuilding CXX object src/corelib/CMakeFiles/Core.dir/kernel/qeventloop.cpp.o[0m
[ 24%] [32mBuilding CXX object src/corelib/CMakeFiles/Core.dir/kernel/qiterable.cpp.o[0m
[ 25%] [32mBuilding CXX object src/corelib/CMakeFiles/Core.dir/kernel/qmath.cpp.o[0m
[ 25%] [32mBuilding CXX object src/corelib/CMakeFiles/Core.dir/kernel/qmetacontainer.cpp.o[0m
[ 25%] [32mBuilding CXX object src/corelib/CMakeFiles/Core.dir/kernel/qmetaobject.cpp.o[0m
[ 25%] [32mBuilding CXX object src/corelib/CMakeFiles/Core.dir/kernel/qmetaobjectbuilder.cpp.o[0m
[ 25%] [32mBuilding CXX object src/corelib/CMakeFiles/Core.dir/kernel/qmetatype.cpp.o[0m
[ 25%] [32mBuilding CXX object src/corelib/CMakeFiles/Core.dir/kernel/qmimedata.cpp.o[0m
[ 25%] [32mBuilding CXX object src/corelib/CMakeFiles/Core.dir/kernel/qobject.cpp.o[0m
[ 25%] [32mBuilding CXX object src/corelib/CMakeFiles/Core.dir/kernel/qobjectcleanuphandler.cpp.o[0m
[ 25%] [32mBuilding CXX object src/corelib/CMakeFiles/Core.dir/kernel/qproperty.cpp.o[0m
[ 25%] [32mBuilding CXX object src/corelib/CMakeFiles/Core.dir/kernel/qsequentialiterable.cpp.o[0m
[ 25%] [32mBuilding CXX object src/corelib/CMakeFiles/Core.dir/kernel/qsignalmapper.cpp.o[0m
[ 25%] [32mBuilding CXX object src/corelib/CMakeFiles/Core.dir/kernel/qsingleshottimer.cpp.o[0m
[ 25%] [32mBuilding CXX object src/corelib/CMakeFiles/Core.dir/kernel/qsocketnotifier.cpp.o[0m
[ 26%] [32mBuilding CXX object src/corelib/CMakeFiles/Core.dir/kernel/qsystemerror.cpp.o[0m
[ 26%] [1m[32mLinking C static library ../../../lib/libQt6BundledLibjpeg.a[0m
[ 26%] [32mBuilding CXX object src/corelib/CMakeFiles/Core.dir/kernel/qtestsupport_core.cpp.o[0m
[ 26%] Built target BundledLibjpeg
[ 26%] [32mBuilding CXX object src/corelib/CMakeFiles/Core.dir/kernel/qvariant.cpp.o[0m
[ 26%] [32mBuilding CXX object src/corelib/CMakeFiles/Core.dir/kernel/qtranslator.cpp.o[0m
[ 26%] [32mBuilding CXX object src/corelib/CMakeFiles/Core.dir/kernel/qtimer.cpp.o[0m
[ 26%] [32mBuilding CXX object src/corelib/CMakeFiles/Core.dir/plugin/qfactoryinterface.cpp.o[0m
[ 26%] [32mBuilding CXX object src/corelib/CMakeFiles/Core.dir/plugin/qfactoryloader.cpp.o[0m
[ 26%] [32mBuilding CXX object src/corelib/CMakeFiles/Core.dir/plugin/qpluginloader.cpp.o[0m
[ 26%] [32mBuilding CXX object src/corelib/CMakeFiles/Core.dir/plugin/quuid.cpp.o[0m
[ 26%] [32mBuilding CXX object src/corelib/CMakeFiles/Core.dir/serialization/qcborcommon.cpp.o[0m
[ 26%] [32mBuilding CXX object src/corelib/CMakeFiles/Core.dir/serialization/qcbordiagnostic.cpp.o[0m
[ 26%] [32mBuilding CXX object src/corelib/CMakeFiles/Core.dir/serialization/qcborvalue.cpp.o[0m
[ 26%] [32mBuilding CXX object src/corelib/CMakeFiles/Core.dir/serialization/qdatastream.cpp.o[0m
[ 26%] [32mBuilding CXX object src/corelib/CMakeFiles/Core.dir/serialization/qjsonarray.cpp.o[0m
[ 27%] [32mBuilding CXX object src/corelib/CMakeFiles/Core.dir/serialization/qjsoncbor.cpp.o[0m
[ 27%] [32mBuilding CXX object src/corelib/CMakeFiles/Core.dir/serialization/qjsondocument.cpp.o[0m
[ 27%] [32mBuilding CXX object src/corelib/CMakeFiles/Core.dir/serialization/qjsonobject.cpp.o[0m
[ 27%] [32mBuilding CXX object src/corelib/CMakeFiles/Core.dir/serialization/qjsonparser.cpp.o[0m
[ 27%] [32mBuilding CXX object src/corelib/CMakeFiles/Core.dir/serialization/qjsonvalue.cpp.o[0m
[ 27%] [32mBuilding CXX object src/corelib/CMakeFiles/Core.dir/serialization/qjsonwriter.cpp.o[0m
[ 27%] [32mBuilding CXX object src/corelib/CMakeFiles/Core.dir/serialization/qtextstream.cpp.o[0m
[ 27%] [32mBuilding CXX object src/corelib/CMakeFiles/Core.dir/serialization/qxmlutils.cpp.o[0m
[ 27%] [32mBuilding CXX object src/corelib/CMakeFiles/Core.dir/text/qanystringview.cpp.o[0m
[ 27%] [32mBuilding CXX object src/corelib/CMakeFiles/Core.dir/text/qbytearraylist.cpp.o[0m
[ 27%] [32mBuilding CXX object src/corelib/CMakeFiles/Core.dir/text/qbytearray.cpp.o[0m
[ 27%] [32mBuilding CXX object src/corelib/CMakeFiles/Core.dir/text/qbytearraymatcher.cpp.o[0m
[ 27%] [32mBuilding CXX object src/corelib/CMakeFiles/Core.dir/text/qcollator.cpp.o[0m
[ 28%] [32mBuilding CXX object src/corelib/CMakeFiles/Core.dir/text/qlatin1stringmatcher.cpp.o[0m
[ 28%] [32mBuilding CXX object src/corelib/CMakeFiles/Core.dir/text/qlocale.cpp.o[0m
[ 28%] [32mBuilding CXX object src/corelib/CMakeFiles/Core.dir/text/qlocale_tools.cpp.o[0m
[ 28%] [32mBuilding CXX object src/corelib/CMakeFiles/Core.dir/text/qstring.cpp.o[0m
[ 28%] [32mBuilding CXX object src/corelib/CMakeFiles/Core.dir/text/qstringbuilder.cpp.o[0m
[ 28%] [32mBuilding CXX object src/corelib/CMakeFiles/Core.dir/text/qstringconverter.cpp.o[0m
[ 28%] [32mBuilding CXX object src/corelib/CMakeFiles/Core.dir/text/qstringlist.cpp.o[0m
[ 28%] [32mBuilding CXX object src/corelib/CMakeFiles/Core.dir/text/qstringtokenizer.cpp.o[0m
[ 28%] [32mBuilding CXX object src/corelib/CMakeFiles/Core.dir/text/qstringview.cpp.o[0m
[ 28%] [32mBuilding CXX object src/corelib/CMakeFiles/Core.dir/text/qtextboundaryfinder.cpp.o[0m
[ 28%] [32mBuilding CXX object src/corelib/CMakeFiles/Core.dir/text/qunicodetools.cpp.o[0m
[ 28%] [32mBuilding CXX object src/corelib/CMakeFiles/Core.dir/text/qvsnprintf.cpp.o[0m
[ 28%] [32mBuilding CXX object src/corelib/CMakeFiles/Core.dir/thread/qrunnable.cpp.o[0m
[ 29%] [32mBuilding CXX object src/corelib/CMakeFiles/Core.dir/thread/qthread.cpp.o[0m
[ 29%] [32mBuilding CXX object src/corelib/CMakeFiles/Core.dir/time/qcalendar.cpp.o[0m
[ 29%] [32mBuilding CXX object src/corelib/CMakeFiles/Core.dir/time/qdatetime.cpp.o[0m
[ 29%] [32mBuilding CXX object src/corelib/CMakeFiles/Core.dir/time/qgregoriancalendar.cpp.o[0m
[ 29%] [32mBuilding CXX object src/corelib/CMakeFiles/Core.dir/time/qjuliancalendar.cpp.o[0m
[ 29%] [32mBuilding CXX object src/corelib/CMakeFiles/Core.dir/time/qlocaltime.cpp.o[0m
[ 29%] [32mBuilding CXX object src/corelib/CMakeFiles/Core.dir/time/qmilankoviccalendar.cpp.o[0m
[ 29%] [32mBuilding CXX object src/corelib/CMakeFiles/Core.dir/time/qromancalendar.cpp.o[0m
[ 29%] [32mBuilding CXX object src/corelib/CMakeFiles/Core.dir/time/qtimezone.cpp.o[0m
[ 29%] [32mBuilding CXX object src/corelib/CMakeFiles/Core.dir/tools/qarraydata.cpp.o[0m
[ 29%] [32mBuilding CXX object src/corelib/CMakeFiles/Core.dir/tools/qbitarray.cpp.o[0m
[ 29%] [32mBuilding CXX object src/corelib/CMakeFiles/Core.dir/tools/qcontiguouscache.cpp.o[0m
[ 29%] [32mBuilding CXX object src/corelib/CMakeFiles/Core.dir/tools/qcryptographichash.cpp.o[0m
[ 29%] [32mBuilding CXX object src/corelib/CMakeFiles/Core.dir/tools/qfreelist.cpp.o[0m
[ 30%] [32mBuilding CXX object src/corelib/CMakeFiles/Core.dir/tools/qfunctionaltools_impl.cpp.o[0m
[ 30%] [32mBuilding CXX object src/corelib/CMakeFiles/Core.dir/tools/qline.cpp.o[0m
[ 30%] [32mBuilding CXX object src/corelib/CMakeFiles/Core.dir/tools/qmargins.cpp.o[0m
[ 30%] [32mBuilding CXX object src/corelib/CMakeFiles/Core.dir/tools/qpoint.cpp.o[0m
[ 30%] [32mBuilding CXX object src/corelib/CMakeFiles/Core.dir/tools/qrect.cpp.o[0m
[ 30%] [32mBuilding CXX object src/corelib/CMakeFiles/Core.dir/tools/qrefcount.cpp.o[0m
[ 30%] [32mBuilding CXX object src/corelib/CMakeFiles/Core.dir/tools/qringbuffer.cpp.o[0m
[ 30%] [32mBuilding CXX object src/corelib/CMakeFiles/Core.dir/tools/qshareddata.cpp.o[0m
[ 30%] [32mBuilding CXX object src/corelib/CMakeFiles/Core.dir/tools/qsharedpointer.cpp.o[0m
[ 30%] [32mBuilding CXX object src/corelib/CMakeFiles/Core.dir/tools/qsize.cpp.o[0m
[ 30%] [32mBuilding CXX object src/corelib/CMakeFiles/Core.dir/tools/qtyperevision.cpp.o[0m
[ 30%] [32mBuilding CXX object src/corelib/CMakeFiles/Core.dir/tools/quniquehandle_types.cpp.o[0m
[ 30%] [32mBuilding CXX object src/corelib/CMakeFiles/Core.dir/tools/qversionnumber.cpp.o[0m
[ 31%] [32mBuilding CXX object src/corelib/CMakeFiles/Core.dir/serialization/qxmlstream.cpp.o[0m
[ 31%] [32mBuilding CXX object src/corelib/CMakeFiles/Core.dir/serialization/qxmlstreamgrammar.cpp.o[0m
[ 31%] [32mBuilding CXX object src/corelib/CMakeFiles/Core.dir/animation/qabstractanimation.cpp.o[0m
[ 31%] [32mBuilding CXX object src/corelib/CMakeFiles/Core.dir/animation/qanimationgroup.cpp.o[0m
[ 31%] [32mBuilding CXX object src/corelib/CMakeFiles/Core.dir/animation/qparallelanimationgroup.cpp.o[0m
[ 31%] [32mBuilding CXX object src/corelib/CMakeFiles/Core.dir/animation/qpauseanimation.cpp.o[0m
[ 31%] [32mBuilding CXX object src/corelib/CMakeFiles/Core.dir/animation/qpropertyanimation.cpp.o[0m
[ 31%] [32mBuilding CXX object src/corelib/CMakeFiles/Core.dir/animation/qsequentialanimationgroup.cpp.o[0m
[ 31%] [32mBuilding CXX object src/corelib/CMakeFiles/Core.dir/animation/qvariantanimation.cpp.o[0m
[ 31%] [32mBuilding CXX object src/corelib/CMakeFiles/Core.dir/io/qfilesystemengine_unix.cpp.o[0m
[ 31%] [32mBuilding CXX object src/corelib/CMakeFiles/Core.dir/io/qfilesystemiterator_unix.cpp.o[0m
[ 31%] [32mBuilding CXX object src/corelib/CMakeFiles/Core.dir/io/qfsfileengine_unix.cpp.o[0m
[ 31%] [32mBuilding CXX object src/corelib/CMakeFiles/Core.dir/io/qlockfile_unix.cpp.o[0m
[ 32%] [32mBuilding CXX object src/corelib/CMakeFiles/Core.dir/kernel/qcore_unix.cpp.o[0m
[ 32%] [32mBuilding CXX object src/corelib/CMakeFiles/Core.dir/kernel/qtimerinfo_unix.cpp.o[0m
[ 32%] [32mBuilding CXX object src/corelib/CMakeFiles/Core.dir/thread/qthread_unix.cpp.o[0m
[ 32%] [32mBuilding CXX object src/corelib/CMakeFiles/Core.dir/kernel/qeventdispatcher_unix.cpp.o[0m
[ 32%] [32mBuilding CXX object src/corelib/CMakeFiles/Core.dir/thread/qatomic.cpp.o[0m
[ 32%] [32mBuilding CXX object src/corelib/CMakeFiles/Core.dir/thread/qmutex.cpp.o[0m
[ 32%] [32mBuilding CXX object src/corelib/CMakeFiles/Core.dir/thread/qsemaphore.cpp.o[0m
[ 32%] [32mBuilding CXX object src/corelib/CMakeFiles/Core.dir/thread/qreadwritelock.cpp.o[0m
[ 32%] [32mBuilding CXX object src/corelib/CMakeFiles/Core.dir/thread/qthreadpool.cpp.o[0m
[ 32%] [32mBuilding CXX object src/corelib/CMakeFiles/Core.dir/thread/qthreadstorage.cpp.o[0m
[ 32%] [32mBuilding CXX object src/corelib/CMakeFiles/Core.dir/thread/qwaitcondition_unix.cpp.o[0m
[ 32%] [32mBuilding CXX object src/corelib/CMakeFiles/Core.dir/thread/qexception.cpp.o[0m
[ 32%] [32mBuilding CXX object src/corelib/CMakeFiles/Core.dir/thread/qfutureinterface.cpp.o[0m
[ 32%] [32mBuilding CXX object src/corelib/CMakeFiles/Core.dir/thread/qfuturewatcher.cpp.o[0m
[ 33%] [32mBuilding CXX object src/corelib/CMakeFiles/Core.dir/thread/qresultstore.cpp.o[0m
[ 33%] [32mBuilding CXX object src/corelib/CMakeFiles/Core.dir/tools/qcommandlineoption.cpp.o[0m
[ 33%] [32mBuilding CXX object src/corelib/CMakeFiles/Core.dir/tools/qcommandlineparser.cpp.o[0m
[ 33%] [32mBuilding CXX object src/corelib/CMakeFiles/Core.dir/__/3rdparty/double-conversion/double-conversion/bignum.cc.o[0m
[ 33%] [32mBuilding CXX object src/corelib/CMakeFiles/Core.dir/__/3rdparty/double-conversion/double-conversion/bignum-dtoa.cc.o[0m
[ 33%] [32mBuilding CXX object src/corelib/CMakeFiles/Core.dir/__/3rdparty/double-conversion/double-conversion/cached-powers.cc.o[0m
[ 33%] [32mBuilding CXX object src/corelib/CMakeFiles/Core.dir/__/3rdparty/double-conversion/double-conversion/double-to-string.cc.o[0m
[ 33%] [32mBuilding CXX object src/corelib/CMakeFiles/Core.dir/__/3rdparty/double-conversion/double-conversion/fast-dtoa.cc.o[0m
[ 33%] [32mBuilding CXX object src/corelib/CMakeFiles/Core.dir/__/3rdparty/double-conversion/double-conversion/fixed-dtoa.cc.o[0m
[ 33%] [32mBuilding CXX object src/corelib/CMakeFiles/Core.dir/__/3rdparty/double-conversion/double-conversion/string-to-double.cc.o[0m
[ 33%] [32mBuilding CXX object src/corelib/CMakeFiles/Core.dir/__/3rdparty/double-conversion/double-conversion/strtod.cc.o[0m
[ 33%] [32mBuilding CXX object src/corelib/CMakeFiles/Core.dir/tools/qeasingcurve.cpp.o[0m
[ 33%] [32mBuilding CXX object src/corelib/CMakeFiles/Core.dir/tools/qtimeline.cpp.o[0m
[ 34%] [32mBuilding CXX object src/corelib/CMakeFiles/Core.dir/text/qlocale_unix.cpp.o[0m
[ 34%] [32mBuilding CXX object src/corelib/CMakeFiles/Core.dir/text/qcollator_posix.cpp.o[0m
[ 34%] [32mBuilding CXX object src/corelib/CMakeFiles/Core.dir/text/qregularexpression.cpp.o[0m
[ 34%] [32mBuilding CXX object src/corelib/CMakeFiles/Core.dir/time/qhijricalendar.cpp.o[0m
[ 34%] [32mBuilding CXX object src/corelib/CMakeFiles/Core.dir/time/qislamiccivilcalendar.cpp.o[0m
[ 34%] [32mBuilding CXX object src/corelib/CMakeFiles/Core.dir/time/qjalalicalendar.cpp.o[0m
[01m[K/home/luke/sponge-os/genode/contrib/qt6_base-67348e71a70138daef52b157470f5796f758507f/src/lib/qt6_base/src/3rdparty/double-conversion/double-conversion/double-to-string.cc:[m[K In member function ‘[01m[Kbool double_conversion::DoubleToStringConverter::[01;32m[KToShortestIeeeNumber[m[K(double, double_conversion::StringBuilder*, DtoaMode) const[m[K’:
[01m[K/home/luke/sponge-os/genode/contrib/qt6_base-67348e71a70138daef52b157470f5796f758507f/src/lib/qt6_base/src/3rdparty/double-conversion/double-conversion/double-to-string.cc:197:7:[m[K [01;35m[Kwarning: [m[K‘[01m[Kdecimal_point[m[K’ may be used uninitialized [[01;35m[K]8;;https://gcc.gnu.org/onlinedocs/gcc-14.2.0/gcc/Warning-Options.html#index-Wmaybe-uninitialized-Wmaybe-uninitialized]8;;[m[K]
  197 |   int [01;35m[Kexponent[m[K = decimal_point - 1;
      |       [01;35m[K^~~~~~~~[m[K
[01m[K/home/luke/sponge-os/genode/contrib/qt6_base-67348e71a70138daef52b157470f5796f758507f/src/lib/qt6_base/src/3rdparty/double-conversion/double-conversion/double-to-string.cc:183:7:[m[K [01;36m[Knote: [m[K‘[01m[Kdecimal_point[m[K’ was declared here
  183 |   int [01;36m[Kdecimal_point[m[K;
      |       [01;36m[K^~~~~~~~~~~~~[m[K
[ 34%] [32mBuilding CXX object src/corelib/CMakeFiles/Core.dir/time/qtimezoneprivate.cpp.o[0m
[ 34%] [32mBuilding CXX object src/corelib/CMakeFiles/Core.dir/time/qtimezoneprivate_tz.cpp.o[0m
[ 34%] [32mBuilding CXX object src/corelib/CMakeFiles/Core.dir/time/qtimezonelocale.cpp.o[0m
[ 34%] [32mBuilding CXX object src/corelib/CMakeFiles/Core.dir/time/qdatetimeparser.cpp.o[0m
[ 34%] [32mBuilding CXX object src/corelib/CMakeFiles/Core.dir/io/qfilesystemwatcher_polling.cpp.o[0m
[ 34%] [32mBuilding CXX object src/corelib/CMakeFiles/Core.dir/io/qfilesystemwatcher.cpp.o[0m
[ 34%] [32mBuilding CXX object src/corelib/CMakeFiles/Core.dir/io/qprocess.cpp.o[0m
[ 34%] [32mBuilding CXX object src/corelib/CMakeFiles/Core.dir/io/qprocess_unix.cpp.o[0m
[ 35%] [32mBuilding CXX object src/corelib/CMakeFiles/Core.dir/io/qsettings.cpp.o[0m
[ 35%] [32mBuilding C object src/corelib/CMakeFiles/Core.dir/io/forkfd_qt.c.o[0m
[ 35%] [32mBuilding CXX object src/corelib/CMakeFiles/Core.dir/io/qstandardpaths_unix.cpp.o[0m
[ 35%] [32mBuilding CXX object src/corelib/CMakeFiles/Core.dir/io/qstorageinfo_unix.cpp.o[0m
[ 35%] [32mBuilding CXX object src/corelib/CMakeFiles/Core.dir/itemmodels/qabstractitemmodel.cpp.o[0m
[ 35%] [32mBuilding CXX object src/corelib/CMakeFiles/Core.dir/itemmodels/qitemselectionmodel.cpp.o[0m
[ 35%] [32mBuilding CXX object src/corelib/CMakeFiles/Core.dir/itemmodels/qabstractproxymodel.cpp.o[0m
[ 35%] [32mBuilding CXX object src/corelib/CMakeFiles/Core.dir/itemmodels/qconcatenatetablesproxymodel.cpp.o[0m
[ 35%] [32mBuilding CXX object src/corelib/CMakeFiles/Core.dir/itemmodels/qidentityproxymodel.cpp.o[0m
[ 35%] [32mBuilding CXX object src/corelib/CMakeFiles/Core.dir/itemmodels/qsortfilterproxymodel.cpp.o[0m
[ 35%] [32mBuilding CXX object src/corelib/CMakeFiles/Core.dir/itemmodels/qtransposeproxymodel.cpp.o[0m
[ 35%] [32mBuilding CXX object src/corelib/CMakeFiles/Core.dir/itemmodels/qstringlistmodel.cpp.o[0m
[ 35%] [32mBuilding CXX object src/corelib/CMakeFiles/Core.dir/plugin/qlibrary.cpp.o[0m
[01m[K/home/luke/sponge-os/genode/contrib/qt6_base-67348e71a70138daef52b157470f5796f758507f/src/lib/qt6_base/src/corelib/io/qfilesystemengine_unix.cpp:[m[K In static member function ‘[01m[Kstatic bool QFileSystemEngine::[01;32m[KsetPermissions[m[K(const QFileSystemEntry&, QFileDevice::Permissions, QSystemError&, QFileSystemMetaData*)[m[K’:
[01m[K/home/luke/sponge-os/genode/contrib/qt6_base-67348e71a70138daef52b157470f5796f758507f/src/lib/qt6_base/src/corelib/io/qfilesystemengine_unix.cpp:1666:90:[m[K [01;35m[Kwarning: [m[Kunused parameter ‘[01m[Kpermissions[m[K’ [[01;35m[K]8;;https://gcc.gnu.org/onlinedocs/gcc-14.2.0/gcc/Warning-Options.html#index-Wno-unused-parameter-Wunused-parameter]8;;[m[K]
 1666 | bool QFileSystemEngine::setPermissions(const QFileSystemEntry &entry, [01;35m[KQFile::Permissions permissions[m[K, QSystemError &error, QFileSystemMetaData *data)
      |                                                                       [01;35m[K~~~~~~~~~~~~~~~~~~~^~~~~~~~~~~[m[K
[01m[K/home/luke/sponge-os/genode/contrib/qt6_base-67348e71a70138daef52b157470f5796f758507f/src/lib/qt6_base/src/corelib/io/qfilesystemengine_unix.cpp:1666:117:[m[K [01;35m[Kwarning: [m[Kunused parameter ‘[01m[Kerror[m[K’ [[01;35m[K]8;;https://gcc.gnu.org/onlinedocs/gcc-14.2.0/gcc/Warning-Options.html#index-Wno-unused-parameter-Wunused-parameter]8;;[m[K]
 1666 | bool QFileSystemEngine::setPermissions(const QFileSystemEntry &entry, QFile::Permissions permissions, [01;35m[KQSystemError &error[m[K, QFileSystemMetaData *data)
      |                                                                                                       [01;35m[K~~~~~~~~~~~~~~^~~~~[m[K
[01m[K/home/luke/sponge-os/genode/contrib/qt6_base-67348e71a70138daef52b157470f5796f758507f/src/lib/qt6_base/src/corelib/io/qfilesystemengine_unix.cpp:1666:145:[m[K [01;35m[Kwarning: [m[Kunused parameter ‘[01m[Kdata[m[K’ [[01;35m[K]8;;https://gcc.gnu.org/onlinedocs/gcc-14.2.0/gcc/Warning-Options.html#index-Wno-unused-parameter-Wunused-parameter]8;;[m[K]
 1666 | bool QFileSystemEngine::setPermissions(const QFileSystemEntry &entry, QFile::Permissions permissions, QSystemError &error, [01;35m[KQFileSystemMetaData *data[m[K)
      |                                                                                                                            [01;35m[K~~~~~~~~~~~~~~~~~~~~~^~~~[m[K
[01m[K/home/luke/sponge-os/genode/contrib/qt6_base-67348e71a70138daef52b157470f5796f758507f/src/lib/qt6_base/src/corelib/io/qfilesystemengine_unix.cpp:[m[K In static member function ‘[01m[Kstatic bool QFileSystemEngine::[01;32m[KsetPermissions[m[K(int, QFileDevice::Permissions, QSystemError&, QFileSystemMetaData*)[m[K’:
[01m[K/home/luke/sponge-os/genode/contrib/qt6_base-67348e71a70138daef52b157470f5796f758507f/src/lib/qt6_base/src/corelib/io/qfilesystemengine_unix.cpp:1687:44:[m[K [01;35m[Kwarning: [m[Kunused parameter ‘[01m[Kfd[m[K’ [[01;35m[K]8;;https://gcc.gnu.org/onlinedocs/gcc-14.2.0/gcc/Warning-Options.html#index-Wno-unused-parameter-Wunused-parameter]8;;[m[K]
 1687 | bool QFileSystemEngine::setPermissions([01;35m[Kint fd[m[K, QFile::Permissions permissions, QSystemError &error, QFileSystemMetaData *data)
      |                                        [01;35m[K~~~~^~[m[K
[01m[K/home/luke/sponge-os/genode/contrib/qt6_base-67348e71a70138daef52b157470f5796f758507f/src/lib/qt6_base/src/corelib/io/qfilesystemengine_unix.cpp:1687:67:[m[K [01;35m[Kwarning: [m[Kunused parameter ‘[01m[Kpermissions[m[K’ [[01;35m[K]8;;https://gcc.gnu.org/onlinedocs/gcc-14.2.0/gcc/Warning-Options.html#index-Wno-unused-parameter-Wunused-parameter]8;;[m[K]
 1687 | bool QFileSystemEngine::setPermissions(int fd, [01;35m[KQFile::Permissions permissions[m[K, QSystemError &error, QFileSystemMetaData *data)
      |                                                [01;35m[K~~~~~~~~~~~~~~~~~~~^~~~~~~~~~~[m[K
[01m[K/home/luke/sponge-os/genode/contrib/qt6_base-67348e71a70138daef52b157470f5796f758507f/src/lib/qt6_base/src/corelib/io/qfilesystemengine_unix.cpp:1687:94:[m[K [01;35m[Kwarning: [m[Kunused parameter ‘[01m[Kerror[m[K’ [[01;35m[K]8;;https://gcc.gnu.org/onlinedocs/gcc-14.2.0/gcc/Warning-Options.html#index-Wno-unused-parameter-Wunused-parameter]8;;[m[K]
 1687 | bool QFileSystemEngine::setPermissions(int fd, QFile::Permissions permissions, [01;35m[KQSystemError &error[m[K, QFileSystemMetaData *data)
      |                                                                                [01;35m[K~~~~~~~~~~~~~~^~~~~[m[K
[01m[K/home/luke/sponge-os/genode/contrib/qt6_base-67348e71a70138daef52b157470f5796f758507f/src/lib/qt6_base/src/corelib/io/qfilesystemengine_unix.cpp:1687:122:[m[K [01;35m[Kwarning: [m[Kunused parameter ‘[01m[Kdata[m[K’ [[01;35m[K]8;;https://gcc.gnu.org/onlinedocs/gcc-14.2.0/gcc/Warning-Options.html#index-Wno-unused-parameter-Wunused-parameter]8;;[m[K]
 1687 | bool QFileSystemEngine::setPermissions(int fd, QFile::Permissions permissions, QSystemError &error, [01;35m[KQFileSystemMetaData *data[m[K)
      |                                                                                                     [01;35m[K~~~~~~~~~~~~~~~~~~~~~^~~~[m[K
[ 36%] [32mBuilding CXX object src/corelib/CMakeFiles/Core.dir/plugin/qelfparser_p.cpp.o[0m
[ 36%] [32mBuilding CXX object src/corelib/CMakeFiles/Core.dir/plugin/qlibrary_unix.cpp.o[0m
[ 36%] [32mBuilding CXX object src/corelib/CMakeFiles/Core.dir/ipc/qsystemsemaphore_systemv.cpp.o[0m
[ 36%] [32mBuilding CXX object src/corelib/CMakeFiles/Core.dir/ipc/qsystemsemaphore_posix.cpp.o[0m
[ 36%] [32mBuilding CXX object src/corelib/CMakeFiles/Core.dir/serialization/qcborstreamreader.cpp.o[0m
[ 36%] [32mBuilding CXX object src/corelib/CMakeFiles/Core.dir/serialization/qcborstreamwriter.cpp.o[0m
[ 36%] [32mBuilding CXX object src/corelib/CMakeFiles/Core.dir/mimetypes/qmimedatabase.cpp.o[0m
[ 36%] [32mBuilding CXX object src/corelib/CMakeFiles/Core.dir/mimetypes/qmimeglobpattern.cpp.o[0m
[ 36%] [32mBuilding CXX object src/corelib/CMakeFiles/Core.dir/mimetypes/qmimemagicrule.cpp.o[0m
[ 36%] [32mBuilding CXX object src/corelib/CMakeFiles/Core.dir/mimetypes/qmimemagicrulematcher.cpp.o[0m
[ 36%] [32mBuilding CXX object src/corelib/CMakeFiles/Core.dir/mimetypes/qmimeprovider.cpp.o[0m
[ 36%] [32mBuilding CXX object src/corelib/CMakeFiles/Core.dir/mimetypes/qmimetype.cpp.o[0m
[ 36%] [32mBuilding CXX object src/corelib/CMakeFiles/Core.dir/mimetypes/qmimetypeparser.cpp.o[0m
[ 37%] [32mBuilding CXX object src/corelib/CMakeFiles/Core.dir/kernel/qpermissions.cpp.o[0m
[01m[K/home/luke/sponge-os/genode/contrib/qt6_base-67348e71a70138daef52b157470f5796f758507f/src/lib/qt6_base/src/corelib/io/qprocess_unix.cpp:131:19:[m[K [01;35m[Kwarning: [m[Kconflicting C language linkage declaration ‘[01m[Kconstexpr const auto QtVforkSafe::sigaction[m[K’
  131 | DECLARE_FUNCTIONS([01;35m[Ksigaction[m[K)
      |                   [01;35m[K^~~~~~~~~[m[K
[01m[K/home/luke/sponge-os/genode/contrib/qt6_base-67348e71a70138daef52b157470f5796f758507f/src/lib/qt6_base/src/corelib/io/qprocess_unix.cpp:125:27:[m[K [01;36m[Knote: [m[Kin definition of macro ‘[01m[KDECLARE_FUNCTIONS[m[K’
  125 |     static constexpr auto [01;36m[KNAME[m[K = std::addressof(CONCAT(LIBC_PREFIX, NAME));
      |                           [01;36m[K^~~~[m[K
In file included from [01m[K/home/luke/sponge-os/genode/contrib/qt6_base-67348e71a70138daef52b157470f5796f758507f/src/lib/qt6_base/mkspecs/genode-x86_64-g++/../common/bsd/qplatformdefs.h:24[m[K,
                 from [01m[K/home/luke/sponge-os/genode/contrib/qt6_base-67348e71a70138daef52b157470f5796f758507f/src/lib/qt6_base/mkspecs/genode-x86_64-g++/qplatformdefs.h:4[m[K,
                 from [01m[K/home/luke/sponge-os/genode/contrib/qt6_base-67348e71a70138daef52b157470f5796f758507f/src/lib/qt6_base/src/corelib/io/qprocess_unix.cpp:9[m[K:
[01m[K/home/luke/sponge-os/genode/contrib/libc-d6a3665f0d2778ce8928c66302f1694cdc0d8480/include/libc/signal.h:82:9:[m[K [01;36m[Knote: [m[Kprevious declaration ‘[01m[Kint[01;32m[K sigaction[m[K(int, const sigaction*, sigaction*)[m[K’
   82 | int     [01;36m[Ksigaction[m[K(int, const struct sigaction * __restrict,
      |         [01;36m[K^~~~~~~~~[m[K
[ 37%] [1m[32mLinking CXX shared library ../../lib/libQt6Core.lib.so[0m
[ 37%] Built target Core
[ 37%] [1m[34mGenerating prl file for target DeviceDiscoverySupportPrivate[0m
[ 37%] [1m[34mRunning AUTOMOC file extraction for target DeviceDiscoverySupportPrivate[0m
[ 37%] [32mBuilding C object src/3rdparty/libpng/CMakeFiles/BundledLibpng.dir/pngget.c.o[0m
[ 37%] [32mBuilding C object src/3rdparty/libpng/CMakeFiles/BundledLibpng.dir/pngerror.c.o[0m
[ 37%] [32mBuilding C object src/3rdparty/libpng/CMakeFiles/BundledLibpng.dir/png.c.o[0m
[ 38%] [32mBuilding C object src/3rdparty/libpng/CMakeFiles/BundledLibpng.dir/pngmem.c.o[0m
[ 38%] Built target Xml_autogen_timestamp_deps
[ 38%] Built target Gui_autogen_timestamp_deps
[ 38%] Built target Network_autogen_timestamp_deps
[ 38%] [32mBuilding C object src/3rdparty/libpng/CMakeFiles/BundledLibpng.dir/pngpread.c.o[0m
[ 38%] [32mBuilding C object src/3rdparty/libpng/CMakeFiles/BundledLibpng.dir/pngrio.c.o[0m
[ 38%] [32mBuilding C object src/3rdparty/libpng/CMakeFiles/BundledLibpng.dir/pngrutil.c.o[0m
[ 38%] [32mBuilding C object src/3rdparty/libpng/CMakeFiles/BundledLibpng.dir/pngrtran.c.o[0m
[ 38%] Built target QSQLiteDriverPlugin_autogen_timestamp_deps
[ 38%] Built target Sql_autogen_timestamp_deps
[ 38%] [1m[34mRunning moc --collect-json for target DeviceDiscoverySupportPrivate[0m
[ 38%] [32mBuilding C object src/3rdparty/libpng/CMakeFiles/BundledLibpng.dir/pngtrans.c.o[0m
[ 38%] [32mBuilding C object src/3rdparty/libpng/CMakeFiles/BundledLibpng.dir/pngset.c.o[0m
[ 38%] Built target Test_autogen_timestamp_deps
[ 38%] [32mBuilding C object src/3rdparty/libpng/CMakeFiles/BundledLibpng.dir/pngwio.c.o[0m
[ 38%] [32mBuilding C object src/3rdparty/libpng/CMakeFiles/BundledLibpng.dir/pngwrite.c.o[0m
[ 38%] [32mBuilding C object src/3rdparty/libpng/CMakeFiles/BundledLibpng.dir/pngwtran.c.o[0m
[ 38%] [32mBuilding C object src/3rdparty/libpng/CMakeFiles/BundledLibpng.dir/pngwutil.c.o[0m
[ 38%] Built target Concurrent_autogen_timestamp_deps
[ 38%] [32mBuilding C object src/3rdparty/libpng/CMakeFiles/BundledLibpng.dir/pngread.c.o[0m
[ 38%] [1m[34mAutomatic MOC for target Network[0m
[ 39%] [1m[34mAutomatic MOC for target Xml[0m
[ 39%] [1m[34mAutomatic MOC for target Gui[0m
[ 39%] [1m[34mAutomatic MOC for target QSQLiteDriverPlugin[0m
[ 39%] [1m[34mAutomatic MOC for target Sql[0m
[ 39%] [1m[34mAutomatic MOC for target Test[0m
[ 39%] [1m[34mAutomatic MOC for target Concurrent[0m
[ 39%] [32mBuilding CXX object src/platformsupport/devicediscovery/CMakeFiles/DeviceDiscoverySupportPrivate.dir/DeviceDiscoverySupportPrivate_autogen/mocs_compilation.cpp.o[0m
[ 39%] [32mBuilding CXX object src/platformsupport/devicediscovery/CMakeFiles/DeviceDiscoverySupportPrivate.dir/qdevicediscovery_dummy.cpp.o[0m
[ 39%] Built target Xml_autogen
[ 39%] Built target Concurrent_autogen
[ 39%] [1m[34mRunning AUTOMOC file extraction for target Xml[0m
[ 39%] [1m[34mGenerating pc file for target Qt6::Concurrent[0m
[ 39%] [1m[34mGenerating prl file for target Concurrent[0m
[ 39%] [1m[34mGenerating pc file for target Qt6::Xml[0m
[ 39%] [1m[34mGenerating prl file for target Xml[0m
[ 39%] [1m[34mRunning AUTOMOC file extraction for target Concurrent[0m
[ 39%] [1m[34mRunning moc --collect-json for target Xml[0m
[ 39%] [1m[34mRunning moc --collect-json for target Concurrent[0m
[ 39%] [32mBuilding CXX object src/xml/CMakeFiles/Xml.dir/Xml_autogen/mocs_compilation.cpp.o[0m
[ 39%] [32mBuilding CXX object src/xml/CMakeFiles/Xml.dir/dom/qdomhelpers.cpp.o[0m
[ 39%] [32mBuilding CXX object src/xml/CMakeFiles/Xml.dir/dom/qdom.cpp.o[0m
[ 39%] [32mBuilding CXX object src/concurrent/CMakeFiles/Concurrent.dir/Concurrent_autogen/mocs_compilation.cpp.o[0m
[ 39%] [32mBuilding CXX object src/concurrent/CMakeFiles/Concurrent.dir/qtconcurrentfilter.cpp.o[0m
[ 40%] [32mBuilding CXX object src/concurrent/CMakeFiles/Concurrent.dir/qtconcurrentiteratekernel.cpp.o[0m
[ 40%] [32mBuilding CXX object src/concurrent/CMakeFiles/Concurrent.dir/qtconcurrentrun.cpp.o[0m
[ 40%] [32mBuilding CXX object src/concurrent/CMakeFiles/Concurrent.dir/qtconcurrentmap.cpp.o[0m
[ 40%] [32mBuilding CXX object src/concurrent/CMakeFiles/Concurrent.dir/qtconcurrentthreadengine.cpp.o[0m
[ 40%] Built target Test_autogen
AutoMoc: /home/luke/sponge-os/genode/contrib/qt6_base-67348e71a70138daef52b157470f5796f758507f/src/lib/qt6_base/src/network/kernel/qnetworkinterface.h: note: No relevant classes found. No output generated.
[ 40%] [1m[34mGenerating prl file for target Test[0m
[ 40%] [1m[34mRunning AUTOMOC file extraction for target Test[0m
[ 40%] [1m[34mGenerating pc file for target Qt6::Test[0m
[ 40%] [1m[34mRunning moc --collect-json for target Test[0m
[ 40%] [32mBuilding CXX object src/testlib/CMakeFiles/Test.dir/qabstracttestlogger.cpp.o[0m
[ 40%] [32mBuilding CXX object src/testlib/CMakeFiles/Test.dir/removed_api.cpp.o[0m
[ 41%] [32mBuilding CXX object src/testlib/CMakeFiles/Test.dir/Test_autogen/mocs_compilation.cpp.o[0m
[ 41%] [32mBuilding CXX object src/testlib/CMakeFiles/Test.dir/qbenchmarkevent.cpp.o[0m
[ 41%] [32mBuilding CXX object src/testlib/CMakeFiles/Test.dir/qbenchmarkmetric.cpp.o[0m
[ 41%] [32mBuilding CXX object src/testlib/CMakeFiles/Test.dir/qasciikey.cpp.o[0m
[ 41%] [32mBuilding CXX object src/testlib/CMakeFiles/Test.dir/qbenchmarkperfevents.cpp.o[0m
[ 41%] [32mBuilding CXX object src/testlib/CMakeFiles/Test.dir/qbenchmarkmeasurement.cpp.o[0m
[ 41%] [32mBuilding CXX object src/testlib/CMakeFiles/Test.dir/qcsvbenchmarklogger.cpp.o[0m
[ 41%] [32mBuilding CXX object src/testlib/CMakeFiles/Test.dir/qbenchmark.cpp.o[0m
[ 41%] [32mBuilding CXX object src/testlib/CMakeFiles/Test.dir/qtaptestlogger.cpp.o[0m
[ 41%] [32mBuilding CXX object src/testlib/CMakeFiles/Test.dir/qsignaldumper.cpp.o[0m
[ 41%] [32mBuilding CXX object src/testlib/CMakeFiles/Test.dir/qplaintestlogger.cpp.o[0m
[ 42%] [32mBuilding CXX object src/testlib/CMakeFiles/Test.dir/qsignalspy.cpp.o[0m
[ 42%] [32mBuilding CXX object src/testlib/CMakeFiles/Test.dir/qcomparisontesthelper.cpp.o[0m
[ 42%] [32mBuilding CXX object src/testlib/CMakeFiles/Test.dir/qjunittestlogger.cpp.o[0m
[ 42%] [32mBuilding CXX object src/testlib/CMakeFiles/Test.dir/qteamcitylogger.cpp.o[0m
[ 42%] [32mBuilding CXX object src/testlib/CMakeFiles/Test.dir/qtestcrashhandler.cpp.o[0m
[ 42%] [32mBuilding CXX object src/testlib/CMakeFiles/Test.dir/qtestcase.cpp.o[0m
[ 42%] [32mBuilding CXX object src/testlib/CMakeFiles/Test.dir/qtestblacklist.cpp.o[0m
[ 42%] [32mBuilding CXX object src/testlib/CMakeFiles/Test.dir/qtestmouse.cpp.o[0m
[ 42%] [32mBuilding CXX object src/testlib/CMakeFiles/Test.dir/qtestjunitstreamer.cpp.o[0m
[ 42%] [32mBuilding CXX object src/testlib/CMakeFiles/Test.dir/qabstractitemmodeltester.cpp.o[0m
[ 42%] [32mBuilding CXX object src/testlib/CMakeFiles/Test.dir/qtestdata.cpp.o[0m
[ 43%] [32mBuilding CXX object src/testlib/CMakeFiles/Test.dir/qtesttable.cpp.o[0m
[ 43%] [32mBuilding CXX object src/testlib/CMakeFiles/Test.dir/qtestresult.cpp.o[0m
[ 43%] [32mBuilding CXX object src/testlib/CMakeFiles/Test.dir/qtestelementattribute.cpp.o[0m
[ 43%] [32mBuilding CXX object src/testlib/CMakeFiles/Test.dir/qtestlog.cpp.o[0m
[ 43%] [32mBuilding CXX object src/testlib/CMakeFiles/Test.dir/qtestelement.cpp.o[0m
[ 43%] [32mBuilding CXX object src/testlib/CMakeFiles/Test.dir/qxmltestlogger.cpp.o[0m
AutoMoc: /home/luke/sponge-os/genode/contrib/qt6_base-67348e71a70138daef52b157470f5796f758507f/src/lib/qt6_base/src/network/ssl/qsslsocket.h: note: No relevant classes found. No output generated.
[ 43%] Built target Sql_autogen
[ 43%] Built target QSQLiteDriverPlugin_autogen
[ 43%] [1m[34mRunning AUTOMOC file extraction for target Sql[0m
[ 43%] [1m[34mGenerating prl file for target Sql[0m
[ 44%] [1m[34mGenerating pc file for target Qt6::Sql[0m
[ 44%] [1m[34mRunning moc --collect-json for target Sql[0m
AutoMoc: /home/luke/sponge-os/genode/contrib/qt6_base-67348e71a70138daef52b157470f5796f758507f/src/lib/qt6_base/src/network/ssl/qsslerror.h: note: No relevant classes found. No output generated.
[ 44%] [32mBuilding CXX object src/sql/CMakeFiles/Sql.dir/Sql_autogen/mocs_compilation.cpp.o[0m
[ 44%] [32mBuilding CXX object src/sql/CMakeFiles/Sql.dir/kernel/qsqldatabase.cpp.o[0m
[ 44%] [32mBuilding CXX object src/sql/CMakeFiles/Sql.dir/kernel/qsqlcachedresult.cpp.o[0m
[ 44%] [32mBuilding CXX object src/sql/CMakeFiles/Sql.dir/compat/removed_api.cpp.o[0m
[ 44%] [32mBuilding CXX object src/sql/CMakeFiles/Sql.dir/kernel/qsqlrecord.cpp.o[0m
[ 44%] [32mBuilding CXX object src/sql/CMakeFiles/Sql.dir/kernel/qsqlerror.cpp.o[0m
[ 44%] [32mBuilding CXX object src/sql/CMakeFiles/Sql.dir/kernel/qsqlindex.cpp.o[0m
[ 44%] [32mBuilding CXX object src/sql/CMakeFiles/Sql.dir/kernel/qsqldriver.cpp.o[0m
[ 44%] [32mBuilding CXX object src/sql/CMakeFiles/Sql.dir/kernel/qsqlfield.cpp.o[0m
[ 44%] [32mBuilding CXX object src/sql/CMakeFiles/Sql.dir/kernel/qsqldriverplugin.cpp.o[0m
[ 44%] [32mBuilding CXX object src/sql/CMakeFiles/Sql.dir/models/qsqlquerymodel.cpp.o[0m
[ 45%] [32mBuilding CXX object src/sql/CMakeFiles/Sql.dir/kernel/qsqlresult.cpp.o[0m
[ 44%] [32mBuilding CXX object src/sql/CMakeFiles/Sql.dir/kernel/qsqlquery.cpp.o[0m
[ 45%] [32mBuilding CXX object src/sql/CMakeFiles/Sql.dir/models/qsqltablemodel.cpp.o[0m
[ 45%] [32mBuilding CXX object src/sql/CMakeFiles/Sql.dir/models/qsqlrelationaldelegate.cpp.o[0m
[ 45%] [32mBuilding CXX object src/sql/CMakeFiles/Sql.dir/models/qsqlrelationaltablemodel.cpp.o[0m
AutoMoc: /home/luke/sponge-os/genode/contrib/qt6_base-67348e71a70138daef52b157470f5796f758507f/src/lib/qt6_base/src/gui/kernel/qplatformwindow_p.h: note: No relevant classes found. No output generated.
[ 45%] Built target Network_autogen
[ 45%] [1m[34mRunning AUTOMOC file extraction for target Network[0m
[ 45%] [1m[34mGenerating pc file for target Qt6::Network[0m
[ 46%] [1m[34mGenerating prl file for target Network[0m
[ 46%] [1m[34mRunning moc --collect-json for target Network[0m
[ 46%] [32mBuilding CXX object src/network/CMakeFiles/Network.dir/access/qnetworkaccessbackend.cpp.o[0m
[ 46%] [32mBuilding CXX object src/network/CMakeFiles/Network.dir/access/qnetworkaccessauthenticationmanager.cpp.o[0m
[ 46%] [32mBuilding CXX object src/network/CMakeFiles/Network.dir/access/qhsts.cpp.o[0m
[ 46%] [32mBuilding CXX object src/network/CMakeFiles/Network.dir/access/qabstractnetworkcache.cpp.o[0m
[ 46%] [32mBuilding CXX object src/network/CMakeFiles/Network.dir/Network_autogen/mocs_compilation.cpp.o[0m
[ 46%] [32mBuilding CXX object src/network/CMakeFiles/Network.dir/access/qhstspolicy.cpp.o[0m
[ 46%] [32mBuilding CXX object src/network/CMakeFiles/Network.dir/access/qnetworkaccesscache.cpp.o[0m
[ 46%] [32mBuilding CXX object src/network/CMakeFiles/Network.dir/access/qnetworkaccessfilebackend.cpp.o[0m
[ 46%] [32mBuilding CXX object src/network/CMakeFiles/Network.dir/access/qnetworkaccesscachebackend.cpp.o[0m
[ 46%] [32mBuilding CXX object src/network/CMakeFiles/Network.dir/access/qnetworkaccessmanager.cpp.o[0m
[ 46%] [32mBuilding CXX object src/network/CMakeFiles/Network.dir/access/qhttpheaderparser.cpp.o[0m
[ 46%] [32mBuilding CXX object src/network/CMakeFiles/Network.dir/access/qnetworkcookie.cpp.o[0m
[ 47%] [32mBuilding CXX object src/network/CMakeFiles/Network.dir/access/qnetworkcookiejar.cpp.o[0m
[ 47%] [32mBuilding CXX object src/network/CMakeFiles/Network.dir/access/qnetworkfile.cpp.o[0m
[ 47%] [32mBuilding CXX object src/network/CMakeFiles/Network.dir/access/qhttpheaders.cpp.o[0m
[ 47%] [32mBuilding CXX object src/network/CMakeFiles/Network.dir/access/qnetworkreplyfileimpl.cpp.o[0m
[ 47%] [32mBuilding CXX object src/network/CMakeFiles/Network.dir/compat/removed_api.cpp.o[0m
[ 47%] [32mBuilding CXX object src/network/CMakeFiles/Network.dir/access/qhttpheadershelper.cpp.o[0m
[ 47%] [32mBuilding CXX object src/network/CMakeFiles/Network.dir/access/qnetworkreplyimpl.cpp.o[0m
[ 47%] [32mBuilding CXX object src/network/CMakeFiles/Network.dir/access/qnetworkreply.cpp.o[0m
[ 47%] [32mBuilding CXX object src/network/CMakeFiles/Network.dir/access/qnetworkreplydataimpl.cpp.o[0m
[ 47%] [32mBuilding CXX object src/network/CMakeFiles/Network.dir/kernel/qhostaddress.cpp.o[0m
[ 47%] [32mBuilding CXX object src/network/CMakeFiles/Network.dir/access/qnetworkrequest.cpp.o[0m
[ 47%] [32mBuilding CXX object src/network/CMakeFiles/Network.dir/kernel/qauthenticator.cpp.o[0m
[ 48%] [32mBuilding CXX object src/network/CMakeFiles/Network.dir/kernel/qhostinfo.cpp.o[0m
[ 48%] [32mBuilding CXX object src/network/CMakeFiles/Network.dir/kernel/qnetworkdatagram.cpp.o[0m
AutoMoc: /home/luke/sponge-os/genode/contrib/qt6_base-67348e71a70138daef52b157470f5796f758507f/src/lib/qt6_base/src/gui/platform/unix/qgenericunixservices.cpp: note: No relevant classes found. No output generated.
[ 48%] [32mBuilding CXX object src/network/CMakeFiles/Network.dir/kernel/qnetworkinformation.cpp.o[0m
[ 48%] [32mBuilding CXX object src/network/CMakeFiles/Network.dir/kernel/qnetworkinterface.cpp.o[0m
AutoMoc: /home/luke/sponge-os/genode/contrib/qt6_base-67348e71a70138daef52b157470f5796f758507f/src/lib/qt6_base/src/gui/platform/unix/qgenericunixthemes.cpp: note: No relevant classes found. No output generated.
[ 48%] Built target Gui_autogen
[ 48%] [32mBuilding CXX object src/network/CMakeFiles/Network.dir/kernel/qnetworkproxy.cpp.o[0m
[ 48%] [1m[32mLinking C static library ../../../lib/libQt6BundledLibpng.a[0m
[ 48%] Built target BundledLibpng
[ 48%] [32mBuilding CXX object src/network/CMakeFiles/Network.dir/socket/qabstractsocket.cpp.o[0m
[ 48%] [32mBuilding CXX object src/network/CMakeFiles/Network.dir/socket/qabstractsocketengine.cpp.o[0m
[ 48%] [32mBuilding C object src/3rdparty/freetype/CMakeFiles/BundledFreetype.dir/src/autofit/autofit.c.o[0m
[ 48%] [32mBuilding C object src/3rdparty/freetype/CMakeFiles/BundledFreetype.dir/src/base/ftbase.c.o[0m
[ 48%] [32mBuilding CXX object src/network/CMakeFiles/Network.dir/socket/qnativesocketengine.cpp.o[0m
[ 48%] [32mBuilding C object src/3rdparty/freetype/CMakeFiles/BundledFreetype.dir/src/base/ftbbox.c.o[0m
In file included from [01m[K/home/luke/sponge-os/genode/build/x86_64/qt6/base/include/QtCore/qmetatype.h:1[m[K,
                 from [01m[K/home/luke/sponge-os/genode/contrib/qt6_base-67348e71a70138daef52b157470f5796f758507f/src/lib/qt6_base/src/corelib/kernel/qvariant.h:10[m[K,
                 from [01m[K/home/luke/sponge-os/genode/build/x86_64/qt6/base/include/QtCore/qvariant.h:1[m[K,
                 from [01m[K/home/luke/sponge-os/genode/contrib/qt6_base-67348e71a70138daef52b157470f5796f758507f/src/lib/qt6_base/src/corelib/kernel/qmetaobject.h:10[m[K,
                 from [01m[K/home/luke/sponge-os/genode/build/x86_64/qt6/base/include/QtCore/qmetaobject.h:1[m[K,
                 from [01m[K/home/luke/sponge-os/genode/contrib/qt6_base-67348e71a70138daef52b157470f5796f758507f/src/lib/qt6_base/src/sql/kernel/qsqldatabase.h:8[m[K,
                 from [01m[K/home/luke/sponge-os/genode/build/x86_64/qt6/base/include/QtSql/qsqldatabase.h:1[m[K,
                 from [01m[K/home/luke/sponge-os/genode/contrib/qt6_base-67348e71a70138daef52b157470f5796f758507f/src/lib/qt6_base/src/sql/kernel/qsqlquery.h:8[m[K,
                 from [01m[K/home/luke/sponge-os/genode/contrib/qt6_base-67348e71a70138daef52b157470f5796f758507f/src/lib/qt6_base/src/sql/kernel/qsqlquery.cpp:4[m[K:
/home/luke/sponge-os/genode/contrib/qt6_base-67348e71a70138daef52b157470f5796f758507f/src/lib/qt6_base/src/corelib/kernel/qmetatype.h: In instantiation of ‘[01m[Kstatic constexpr void (* QtPrivate::QMetaTypeForType<S>::[01;32m[KgetCopyCtr[m[K())(const QtPrivate::QMetaTypeInterface*, void*, const void*) [35m[K[with S = QSqlQuery; QtPrivate::QMetaTypeInterface::CopyCtrFn = void (*)(const QtPrivate::QMetaTypeInterface*, void*, const void*)][m[K[m[K’:
[01m[K/home/luke/sponge-os/genode/contrib/qt6_base-67348e71a70138daef52b157470f5796f758507f/src/lib/qt6_base/src/corelib/kernel/qmetatype.h:2513:54:[m[K   required from ‘[01m[KQtPrivate::QMetaTypeInterfaceWrapper<QSqlQuery>::InterfaceType QtPrivate::QMetaTypeInterfaceWrapper<QSqlQuery>::metaType[m[K’
 2513 |         /*.copyCtr=*/ [01;36m[KQMetaTypeForType<T>::getCopyCtr()[m[K,
      |                       [01;36m[K~~~~~~~~~~~~~~~~~~~~~~~~~~~~~~~^~[m[K
[01m[K/home/luke/sponge-os/genode/contrib/qt6_base-67348e71a70138daef52b157470f5796f758507f/src/lib/qt6_base/src/corelib/kernel/qmetatype.h:2630:16:[m[K   required from ‘[01m[Kconstexpr const QtPrivate::QMetaTypeInterface* QtPrivate::[01;32m[KqTryMetaTypeInterfaceForType[m[K() [35m[K[with Unique = {anonymous}::qt_meta_tag_ZN9QSqlQueryE_t; TypeCompletePair = TypeAndForceComplete<QSqlQuery, std::integral_constant<bool, true> >][m[K[m[K’
 2630 |         return [01;36m[K&QMetaTypeInterfaceWrapper<Ty>::metaType[m[K;
      |                [01;36m[K^~~~~~~~~~~~~~~~~~~~~~~~~~~~~~~~~~~~~~~~[m[K
[01m[K/home/luke/sponge-os/genode/contrib/qt6_base-67348e71a70138daef52b157470f5796f758507f/src/lib/qt6_base/src/corelib/kernel/qmetatype.h:2689:55:[m[K   required from ‘[01m[Kconstexpr const QtPrivate::QMetaTypeInterface* const qt_incomplete_metaTypeArray [4]<{anonymous}::qt_meta_tag_ZN9QSqlQueryE_t, QtPrivate::TypeAndForceComplete<bool, std::integral_constant<bool, true> >, QtPrivate::TypeAndForceComplete<bool, std::integral_constant<bool, true> >, QtPrivate::TypeAndForceComplete<QSql::NumericalPrecisionPolicy, std::integral_constant<bool, true> >, QtPrivate::TypeAndForceComplete<QSqlQuery, std::integral_constant<bool, true> > >[m[K’
 2689 |     [01;36m[KQtPrivate::qTryMetaTypeInterfaceForType<Unique, T>()[m[K...
      |     [01;36m[K~~~~~~~~~~~~~~~~~~~~~~~~~~~~~~~~~~~~~~~~~~~~~~~~~~^~[m[K
[01m[K/home/luke/sponge-os/genode/build/x86_64/qt6/base/src/sql/Sql_autogen/include/moc_qsqlquery.cpp:77:5:[m[K   required from here
   77 |     [01;36m[Kqt_incomplete_metaTypeArray<qt_meta_tag_ZN9QSqlQueryE_t,[m[K
      |     [01;36m[K^~~~~~~~~~~~~~~~~~~~~~~~~~~~~~~~~~~~~~~~~~~~~~~~~~~~~~~~[m[K
   78 | [01;36m[K        // property 'forwardOnly'[m[K
      |         [01;36m[K~~~~~~~~~~~~~~~~~~~~~~~~~[m[K
   79 | [01;36m[K        QtPrivate::TypeAndForceComplete<bool, std::true_type>,[m[K
      |         [01;36m[K~~~~~~~~~~~~~~~~~~~~~~~~~~~~~~~~~~~~~~~~~~~~~~~~~~~~~~[m[K
   80 | [01;36m[K        // property 'positionalBindingEnabled'[m[K
      |         [01;36m[K~~~~~~~~~~~~~~~~~~~~~~~~~~~~~~~~~~~~~~[m[K
   81 | [01;36m[K        QtPrivate::TypeAndForceComplete<bool, std::true_type>,[m[K
      |         [01;36m[K~~~~~~~~~~~~~~~~~~~~~~~~~~~~~~~~~~~~~~~~~~~~~~~~~~~~~~[m[K
   82 | [01;36m[K        // property 'numericalPrecisionPolicy'[m[K
      |         [01;36m[K~~~~~~~~~~~~~~~~~~~~~~~~~~~~~~~~~~~~~~[m[K
   83 | [01;36m[K        QtPrivate::TypeAndForceComplete<QSql::NumericalPrecisionPolicy, std::true_type>,[m[K
      |         [01;36m[K~~~~~~~~~~~~~~~~~~~~~~~~~~~~~~~~~~~~~~~~~~~~~~~~~~~~~~~~~~~~~~~~~~~~~~~~~~~~~~~~[m[K
   84 | [01;36m[K        // Q_OBJECT / Q_GADGET[m[K
      |         [01;36m[K~~~~~~~~~~~~~~~~~~~~~~[m[K
   85 | [01;36m[K        QtPrivate::TypeAndForceComplete<QSqlQuery, std::true_type>[m[K
      |         [01;36m[K~~~~~~~~~~~~~~~~~~~~~~~~~~~~~~~~~~~~~~~~~~~~~~~~~~~~~~~~~~[m[K
   86 | [01;36m[K    >[m[K,
      |     [01;36m[K~[m[K
[01m[K/home/luke/sponge-os/genode/contrib/qt6_base-67348e71a70138daef52b157470f5796f758507f/src/lib/qt6_base/src/corelib/kernel/qmetatype.h:2448:17:[m[K [01;35m[Kwarning: [m[K‘[01m[KQSqlQuery::[01;32m[KQSqlQuery[m[K(const QSqlQuery&)[m[K’ is deprecated: QSqlQuery is not meant to be copied. Use move construction instead. [[01;35m[K]8;;https://gcc.gnu.org/onlinedocs/gcc-14.2.0/gcc/Warning-Options.html#index-Wdeprecated-declarations-Wdeprecated-declarations]8;;[m[K]
 2448 |                 [01;35m[Knew (addr) S(*reinterpret_cast<const S *>(other))[m[K;
      |                 [01;35m[K^~~~~~~~~~~~~~~~~~~~~~~~~~~~~~~~~~~~~~~~~~~~~~~~~[m[K
[01m[K/home/luke/sponge-os/genode/contrib/qt6_base-67348e71a70138daef52b157470f5796f758507f/src/lib/qt6_base/src/sql/kernel/qsqlquery.cpp:229:1:[m[K [01;36m[Knote: [m[Kdeclared here
  229 | [01;36m[KQSqlQuery[m[K::QSqlQuery(const QSqlQuery& other)
      | [01;36m[K^~~~~~~~~[m[K
[ 48%] [32mBuilding C object src/3rdparty/freetype/CMakeFiles/BundledFreetype.dir/src/base/ftbdf.c.o[0m
[ 48%] [32mBuilding CXX object src/network/CMakeFiles/Network.dir/socket/qtcpserver.cpp.o[0m
[ 48%] [32mBuilding CXX object src/network/CMakeFiles/Network.dir/socket/qtcpsocket.cpp.o[0m
[ 48%] [1m[32mLinking CXX static library ../../../lib/libQt6DeviceDiscoverySupport.a[0m
[ 48%] Built target DeviceDiscoverySupportPrivate
[ 48%] [32mBuilding C object src/3rdparty/freetype/CMakeFiles/BundledFreetype.dir/src/base/ftbitmap.c.o[0m
[ 48%] [32mBuilding CXX object src/network/CMakeFiles/Network.dir/socket/qudpsocket.cpp.o[0m
[ 48%] [32mBuilding C object src/3rdparty/freetype/CMakeFiles/BundledFreetype.dir/src/base/ftcid.c.o[0m
[ 48%] [32mBuilding C object src/3rdparty/freetype/CMakeFiles/BundledFreetype.dir/src/base/ftfstype.c.o[0m
[ 48%] [32mBuilding CXX object src/network/CMakeFiles/Network.dir/ssl/qpassworddigestor.cpp.o[0m
[ 48%] [32mBuilding CXX object src/network/CMakeFiles/Network.dir/ssl/qssl.cpp.o[0m
[ 49%] [32mBuilding CXX object src/network/CMakeFiles/Network.dir/ssl/qsslcertificate.cpp.o[0m
[ 49%] [32mBuilding C object src/3rdparty/freetype/CMakeFiles/BundledFreetype.dir/src/base/ftglyph.c.o[0m
[ 49%] [32mBuilding C object src/3rdparty/freetype/CMakeFiles/BundledFreetype.dir/src/base/ftgasp.c.o[0m
[ 49%] [32mBuilding C object src/3rdparty/freetype/CMakeFiles/BundledFreetype.dir/src/base/ftinit.c.o[0m
[ 49%] [32mBuilding C object src/3rdparty/freetype/CMakeFiles/BundledFreetype.dir/src/base/ftgxval.c.o[0m
[ 49%] [32mBuilding CXX object src/network/CMakeFiles/Network.dir/ssl/qsslcertificateextension.cpp.o[0m
[ 49%] [32mBuilding C object src/3rdparty/freetype/CMakeFiles/BundledFreetype.dir/src/base/ftmm.c.o[0m
[ 49%] [32mBuilding C object src/3rdparty/freetype/CMakeFiles/BundledFreetype.dir/src/base/ftotval.c.o[0m
[ 49%] [1m[32mLinking CXX shared library ../../lib/libQt6Concurrent.lib.so[0m
[ 49%] [32mBuilding CXX object src/network/CMakeFiles/Network.dir/ssl/qtlsbackend.cpp.o[0m
[ 50%] [32mBuilding C object src/3rdparty/freetype/CMakeFiles/BundledFreetype.dir/src/base/ftpatent.c.o[0m
[ 50%] [32mBuilding CXX object src/network/CMakeFiles/Network.dir/access/qnetworkdiskcache.cpp.o[0m
[ 50%] [32mBuilding CXX object src/network/CMakeFiles/Network.dir/access/qhstsstore.cpp.o[0m
[ 50%] [32mBuilding C object src/3rdparty/freetype/CMakeFiles/BundledFreetype.dir/src/base/ftpfr.c.o[0m
[ 50%] Built target Concurrent
[ 50%] [32mBuilding CXX object src/network/CMakeFiles/Network.dir/access/http2/bitstreams.cpp.o[0m
[ 50%] [32mBuilding CXX object src/network/CMakeFiles/Network.dir/access/http2/hpack.cpp.o[0m
[ 50%] [32mBuilding C object src/3rdparty/freetype/CMakeFiles/BundledFreetype.dir/src/base/ftstroke.c.o[0m
[ 50%] [32mBuilding C object src/3rdparty/freetype/CMakeFiles/BundledFreetype.dir/src/base/ftsynth.c.o[0m
[ 50%] [32mBuilding CXX object src/network/CMakeFiles/Network.dir/access/http2/hpacktable.cpp.o[0m
[ 50%] [32mBuilding C object src/3rdparty/freetype/CMakeFiles/BundledFreetype.dir/src/base/fttype1.c.o[0m
[ 50%] [32mBuilding CXX object src/network/CMakeFiles/Network.dir/access/http2/http2frames.cpp.o[0m
[ 50%] [32mBuilding C object src/3rdparty/freetype/CMakeFiles/BundledFreetype.dir/src/base/ftwinfnt.c.o[0m
[ 50%] [32mBuilding C object src/3rdparty/freetype/CMakeFiles/BundledFreetype.dir/src/bdf/bdf.c.o[0m
[ 50%] [32mBuilding C object src/3rdparty/freetype/CMakeFiles/BundledFreetype.dir/src/bzip2/ftbzip2.c.o[0m
[ 50%] [32mBuilding CXX object src/network/CMakeFiles/Network.dir/access/http2/http2protocol.cpp.o[0m
[ 50%] [32mBuilding C object src/3rdparty/freetype/CMakeFiles/BundledFreetype.dir/src/cache/ftcache.c.o[0m
[ 50%] [32mBuilding CXX object src/network/CMakeFiles/Network.dir/access/http2/http2streams.cpp.o[0m
[ 50%] [32mBuilding CXX object src/network/CMakeFiles/Network.dir/access/http2/huffman.cpp.o[0m
[ 50%] [32mBuilding CXX object src/network/CMakeFiles/Network.dir/access/qabstractprotocolhandler.cpp.o[0m
[ 50%] [32mBuilding C object src/3rdparty/freetype/CMakeFiles/BundledFreetype.dir/src/cff/cff.c.o[0m
[ 50%] [32mBuilding CXX object src/network/CMakeFiles/Network.dir/access/qdecompresshelper.cpp.o[0m
[ 51%] [32mBuilding CXX object src/network/CMakeFiles/Network.dir/access/qformdatabuilder.cpp.o[0m
[ 51%] [32mBuilding C object src/3rdparty/freetype/CMakeFiles/BundledFreetype.dir/src/gzip/ftgzip.c.o[0m
[ 51%] [32mBuilding CXX object src/network/CMakeFiles/Network.dir/access/qhttp1configuration.cpp.o[0m
[ 51%] [32mBuilding C object src/3rdparty/freetype/CMakeFiles/BundledFreetype.dir/src/cid/type1cid.c.o[0m
[ 51%] [32mBuilding C object src/3rdparty/freetype/CMakeFiles/BundledFreetype.dir/src/lzw/ftlzw.c.o[0m
[ 51%] [32mBuilding CXX object src/network/CMakeFiles/Network.dir/access/qhttp2configuration.cpp.o[0m
[ 51%] [32mBuilding CXX object src/network/CMakeFiles/Network.dir/access/qhttp2connection.cpp.o[0m
[ 52%] [32mBuilding C object src/3rdparty/freetype/CMakeFiles/BundledFreetype.dir/src/pcf/pcf.c.o[0m
[ 52%] [32mBuilding C object src/3rdparty/freetype/CMakeFiles/BundledFreetype.dir/src/pfr/pfr.c.o[0m
[ 52%] [32mBuilding CXX object src/network/CMakeFiles/Network.dir/access/qhttp2protocolhandler.cpp.o[0m
[ 52%] [32mBuilding CXX object src/network/CMakeFiles/Network.dir/access/qhttpmultipart.cpp.o[0m
[ 52%] [32mBuilding C object src/3rdparty/freetype/CMakeFiles/BundledFreetype.dir/src/psaux/psaux.c.o[0m
[ 52%] [32mBuilding CXX object src/network/CMakeFiles/Network.dir/access/qhttpnetworkconnection.cpp.o[0m
[ 52%] [32mBuilding C object src/3rdparty/freetype/CMakeFiles/BundledFreetype.dir/src/pshinter/pshinter.c.o[0m
[ 52%] [32mBuilding C object src/3rdparty/freetype/CMakeFiles/BundledFreetype.dir/src/psnames/psnames.c.o[0m
[ 52%] [32mBuilding CXX object src/network/CMakeFiles/Network.dir/access/qhttpnetworkconnectionchannel.cpp.o[0m
[ 52%] [32mBuilding C object src/3rdparty/freetype/CMakeFiles/BundledFreetype.dir/src/raster/raster.c.o[0m
[ 52%] [32mBuilding CXX object src/network/CMakeFiles/Network.dir/access/qhttpnetworkheader.cpp.o[0m
[ 52%] [32mBuilding C object src/3rdparty/freetype/CMakeFiles/BundledFreetype.dir/src/sdf/sdf.c.o[0m
[ 52%] [32mBuilding C object src/3rdparty/freetype/CMakeFiles/BundledFreetype.dir/src/sfnt/sfnt.c.o[0m
[ 52%] [32mBuilding CXX object src/network/CMakeFiles/Network.dir/access/qhttpnetworkreply.cpp.o[0m
[ 52%] [32mBuilding CXX object src/network/CMakeFiles/Network.dir/access/qhttpnetworkrequest.cpp.o[0m
[ 52%] [32mBuilding C object src/3rdparty/freetype/CMakeFiles/BundledFreetype.dir/src/smooth/smooth.c.o[0m
[ 52%] [32mBuilding CXX object src/network/CMakeFiles/Network.dir/access/qhttpprotocolhandler.cpp.o[0m
[ 52%] [32mBuilding C object src/3rdparty/freetype/CMakeFiles/BundledFreetype.dir/src/svg/svg.c.o[0m
[ 52%] [32mBuilding C object src/3rdparty/freetype/CMakeFiles/BundledFreetype.dir/src/truetype/truetype.c.o[0m
[ 52%] [32mBuilding C object src/3rdparty/freetype/CMakeFiles/BundledFreetype.dir/src/type1/type1.c.o[0m
[ 52%] [32mBuilding CXX object src/network/CMakeFiles/Network.dir/access/qhttpthreaddelegate.cpp.o[0m
[ 53%] [32mBuilding CXX object src/network/CMakeFiles/Network.dir/access/qnetworkreplyhttpimpl.cpp.o[0m
[ 53%] [32mBuilding C object src/3rdparty/freetype/CMakeFiles/BundledFreetype.dir/src/type42/type42.c.o[0m
[ 53%] [32mBuilding C object src/3rdparty/freetype/CMakeFiles/BundledFreetype.dir/src/winfonts/winfnt.c.o[0m
[ 54%] [32mBuilding C object src/3rdparty/freetype/CMakeFiles/BundledFreetype.dir/src/base/ftdebug.c.o[0m
[ 54%] [32mBuilding CXX object src/network/CMakeFiles/Network.dir/access/qnetworkrequestfactory.cpp.o[0m
[ 54%] [32mBuilding C object src/3rdparty/freetype/CMakeFiles/BundledFreetype.dir/builds/unix/ftsystem.c.o[0m
[ 54%] [32mBuilding CXX object src/network/CMakeFiles/Network.dir/access/qrestaccessmanager.cpp.o[0m
[ 54%] [32mBuilding CXX object src/network/CMakeFiles/Network.dir/access/qrestreply.cpp.o[0m
[ 54%] [32mBuilding CXX object src/network/CMakeFiles/Network.dir/socket/qhttpsocketengine.cpp.o[0m
[ 54%] [32mBuilding CXX object src/network/CMakeFiles/Network.dir/kernel/qtldurl.cpp.o[0m
[ 54%] [32mBuilding C object src/network/CMakeFiles/Network.dir/__/3rdparty/libpsl/src/lookup_string_in_fixed_set.c.o[0m
[ 54%] [32mBuilding CXX object src/network/CMakeFiles/Network.dir/kernel/qdnslookup.cpp.o[0m
[ 54%] [32mBuilding CXX object src/network/CMakeFiles/Network.dir/kernel/qhostinfo_unix.cpp.o[0m
[ 54%] [32mBuilding CXX object src/network/CMakeFiles/Network.dir/socket/qnativesocketengine_unix.cpp.o[0m
[ 54%] [32mBuilding CXX object src/network/CMakeFiles/Network.dir/kernel/qdnslookup_dummy.cpp.o[0m
[ 54%] [32mBuilding CXX object src/network/CMakeFiles/Network.dir/kernel/qnetworkinterface_unix.cpp.o[0m
[ 54%] [32mBuilding CXX object src/network/CMakeFiles/Network.dir/kernel/qnetconmonitor_stub.cpp.o[0m
[ 54%] [32mBuilding CXX object src/network/CMakeFiles/Network.dir/kernel/qnetworkproxy_generic.cpp.o[0m
[ 55%] [32mBuilding CXX object src/network/CMakeFiles/Network.dir/socket/qsocks5socketengine.cpp.o[0m
[ 55%] [32mBuilding CXX object src/network/CMakeFiles/Network.dir/socket/qlocalserver.cpp.o[0m
[ 55%] [32mBuilding CXX object src/network/CMakeFiles/Network.dir/socket/qlocalsocket.cpp.o[0m
[ 55%] [32mBuilding CXX object src/network/CMakeFiles/Network.dir/socket/qlocalserver_unix.cpp.o[0m
[ 55%] [32mBuilding CXX object src/network/CMakeFiles/Network.dir/socket/qlocalsocket_unix.cpp.o[0m
[ 55%] [1m[32mLinking CXX shared library ../../lib/libQt6Sql.lib.so[0m
[ 55%] Built target Sql
[ 55%] [1m[34mRunning AUTOMOC file extraction for target QSQLiteDriverPlugin[0m
[ 55%] [1m[34mRunning moc --collect-json for target QSQLiteDriverPlugin[0m
[ 56%] [32mBuilding CXX object src/plugins/sqldrivers/sqlite/CMakeFiles/QSQLiteDriverPlugin.dir/qsql_sqlite_vfs.cpp.o[0m
[ 56%] [32mBuilding CXX object src/plugins/sqldrivers/sqlite/CMakeFiles/QSQLiteDriverPlugin.dir/QSQLiteDriverPlugin_autogen/mocs_compilation.cpp.o[0m
[ 56%] [32mBuilding C object src/plugins/sqldrivers/sqlite/CMakeFiles/QSQLiteDriverPlugin.dir/__/__/__/3rdparty/sqlite/sqlite3.c.o[0m
[ 56%] [32mBuilding CXX object src/plugins/sqldrivers/sqlite/CMakeFiles/QSQLiteDriverPlugin.dir/smain.cpp.o[0m
[ 56%] [32mBuilding CXX object src/plugins/sqldrivers/sqlite/CMakeFiles/QSQLiteDriverPlugin.dir/qsql_sqlite.cpp.o[0m
[ 56%] [1m[32mLinking C static library ../../../lib/libQt6BundledFreetype.a[0m
[ 56%] Built target BundledFreetype
[ 56%] [1m[32mLinking CXX shared library ../../lib/libQt6Test.lib.so[0m
[ 56%] [1m[32mLinking CXX shared library ../../lib/libQt6Xml.lib.so[0m
[ 56%] Built target Xml
[ 56%] Built target Test
[ 56%] [1m[32mLinking CXX shared library ../../lib/libQt6Network.lib.so[0m
[ 56%] Built target Network
[ 56%] [1m[34mRunning AUTOMOC file extraction for target QTlsBackendCertOnlyPlugin[0m
[ 56%] [1m[34mRunning moc --collect-json for target QTlsBackendCertOnlyPlugin[0m
[ 56%] [32mBuilding CXX object src/plugins/tls/certonly/CMakeFiles/QTlsBackendCertOnlyPlugin.dir/QTlsBackendCertOnlyPlugin_autogen/mocs_compilation.cpp.o[0m
[ 56%] [32mBuilding CXX object src/plugins/tls/certonly/CMakeFiles/QTlsBackendCertOnlyPlugin.dir/__/shared/qx509_base.cpp.o[0m
[ 56%] [32mBuilding CXX object src/plugins/tls/certonly/CMakeFiles/QTlsBackendCertOnlyPlugin.dir/__/shared/qx509_generic.cpp.o[0m
[ 56%] [32mBuilding CXX object src/plugins/tls/certonly/CMakeFiles/QTlsBackendCertOnlyPlugin.dir/__/shared/qasn1element.cpp.o[0m
[ 57%] [32mBuilding CXX object src/plugins/tls/certonly/CMakeFiles/QTlsBackendCertOnlyPlugin.dir/qtlsbackend_cert.cpp.o[0m
[ 57%] [1m[32mLinking CXX shared module ../../../../plugins/tls/libqcertonlybackend.lib.so[0m
[ 57%] Built target QTlsBackendCertOnlyPlugin
[ 57%] [1m[32mLinking CXX static library ../../../lib/libQt6BundledHarfbuzz.a[0m
[ 57%] Built target BundledHarfbuzz
[ 57%] [1m[34mGenerating pc file for target Qt6::Gui[0m
[ 58%] [1m[34mGenerating prl file for target Gui[0m
[ 58%] [1m[34mRunning rcc for resource gui_shaders[0m
[ 58%] [1m[34mRunning rcc for resource qpdf[0m
[ 58%] [1m[34mRunning AUTOMOC file extraction for target Gui[0m
[ 58%] [1m[34mRunning moc --collect-json for target Gui[0m
[ 58%] [32mBuilding CXX object src/gui/CMakeFiles/Gui.dir/image/qabstractfileiconengine.cpp.o[0m
[ 58%] [32mBuilding CXX object src/gui/CMakeFiles/Gui.dir/Gui_autogen/mocs_compilation.cpp.o[0m
[ 58%] [32mBuilding CXX object src/gui/CMakeFiles/Gui.dir/image/qabstractfileiconprovider.cpp.o[0m
[ 58%] [32mBuilding CXX object src/gui/CMakeFiles/Gui.dir/compat/removed_api.cpp.o[0m
[ 58%] [32mBuilding CXX object src/gui/CMakeFiles/Gui.dir/image/qbitmap.cpp.o[0m
[ 58%] [32mBuilding CXX object src/gui/CMakeFiles/Gui.dir/image/qicon.cpp.o[0m
[ 58%] [32mBuilding CXX object src/gui/CMakeFiles/Gui.dir/image/qbmphandler.cpp.o[0m
[ 58%] [32mBuilding CXX object src/gui/CMakeFiles/Gui.dir/image/qiconengine.cpp.o[0m
[ 58%] [32mBuilding CXX object src/gui/CMakeFiles/Gui.dir/image/qiconloader.cpp.o[0m
[ 58%] [32mBuilding CXX object src/gui/CMakeFiles/Gui.dir/image/qiconengineplugin.cpp.o[0m
[ 58%] [32mBuilding CXX object src/gui/CMakeFiles/Gui.dir/image/qimage.cpp.o[0m
[ 58%] [32mBuilding CXX object src/gui/CMakeFiles/Gui.dir/image/qimageiohandler.cpp.o[0m
[ 59%] [32mBuilding CXX object src/gui/CMakeFiles/Gui.dir/image/qimage_conversions.cpp.o[0m
[ 59%] [32mBuilding CXX object src/gui/CMakeFiles/Gui.dir/image/qimagereader.cpp.o[0m
[ 59%] [32mBuilding CXX object src/gui/CMakeFiles/Gui.dir/image/qimagepixmapcleanuphooks.cpp.o[0m
[ 59%] [32mBuilding CXX object src/gui/CMakeFiles/Gui.dir/image/qimagereaderwriterhelpers.cpp.o[0m
[ 59%] [32mBuilding CXX object src/gui/CMakeFiles/Gui.dir/image/qpaintengine_pic.cpp.o[0m
[ 59%] [32mBuilding CXX object src/gui/CMakeFiles/Gui.dir/image/qpicture.cpp.o[0m
[ 59%] [32mBuilding CXX object src/gui/CMakeFiles/Gui.dir/image/qimagewriter.cpp.o[0m
[ 59%] [32mBuilding CXX object src/gui/CMakeFiles/Gui.dir/image/qpixmap.cpp.o[0m
[ 59%] [32mBuilding CXX object src/gui/CMakeFiles/Gui.dir/image/qpixmap_raster.cpp.o[0m
[ 60%] [32mBuilding CXX object src/gui/CMakeFiles/Gui.dir/image/qppmhandler.cpp.o[0m
[ 60%] [32mBuilding CXX object src/gui/CMakeFiles/Gui.dir/image/qpixmap_blitter.cpp.o[0m
[ 60%] [32mBuilding CXX object src/gui/CMakeFiles/Gui.dir/image/qxbmhandler.cpp.o[0m
[ 60%] [32mBuilding CXX object src/gui/CMakeFiles/Gui.dir/image/qplatformpixmap.cpp.o[0m
[ 60%] [32mBuilding CXX object src/gui/CMakeFiles/Gui.dir/image/qxpmhandler.cpp.o[0m
[ 60%] [32mBuilding CXX object src/gui/CMakeFiles/Gui.dir/image/qpixmapcache.cpp.o[0m
[ 60%] [32mBuilding CXX object src/gui/CMakeFiles/Gui.dir/kernel/qclipboard.cpp.o[0m
[ 60%] [32mBuilding CXX object src/gui/CMakeFiles/Gui.dir/kernel/qcursor.cpp.o[0m
[ 60%] [32mBuilding CXX object src/gui/CMakeFiles/Gui.dir/kernel/qeventpoint.cpp.o[0m
[ 60%] [32mBuilding CXX object src/gui/CMakeFiles/Gui.dir/kernel/qevent.cpp.o[0m
[ 60%] [32mBuilding CXX object src/gui/CMakeFiles/Gui.dir/kernel/qgenericplugin.cpp.o[0m
[ 60%] [32mBuilding CXX object src/gui/CMakeFiles/Gui.dir/kernel/qgenericpluginfactory.cpp.o[0m
[ 60%] [32mBuilding CXX object src/gui/CMakeFiles/Gui.dir/kernel/qguiapplication.cpp.o[0m
[ 60%] [32mBuilding CXX object src/gui/CMakeFiles/Gui.dir/kernel/qhighdpiscaling.cpp.o[0m
[ 60%] [32mBuilding CXX object src/gui/CMakeFiles/Gui.dir/kernel/qguivariant.cpp.o[0m
[ 60%] [32mBuilding CXX object src/gui/CMakeFiles/Gui.dir/kernel/qinputdevice.cpp.o[0m
[ 61%] [32mBuilding CXX object src/gui/CMakeFiles/Gui.dir/kernel/qinputmethod.cpp.o[0m
[ 61%] [32mBuilding CXX object src/gui/CMakeFiles/Gui.dir/kernel/qinputdevicemanager.cpp.o[0m
[ 61%] [32mBuilding CXX object src/gui/CMakeFiles/Gui.dir/kernel/qpaintdevicewindow.cpp.o[0m
[ 61%] [32mBuilding CXX object src/gui/CMakeFiles/Gui.dir/kernel/qoffscreensurface.cpp.o[0m
[ 61%] [32mBuilding CXX object src/gui/CMakeFiles/Gui.dir/kernel/qinternalmimedata.cpp.o[0m
[ 61%] [32mBuilding CXX object src/gui/CMakeFiles/Gui.dir/kernel/qkeymapper.cpp.o[0m
[ 61%] [32mBuilding CXX object src/gui/CMakeFiles/Gui.dir/kernel/qpalette.cpp.o[0m
[ 61%] [32mBuilding CXX object src/gui/CMakeFiles/Gui.dir/kernel/qplatformcursor.cpp.o[0m
[ 61%] [32mBuilding CXX object src/gui/CMakeFiles/Gui.dir/kernel/qplatformclipboard.cpp.o[0m
[ 61%] [32mBuilding CXX object src/gui/CMakeFiles/Gui.dir/kernel/qplatformdialoghelper.cpp.o[0m
[ 61%] [32mBuilding CXX object src/gui/CMakeFiles/Gui.dir/kernel/qplatforminputcontext.cpp.o[0m
[ 61%] [32mBuilding CXX object src/gui/CMakeFiles/Gui.dir/kernel/qplatformgraphicsbuffer.cpp.o[0m
[ 61%] [32mBuilding CXX object src/gui/CMakeFiles/Gui.dir/kernel/qpixelformat.cpp.o[0m
[ 61%] [32mBuilding CXX object src/gui/CMakeFiles/Gui.dir/kernel/qplatforminputcontextplugin.cpp.o[0m
[ 61%] [32mBuilding CXX object src/gui/CMakeFiles/Gui.dir/kernel/qplatformgraphicsbufferhelper.cpp.o[0m
[ 62%] [32mBuilding CXX object src/gui/CMakeFiles/Gui.dir/kernel/qplatforminputcontextfactory.cpp.o[0m
[ 62%] [32mBuilding CXX object src/gui/CMakeFiles/Gui.dir/kernel/qplatformkeymapper.cpp.o[0m
[ 62%] [32mBuilding CXX object src/gui/CMakeFiles/Gui.dir/kernel/qplatformintegrationplugin.cpp.o[0m
[ 62%] [32mBuilding CXX object src/gui/CMakeFiles/Gui.dir/kernel/qplatformnativeinterface.cpp.o[0m
[ 62%] [32mBuilding CXX object src/gui/CMakeFiles/Gui.dir/kernel/qplatformmenu.cpp.o[0m
[ 62%] [32mBuilding CXX object src/gui/CMakeFiles/Gui.dir/kernel/qplatformintegration.cpp.o[0m
[ 62%] [32mBuilding CXX object src/gui/CMakeFiles/Gui.dir/kernel/qplatformintegrationfactory.cpp.o[0m
[ 62%] [32mBuilding CXX object src/gui/CMakeFiles/Gui.dir/kernel/qplatformoffscreensurface.cpp.o[0m
[ 62%] [32mBuilding CXX object src/gui/CMakeFiles/Gui.dir/kernel/qplatformscreen.cpp.o[0m
[ 62%] [32mBuilding CXX object src/gui/CMakeFiles/Gui.dir/kernel/qplatformservices.cpp.o[0m
[ 62%] [32mBuilding CXX object src/gui/CMakeFiles/Gui.dir/kernel/qplatformsessionmanager.cpp.o[0m
[ 62%] [32mBuilding CXX object src/gui/CMakeFiles/Gui.dir/kernel/qplatformsharedgraphicscache.cpp.o[0m
[ 62%] [32mBuilding CXX object src/gui/CMakeFiles/Gui.dir/kernel/qplatformsystemtrayicon.cpp.o[0m
[ 63%] [32mBuilding CXX object src/gui/CMakeFiles/Gui.dir/kernel/qplatformsurface.cpp.o[0m
[ 63%] [32mBuilding CXX object src/gui/CMakeFiles/Gui.dir/kernel/qpointingdevice.cpp.o[0m
[ 63%] [32mBuilding CXX object src/gui/CMakeFiles/Gui.dir/kernel/qplatformtheme.cpp.o[0m
[ 63%] [32mBuilding CXX object src/gui/CMakeFiles/Gui.dir/kernel/qplatformthemefactory.cpp.o[0m
[ 63%] [32mBuilding CXX object src/gui/CMakeFiles/Gui.dir/kernel/qplatformthemeplugin.cpp.o[0m
[ 63%] [32mBuilding CXX object src/gui/CMakeFiles/Gui.dir/kernel/qplatformwindow.cpp.o[0m
[ 63%] [32mBuilding CXX object src/gui/CMakeFiles/Gui.dir/kernel/qrasterwindow.cpp.o[0m
[ 63%] [32mBuilding CXX object src/gui/CMakeFiles/Gui.dir/kernel/qscreen.cpp.o[0m
[ 63%] [32mBuilding CXX object src/gui/CMakeFiles/Gui.dir/kernel/qsessionmanager.cpp.o[0m
[ 63%] [32mBuilding CXX object src/gui/CMakeFiles/Gui.dir/kernel/qstylehints.cpp.o[0m
[ 63%] [32mBuilding CXX object src/gui/CMakeFiles/Gui.dir/kernel/qsurface.cpp.o[0m
[ 64%] [32mBuilding CXX object src/gui/CMakeFiles/Gui.dir/kernel/qsurfaceformat.cpp.o[0m
[ 64%] [32mBuilding CXX object src/gui/CMakeFiles/Gui.dir/kernel/qwindow.cpp.o[0m
[ 64%] [32mBuilding CXX object src/gui/CMakeFiles/Gui.dir/kernel/qtestsupport_gui.cpp.o[0m
[ 64%] [32mBuilding CXX object src/gui/CMakeFiles/Gui.dir/kernel/qwindowsysteminterface.cpp.o[0m
[ 64%] [32mBuilding CXX object src/gui/CMakeFiles/Gui.dir/math3d/qgenericmatrix.cpp.o[0m
[ 64%] [32mBuilding CXX object src/gui/CMakeFiles/Gui.dir/math3d/qmatrix4x4.cpp.o[0m
[ 64%] [32mBuilding CXX object src/gui/CMakeFiles/Gui.dir/math3d/qquaternion.cpp.o[0m
[ 64%] [32mBuilding CXX object src/gui/CMakeFiles/Gui.dir/math3d/qvectornd.cpp.o[0m
[ 64%] [32mBuilding CXX object src/gui/CMakeFiles/Gui.dir/painting/qbackingstore.cpp.o[0m
[ 64%] [32mBuilding CXX object src/gui/CMakeFiles/Gui.dir/painting/qbackingstoredefaultcompositor.cpp.o[0m
[ 64%] [32mBuilding CXX object src/gui/CMakeFiles/Gui.dir/painting/qbackingstorerhisupport.cpp.o[0m
[ 64%] [32mBuilding CXX object src/gui/CMakeFiles/Gui.dir/painting/qbezier.cpp.o[0m
[ 64%] [32mBuilding CXX object src/gui/CMakeFiles/Gui.dir/painting/qblendfunctions.cpp.o[0m
[ 64%] [32mBuilding CXX object src/gui/CMakeFiles/Gui.dir/painting/qblittable.cpp.o[0m
[ 64%] [32mBuilding CXX object src/gui/CMakeFiles/Gui.dir/painting/qbrush.cpp.o[0m
[ 65%] [32mBuilding CXX object src/gui/CMakeFiles/Gui.dir/painting/qcolor.cpp.o[0m
[ 65%] [32mBuilding CXX object src/gui/CMakeFiles/Gui.dir/painting/qcolorspace.cpp.o[0m
[ 65%] [32mBuilding CXX object src/gui/CMakeFiles/Gui.dir/painting/qcolortransform.cpp.o[0m
[ 65%] [32mBuilding CXX object src/gui/CMakeFiles/Gui.dir/painting/qcolortrclut.cpp.o[0m
[ 65%] [32mBuilding CXX object src/gui/CMakeFiles/Gui.dir/painting/qcompositionfunctions.cpp.o[0m
[ 65%] [32mBuilding CXX object src/gui/CMakeFiles/Gui.dir/painting/qcosmeticstroker.cpp.o[0m
[ 65%] [32mBuilding CXX object src/gui/CMakeFiles/Gui.dir/painting/qemulationpaintengine.cpp.o[0m
[ 65%] [32mBuilding C object src/gui/CMakeFiles/Gui.dir/painting/qgrayraster.c.o[0m
[ 65%] [32mBuilding CXX object src/gui/CMakeFiles/Gui.dir/painting/qimageeffects.cpp.o[0m
[ 65%] [32mBuilding CXX object src/gui/CMakeFiles/Gui.dir/painting/qicc.cpp.o[0m
[ 65%] [32mBuilding CXX object src/gui/CMakeFiles/Gui.dir/painting/qimagescale.cpp.o[0m
[ 65%] [32mBuilding CXX object src/gui/CMakeFiles/Gui.dir/painting/qmemrotate.cpp.o[0m
[ 65%] [32mBuilding CXX object src/gui/CMakeFiles/Gui.dir/painting/qoutlinemapper.cpp.o[0m
[ 66%] [32mBuilding CXX object src/gui/CMakeFiles/Gui.dir/painting/qpagedpaintdevice.cpp.o[0m
[ 66%] [32mBuilding CXX object src/gui/CMakeFiles/Gui.dir/painting/qpagelayout.cpp.o[0m
[ 66%] [32mBuilding CXX object src/gui/CMakeFiles/Gui.dir/painting/qpagesize.cpp.o[0m
[ 66%] [32mBuilding CXX object src/gui/CMakeFiles/Gui.dir/painting/qpageranges.cpp.o[0m
[ 66%] [32mBuilding CXX object src/gui/CMakeFiles/Gui.dir/painting/qpaintdevice.cpp.o[0m
[ 66%] [32mBuilding CXX object src/gui/CMakeFiles/Gui.dir/painting/qpaintengine.cpp.o[0m
[ 66%] [32mBuilding CXX object src/gui/CMakeFiles/Gui.dir/painting/qpaintengine_blitter.cpp.o[0m
[ 66%] [32mBuilding CXX object src/gui/CMakeFiles/Gui.dir/painting/qpaintengine_raster.cpp.o[0m
[ 66%] [32mBuilding CXX object src/gui/CMakeFiles/Gui.dir/painting/qpaintengineex.cpp.o[0m
[ 66%] [32mBuilding CXX object src/gui/CMakeFiles/Gui.dir/painting/qpainter.cpp.o[0m
[ 66%] [32mBuilding CXX object src/gui/CMakeFiles/Gui.dir/painting/qpainterpath.cpp.o[0m
[ 66%] [32mBuilding CXX object src/gui/CMakeFiles/Gui.dir/painting/qpathclipper.cpp.o[0m
[ 66%] [32mBuilding CXX object src/gui/CMakeFiles/Gui.dir/painting/qpdf.cpp.o[0m
[ 66%] [32mBuilding CXX object src/gui/CMakeFiles/Gui.dir/painting/qpathsimplifier.cpp.o[0m
[ 67%] [32mBuilding CXX object src/gui/CMakeFiles/Gui.dir/painting/qpdfoutputintent.cpp.o[0m
[ 67%] [32mBuilding CXX object src/gui/CMakeFiles/Gui.dir/painting/qpdfwriter.cpp.o[0m
[ 67%] [32mBuilding CXX object src/gui/CMakeFiles/Gui.dir/painting/qpen.cpp.o[0m
[ 67%] [32mBuilding CXX object src/gui/CMakeFiles/Gui.dir/painting/qpixellayout.cpp.o[0m
[ 67%] [32mBuilding CXX object src/gui/CMakeFiles/Gui.dir/painting/qplatformbackingstore.cpp.o[0m
[ 67%] [32mBuilding CXX object src/gui/CMakeFiles/Gui.dir/painting/qpolygon.cpp.o[0m
[ 67%] [32mBuilding CXX object src/gui/CMakeFiles/Gui.dir/painting/qrasterizer.cpp.o[0m
[ 67%] [32mBuilding CXX object src/gui/CMakeFiles/Gui.dir/painting/qstroker.cpp.o[0m
[ 67%] [32mBuilding CXX object src/gui/CMakeFiles/Gui.dir/painting/qregion.cpp.o[0m
[ 67%] [32mBuilding CXX object src/gui/CMakeFiles/Gui.dir/painting/qtextureglyphcache.cpp.o[0m
[ 67%] [32mBuilding CXX object src/gui/CMakeFiles/Gui.dir/painting/qtransform.cpp.o[0m
[ 67%] [32mBuilding CXX object src/gui/CMakeFiles/Gui.dir/painting/qtriangulatingstroker.cpp.o[0m
[ 67%] [32mBuilding CXX object src/gui/CMakeFiles/Gui.dir/painting/qtriangulator.cpp.o[0m
[ 68%] [32mBuilding CXX object src/gui/CMakeFiles/Gui.dir/rhi/qrhi.cpp.o[0m
[ 68%] [32mBuilding CXX object src/gui/CMakeFiles/Gui.dir/rhi/qrhinull.cpp.o[0m
[ 68%] [32mBuilding CXX object src/gui/CMakeFiles/Gui.dir/rhi/qshader.cpp.o[0m
[ 68%] [32mBuilding CXX object src/gui/CMakeFiles/Gui.dir/rhi/qshaderdescription.cpp.o[0m
[ 68%] [32mBuilding CXX object src/gui/CMakeFiles/Gui.dir/text/qabstracttextdocumentlayout.cpp.o[0m
[ 68%] [32mBuilding CXX object src/gui/CMakeFiles/Gui.dir/text/qdistancefield.cpp.o[0m
[ 68%] [32mBuilding CXX object src/gui/CMakeFiles/Gui.dir/text/qfont.cpp.o[0m
[ 68%] [32mBuilding CXX object src/gui/CMakeFiles/Gui.dir/text/qfontdatabase.cpp.o[0m
[ 68%] [32mBuilding CXX object src/gui/CMakeFiles/Gui.dir/text/qfontengine.cpp.o[0m
[ 68%] [32mBuilding CXX object src/gui/CMakeFiles/Gui.dir/text/qfontengineglyphcache.cpp.o[0m
[ 68%] [32mBuilding CXX object src/gui/CMakeFiles/Gui.dir/text/qfontmetrics.cpp.o[0m
[ 68%] [32mBuilding CXX object src/gui/CMakeFiles/Gui.dir/text/qfontsubset.cpp.o[0m
[ 68%] [32mBuilding CXX object src/gui/CMakeFiles/Gui.dir/text/qfragmentmap.cpp.o[0m
[ 68%] [32mBuilding CXX object src/gui/CMakeFiles/Gui.dir/text/qglyphrun.cpp.o[0m
[ 69%] [32mBuilding CXX object src/gui/CMakeFiles/Gui.dir/text/qinputcontrol.cpp.o[0m
[ 69%] [32mBuilding CXX object src/gui/CMakeFiles/Gui.dir/text/qplatformfontdatabase.cpp.o[0m
[ 69%] [32mBuilding CXX object src/gui/CMakeFiles/Gui.dir/text/qrawfont.cpp.o[0m
[ 69%] [32mBuilding CXX object src/gui/CMakeFiles/Gui.dir/text/qstatictext.cpp.o[0m
[ 69%] [32mBuilding CXX object src/gui/CMakeFiles/Gui.dir/text/qsyntaxhighlighter.cpp.o[0m
[ 69%] [32mBuilding CXX object src/gui/CMakeFiles/Gui.dir/text/qtextcursor.cpp.o[0m
[ 69%] [32mBuilding CXX object src/gui/CMakeFiles/Gui.dir/text/qtextdocument.cpp.o[0m
[ 69%] [32mBuilding CXX object src/gui/CMakeFiles/Gui.dir/text/qtextdocument_p.cpp.o[0m
[ 69%] [32mBuilding CXX object src/gui/CMakeFiles/Gui.dir/text/qtextdocumentfragment.cpp.o[0m
[ 69%] [32mBuilding CXX object src/gui/CMakeFiles/Gui.dir/text/qtextdocumentlayout.cpp.o[0m
[ 69%] [32mBuilding CXX object src/gui/CMakeFiles/Gui.dir/text/qtextdocumentwriter.cpp.o[0m
[ 69%] [32mBuilding CXX object src/gui/CMakeFiles/Gui.dir/text/qtextengine.cpp.o[0m
[ 69%] [32mBuilding CXX object src/gui/CMakeFiles/Gui.dir/text/qtextformat.cpp.o[0m
[ 70%] [32mBuilding CXX object src/gui/CMakeFiles/Gui.dir/text/qtexthtmlparser.cpp.o[0m
[ 70%] [32mBuilding CXX object src/gui/CMakeFiles/Gui.dir/text/qtextimagehandler.cpp.o[0m
[ 70%] [32mBuilding CXX object src/gui/CMakeFiles/Gui.dir/text/qtextlayout.cpp.o[0m
[ 70%] [32mBuilding CXX object src/gui/CMakeFiles/Gui.dir/text/qtextlist.cpp.o[0m
[ 70%] [32mBuilding CXX object src/gui/CMakeFiles/Gui.dir/text/qtextobject.cpp.o[0m
[ 70%] [32mBuilding CXX object src/gui/CMakeFiles/Gui.dir/text/qtextoption.cpp.o[0m
[ 70%] [32mBuilding CXX object src/gui/CMakeFiles/Gui.dir/text/qtexttable.cpp.o[0m
[ 70%] [32mBuilding CXX object src/gui/CMakeFiles/Gui.dir/util/qabstractlayoutstyleinfo.cpp.o[0m
[ 70%] [32mBuilding CXX object src/gui/CMakeFiles/Gui.dir/util/qastchandler.cpp.o[0m
[ 70%] [32mBuilding CXX object src/gui/CMakeFiles/Gui.dir/util/qdesktopservices.cpp.o[0m
[ 70%] [32mBuilding CXX object src/gui/CMakeFiles/Gui.dir/util/qktxhandler.cpp.o[0m
[ 70%] [32mBuilding CXX object src/gui/CMakeFiles/Gui.dir/util/qgridlayoutengine.cpp.o[0m
[ 70%] [32mBuilding CXX object src/gui/CMakeFiles/Gui.dir/util/qlayoutpolicy.cpp.o[0m
[ 71%] [32mBuilding CXX object src/gui/CMakeFiles/Gui.dir/util/qpkmhandler.cpp.o[0m
[ 71%] [32mBuilding CXX object src/gui/CMakeFiles/Gui.dir/util/qtexturefiledata.cpp.o[0m
[ 71%] [32mBuilding CXX object src/gui/CMakeFiles/Gui.dir/util/qtexturefilereader.cpp.o[0m
[ 71%] [32mBuilding CXX object src/gui/CMakeFiles/Gui.dir/util/qvalidator.cpp.o[0m
[ 71%] [32mBuilding CXX object src/gui/CMakeFiles/Gui.dir/.qt/rcc/qrc_qpdf.cpp.o[0m
[ 71%] [32mBuilding CXX object src/gui/CMakeFiles/Gui.dir/.qt/rcc/qrc_gui_shaders.cpp.o[0m
[ 71%] [32mBuilding CXX object src/gui/CMakeFiles/Gui.dir/itemmodels/qstandarditemmodel.cpp.o[0m
[ 71%] [32mBuilding CXX object src/gui/CMakeFiles/Gui.dir/kernel/qopenglcontext.cpp.o[0m
[ 71%] [32mBuilding CXX object src/gui/CMakeFiles/Gui.dir/kernel/qplatformopenglcontext.cpp.o[0m
[ 71%] [32mBuilding CXX object src/gui/CMakeFiles/Gui.dir/opengl/qopengl.cpp.o[0m
[ 71%] [32mBuilding CXX object src/gui/CMakeFiles/Gui.dir/opengl/qopenglfunctions.cpp.o[0m
[ 71%] [32mBuilding CXX object src/gui/CMakeFiles/Gui.dir/opengl/qopenglprogrambinarycache.cpp.o[0m
[ 71%] [32mBuilding CXX object src/gui/CMakeFiles/Gui.dir/rhi/qrhigles2.cpp.o[0m
[ 71%] [32mBuilding CXX object src/gui/CMakeFiles/Gui.dir/animation/qguivariantanimation.cpp.o[0m
[ 72%] [32mBuilding CXX object src/gui/CMakeFiles/Gui.dir/opengl/platform/egl/qeglconvenience.cpp.o[0m
[ 72%] [32mBuilding CXX object src/gui/CMakeFiles/Gui.dir/opengl/platform/egl/qeglstreamconvenience.cpp.o[0m
[ 72%] [32mBuilding CXX object src/gui/CMakeFiles/Gui.dir/accessible/qaccessible.cpp.o[0m
[ 72%] [32mBuilding CXX object src/gui/CMakeFiles/Gui.dir/accessible/qaccessiblebridgeutils.cpp.o[0m
[ 72%] [32mBuilding CXX object src/gui/CMakeFiles/Gui.dir/accessible/qaccessiblebridge.cpp.o[0m
[ 72%] [32mBuilding CXX object src/gui/CMakeFiles/Gui.dir/accessible/qaccessiblecache.cpp.o[0m
[ 72%] [32mBuilding CXX object src/gui/CMakeFiles/Gui.dir/accessible/qaccessibleobject.cpp.o[0m
[ 72%] [32mBuilding CXX object src/gui/CMakeFiles/Gui.dir/accessible/qaccessibleplugin.cpp.o[0m
[ 72%] [32mBuilding CXX object src/gui/CMakeFiles/Gui.dir/accessible/qplatformaccessibility.cpp.o[0m
[ 72%] [32mBuilding CXX object src/gui/CMakeFiles/Gui.dir/kernel/qaction.cpp.o[0m
[ 72%] [32mBuilding CXX object src/gui/CMakeFiles/Gui.dir/kernel/qactiongroup.cpp.o[0m
[ 72%] [32mBuilding CXX object src/gui/CMakeFiles/Gui.dir/kernel/qdnd.cpp.o[0m
[ 72%] [32mBuilding CXX object src/gui/CMakeFiles/Gui.dir/kernel/qdrag.cpp.o[0m
[ 73%] [32mBuilding CXX object src/gui/CMakeFiles/Gui.dir/kernel/qplatformdrag.cpp.o[0m
[ 73%] [32mBuilding CXX object src/gui/CMakeFiles/Gui.dir/kernel/qshapedpixmapdndwindow.cpp.o[0m
[ 73%] [32mBuilding CXX object src/gui/CMakeFiles/Gui.dir/kernel/qsimpledrag.cpp.o[0m
[ 73%] [32mBuilding CXX object src/gui/CMakeFiles/Gui.dir/kernel/qkeysequence.cpp.o[0m
[ 73%] [32mBuilding CXX object src/gui/CMakeFiles/Gui.dir/kernel/qshortcut.cpp.o[0m
[ 73%] [32mBuilding CXX object src/gui/CMakeFiles/Gui.dir/kernel/qshortcutmap.cpp.o[0m
[ 73%] [32mBuilding CXX object src/gui/CMakeFiles/Gui.dir/image/qmovie.cpp.o[0m
[ 73%] [32mBuilding CXX object src/gui/CMakeFiles/Gui.dir/image/qpnghandler.cpp.o[0m
[ 73%] [32mBuilding CXX object src/gui/CMakeFiles/Gui.dir/painting/qdrawhelper_sse2.cpp.o[0m
[ 73%] [32mBuilding CXX object src/gui/CMakeFiles/Gui.dir/image/qimage_ssse3.cpp.o[0m
[ 73%] [32mBuilding CXX object src/gui/CMakeFiles/Gui.dir/painting/qdrawhelper_ssse3.cpp.o[0m
[ 73%] [32mBuilding CXX object src/gui/CMakeFiles/Gui.dir/painting/qdrawhelper_sse4.cpp.o[0m
[ 73%] [32mBuilding CXX object src/gui/CMakeFiles/Gui.dir/painting/qimagescale_sse4.cpp.o[0m
[ 73%] [32mBuilding CXX object src/gui/CMakeFiles/Gui.dir/painting/qdrawhelper_avx2.cpp.o[0m
[ 74%] [32mBuilding CXX object src/gui/CMakeFiles/Gui.dir/text/qharfbuzzng.cpp.o[0m
[ 74%] [32mBuilding CXX object src/gui/CMakeFiles/Gui.dir/text/qtextodfwriter.cpp.o[0m
[ 74%] [32mBuilding CXX object src/gui/CMakeFiles/Gui.dir/painting/qcssutil.cpp.o[0m
[ 74%] [32mBuilding CXX object src/gui/CMakeFiles/Gui.dir/text/qcssparser.cpp.o[0m
[ 74%] [32mBuilding CXX object src/gui/CMakeFiles/Gui.dir/text/freetype/qfontengine_ft.cpp.o[0m
[ 74%] [32mBuilding CXX object src/gui/CMakeFiles/Gui.dir/text/freetype/qfreetypefontdatabase.cpp.o[0m
[ 74%] [32mBuilding CXX object src/gui/CMakeFiles/Gui.dir/util/qundostack.cpp.o[0m
[ 74%] [32mBuilding CXX object src/gui/CMakeFiles/Gui.dir/util/qundogroup.cpp.o[0m
[ 74%] [32mBuilding CXX object src/gui/CMakeFiles/Gui.dir/opengl/platform/egl/qeglpbuffer.cpp.o[0m
[ 74%] [32mBuilding CXX object src/gui/CMakeFiles/Gui.dir/opengl/platform/egl/qeglplatformcontext.cpp.o[0m
[ 74%] [32mBuilding CXX object src/gui/CMakeFiles/Gui.dir/itemmodels/qfileinfogatherer.cpp.o[0m
[ 74%] [32mBuilding CXX object src/gui/CMakeFiles/Gui.dir/itemmodels/qfilesystemmodel.cpp.o[0m
[ 74%] [32mBuilding CXX object src/gui/CMakeFiles/Gui.dir/platform/unix/qunixnativeinterface.cpp.o[0m
[ 75%] [32mBuilding CXX object src/gui/CMakeFiles/Gui.dir/platform/unix/qgenericunixeventdispatcher.cpp.o[0m
[ 75%] [32mBuilding CXX object src/gui/CMakeFiles/Gui.dir/platform/unix/qunixeventdispatcher.cpp.o[0m
[ 75%] [32mBuilding CXX object src/gui/CMakeFiles/Gui.dir/platform/unix/qgenericunixservices.cpp.o[0m
[ 75%] [32mBuilding CXX object src/gui/CMakeFiles/Gui.dir/platform/unix/qgenericunixthemes.cpp.o[0m
[ 75%] [32mBuilding CXX object src/gui/CMakeFiles/Gui.dir/painting/qdrawhelper.cpp.o[0m
[ 75%] [32mBuilding CXX object src/gui/CMakeFiles/Gui.dir/util/qedidparser.cpp.o[0m
[ 75%] [1m[32mLinking CXX shared library ../../lib/libQt6Gui.lib.so[0m
[ 75%] [1m[32mLinking CXX shared module ../../../../plugins/sqldrivers/libqsqlite.lib.so[0m
[ 75%] Built target QSQLiteDriverPlugin
[ 75%] Built target Gui
[ 75%] [1m[34mGenerating prl file for target FbSupportPrivate[0m
[ 75%] [1m[34mRunning AUTOMOC file extraction for target FbSupportPrivate[0m
[ 75%] Built target OpenGL_autogen_timestamp_deps
[ 75%] [1m[34mRunning moc --collect-json for target FbSupportPrivate[0m
[ 75%] Built target QJpegPlugin_autogen_timestamp_deps
[ 75%] Built target QGenodeIntegrationPlugin_autogen_timestamp_deps
[ 75%] Built target QICOPlugin_autogen_timestamp_deps
[ 75%] Built target QTuioTouchPlugin_autogen_timestamp_deps
[ 75%] Built target QGifPlugin_autogen_timestamp_deps
[ 75%] Built target Widgets_autogen_timestamp_deps
[ 75%] [1m[34mAutomatic MOC for target QGenodeIntegrationPlugin[0m
[ 75%] [1m[34mAutomatic MOC for target QICOPlugin[0m
[ 75%] [1m[34mAutomatic MOC for target OpenGL[0m
[ 75%] [1m[34mAutomatic MOC for target QJpegPlugin[0m
[ 75%] [1m[34mAutomatic MOC for target QGifPlugin[0m
[ 75%] [1m[34mAutomatic MOC for target QTuioTouchPlugin[0m
[ 75%] [1m[34mAutomatic MOC and UIC for target Widgets[0m
[ 76%] [32mBuilding CXX object src/platformsupport/fbconvenience/CMakeFiles/FbSupportPrivate.dir/qfbcursor.cpp.o[0m
[ 76%] [32mBuilding CXX object src/platformsupport/fbconvenience/CMakeFiles/FbSupportPrivate.dir/FbSupportPrivate_autogen/mocs_compilation.cpp.o[0m
[ 76%] [32mBuilding CXX object src/platformsupport/fbconvenience/CMakeFiles/FbSupportPrivate.dir/qfbscreen.cpp.o[0m
[ 76%] [32mBuilding CXX object src/platformsupport/fbconvenience/CMakeFiles/FbSupportPrivate.dir/qfbbackingstore.cpp.o[0m
[ 76%] [32mBuilding CXX object src/platformsupport/fbconvenience/CMakeFiles/FbSupportPrivate.dir/qfbwindow.cpp.o[0m
[ 76%] [32mBuilding CXX object src/platformsupport/fbconvenience/CMakeFiles/FbSupportPrivate.dir/qfbvthandler.cpp.o[0m
[ 76%] Built target QGifPlugin_autogen
[ 76%] [1m[34mRunning AUTOMOC file extraction for target QGifPlugin[0m
[ 76%] [1m[34mRunning moc --collect-json for target QGifPlugin[0m
[ 76%] Built target QJpegPlugin_autogen
[ 76%] [32mBuilding CXX object src/plugins/imageformats/gif/CMakeFiles/QGifPlugin.dir/qgifhandler.cpp.o[0m
[ 76%] [32mBuilding CXX object src/plugins/imageformats/gif/CMakeFiles/QGifPlugin.dir/QGifPlugin_autogen/mocs_compilation.cpp.o[0m
[ 76%] [32mBuilding CXX object src/plugins/imageformats/gif/CMakeFiles/QGifPlugin.dir/main.cpp.o[0m
[ 76%] [1m[34mRunning AUTOMOC file extraction for target QJpegPlugin[0m
[ 76%] Built target QICOPlugin_autogen
[ 76%] [1m[34mRunning moc --collect-json for target QJpegPlugin[0m
[ 76%] [1m[34mRunning AUTOMOC file extraction for target QICOPlugin[0m
[ 76%] [1m[34mRunning moc --collect-json for target QICOPlugin[0m
[ 76%] [32mBuilding CXX object src/plugins/imageformats/jpeg/CMakeFiles/QJpegPlugin.dir/QJpegPlugin_autogen/mocs_compilation.cpp.o[0m
[ 76%] [32mBuilding CXX object src/plugins/imageformats/jpeg/CMakeFiles/QJpegPlugin.dir/qjpeghandler.cpp.o[0m
[ 76%] [32mBuilding CXX object src/plugins/imageformats/jpeg/CMakeFiles/QJpegPlugin.dir/main.cpp.o[0m
[ 77%] [32mBuilding CXX object src/plugins/imageformats/ico/CMakeFiles/QICOPlugin.dir/qicohandler.cpp.o[0m
[ 77%] [32mBuilding CXX object src/plugins/imageformats/ico/CMakeFiles/QICOPlugin.dir/main.cpp.o[0m
[ 77%] [32mBuilding CXX object src/plugins/imageformats/ico/CMakeFiles/QICOPlugin.dir/QICOPlugin_autogen/mocs_compilation.cpp.o[0m
[ 77%] Built target QTuioTouchPlugin_autogen
[ 77%] [1m[34mRunning AUTOMOC file extraction for target QTuioTouchPlugin[0m
[ 77%] [1m[34mRunning moc --collect-json for target QTuioTouchPlugin[0m
[ 77%] [32mBuilding CXX object src/plugins/generic/tuiotouch/CMakeFiles/QTuioTouchPlugin.dir/QTuioTouchPlugin_autogen/mocs_compilation.cpp.o[0m
[ 77%] [32mBuilding CXX object src/plugins/generic/tuiotouch/CMakeFiles/QTuioTouchPlugin.dir/qoscmessage.cpp.o[0m
[ 77%] [32mBuilding CXX object src/plugins/generic/tuiotouch/CMakeFiles/QTuioTouchPlugin.dir/main.cpp.o[0m
[ 77%] [32mBuilding CXX object src/plugins/generic/tuiotouch/CMakeFiles/QTuioTouchPlugin.dir/qoscbundle.cpp.o[0m
[ 77%] [32mBuilding CXX object src/plugins/generic/tuiotouch/CMakeFiles/QTuioTouchPlugin.dir/qtuiohandler.cpp.o[0m
[ 77%] Built target OpenGL_autogen
[ 77%] [1m[34mGenerating prl file for target OpenGL[0m
[ 77%] [1m[34mRunning AUTOMOC file extraction for target OpenGL[0m
[ 77%] [1m[34mGenerating pc file for target Qt6::OpenGL[0m
[ 77%] [1m[34mRunning moc --collect-json for target OpenGL[0m
[ 77%] [32mBuilding CXX object src/opengl/CMakeFiles/OpenGL.dir/compat/removed_api.cpp.o[0m
[ 77%] [32mBuilding CXX object src/opengl/CMakeFiles/OpenGL.dir/qopenglengineshadermanager.cpp.o[0m
[ 77%] [32mBuilding CXX object src/opengl/CMakeFiles/OpenGL.dir/qopengldebug.cpp.o[0m
[ 77%] [32mBuilding CXX object src/opengl/CMakeFiles/OpenGL.dir/qopenglpaintdevice.cpp.o[0m
[ 77%] [32mBuilding CXX object src/opengl/CMakeFiles/OpenGL.dir/qopengl2pexvertexarray.cpp.o[0m
[ 77%] [32mBuilding CXX object src/opengl/CMakeFiles/OpenGL.dir/qopenglframebufferobject.cpp.o[0m
[ 77%] [32mBuilding CXX object src/opengl/CMakeFiles/OpenGL.dir/qopenglbuffer.cpp.o[0m
[ 77%] [32mBuilding CXX object src/opengl/CMakeFiles/OpenGL.dir/qopenglgradientcache.cpp.o[0m
[ 77%] Built target QGenodeIntegrationPlugin_autogen
[ 77%] [32mBuilding CXX object src/opengl/CMakeFiles/OpenGL.dir/qopengltextureglyphcache.cpp.o[0m
[ 77%] [32mBuilding CXX object src/opengl/CMakeFiles/OpenGL.dir/qopengltexturecache.cpp.o[0m
[ 77%] [32mBuilding CXX object src/opengl/CMakeFiles/OpenGL.dir/qopenglcustomshaderstage.cpp.o[0m
[ 77%] [32mBuilding CXX object src/opengl/CMakeFiles/OpenGL.dir/qopengltextureblitter.cpp.o[0m
[ 78%] [32mBuilding CXX object src/opengl/CMakeFiles/OpenGL.dir/OpenGL_autogen/mocs_compilation.cpp.o[0m
[ 78%] [32mBuilding CXX object src/opengl/CMakeFiles/OpenGL.dir/qopengltexturehelper.cpp.o[0m
[ 78%] [32mBuilding CXX object src/opengl/CMakeFiles/OpenGL.dir/qopengltextureuploader.cpp.o[0m
[ 78%] [32mBuilding CXX object src/opengl/CMakeFiles/OpenGL.dir/qopenglpaintengine.cpp.o[0m
[ 79%] [32mBuilding CXX object src/opengl/CMakeFiles/OpenGL.dir/qopenglshaderprogram.cpp.o[0m
[ 79%] [32mBuilding CXX object src/opengl/CMakeFiles/OpenGL.dir/qopenglpixeltransferoptions.cpp.o[0m
[ 79%] [32mBuilding CXX object src/opengl/CMakeFiles/OpenGL.dir/qopengltexture.cpp.o[0m
[ 79%] [32mBuilding CXX object src/opengl/CMakeFiles/OpenGL.dir/qopenglversionfunctions.cpp.o[0m
[ 79%] [32mBuilding CXX object src/opengl/CMakeFiles/OpenGL.dir/qopenglwindow.cpp.o[0m
[ 79%] [32mBuilding CXX object src/opengl/CMakeFiles/OpenGL.dir/qopenglversionfunctionsfactory.cpp.o[0m
[ 79%] [32mBuilding CXX object src/opengl/CMakeFiles/OpenGL.dir/qopenglversionprofile.cpp.o[0m
[ 79%] [32mBuilding CXX object src/opengl/CMakeFiles/OpenGL.dir/qopenglvertexarrayobject.cpp.o[0m
[ 80%] [32mBuilding CXX object src/opengl/CMakeFiles/OpenGL.dir/qopenglfunctions_1_3.cpp.o[0m
[ 80%] [32mBuilding CXX object src/opengl/CMakeFiles/OpenGL.dir/qopenglfunctions_1_2.cpp.o[0m
[ 80%] [32mBuilding CXX object src/opengl/CMakeFiles/OpenGL.dir/qopenglfunctions_1_0.cpp.o[0m
[ 80%] [32mBuilding CXX object src/opengl/CMakeFiles/OpenGL.dir/qopenglfunctions_1_4.cpp.o[0m
[ 80%] [32mBuilding CXX object src/opengl/CMakeFiles/OpenGL.dir/qopenglfunctions_3_1.cpp.o[0m
[ 80%] [32mBuilding CXX object src/opengl/CMakeFiles/OpenGL.dir/qopenglfunctions_1_1.cpp.o[0m
[ 80%] [32mBuilding CXX object src/opengl/CMakeFiles/OpenGL.dir/qopenglfunctions_3_2_core.cpp.o[0m
[ 80%] [32mBuilding CXX object src/opengl/CMakeFiles/OpenGL.dir/qopenglfunctions_1_5.cpp.o[0m
[ 80%] [32mBuilding CXX object src/opengl/CMakeFiles/OpenGL.dir/qopenglfunctions_2_1.cpp.o[0m
[ 80%] [32mBuilding CXX object src/opengl/CMakeFiles/OpenGL.dir/qopenglfunctions_3_2_compatibility.cpp.o[0m
[ 80%] [32mBuilding CXX object src/opengl/CMakeFiles/OpenGL.dir/qopenglfunctions_2_0.cpp.o[0m
[ 80%] [32mBuilding CXX object src/opengl/CMakeFiles/OpenGL.dir/qopenglfunctions_3_0.cpp.o[0m
[ 80%] [1m[34mRunning AUTOMOC file extraction for target QGenodeIntegrationPlugin[0m
[ 80%] [32mBuilding CXX object src/opengl/CMakeFiles/OpenGL.dir/qopenglfunctions_4_0_compatibility.cpp.o[0m
[ 80%] [32mBuilding CXX object src/opengl/CMakeFiles/OpenGL.dir/qopenglfunctions_4_0_core.cpp.o[0m
[ 80%] [32mBuilding CXX object src/opengl/CMakeFiles/OpenGL.dir/qopenglfunctions_4_1_core.cpp.o[0m
[ 80%] [32mBuilding CXX object src/opengl/CMakeFiles/OpenGL.dir/qopenglfunctions_4_5_compatibility.cpp.o[0m
[ 80%] [32mBuilding CXX object src/opengl/CMakeFiles/OpenGL.dir/qopenglfunctions_4_4_core.cpp.o[0m
[ 80%] [32mBuilding CXX object src/opengl/CMakeFiles/OpenGL.dir/qopenglfunctions_4_3_core.cpp.o[0m
[ 80%] [32mBuilding CXX object src/opengl/CMakeFiles/OpenGL.dir/qopenglfunctions_4_2_core.cpp.o[0m
[ 80%] [32mBuilding CXX object src/opengl/CMakeFiles/OpenGL.dir/qopenglfunctions_4_2_compatibility.cpp.o[0m
[ 80%] [32mBuilding CXX object src/opengl/CMakeFiles/OpenGL.dir/qopenglfunctions_3_3_core.cpp.o[0m
[ 81%] [32mBuilding CXX object src/opengl/CMakeFiles/OpenGL.dir/qopenglfunctions_4_4_compatibility.cpp.o[0m
[ 81%] [32mBuilding CXX object src/opengl/CMakeFiles/OpenGL.dir/qopenglfunctions_4_1_compatibility.cpp.o[0m
[ 81%] [32mBuilding CXX object src/opengl/CMakeFiles/OpenGL.dir/qopenglcompositor.cpp.o[0m
[ 81%] [32mBuilding CXX object src/opengl/CMakeFiles/OpenGL.dir/qopengltimerquery.cpp.o[0m
[ 81%] [32mBuilding CXX object src/opengl/CMakeFiles/OpenGL.dir/qopenglfunctions_3_3_compatibility.cpp.o[0m
[ 81%] [32mBuilding CXX object src/opengl/CMakeFiles/OpenGL.dir/qopenglfunctions_4_5_core.cpp.o[0m
[ 81%] [32mBuilding CXX object src/opengl/CMakeFiles/OpenGL.dir/qopenglfunctions_4_3_compatibility.cpp.o[0m
[ 81%] [32mBuilding CXX object src/opengl/CMakeFiles/OpenGL.dir/qopenglcompositorbackingstore.cpp.o[0m
[ 81%] [1m[34mRunning moc --collect-json for target QGenodeIntegrationPlugin[0m
[ 81%] [32mBuilding CXX object src/plugins/platforms/genode/CMakeFiles/QGenodeIntegrationPlugin.dir/main.cpp.o[0m
[ 81%] [32mBuilding CXX object src/plugins/platforms/genode/CMakeFiles/QGenodeIntegrationPlugin.dir/QGenodeIntegrationPlugin_autogen/mocs_compilation.cpp.o[0m
[ 81%] [32mBuilding CXX object src/plugins/platforms/genode/CMakeFiles/QGenodeIntegrationPlugin.dir/qgenodeclipboard.cpp.o[0m
[ 81%] [32mBuilding CXX object src/plugins/platforms/genode/CMakeFiles/QGenodeIntegrationPlugin.dir/qgenodecursor.cpp.o[0m
[ 82%] [32mBuilding CXX object src/plugins/platforms/genode/CMakeFiles/QGenodeIntegrationPlugin.dir/qgenodeplatformwindow.cpp.o[0m
[ 82%] [32mBuilding CXX object src/plugins/platforms/genode/CMakeFiles/QGenodeIntegrationPlugin.dir/qgenodewindowsurface.cpp.o[0m
[ 82%] [32mBuilding CXX object src/plugins/platforms/genode/CMakeFiles/QGenodeIntegrationPlugin.dir/qgenodeintegration.cpp.o[0m
[ 82%] [32mBuilding CXX object src/plugins/platforms/genode/CMakeFiles/QGenodeIntegrationPlugin.dir/qgenodeglcontext.cpp.o[0m
[ 82%] Built target Widgets_autogen
[ 82%] [1m[34mRunning rcc for resource qstyle1[0m
[ 82%] [1m[34mGenerating prl file for target Widgets[0m
[ 82%] [1m[34mRunning rcc for resource qmessagebox[0m
[ 83%] [1m[34mGenerating pc file for target Qt6::Widgets[0m
[ 83%] [1m[34mRunning rcc for resource qstyle[0m
[ 83%] [1m[34mRunning rcc for resource qstyle_fusion[0m
[ 83%] [1m[34mRunning AUTOMOC file extraction for target Widgets[0m
[ 83%] [1m[34mRunning moc --collect-json for target Widgets[0m
[ 83%] [32mBuilding CXX object src/widgets/CMakeFiles/Widgets.dir/Widgets_autogen/mocs_compilation.cpp.o[0m
[ 83%] [32mBuilding CXX object src/widgets/CMakeFiles/Widgets.dir/compat/removed_api.cpp.o[0m
[ 83%] [32mBuilding CXX object src/widgets/CMakeFiles/Widgets.dir/kernel/qapplication.cpp.o[0m
[ 83%] [32mBuilding CXX object src/widgets/CMakeFiles/Widgets.dir/kernel/qgesture.cpp.o[0m
[ 83%] [32mBuilding CXX object src/widgets/CMakeFiles/Widgets.dir/kernel/qboxlayout.cpp.o[0m
[ 83%] [32mBuilding CXX object src/widgets/CMakeFiles/Widgets.dir/itemviews/qfileiconprovider.cpp.o[0m
[ 83%] [32mBuilding CXX object src/widgets/CMakeFiles/Widgets.dir/kernel/qgesturemanager.cpp.o[0m
[ 83%] [32mBuilding CXX object src/widgets/CMakeFiles/Widgets.dir/kernel/qgesturerecognizer.cpp.o[0m
[ 83%] [32mBuilding CXX object src/widgets/CMakeFiles/Widgets.dir/kernel/qgridlayout.cpp.o[0m
[ 83%] [32mBuilding CXX object src/widgets/CMakeFiles/Widgets.dir/kernel/qlayout.cpp.o[0m
[ 83%] [32mBuilding CXX object src/widgets/CMakeFiles/Widgets.dir/kernel/qlayoutengine.cpp.o[0m
[ 83%] [32mBuilding CXX object src/widgets/CMakeFiles/Widgets.dir/kernel/qlayoutitem.cpp.o[0m
[ 84%] [32mBuilding CXX object src/widgets/CMakeFiles/Widgets.dir/kernel/qrhiwidget.cpp.o[0m
[ 84%] [32mBuilding CXX object src/widgets/CMakeFiles/Widgets.dir/kernel/qsizepolicy.cpp.o[0m
[ 84%] [32mBuilding CXX object src/widgets/CMakeFiles/Widgets.dir/kernel/qstackedlayout.cpp.o[0m
[ 84%] [32mBuilding CXX object src/widgets/CMakeFiles/Widgets.dir/kernel/qstandardgestures.cpp.o[0m
[ 84%] [32mBuilding CXX object src/widgets/CMakeFiles/Widgets.dir/kernel/qtestsupport_widgets.cpp.o[0m
[ 84%] [32mBuilding CXX object src/widgets/CMakeFiles/Widgets.dir/kernel/qwidget.cpp.o[0m
[ 84%] [32mBuilding CXX object src/widgets/CMakeFiles/Widgets.dir/kernel/qwidgetrepaintmanager.cpp.o[0m
[ 84%] [32mBuilding CXX object src/widgets/CMakeFiles/Widgets.dir/kernel/qwidgetsvariant.cpp.o[0m
[ 84%] [32mBuilding CXX object src/widgets/CMakeFiles/Widgets.dir/kernel/qwidgetwindow.cpp.o[0m
[ 84%] [32mBuilding CXX object src/widgets/CMakeFiles/Widgets.dir/kernel/qwindowcontainer.cpp.o[0m
[ 84%] [32mBuilding CXX object src/widgets/CMakeFiles/Widgets.dir/styles/qcommonstyle.cpp.o[0m
[ 84%] [32mBuilding CXX object src/widgets/CMakeFiles/Widgets.dir/styles/qdrawutil.cpp.o[0m
[ 84%] [32mBuilding CXX object src/widgets/CMakeFiles/Widgets.dir/styles/qpixmapstyle.cpp.o[0m
[ 85%] [32mBuilding CXX object src/widgets/CMakeFiles/Widgets.dir/styles/qproxystyle.cpp.o[0m
[ 85%] [32mBuilding CXX object src/widgets/CMakeFiles/Widgets.dir/styles/qstyle.cpp.o[0m
[ 85%] [32mBuilding CXX object src/widgets/CMakeFiles/Widgets.dir/styles/qstylefactory.cpp.o[0m
[ 85%] [32mBuilding CXX object src/widgets/CMakeFiles/Widgets.dir/styles/qstylehelper.cpp.o[0m
[ 85%] [32mBuilding CXX object src/widgets/CMakeFiles/Widgets.dir/styles/qstyleoption.cpp.o[0m
[ 85%] [32mBuilding CXX object src/widgets/CMakeFiles/Widgets.dir/styles/qstylepainter.cpp.o[0m
[ 85%] [32mBuilding CXX object src/widgets/CMakeFiles/Widgets.dir/styles/qstyleplugin.cpp.o[0m
[ 85%] [32mBuilding CXX object src/widgets/CMakeFiles/Widgets.dir/styles/qstylesheetstyle.cpp.o[0m
[ 85%] [32mBuilding CXX object src/widgets/CMakeFiles/Widgets.dir/styles/qstylesheetstyle_default.cpp.o[0m
[ 85%] [1m[32mLinking CXX shared module ../../../../plugins/imageformats/libqico.lib.so[0m
[ 85%] [32mBuilding CXX object src/widgets/CMakeFiles/Widgets.dir/util/qcolormap.cpp.o[0m
[ 85%] [32mBuilding CXX object src/widgets/CMakeFiles/Widgets.dir/widgets/qabstractscrollarea.cpp.o[0m
[ 85%] [32mBuilding CXX object src/widgets/CMakeFiles/Widgets.dir/util/qsystemtrayicon.cpp.o[0m
[ 85%] [32mBuilding CXX object src/widgets/CMakeFiles/Widgets.dir/widgets/qfocusframe.cpp.o[0m
[ 85%] [32mBuilding CXX object src/widgets/CMakeFiles/Widgets.dir/widgets/qframe.cpp.o[0m
[ 86%] [32mBuilding CXX object src/widgets/CMakeFiles/Widgets.dir/widgets/qwidgetanimator.cpp.o[0m
[ 86%] [32mBuilding CXX object src/widgets/CMakeFiles/Widgets.dir/.qt/rcc/qrc_qstyle.cpp.o[0m
[ 86%] [32mBuilding CXX object src/widgets/CMakeFiles/Widgets.dir/.qt/rcc/qrc_qstyle_fusion.cpp.o[0m
[ 86%] [32mBuilding CXX object src/widgets/CMakeFiles/Widgets.dir/.qt/rcc/qrc_qstyle1.cpp.o[0m
[ 86%] [32mBuilding CXX object src/widgets/CMakeFiles/Widgets.dir/effects/qgraphicseffect.cpp.o[0m
[ 86%] [1m[32mLinking CXX shared module ../../../../plugins/imageformats/libqgif.lib.so[0m
[ 86%] Built target QICOPlugin
[ 86%] [32mBuilding CXX object src/widgets/CMakeFiles/Widgets.dir/effects/qpixmapfilter.cpp.o[0m
[ 86%] [32mBuilding CXX object src/widgets/CMakeFiles/Widgets.dir/kernel/qaction_widgets.cpp.o[0m
[ 86%] [32mBuilding CXX object src/widgets/CMakeFiles/Widgets.dir/kernel/qwidgetaction.cpp.o[0m
[ 86%] [32mBuilding CXX object src/widgets/CMakeFiles/Widgets.dir/kernel/qformlayout.cpp.o[0m
[ 86%] [32mBuilding CXX object src/widgets/CMakeFiles/Widgets.dir/kernel/qshortcut_widgets.cpp.o[0m
[ 86%] Built target QGifPlugin
[ 86%] [32mBuilding CXX object src/widgets/CMakeFiles/Widgets.dir/kernel/qtooltip.cpp.o[0m
[ 86%] [32mBuilding CXX object src/widgets/CMakeFiles/Widgets.dir/kernel/qwhatsthis.cpp.o[0m
[ 86%] [32mBuilding CXX object src/widgets/CMakeFiles/Widgets.dir/styles/qstyleanimation.cpp.o[0m
[ 87%] [32mBuilding CXX object src/widgets/CMakeFiles/Widgets.dir/styles/qwindowsstyle.cpp.o[0m
[ 87%] [32mBuilding CXX object src/widgets/CMakeFiles/Widgets.dir/styles/qfusionstyle.cpp.o[0m
[ 87%] [32mBuilding CXX object src/widgets/CMakeFiles/Widgets.dir/widgets/qabstractbutton.cpp.o[0m
[ 87%] [32mBuilding CXX object src/widgets/CMakeFiles/Widgets.dir/widgets/qabstractslider.cpp.o[0m
[ 87%] [32mBuilding CXX object src/widgets/CMakeFiles/Widgets.dir/widgets/qbuttongroup.cpp.o[0m
[ 87%] [1m[32mLinking CXX static library ../../../lib/libQt6FbSupport.a[0m
[ 87%] [32mBuilding CXX object src/widgets/CMakeFiles/Widgets.dir/widgets/qcalendarwidget.cpp.o[0m
[ 87%] [32mBuilding CXX object src/widgets/CMakeFiles/Widgets.dir/widgets/qcheckbox.cpp.o[0m
[ 87%] Built target FbSupportPrivate
[ 87%] [32mBuilding CXX object src/widgets/CMakeFiles/Widgets.dir/widgets/qcombobox.cpp.o[0m
[ 87%] [32mBuilding CXX object src/widgets/CMakeFiles/Widgets.dir/widgets/qcommandlinkbutton.cpp.o[0m
[ 87%] [32mBuilding CXX object src/widgets/CMakeFiles/Widgets.dir/widgets/qdatetimeedit.cpp.o[0m
[ 87%] [32mBuilding CXX object src/widgets/CMakeFiles/Widgets.dir/widgets/qdial.cpp.o[0m
[ 87%] [32mBuilding CXX object src/widgets/CMakeFiles/Widgets.dir/widgets/qdockarealayout.cpp.o[0m
[ 87%] [1m[32mLinking CXX shared module ../../../../plugins/imageformats/libqjpeg.lib.so[0m
[ 87%] [32mBuilding CXX object src/widgets/CMakeFiles/Widgets.dir/widgets/qdockwidget.cpp.o[0m
[ 88%] [32mBuilding CXX object src/widgets/CMakeFiles/Widgets.dir/widgets/qeffects.cpp.o[0m
[ 88%] [32mBuilding CXX object src/widgets/CMakeFiles/Widgets.dir/widgets/qfontcombobox.cpp.o[0m
[ 88%] Built target QJpegPlugin
[ 88%] [32mBuilding CXX object src/widgets/CMakeFiles/Widgets.dir/widgets/qgroupbox.cpp.o[0m
[ 88%] [32mBuilding CXX object src/widgets/CMakeFiles/Widgets.dir/widgets/qkeysequenceedit.cpp.o[0m
[ 88%] [32mBuilding CXX object src/widgets/CMakeFiles/Widgets.dir/widgets/qlabel.cpp.o[0m
[ 88%] [32mBuilding CXX object src/widgets/CMakeFiles/Widgets.dir/widgets/qlcdnumber.cpp.o[0m
[ 88%] [32mBuilding CXX object src/widgets/CMakeFiles/Widgets.dir/widgets/qlineedit.cpp.o[0m
[ 88%] [32mBuilding CXX object src/widgets/CMakeFiles/Widgets.dir/widgets/qlineedit_p.cpp.o[0m
[ 88%] [32mBuilding CXX object src/widgets/CMakeFiles/Widgets.dir/widgets/qwidgetlinecontrol.cpp.o[0m
[ 88%] [32mBuilding CXX object src/widgets/CMakeFiles/Widgets.dir/widgets/qmainwindow.cpp.o[0m
[ 88%] [32mBuilding CXX object src/widgets/CMakeFiles/Widgets.dir/widgets/qmainwindowlayout.cpp.o[0m
[ 88%] [32mBuilding CXX object src/widgets/CMakeFiles/Widgets.dir/widgets/qmdiarea.cpp.o[0m
[ 88%] [32mBuilding CXX object src/widgets/CMakeFiles/Widgets.dir/widgets/qmdisubwindow.cpp.o[0m
[ 88%] [32mBuilding CXX object src/widgets/CMakeFiles/Widgets.dir/widgets/qmenu.cpp.o[0m
[ 89%] [32mBuilding CXX object src/widgets/CMakeFiles/Widgets.dir/widgets/qmenubar.cpp.o[0m
[ 89%] [32mBuilding CXX object src/widgets/CMakeFiles/Widgets.dir/widgets/qprogressbar.cpp.o[0m
[ 89%] [32mBuilding CXX object src/widgets/CMakeFiles/Widgets.dir/widgets/qpushbutton.cpp.o[0m
[ 89%] [32mBuilding CXX object src/widgets/CMakeFiles/Widgets.dir/widgets/qradiobutton.cpp.o[0m
[ 89%] [32mBuilding CXX object src/widgets/CMakeFiles/Widgets.dir/widgets/qwidgetresizehandler.cpp.o[0m
[ 89%] [1m[32mLinking CXX shared module ../../../../plugins/generic/libqtuiotouchplugin.lib.so[0m
[ 89%] [32mBuilding CXX object src/widgets/CMakeFiles/Widgets.dir/widgets/qdialogbuttonbox.cpp.o[0m
[ 89%] [32mBuilding CXX object src/widgets/CMakeFiles/Widgets.dir/widgets/qrubberband.cpp.o[0m
[ 89%] Built target QTuioTouchPlugin
[ 89%] [32mBuilding CXX object src/widgets/CMakeFiles/Widgets.dir/widgets/qscrollarea.cpp.o[0m
[ 89%] [32mBuilding CXX object src/widgets/CMakeFiles/Widgets.dir/widgets/qscrollbar.cpp.o[0m
[ 89%] [32mBuilding CXX object src/widgets/CMakeFiles/Widgets.dir/widgets/qsizegrip.cpp.o[0m
[ 89%] [32mBuilding CXX object src/widgets/CMakeFiles/Widgets.dir/widgets/qabstractspinbox.cpp.o[0m
[ 89%] [32mBuilding CXX object src/widgets/CMakeFiles/Widgets.dir/widgets/qslider.cpp.o[0m
[ 89%] [32mBuilding CXX object src/widgets/CMakeFiles/Widgets.dir/widgets/qspinbox.cpp.o[0m
[ 90%] [32mBuilding CXX object src/widgets/CMakeFiles/Widgets.dir/widgets/qsplashscreen.cpp.o[0m
[ 90%] [32mBuilding CXX object src/widgets/CMakeFiles/Widgets.dir/widgets/qsplitter.cpp.o[0m
[ 90%] [32mBuilding CXX object src/widgets/CMakeFiles/Widgets.dir/widgets/qstackedwidget.cpp.o[0m
[ 90%] [32mBuilding CXX object src/widgets/CMakeFiles/Widgets.dir/widgets/qstatusbar.cpp.o[0m
[ 91%] [1m[32mLinking CXX shared library ../../lib/libQt6OpenGL.lib.so[0m
[ 91%] [32mBuilding CXX object src/widgets/CMakeFiles/Widgets.dir/widgets/qtabbar.cpp.o[0m
[ 91%] [32mBuilding CXX object src/widgets/CMakeFiles/Widgets.dir/widgets/qplaintextedit.cpp.o[0m
[ 91%] [32mBuilding CXX object src/widgets/CMakeFiles/Widgets.dir/widgets/qtextedit.cpp.o[0m
[ 91%] Built target OpenGL
[ 91%] [32mBuilding CXX object src/widgets/CMakeFiles/Widgets.dir/widgets/qtextbrowser.cpp.o[0m
[ 91%] [32mBuilding CXX object src/widgets/CMakeFiles/Widgets.dir/widgets/qtabwidget.cpp.o[0m
[ 91%] [32mBuilding CXX object src/widgets/CMakeFiles/Widgets.dir/widgets/qtoolbar.cpp.o[0m
[ 91%] [32mBuilding CXX object src/widgets/CMakeFiles/Widgets.dir/widgets/qtoolbararealayout.cpp.o[0m
[ 91%] [32mBuilding CXX object src/widgets/CMakeFiles/Widgets.dir/widgets/qtoolbarlayout.cpp.o[0m
[ 91%] [32mBuilding CXX object src/widgets/CMakeFiles/Widgets.dir/widgets/qtoolbarseparator.cpp.o[0m
[ 92%] [32mBuilding CXX object src/widgets/CMakeFiles/Widgets.dir/widgets/qtoolbox.cpp.o[0m
[ 92%] [32mBuilding CXX object src/widgets/CMakeFiles/Widgets.dir/widgets/qtoolbarextension.cpp.o[0m
[ 92%] [32mBuilding CXX object src/widgets/CMakeFiles/Widgets.dir/widgets/qtoolbutton.cpp.o[0m
[ 92%] [32mBuilding CXX object src/widgets/CMakeFiles/Widgets.dir/widgets/qwidgettextcontrol.cpp.o[0m
[ 92%] [32mBuilding CXX object src/widgets/CMakeFiles/Widgets.dir/dialogs/qcolordialog.cpp.o[0m
[ 92%] [32mBuilding CXX object src/widgets/CMakeFiles/Widgets.dir/dialogs/qdialog.cpp.o[0m
[ 92%] [32mBuilding CXX object src/widgets/CMakeFiles/Widgets.dir/dialogs/qerrormessage.cpp.o[0m
[ 92%] [32mBuilding CXX object src/widgets/CMakeFiles/Widgets.dir/dialogs/qfiledialog.cpp.o[0m
[ 92%] [32mBuilding CXX object src/widgets/CMakeFiles/Widgets.dir/dialogs/qsidebar.cpp.o[0m
[ 92%] [32mBuilding CXX object src/widgets/CMakeFiles/Widgets.dir/dialogs/qfontdialog.cpp.o[0m
[ 92%] [1m[32mLinking CXX shared module ../../../../plugins/platforms/libqgenode.lib.so[0m
[ 92%] [32mBuilding CXX object src/widgets/CMakeFiles/Widgets.dir/dialogs/qinputdialog.cpp.o[0m
[ 92%] Built target QGenodeIntegrationPlugin
[ 92%] [32mBuilding CXX object src/widgets/CMakeFiles/Widgets.dir/dialogs/qmessagebox.cpp.o[0m
[ 92%] [32mBuilding CXX object src/widgets/CMakeFiles/Widgets.dir/dialogs/qprogressdialog.cpp.o[0m
[ 92%] [32mBuilding CXX object src/widgets/CMakeFiles/Widgets.dir/.qt/rcc/qrc_qmessagebox.cpp.o[0m
[ 93%] [32mBuilding CXX object src/widgets/CMakeFiles/Widgets.dir/dialogs/qwizard.cpp.o[0m
[ 93%] [32mBuilding CXX object src/widgets/CMakeFiles/Widgets.dir/accessible/complexwidgets.cpp.o[0m
[ 93%] [32mBuilding CXX object src/widgets/CMakeFiles/Widgets.dir/accessible/qaccessiblemenu.cpp.o[0m
[ 93%] [32mBuilding CXX object src/widgets/CMakeFiles/Widgets.dir/accessible/qaccessiblewidget.cpp.o[0m
[ 93%] [32mBuilding CXX object src/widgets/CMakeFiles/Widgets.dir/accessible/qaccessiblewidgetfactory.cpp.o[0m
[ 93%] [32mBuilding CXX object src/widgets/CMakeFiles/Widgets.dir/accessible/qaccessiblewidgets.cpp.o[0m
[ 93%] [32mBuilding CXX object src/widgets/CMakeFiles/Widgets.dir/accessible/rangecontrols.cpp.o[0m
[ 93%] [32mBuilding CXX object src/widgets/CMakeFiles/Widgets.dir/accessible/simplewidgets.cpp.o[0m
[ 93%] [32mBuilding CXX object src/widgets/CMakeFiles/Widgets.dir/accessible/itemviews.cpp.o[0m
[ 93%] [32mBuilding CXX object src/widgets/CMakeFiles/Widgets.dir/itemviews/qabstractitemdelegate.cpp.o[0m
[ 93%] [32mBuilding CXX object src/widgets/CMakeFiles/Widgets.dir/itemviews/qabstractitemview.cpp.o[0m
[ 93%] [32mBuilding CXX object src/widgets/CMakeFiles/Widgets.dir/itemviews/qbsptree.cpp.o[0m
[ 93%] [32mBuilding CXX object src/widgets/CMakeFiles/Widgets.dir/itemviews/qheaderview.cpp.o[0m
[ 94%] [32mBuilding CXX object src/widgets/CMakeFiles/Widgets.dir/itemviews/qitemdelegate.cpp.o[0m
[ 94%] [32mBuilding CXX object src/widgets/CMakeFiles/Widgets.dir/itemviews/qitemeditorfactory.cpp.o[0m
[ 94%] [32mBuilding CXX object src/widgets/CMakeFiles/Widgets.dir/itemviews/qstyleditemdelegate.cpp.o[0m
[ 94%] [32mBuilding CXX object src/widgets/CMakeFiles/Widgets.dir/itemviews/qcolumnview.cpp.o[0m
[ 94%] [32mBuilding CXX object src/widgets/CMakeFiles/Widgets.dir/itemviews/qcolumnviewgrip.cpp.o[0m
[ 94%] [32mBuilding CXX object src/widgets/CMakeFiles/Widgets.dir/itemviews/qdatawidgetmapper.cpp.o[0m
[ 94%] [32mBuilding CXX object src/widgets/CMakeFiles/Widgets.dir/itemviews/qlistview.cpp.o[0m
[ 94%] [32mBuilding CXX object src/widgets/CMakeFiles/Widgets.dir/itemviews/qlistwidget.cpp.o[0m
[ 94%] [32mBuilding CXX object src/widgets/CMakeFiles/Widgets.dir/itemviews/qtableview.cpp.o[0m
[ 94%] [32mBuilding CXX object src/widgets/CMakeFiles/Widgets.dir/itemviews/qtablewidget.cpp.o[0m
[ 94%] [32mBuilding CXX object src/widgets/CMakeFiles/Widgets.dir/itemviews/qtreeview.cpp.o[0m
[ 94%] [32mBuilding CXX object src/widgets/CMakeFiles/Widgets.dir/itemviews/qtreewidget.cpp.o[0m
[ 94%] [32mBuilding CXX object src/widgets/CMakeFiles/Widgets.dir/itemviews/qtreewidgetitemiterator.cpp.o[0m
[ 94%] [32mBuilding CXX object src/widgets/CMakeFiles/Widgets.dir/graphicsview/qgraphicsanchorlayout.cpp.o[0m
[ 95%] [32mBuilding CXX object src/widgets/CMakeFiles/Widgets.dir/graphicsview/qgraphicsanchorlayout_p.cpp.o[0m
[ 95%] [32mBuilding CXX object src/widgets/CMakeFiles/Widgets.dir/graphicsview/qgraphicsgridlayout.cpp.o[0m
[ 95%] [32mBuilding CXX object src/widgets/CMakeFiles/Widgets.dir/graphicsview/qgraphicsgridlayoutengine.cpp.o[0m
[ 95%] [32mBuilding CXX object src/widgets/CMakeFiles/Widgets.dir/graphicsview/qgraphicsitem.cpp.o[0m
[ 95%] [32mBuilding CXX object src/widgets/CMakeFiles/Widgets.dir/graphicsview/qgraphicslayout.cpp.o[0m
[ 95%] [32mBuilding CXX object src/widgets/CMakeFiles/Widgets.dir/graphicsview/qgraphicslayout_p.cpp.o[0m
[ 95%] [32mBuilding CXX object src/widgets/CMakeFiles/Widgets.dir/graphicsview/qgraphicslayoutitem.cpp.o[0m
[ 95%] [32mBuilding CXX object src/widgets/CMakeFiles/Widgets.dir/graphicsview/qgraphicslayoutstyleinfo.cpp.o[0m
[ 95%] [32mBuilding CXX object src/widgets/CMakeFiles/Widgets.dir/graphicsview/qgraphicslinearlayout.cpp.o[0m
[ 95%] [32mBuilding CXX object src/widgets/CMakeFiles/Widgets.dir/graphicsview/qgraphicsproxywidget.cpp.o[0m
[ 95%] [32mBuilding CXX object src/widgets/CMakeFiles/Widgets.dir/graphicsview/qgraphicsscene.cpp.o[0m
[ 95%] [32mBuilding CXX object src/widgets/CMakeFiles/Widgets.dir/graphicsview/qgraphicsscene_bsp.cpp.o[0m
[ 95%] [32mBuilding CXX object src/widgets/CMakeFiles/Widgets.dir/graphicsview/qgraphicsscenebsptreeindex.cpp.o[0m
[ 96%] [32mBuilding CXX object src/widgets/CMakeFiles/Widgets.dir/graphicsview/qgraphicssceneevent.cpp.o[0m
[ 96%] [32mBuilding CXX object src/widgets/CMakeFiles/Widgets.dir/graphicsview/qgraphicssceneindex.cpp.o[0m
[ 96%] [32mBuilding CXX object src/widgets/CMakeFiles/Widgets.dir/graphicsview/qgraphicsscenelinearindex.cpp.o[0m
[ 96%] [32mBuilding CXX object src/widgets/CMakeFiles/Widgets.dir/graphicsview/qgraphicstransform.cpp.o[0m
[ 96%] [32mBuilding CXX object src/widgets/CMakeFiles/Widgets.dir/graphicsview/qgraphicsview.cpp.o[0m
[ 96%] [32mBuilding CXX object src/widgets/CMakeFiles/Widgets.dir/graphicsview/qgraphicswidget.cpp.o[0m
[ 96%] [32mBuilding CXX object src/widgets/CMakeFiles/Widgets.dir/graphicsview/qgraphicswidget_p.cpp.o[0m
[ 96%] [32mBuilding CXX object src/widgets/CMakeFiles/Widgets.dir/graphicsview/qsimplex_p.cpp.o[0m
[ 96%] [32mBuilding CXX object src/widgets/CMakeFiles/Widgets.dir/graphicsview/qgraphicsitemanimation.cpp.o[0m
[ 96%] [32mBuilding CXX object src/widgets/CMakeFiles/Widgets.dir/util/qcompleter.cpp.o[0m
[ 96%] [32mBuilding CXX object src/widgets/CMakeFiles/Widgets.dir/util/qflickgesture.cpp.o[0m
[ 96%] [32mBuilding CXX object src/widgets/CMakeFiles/Widgets.dir/util/qscroller.cpp.o[0m
[ 96%] [32mBuilding CXX object src/widgets/CMakeFiles/Widgets.dir/util/qscrollerproperties.cpp.o[0m
[ 97%] [32mBuilding CXX object src/widgets/CMakeFiles/Widgets.dir/util/qundoview.cpp.o[0m
[ 97%] [32mBuilding CXX object src/widgets/CMakeFiles/Widgets.dir/util/qsystemtrayicon_qpa.cpp.o[0m
[ 97%] [1m[32mLinking CXX shared library ../../lib/libQt6Widgets.lib.so[0m
[ 97%] Built target Widgets
[ 97%] Built target PrintSupport_autogen_timestamp_deps
[ 97%] Built target OpenGLWidgets_autogen_timestamp_deps
[ 97%] [1m[34mAutomatic MOC and UIC for target PrintSupport[0m
[ 97%] [1m[34mAutomatic MOC for target OpenGLWidgets[0m
[ 97%] Built target OpenGLWidgets_autogen
[ 97%] [1m[34mGenerating prl file for target OpenGLWidgets[0m
[ 97%] [1m[34mRunning AUTOMOC file extraction for target OpenGLWidgets[0m
[ 97%] [1m[34mGenerating pc file for target Qt6::OpenGLWidgets[0m
[ 97%] [1m[34mRunning moc --collect-json for target OpenGLWidgets[0m
[ 97%] [32mBuilding CXX object src/openglwidgets/CMakeFiles/OpenGLWidgets.dir/OpenGLWidgets_autogen/mocs_compilation.cpp.o[0m
[ 97%] [32mBuilding CXX object src/openglwidgets/CMakeFiles/OpenGLWidgets.dir/qopenglwidget.cpp.o[0m
[ 97%] Built target PrintSupport_autogen
[ 97%] [1m[34mGenerating pc file for target Qt6::PrintSupport[0m
[ 97%] [1m[34mRunning rcc for resource qprintdialog[0m
[ 97%] [1m[34mGenerating prl file for target PrintSupport[0m
[ 97%] [1m[34mRunning rcc for resource qprintdialog1[0m
[ 97%] [1m[34mRunning AUTOMOC file extraction for target PrintSupport[0m
[ 97%] [1m[34mRunning moc --collect-json for target PrintSupport[0m
[ 97%] [32mBuilding CXX object src/printsupport/CMakeFiles/PrintSupport.dir/kernel/qpaintengine_alpha.cpp.o[0m
[ 97%] [32mBuilding CXX object src/printsupport/CMakeFiles/PrintSupport.dir/kernel/qplatformprintplugin.cpp.o[0m
[ 97%] [32mBuilding CXX object src/printsupport/CMakeFiles/PrintSupport.dir/PrintSupport_autogen/mocs_compilation.cpp.o[0m
[ 97%] [32mBuilding CXX object src/printsupport/CMakeFiles/PrintSupport.dir/kernel/qplatformprintersupport.cpp.o[0m
[ 97%] [32mBuilding CXX object src/printsupport/CMakeFiles/PrintSupport.dir/kernel/qplatformprintdevice.cpp.o[0m
[ 98%] [32mBuilding CXX object src/printsupport/CMakeFiles/PrintSupport.dir/kernel/qprint.cpp.o[0m
[ 98%] [32mBuilding CXX object src/printsupport/CMakeFiles/PrintSupport.dir/kernel/qprintdevice.cpp.o[0m
[ 98%] [32mBuilding CXX object src/printsupport/CMakeFiles/PrintSupport.dir/kernel/qprinter.cpp.o[0m
[ 98%] [32mBuilding CXX object src/printsupport/CMakeFiles/PrintSupport.dir/kernel/qprintengine.cpp.o[0m
[ 98%] [32mBuilding CXX object src/printsupport/CMakeFiles/PrintSupport.dir/kernel/qprintengine_pdf.cpp.o[0m
[ 98%] [32mBuilding CXX object src/printsupport/CMakeFiles/PrintSupport.dir/kernel/qprinterinfo.cpp.o[0m
[ 98%] [32mBuilding CXX object src/printsupport/CMakeFiles/PrintSupport.dir/widgets/qprintpreviewwidget.cpp.o[0m
[ 98%] [32mBuilding CXX object src/printsupport/CMakeFiles/PrintSupport.dir/kernel/qpaintengine_preview.cpp.o[0m
[ 98%] [32mBuilding CXX object src/printsupport/CMakeFiles/PrintSupport.dir/dialogs/qabstractprintdialog.cpp.o[0m
[ 98%] [32mBuilding CXX object src/printsupport/CMakeFiles/PrintSupport.dir/.qt/rcc/qrc_qprintdialog1.cpp.o[0m
[ 98%] [32mBuilding CXX object src/printsupport/CMakeFiles/PrintSupport.dir/dialogs/qpagesetupdialog.cpp.o[0m
[ 98%] [32mBuilding CXX object src/printsupport/CMakeFiles/PrintSupport.dir/dialogs/qpagesetupdialog_unix.cpp.o[0m
[ 98%] [32mBuilding CXX object src/printsupport/CMakeFiles/PrintSupport.dir/.qt/rcc/qrc_qprintdialog.cpp.o[0m
[100%] [32mBuilding CXX object src/printsupport/CMakeFiles/PrintSupport.dir/dialogs/qprintpreviewdialog.cpp.o[0m
[100%] [32mBuilding CXX object src/printsupport/CMakeFiles/PrintSupport.dir/dialogs/qprintdialog_unix.cpp.o[0m
[100%] [1m[32mLinking CXX shared library ../../lib/libQt6OpenGLWidgets.lib.so[0m
[100%] Built target OpenGLWidgets
[100%] [1m[32mLinking CXX shared library ../../lib/libQt6PrintSupport.lib.so[0m
[100%] Built target PrintSupport
[  1%] Built target qmodule_pri
[  2%] Built target Platform
[  2%] Built target JpegPrivate_sync_headers
[  2%] Built target ZlibPrivate_sync_headers
[  2%] Built target FreetypePrivate_sync_headers
[  2%] Built target PngPrivate_sync_headers
[  2%] Built target BundledLibjpeg_ext_pri
[  2%] Built target BundledFreetype_ext_pri
[  2%] Built target Network_lib_pri
[  2%] Built target Sql_lib_pri
[  2%] Built target Core_lib_pri
[  2%] Built target HarfbuzzPrivate_sync_headers
[  2%] Built target Widgets_lib_pri
[  2%] Built target Concurrent_lib_pri
[  3%] Built target Xml_lib_pri
[  3%] Built target BundledLibpng_ext_pri
[  3%] Built target Gui_lib_pri
[  3%] Built target ExampleIconsPrivate_sync_headers
[  3%] Built target OpenGLWidgets_lib_pri
[  3%] Built target Test_lib_pri
[  3%] Built target PrintSupport_lib_pri
[  3%] Built target OpenGL_lib_pri
Dependencies file "src/3rdparty/libjpeg/CMakeFiles/BundledLibjpeg16bits.dir/jcapistd_16.c.o.d" is newer than depends file "/home/luke/sponge-os/genode/build/x86_64/qt6/base/src/3rdparty/libjpeg/CMakeFiles/BundledLibjpeg16bits.dir/compiler_depend.internal".
Dependencies file "src/3rdparty/libjpeg/CMakeFiles/BundledLibjpeg16bits.dir/jccolor_16.c.o.d" is newer than depends file "/home/luke/sponge-os/genode/build/x86_64/qt6/base/src/3rdparty/libjpeg/CMakeFiles/BundledLibjpeg16bits.dir/compiler_depend.internal".
Dependencies file "src/3rdparty/libjpeg/CMakeFiles/BundledLibjpeg16bits.dir/jcdiffct_16.c.o.d" is newer than depends file "/home/luke/sponge-os/genode/build/x86_64/qt6/base/src/3rdparty/libjpeg/CMakeFiles/BundledLibjpeg16bits.dir/compiler_depend.internal".
Dependencies file "src/3rdparty/libjpeg/CMakeFiles/BundledLibjpeg16bits.dir/jclossls_16.c.o.d" is newer than depends file "/home/luke/sponge-os/genode/build/x86_64/qt6/base/src/3rdparty/libjpeg/CMakeFiles/BundledLibjpeg16bits.dir/compiler_depend.internal".
Dependencies file "src/3rdparty/pcre2/CMakeFiles/BundledPcre2.dir/src/pcre2_auto_possess.c.o.d" is newer than depends file "/home/luke/sponge-os/genode/build/x86_64/qt6/base/src/3rdparty/pcre2/CMakeFiles/BundledPcre2.dir/compiler_depend.internal".
Dependencies file "src/3rdparty/libjpeg/CMakeFiles/BundledLibjpeg16bits.dir/jcmainct_16.c.o.d" is newer than depends file "/home/luke/sponge-os/genode/build/x86_64/qt6/base/src/3rdparty/libjpeg/CMakeFiles/BundledLibjpeg16bits.dir/compiler_depend.internal".
Dependencies file "src/3rdparty/pcre2/CMakeFiles/BundledPcre2.dir/src/pcre2_chartables.c.o.d" is newer than depends file "/home/luke/sponge-os/genode/build/x86_64/qt6/base/src/3rdparty/pcre2/CMakeFiles/BundledPcre2.dir/compiler_depend.internal".
Dependencies file "src/3rdparty/libjpeg/CMakeFiles/BundledLibjpeg16bits.dir/jcprepct_16.c.o.d" is newer than depends file "/home/luke/sponge-os/genode/build/x86_64/qt6/base/src/3rdparty/libjpeg/CMakeFiles/BundledLibjpeg16bits.dir/compiler_depend.internal".
Dependencies file "src/3rdparty/pcre2/CMakeFiles/BundledPcre2.dir/src/pcre2_chkdint.c.o.d" is newer than depends file "/home/luke/sponge-os/genode/build/x86_64/qt6/base/src/3rdparty/pcre2/CMakeFiles/BundledPcre2.dir/compiler_depend.internal".
Dependencies file "src/3rdparty/libjpeg/CMakeFiles/BundledLibjpeg16bits.dir/jcsample_16.c.o.d" is newer than depends file "/home/luke/sponge-os/genode/build/x86_64/qt6/base/src/3rdparty/libjpeg/CMakeFiles/BundledLibjpeg16bits.dir/compiler_depend.internal".
Dependencies file "src/3rdparty/pcre2/CMakeFiles/BundledPcre2.dir/src/pcre2_compile.c.o.d" is newer than depends file "/home/luke/sponge-os/genode/build/x86_64/qt6/base/src/3rdparty/pcre2/CMakeFiles/BundledPcre2.dir/compiler_depend.internal".
Dependencies file "src/3rdparty/libjpeg/CMakeFiles/BundledLibjpeg16bits.dir/jdapistd_16.c.o.d" is newer than depends file "/home/luke/sponge-os/genode/build/x86_64/qt6/base/src/3rdparty/libjpeg/CMakeFiles/BundledLibjpeg16bits.dir/compiler_depend.internal".
Dependencies file "src/3rdparty/libjpeg/CMakeFiles/BundledLibjpeg16bits.dir/jdcolor_16.c.o.d" is newer than depends file "/home/luke/sponge-os/genode/build/x86_64/qt6/base/src/3rdparty/libjpeg/CMakeFiles/BundledLibjpeg16bits.dir/compiler_depend.internal".
Dependencies file "src/3rdparty/pcre2/CMakeFiles/BundledPcre2.dir/src/pcre2_compile_class.c.o.d" is newer than depends file "/home/luke/sponge-os/genode/build/x86_64/qt6/base/src/3rdparty/pcre2/CMakeFiles/BundledPcre2.dir/compiler_depend.internal".
Dependencies file "src/3rdparty/libjpeg/CMakeFiles/BundledLibjpeg16bits.dir/jddiffct_16.c.o.d" is newer than depends file "/home/luke/sponge-os/genode/build/x86_64/qt6/base/src/3rdparty/libjpeg/CMakeFiles/BundledLibjpeg16bits.dir/compiler_depend.internal".
Dependencies file "src/3rdparty/pcre2/CMakeFiles/BundledPcre2.dir/src/pcre2_config.c.o.d" is newer than depends file "/home/luke/sponge-os/genode/build/x86_64/qt6/base/src/3rdparty/pcre2/CMakeFiles/BundledPcre2.dir/compiler_depend.internal".
Dependencies file "src/3rdparty/libjpeg/CMakeFiles/BundledLibjpeg16bits.dir/jdlossls_16.c.o.d" is newer than depends file "/home/luke/sponge-os/genode/build/x86_64/qt6/base/src/3rdparty/libjpeg/CMakeFiles/BundledLibjpeg16bits.dir/compiler_depend.internal".
Dependencies file "src/3rdparty/pcre2/CMakeFiles/BundledPcre2.dir/src/pcre2_context.c.o.d" is newer than depends file "/home/luke/sponge-os/genode/build/x86_64/qt6/base/src/3rdparty/pcre2/CMakeFiles/BundledPcre2.dir/compiler_depend.internal".
Dependencies file "src/3rdparty/libjpeg/CMakeFiles/BundledLibjpeg16bits.dir/jdmainct_16.c.o.d" is newer than depends file "/home/luke/sponge-os/genode/build/x86_64/qt6/base/src/3rdparty/libjpeg/CMakeFiles/BundledLibjpeg16bits.dir/compiler_depend.internal".
Dependencies file "src/3rdparty/pcre2/CMakeFiles/BundledPcre2.dir/src/pcre2_dfa_match.c.o.d" is newer than depends file "/home/luke/sponge-os/genode/build/x86_64/qt6/base/src/3rdparty/pcre2/CMakeFiles/BundledPcre2.dir/compiler_depend.internal".
Dependencies file "src/3rdparty/libjpeg/CMakeFiles/BundledLibjpeg16bits.dir/jdpostct_16.c.o.d" is newer than depends file "/home/luke/sponge-os/genode/build/x86_64/qt6/base/src/3rdparty/libjpeg/CMakeFiles/BundledLibjpeg16bits.dir/compiler_depend.internal".
Dependencies file "src/3rdparty/pcre2/CMakeFiles/BundledPcre2.dir/src/pcre2_error.c.o.d" is newer than depends file "/home/luke/sponge-os/genode/build/x86_64/qt6/base/src/3rdparty/pcre2/CMakeFiles/BundledPcre2.dir/compiler_depend.internal".
Dependencies file "src/3rdparty/libjpeg/CMakeFiles/BundledLibjpeg16bits.dir/jdsample_16.c.o.d" is newer than depends file "/home/luke/sponge-os/genode/build/x86_64/qt6/base/src/3rdparty/libjpeg/CMakeFiles/BundledLibjpeg16bits.dir/compiler_depend.internal".
Dependencies file "src/3rdparty/pcre2/CMakeFiles/BundledPcre2.dir/src/pcre2_extuni.c.o.d" is newer than depends file "/home/luke/sponge-os/genode/build/x86_64/qt6/base/src/3rdparty/pcre2/CMakeFiles/BundledPcre2.dir/compiler_depend.internal".
Dependencies file "src/3rdparty/libjpeg/CMakeFiles/BundledLibjpeg16bits.dir/jutils_16.c.o.d" is newer than depends file "/home/luke/sponge-os/genode/build/x86_64/qt6/base/src/3rdparty/libjpeg/CMakeFiles/BundledLibjpeg16bits.dir/compiler_depend.internal".
Dependencies file "src/3rdparty/pcre2/CMakeFiles/BundledPcre2.dir/src/pcre2_find_bracket.c.o.d" is newer than depends file "/home/luke/sponge-os/genode/build/x86_64/qt6/base/src/3rdparty/pcre2/CMakeFiles/BundledPcre2.dir/compiler_depend.internal".
[1m[35mConsolidate compiler generated dependencies of target BundledLibjpeg16bits[0m
Dependencies file "src/3rdparty/pcre2/CMakeFiles/BundledPcre2.dir/src/pcre2_jit_compile.c.o.d" is newer than depends file "/home/luke/sponge-os/genode/build/x86_64/qt6/base/src/3rdparty/pcre2/CMakeFiles/BundledPcre2.dir/compiler_depend.internal".
Dependencies file "src/3rdparty/pcre2/CMakeFiles/BundledPcre2.dir/src/pcre2_maketables.c.o.d" is newer than depends file "/home/luke/sponge-os/genode/build/x86_64/qt6/base/src/3rdparty/pcre2/CMakeFiles/BundledPcre2.dir/compiler_depend.internal".
Dependencies file "src/3rdparty/pcre2/CMakeFiles/BundledPcre2.dir/src/pcre2_match.c.o.d" is newer than depends file "/home/luke/sponge-os/genode/build/x86_64/qt6/base/src/3rdparty/pcre2/CMakeFiles/BundledPcre2.dir/compiler_depend.internal".
Dependencies file "src/3rdparty/pcre2/CMakeFiles/BundledPcre2.dir/src/pcre2_match_data.c.o.d" is newer than depends file "/home/luke/sponge-os/genode/build/x86_64/qt6/base/src/3rdparty/pcre2/CMakeFiles/BundledPcre2.dir/compiler_depend.internal".
Dependencies file "src/3rdparty/pcre2/CMakeFiles/BundledPcre2.dir/src/pcre2_newline.c.o.d" is newer than depends file "/home/luke/sponge-os/genode/build/x86_64/qt6/base/src/3rdparty/pcre2/CMakeFiles/BundledPcre2.dir/compiler_depend.internal".
Dependencies file "src/3rdparty/pcre2/CMakeFiles/BundledPcre2.dir/src/pcre2_ord2utf.c.o.d" is newer than depends file "/home/luke/sponge-os/genode/build/x86_64/qt6/base/src/3rdparty/pcre2/CMakeFiles/BundledPcre2.dir/compiler_depend.internal".
Dependencies file "src/3rdparty/pcre2/CMakeFiles/BundledPcre2.dir/src/pcre2_pattern_info.c.o.d" is newer than depends file "/home/luke/sponge-os/genode/build/x86_64/qt6/base/src/3rdparty/pcre2/CMakeFiles/BundledPcre2.dir/compiler_depend.internal".
Dependencies file "src/3rdparty/libjpeg/CMakeFiles/BundledLibjpeg12bits.dir/jcapistd_12.c.o.d" is newer than depends file "/home/luke/sponge-os/genode/build/x86_64/qt6/base/src/3rdparty/libjpeg/CMakeFiles/BundledLibjpeg12bits.dir/compiler_depend.internal".
Dependencies file "src/3rdparty/pcre2/CMakeFiles/BundledPcre2.dir/src/pcre2_script_run.c.o.d" is newer than depends file "/home/luke/sponge-os/genode/build/x86_64/qt6/base/src/3rdparty/pcre2/CMakeFiles/BundledPcre2.dir/compiler_depend.internal".
Dependencies file "src/3rdparty/pcre2/CMakeFiles/BundledPcre2.dir/src/pcre2_serialize.c.o.d" is newer than depends file "/home/luke/sponge-os/genode/build/x86_64/qt6/base/src/3rdparty/pcre2/CMakeFiles/BundledPcre2.dir/compiler_depend.internal".
Dependencies file "src/3rdparty/libjpeg/CMakeFiles/BundledLibjpeg12bits.dir/jccoefct_12.c.o.d" is newer than depends file "/home/luke/sponge-os/genode/build/x86_64/qt6/base/src/3rdparty/libjpeg/CMakeFiles/BundledLibjpeg12bits.dir/compiler_depend.internal".
Dependencies file "src/3rdparty/pcre2/CMakeFiles/BundledPcre2.dir/src/pcre2_string_utils.c.o.d" is newer than depends file "/home/luke/sponge-os/genode/build/x86_64/qt6/base/src/3rdparty/pcre2/CMakeFiles/BundledPcre2.dir/compiler_depend.internal".
Dependencies file "src/3rdparty/libjpeg/CMakeFiles/BundledLibjpeg12bits.dir/jccolor_12.c.o.d" is newer than depends file "/home/luke/sponge-os/genode/build/x86_64/qt6/base/src/3rdparty/libjpeg/CMakeFiles/BundledLibjpeg12bits.dir/compiler_depend.internal".
Dependencies file "src/3rdparty/libjpeg/CMakeFiles/BundledLibjpeg12bits.dir/jcdctmgr_12.c.o.d" is newer than depends file "/home/luke/sponge-os/genode/build/x86_64/qt6/base/src/3rdparty/libjpeg/CMakeFiles/BundledLibjpeg12bits.dir/compiler_depend.internal".
Dependencies file "src/3rdparty/pcre2/CMakeFiles/BundledPcre2.dir/src/pcre2_study.c.o.d" is newer than depends file "/home/luke/sponge-os/genode/build/x86_64/qt6/base/src/3rdparty/pcre2/CMakeFiles/BundledPcre2.dir/compiler_depend.internal".
Dependencies file "src/3rdparty/libjpeg/CMakeFiles/BundledLibjpeg12bits.dir/jcdiffct_12.c.o.d" is newer than depends file "/home/luke/sponge-os/genode/build/x86_64/qt6/base/src/3rdparty/libjpeg/CMakeFiles/BundledLibjpeg12bits.dir/compiler_depend.internal".
Dependencies file "src/3rdparty/pcre2/CMakeFiles/BundledPcre2.dir/src/pcre2_substitute.c.o.d" is newer than depends file "/home/luke/sponge-os/genode/build/x86_64/qt6/base/src/3rdparty/pcre2/CMakeFiles/BundledPcre2.dir/compiler_depend.internal".
Dependencies file "src/3rdparty/libjpeg/CMakeFiles/BundledLibjpeg12bits.dir/jclossls_12.c.o.d" is newer than depends file "/home/luke/sponge-os/genode/build/x86_64/qt6/base/src/3rdparty/libjpeg/CMakeFiles/BundledLibjpeg12bits.dir/compiler_depend.internal".
Dependencies file "src/3rdparty/pcre2/CMakeFiles/BundledPcre2.dir/src/pcre2_substring.c.o.d" is newer than depends file "/home/luke/sponge-os/genode/build/x86_64/qt6/base/src/3rdparty/pcre2/CMakeFiles/BundledPcre2.dir/compiler_depend.internal".
Dependencies file "src/3rdparty/libjpeg/CMakeFiles/BundledLibjpeg12bits.dir/jcmainct_12.c.o.d" is newer than depends file "/home/luke/sponge-os/genode/build/x86_64/qt6/base/src/3rdparty/libjpeg/CMakeFiles/BundledLibjpeg12bits.dir/compiler_depend.internal".
Dependencies file "src/3rdparty/pcre2/CMakeFiles/BundledPcre2.dir/src/pcre2_tables.c.o.d" is newer than depends file "/home/luke/sponge-os/genode/build/x86_64/qt6/base/src/3rdparty/pcre2/CMakeFiles/BundledPcre2.dir/compiler_depend.internal".
Dependencies file "src/3rdparty/libjpeg/CMakeFiles/BundledLibjpeg12bits.dir/jcprepct_12.c.o.d" is newer than depends file "/home/luke/sponge-os/genode/build/x86_64/qt6/base/src/3rdparty/libjpeg/CMakeFiles/BundledLibjpeg12bits.dir/compiler_depend.internal".
Dependencies file "src/3rdparty/pcre2/CMakeFiles/BundledPcre2.dir/src/pcre2_ucd.c.o.d" is newer than depends file "/home/luke/sponge-os/genode/build/x86_64/qt6/base/src/3rdparty/pcre2/CMakeFiles/BundledPcre2.dir/compiler_depend.internal".
Dependencies file "src/3rdparty/libjpeg/CMakeFiles/BundledLibjpeg12bits.dir/jcsample_12.c.o.d" is newer than depends file "/home/luke/sponge-os/genode/build/x86_64/qt6/base/src/3rdparty/libjpeg/CMakeFiles/BundledLibjpeg12bits.dir/compiler_depend.internal".
Dependencies file "src/3rdparty/pcre2/CMakeFiles/BundledPcre2.dir/src/pcre2_valid_utf.c.o.d" is newer than depends file "/home/luke/sponge-os/genode/build/x86_64/qt6/base/src/3rdparty/pcre2/CMakeFiles/BundledPcre2.dir/compiler_depend.internal".
Dependencies file "src/3rdparty/libjpeg/CMakeFiles/BundledLibjpeg12bits.dir/jdapistd_12.c.o.d" is newer than depends file "/home/luke/sponge-os/genode/build/x86_64/qt6/base/src/3rdparty/libjpeg/CMakeFiles/BundledLibjpeg12bits.dir/compiler_depend.internal".
Dependencies file "src/3rdparty/pcre2/CMakeFiles/BundledPcre2.dir/src/pcre2_xclass.c.o.d" is newer than depends file "/home/luke/sponge-os/genode/build/x86_64/qt6/base/src/3rdparty/pcre2/CMakeFiles/BundledPcre2.dir/compiler_depend.internal".
Dependencies file "src/3rdparty/libjpeg/CMakeFiles/BundledLibjpeg12bits.dir/jdcoefct_12.c.o.d" is newer than depends file "/home/luke/sponge-os/genode/build/x86_64/qt6/base/src/3rdparty/libjpeg/CMakeFiles/BundledLibjpeg12bits.dir/compiler_depend.internal".
[1m[35mConsolidate compiler generated dependencies of target BundledPcre2[0m
Dependencies file "src/3rdparty/libjpeg/CMakeFiles/BundledLibjpeg12bits.dir/jdcolor_12.c.o.d" is newer than depends file "/home/luke/sponge-os/genode/build/x86_64/qt6/base/src/3rdparty/libjpeg/CMakeFiles/BundledLibjpeg12bits.dir/compiler_depend.internal".
Dependencies file "src/3rdparty/libjpeg/CMakeFiles/BundledLibjpeg12bits.dir/jddctmgr_12.c.o.d" is newer than depends file "/home/luke/sponge-os/genode/build/x86_64/qt6/base/src/3rdparty/libjpeg/CMakeFiles/BundledLibjpeg12bits.dir/compiler_depend.internal".
Dependencies file "src/3rdparty/libjpeg/CMakeFiles/BundledLibjpeg12bits.dir/jddiffct_12.c.o.d" is newer than depends file "/home/luke/sponge-os/genode/build/x86_64/qt6/base/src/3rdparty/libjpeg/CMakeFiles/BundledLibjpeg12bits.dir/compiler_depend.internal".
Dependencies file "src/3rdparty/libjpeg/CMakeFiles/BundledLibjpeg12bits.dir/jdlossls_12.c.o.d" is newer than depends file "/home/luke/sponge-os/genode/build/x86_64/qt6/base/src/3rdparty/libjpeg/CMakeFiles/BundledLibjpeg12bits.dir/compiler_depend.internal".
Dependencies file "src/3rdparty/libjpeg/CMakeFiles/BundledLibjpeg12bits.dir/jdmainct_12.c.o.d" is newer than depends file "/home/luke/sponge-os/genode/build/x86_64/qt6/base/src/3rdparty/libjpeg/CMakeFiles/BundledLibjpeg12bits.dir/compiler_depend.internal".
Dependencies file "src/3rdparty/libjpeg/CMakeFiles/BundledLibjpeg12bits.dir/jdmerge_12.c.o.d" is newer than depends file "/home/luke/sponge-os/genode/build/x86_64/qt6/base/src/3rdparty/libjpeg/CMakeFiles/BundledLibjpeg12bits.dir/compiler_depend.internal".
Dependencies file "src/3rdparty/libjpeg/CMakeFiles/BundledLibjpeg12bits.dir/jdpostct_12.c.o.d" is newer than depends file "/home/luke/sponge-os/genode/build/x86_64/qt6/base/src/3rdparty/libjpeg/CMakeFiles/BundledLibjpeg12bits.dir/compiler_depend.internal".
Dependencies file "src/3rdparty/libjpeg/CMakeFiles/BundledLibjpeg12bits.dir/jdsample_12.c.o.d" is newer than depends file "/home/luke/sponge-os/genode/build/x86_64/qt6/base/src/3rdparty/libjpeg/CMakeFiles/BundledLibjpeg12bits.dir/compiler_depend.internal".
Dependencies file "src/3rdparty/libjpeg/CMakeFiles/BundledLibjpeg12bits.dir/jfdctfst_12.c.o.d" is newer than depends file "/home/luke/sponge-os/genode/build/x86_64/qt6/base/src/3rdparty/libjpeg/CMakeFiles/BundledLibjpeg12bits.dir/compiler_depend.internal".
Dependencies file "src/3rdparty/libjpeg/CMakeFiles/BundledLibjpeg12bits.dir/jfdctint_12.c.o.d" is newer than depends file "/home/luke/sponge-os/genode/build/x86_64/qt6/base/src/3rdparty/libjpeg/CMakeFiles/BundledLibjpeg12bits.dir/compiler_depend.internal".
Dependencies file "src/3rdparty/libjpeg/CMakeFiles/BundledLibjpeg12bits.dir/jidctflt_12.c.o.d" is newer than depends file "/home/luke/sponge-os/genode/build/x86_64/qt6/base/src/3rdparty/libjpeg/CMakeFiles/BundledLibjpeg12bits.dir/compiler_depend.internal".
Dependencies file "src/3rdparty/libjpeg/CMakeFiles/BundledLibjpeg12bits.dir/jidctfst_12.c.o.d" is newer than depends file "/home/luke/sponge-os/genode/build/x86_64/qt6/base/src/3rdparty/libjpeg/CMakeFiles/BundledLibjpeg12bits.dir/compiler_depend.internal".
Dependencies file "src/3rdparty/libjpeg/CMakeFiles/BundledLibjpeg12bits.dir/jidctint_12.c.o.d" is newer than depends file "/home/luke/sponge-os/genode/build/x86_64/qt6/base/src/3rdparty/libjpeg/CMakeFiles/BundledLibjpeg12bits.dir/compiler_depend.internal".
Dependencies file "src/3rdparty/libjpeg/CMakeFiles/BundledLibjpeg12bits.dir/jidctred_12.c.o.d" is newer than depends file "/home/luke/sponge-os/genode/build/x86_64/qt6/base/src/3rdparty/libjpeg/CMakeFiles/BundledLibjpeg12bits.dir/compiler_depend.internal".
Dependencies file "src/3rdparty/libjpeg/CMakeFiles/BundledLibjpeg12bits.dir/jquant1_12.c.o.d" is newer than depends file "/home/luke/sponge-os/genode/build/x86_64/qt6/base/src/3rdparty/libjpeg/CMakeFiles/BundledLibjpeg12bits.dir/compiler_depend.internal".
Dependencies file "src/3rdparty/libjpeg/CMakeFiles/BundledLibjpeg12bits.dir/jquant2_12.c.o.d" is newer than depends file "/home/luke/sponge-os/genode/build/x86_64/qt6/base/src/3rdparty/libjpeg/CMakeFiles/BundledLibjpeg12bits.dir/compiler_depend.internal".
Dependencies file "src/3rdparty/libjpeg/CMakeFiles/BundledLibjpeg12bits.dir/jutils_12.c.o.d" is newer than depends file "/home/luke/sponge-os/genode/build/x86_64/qt6/base/src/3rdparty/libjpeg/CMakeFiles/BundledLibjpeg12bits.dir/compiler_depend.internal".
[1m[35mConsolidate compiler generated dependencies of target BundledLibjpeg12bits[0m
[  3%] Built target PngPrivate
[  3%] Built target JpegPrivate
[  3%] Built target ZlibPrivate
[  3%] Built target ExampleIconsPrivate_autogen_timestamp_deps
[  4%] Built target BundledLibjpeg16bits
[  4%] Built target Core_sync_headers
[  6%] Built target BundledLibjpeg12bits
[  8%] Built target BundledPcre2
Dependencies file "src/assets/icons/ExampleIconsPrivate_autogen/deps" is newer than depends file "/home/luke/sponge-os/genode/build/x86_64/qt6/base/src/assets/icons/CMakeFiles/ExampleIconsPrivate_autogen.dir/compiler_depend.internal".
[1m[35mConsolidate compiler generated dependencies of target ExampleIconsPrivate_autogen[0m
Dependencies file "src/3rdparty/zlib/CMakeFiles/BundledZLIB.dir/src/adler32.c.o.d" is newer than depends file "/home/luke/sponge-os/genode/build/x86_64/qt6/base/src/3rdparty/zlib/CMakeFiles/BundledZLIB.dir/compiler_depend.internal".
Dependencies file "src/3rdparty/zlib/CMakeFiles/BundledZLIB.dir/src/compress.c.o.d" is newer than depends file "/home/luke/sponge-os/genode/build/x86_64/qt6/base/src/3rdparty/zlib/CMakeFiles/BundledZLIB.dir/compiler_depend.internal".
Dependencies file "src/3rdparty/zlib/CMakeFiles/BundledZLIB.dir/src/crc32.c.o.d" is newer than depends file "/home/luke/sponge-os/genode/build/x86_64/qt6/base/src/3rdparty/zlib/CMakeFiles/BundledZLIB.dir/compiler_depend.internal".
Dependencies file "src/3rdparty/zlib/CMakeFiles/BundledZLIB.dir/src/deflate.c.o.d" is newer than depends file "/home/luke/sponge-os/genode/build/x86_64/qt6/base/src/3rdparty/zlib/CMakeFiles/BundledZLIB.dir/compiler_depend.internal".
Dependencies file "src/3rdparty/zlib/CMakeFiles/BundledZLIB.dir/src/gzclose.c.o.d" is newer than depends file "/home/luke/sponge-os/genode/build/x86_64/qt6/base/src/3rdparty/zlib/CMakeFiles/BundledZLIB.dir/compiler_depend.internal".
Dependencies file "src/3rdparty/zlib/CMakeFiles/BundledZLIB.dir/src/gzlib.c.o.d" is newer than depends file "/home/luke/sponge-os/genode/build/x86_64/qt6/base/src/3rdparty/zlib/CMakeFiles/BundledZLIB.dir/compiler_depend.internal".
Dependencies file "src/3rdparty/harfbuzz-ng/CMakeFiles/BundledHarfbuzz.dir/hb-dummy.cc.o.d" is newer than depends file "/home/luke/sponge-os/genode/build/x86_64/qt6/base/src/3rdparty/harfbuzz-ng/CMakeFiles/BundledHarfbuzz.dir/compiler_depend.internal".
Dependencies file "src/3rdparty/zlib/CMakeFiles/BundledZLIB.dir/src/gzread.c.o.d" is newer than depends file "/home/luke/sponge-os/genode/build/x86_64/qt6/base/src/3rdparty/zlib/CMakeFiles/BundledZLIB.dir/compiler_depend.internal".
Dependencies file "src/3rdparty/zlib/CMakeFiles/BundledZLIB.dir/src/gzwrite.c.o.d" is newer than depends file "/home/luke/sponge-os/genode/build/x86_64/qt6/base/src/3rdparty/zlib/CMakeFiles/BundledZLIB.dir/compiler_depend.internal".
Dependencies file "src/3rdparty/zlib/CMakeFiles/BundledZLIB.dir/src/infback.c.o.d" is newer than depends file "/home/luke/sponge-os/genode/build/x86_64/qt6/base/src/3rdparty/zlib/CMakeFiles/BundledZLIB.dir/compiler_depend.internal".
Dependencies file "src/3rdparty/zlib/CMakeFiles/BundledZLIB.dir/src/inffast.c.o.d" is newer than depends file "/home/luke/sponge-os/genode/build/x86_64/qt6/base/src/3rdparty/zlib/CMakeFiles/BundledZLIB.dir/compiler_depend.internal".
Dependencies file "src/3rdparty/zlib/CMakeFiles/BundledZLIB.dir/src/inflate.c.o.d" is newer than depends file "/home/luke/sponge-os/genode/build/x86_64/qt6/base/src/3rdparty/zlib/CMakeFiles/BundledZLIB.dir/compiler_depend.internal".
Dependencies file "src/3rdparty/harfbuzz-ng/CMakeFiles/BundledHarfbuzz.dir/src/OT/Var/VARC/VARC.cc.o.d" is newer than depends file "/home/luke/sponge-os/genode/build/x86_64/qt6/base/src/3rdparty/harfbuzz-ng/CMakeFiles/BundledHarfbuzz.dir/compiler_depend.internal".
Dependencies file "src/3rdparty/zlib/CMakeFiles/BundledZLIB.dir/src/inftrees.c.o.d" is newer than depends file "/home/luke/sponge-os/genode/build/x86_64/qt6/base/src/3rdparty/zlib/CMakeFiles/BundledZLIB.dir/compiler_depend.internal".
Dependencies file "src/3rdparty/zlib/CMakeFiles/BundledZLIB.dir/src/trees.c.o.d" is newer than depends file "/home/luke/sponge-os/genode/build/x86_64/qt6/base/src/3rdparty/zlib/CMakeFiles/BundledZLIB.dir/compiler_depend.internal".
Dependencies file "src/3rdparty/zlib/CMakeFiles/BundledZLIB.dir/src/uncompr.c.o.d" is newer than depends file "/home/luke/sponge-os/genode/build/x86_64/qt6/base/src/3rdparty/zlib/CMakeFiles/BundledZLIB.dir/compiler_depend.internal".
Dependencies file "src/assets/icons/CMakeFiles/ExampleIconsPrivate_resources_1.dir/.qt/rcc/qrc_example_icons_init.cpp.o.d" is newer than depends file "/home/luke/sponge-os/genode/build/x86_64/qt6/base/src/assets/icons/CMakeFiles/ExampleIconsPrivate_resources_1.dir/compiler_depend.internal".
Dependencies file "src/3rdparty/zlib/CMakeFiles/BundledZLIB.dir/src/zutil.c.o.d" is newer than depends file "/home/luke/sponge-os/genode/build/x86_64/qt6/base/src/3rdparty/zlib/CMakeFiles/BundledZLIB.dir/compiler_depend.internal".
[1m[35mConsolidate compiler generated dependencies of target ExampleIconsPrivate_resources_1[0m
[1m[35mConsolidate compiler generated dependencies of target BundledZLIB[0m
Dependencies file "src/3rdparty/harfbuzz-ng/CMakeFiles/BundledHarfbuzz.dir/src/hb-aat-layout.cc.o.d" is newer than depends file "/home/luke/sponge-os/genode/build/x86_64/qt6/base/src/3rdparty/harfbuzz-ng/CMakeFiles/BundledHarfbuzz.dir/compiler_depend.internal".
Dependencies file "src/3rdparty/harfbuzz-ng/CMakeFiles/BundledHarfbuzz.dir/src/hb-aat-map.cc.o.d" is newer than depends file "/home/luke/sponge-os/genode/build/x86_64/qt6/base/src/3rdparty/harfbuzz-ng/CMakeFiles/BundledHarfbuzz.dir/compiler_depend.internal".
Dependencies file "src/3rdparty/harfbuzz-ng/CMakeFiles/BundledHarfbuzz.dir/src/hb-blob.cc.o.d" is newer than depends file "/home/luke/sponge-os/genode/build/x86_64/qt6/base/src/3rdparty/harfbuzz-ng/CMakeFiles/BundledHarfbuzz.dir/compiler_depend.internal".
Dependencies file "src/3rdparty/harfbuzz-ng/CMakeFiles/BundledHarfbuzz.dir/src/hb-buffer-serialize.cc.o.d" is newer than depends file "/home/luke/sponge-os/genode/build/x86_64/qt6/base/src/3rdparty/harfbuzz-ng/CMakeFiles/BundledHarfbuzz.dir/compiler_depend.internal".
Dependencies file "src/3rdparty/harfbuzz-ng/CMakeFiles/BundledHarfbuzz.dir/src/hb-buffer-verify.cc.o.d" is newer than depends file "/home/luke/sponge-os/genode/build/x86_64/qt6/base/src/3rdparty/harfbuzz-ng/CMakeFiles/BundledHarfbuzz.dir/compiler_depend.internal".
Dependencies file "src/3rdparty/harfbuzz-ng/CMakeFiles/BundledHarfbuzz.dir/src/hb-buffer.cc.o.d" is newer than depends file "/home/luke/sponge-os/genode/build/x86_64/qt6/base/src/3rdparty/harfbuzz-ng/CMakeFiles/BundledHarfbuzz.dir/compiler_depend.internal".
Dependencies file "src/3rdparty/harfbuzz-ng/CMakeFiles/BundledHarfbuzz.dir/src/hb-draw.cc.o.d" is newer than depends file "/home/luke/sponge-os/genode/build/x86_64/qt6/base/src/3rdparty/harfbuzz-ng/CMakeFiles/BundledHarfbuzz.dir/compiler_depend.internal".
Dependencies file "src/3rdparty/harfbuzz-ng/CMakeFiles/BundledHarfbuzz.dir/src/hb-face-builder.cc.o.d" is newer than depends file "/home/luke/sponge-os/genode/build/x86_64/qt6/base/src/3rdparty/harfbuzz-ng/CMakeFiles/BundledHarfbuzz.dir/compiler_depend.internal".
Dependencies file "src/3rdparty/libjpeg/CMakeFiles/BundledLibjpeg.dir/jaricom.c.o.d" is newer than depends file "/home/luke/sponge-os/genode/build/x86_64/qt6/base/src/3rdparty/libjpeg/CMakeFiles/BundledLibjpeg.dir/compiler_depend.internal".
Dependencies file "src/3rdparty/libjpeg/CMakeFiles/BundledLibjpeg.dir/jcapimin.c.o.d" is newer than depends file "/home/luke/sponge-os/genode/build/x86_64/qt6/base/src/3rdparty/libjpeg/CMakeFiles/BundledLibjpeg.dir/compiler_depend.internal".
Dependencies file "src/3rdparty/libjpeg/CMakeFiles/BundledLibjpeg.dir/jcapistd.c.o.d" is newer than depends file "/home/luke/sponge-os/genode/build/x86_64/qt6/base/src/3rdparty/libjpeg/CMakeFiles/BundledLibjpeg.dir/compiler_depend.internal".
Dependencies file "src/3rdparty/libjpeg/CMakeFiles/BundledLibjpeg.dir/jcarith.c.o.d" is newer than depends file "/home/luke/sponge-os/genode/build/x86_64/qt6/base/src/3rdparty/libjpeg/CMakeFiles/BundledLibjpeg.dir/compiler_depend.internal".
Dependencies file "src/3rdparty/libjpeg/CMakeFiles/BundledLibjpeg.dir/jccoefct.c.o.d" is newer than depends file "/home/luke/sponge-os/genode/build/x86_64/qt6/base/src/3rdparty/libjpeg/CMakeFiles/BundledLibjpeg.dir/compiler_depend.internal".
Dependencies file "src/3rdparty/libjpeg/CMakeFiles/BundledLibjpeg.dir/jccolor.c.o.d" is newer than depends file "/home/luke/sponge-os/genode/build/x86_64/qt6/base/src/3rdparty/libjpeg/CMakeFiles/BundledLibjpeg.dir/compiler_depend.internal".
Dependencies file "src/3rdparty/libjpeg/CMakeFiles/BundledLibjpeg.dir/jcdctmgr.c.o.d" is newer than depends file "/home/luke/sponge-os/genode/build/x86_64/qt6/base/src/3rdparty/libjpeg/CMakeFiles/BundledLibjpeg.dir/compiler_depend.internal".
Dependencies file "src/3rdparty/harfbuzz-ng/CMakeFiles/BundledHarfbuzz.dir/src/hb-face.cc.o.d" is newer than depends file "/home/luke/sponge-os/genode/build/x86_64/qt6/base/src/3rdparty/harfbuzz-ng/CMakeFiles/BundledHarfbuzz.dir/compiler_depend.internal".
Dependencies file "src/3rdparty/libjpeg/CMakeFiles/BundledLibjpeg.dir/jcdiffct.c.o.d" is newer than depends file "/home/luke/sponge-os/genode/build/x86_64/qt6/base/src/3rdparty/libjpeg/CMakeFiles/BundledLibjpeg.dir/compiler_depend.internal".
Dependencies file "src/3rdparty/libjpeg/CMakeFiles/BundledLibjpeg.dir/jchuff.c.o.d" is newer than depends file "/home/luke/sponge-os/genode/build/x86_64/qt6/base/src/3rdparty/libjpeg/CMakeFiles/BundledLibjpeg.dir/compiler_depend.internal".
Dependencies file "src/3rdparty/libjpeg/CMakeFiles/BundledLibjpeg.dir/jcicc.c.o.d" is newer than depends file "/home/luke/sponge-os/genode/build/x86_64/qt6/base/src/3rdparty/libjpeg/CMakeFiles/BundledLibjpeg.dir/compiler_depend.internal".
Dependencies file "src/3rdparty/libjpeg/CMakeFiles/BundledLibjpeg.dir/jcinit.c.o.d" is newer than depends file "/home/luke/sponge-os/genode/build/x86_64/qt6/base/src/3rdparty/libjpeg/CMakeFiles/BundledLibjpeg.dir/compiler_depend.internal".
Dependencies file "src/3rdparty/libjpeg/CMakeFiles/BundledLibjpeg.dir/jclhuff.c.o.d" is newer than depends file "/home/luke/sponge-os/genode/build/x86_64/qt6/base/src/3rdparty/libjpeg/CMakeFiles/BundledLibjpeg.dir/compiler_depend.internal".
Dependencies file "src/3rdparty/libjpeg/CMakeFiles/BundledLibjpeg.dir/jclossls.c.o.d" is newer than depends file "/home/luke/sponge-os/genode/build/x86_64/qt6/base/src/3rdparty/libjpeg/CMakeFiles/BundledLibjpeg.dir/compiler_depend.internal".
Dependencies file "src/3rdparty/libjpeg/CMakeFiles/BundledLibjpeg.dir/jcmainct.c.o.d" is newer than depends file "/home/luke/sponge-os/genode/build/x86_64/qt6/base/src/3rdparty/libjpeg/CMakeFiles/BundledLibjpeg.dir/compiler_depend.internal".
Dependencies file "src/3rdparty/libjpeg/CMakeFiles/BundledLibjpeg.dir/jcmarker.c.o.d" is newer than depends file "/home/luke/sponge-os/genode/build/x86_64/qt6/base/src/3rdparty/libjpeg/CMakeFiles/BundledLibjpeg.dir/compiler_depend.internal".
Dependencies file "src/3rdparty/harfbuzz-ng/CMakeFiles/BundledHarfbuzz.dir/src/hb-fallback-shape.cc.o.d" is newer than depends file "/home/luke/sponge-os/genode/build/x86_64/qt6/base/src/3rdparty/harfbuzz-ng/CMakeFiles/BundledHarfbuzz.dir/compiler_depend.internal".
Dependencies file "src/3rdparty/libjpeg/CMakeFiles/BundledLibjpeg.dir/jcmaster.c.o.d" is newer than depends file "/home/luke/sponge-os/genode/build/x86_64/qt6/base/src/3rdparty/libjpeg/CMakeFiles/BundledLibjpeg.dir/compiler_depend.internal".
Dependencies file "src/3rdparty/libjpeg/CMakeFiles/BundledLibjpeg.dir/jcomapi.c.o.d" is newer than depends file "/home/luke/sponge-os/genode/build/x86_64/qt6/base/src/3rdparty/libjpeg/CMakeFiles/BundledLibjpeg.dir/compiler_depend.internal".
Dependencies file "src/3rdparty/libjpeg/CMakeFiles/BundledLibjpeg.dir/jcparam.c.o.d" is newer than depends file "/home/luke/sponge-os/genode/build/x86_64/qt6/base/src/3rdparty/libjpeg/CMakeFiles/BundledLibjpeg.dir/compiler_depend.internal".
Dependencies file "src/3rdparty/libjpeg/CMakeFiles/BundledLibjpeg.dir/jcphuff.c.o.d" is newer than depends file "/home/luke/sponge-os/genode/build/x86_64/qt6/base/src/3rdparty/libjpeg/CMakeFiles/BundledLibjpeg.dir/compiler_depend.internal".
Dependencies file "src/3rdparty/libjpeg/CMakeFiles/BundledLibjpeg.dir/jcprepct.c.o.d" is newer than depends file "/home/luke/sponge-os/genode/build/x86_64/qt6/base/src/3rdparty/libjpeg/CMakeFiles/BundledLibjpeg.dir/compiler_depend.internal".
Dependencies file "src/3rdparty/libjpeg/CMakeFiles/BundledLibjpeg.dir/jcsample.c.o.d" is newer than depends file "/home/luke/sponge-os/genode/build/x86_64/qt6/base/src/3rdparty/libjpeg/CMakeFiles/BundledLibjpeg.dir/compiler_depend.internal".
Dependencies file "src/3rdparty/libjpeg/CMakeFiles/BundledLibjpeg.dir/jctrans.c.o.d" is newer than depends file "/home/luke/sponge-os/genode/build/x86_64/qt6/base/src/3rdparty/libjpeg/CMakeFiles/BundledLibjpeg.dir/compiler_depend.internal".
Dependencies file "src/3rdparty/libjpeg/CMakeFiles/BundledLibjpeg.dir/jdapimin.c.o.d" is newer than depends file "/home/luke/sponge-os/genode/build/x86_64/qt6/base/src/3rdparty/libjpeg/CMakeFiles/BundledLibjpeg.dir/compiler_depend.internal".
Dependencies file "src/3rdparty/harfbuzz-ng/CMakeFiles/BundledHarfbuzz.dir/src/hb-font.cc.o.d" is newer than depends file "/home/luke/sponge-os/genode/build/x86_64/qt6/base/src/3rdparty/harfbuzz-ng/CMakeFiles/BundledHarfbuzz.dir/compiler_depend.internal".
Dependencies file "src/3rdparty/libjpeg/CMakeFiles/BundledLibjpeg.dir/jdapistd.c.o.d" is newer than depends file "/home/luke/sponge-os/genode/build/x86_64/qt6/base/src/3rdparty/libjpeg/CMakeFiles/BundledLibjpeg.dir/compiler_depend.internal".
Dependencies file "src/3rdparty/libjpeg/CMakeFiles/BundledLibjpeg.dir/jdarith.c.o.d" is newer than depends file "/home/luke/sponge-os/genode/build/x86_64/qt6/base/src/3rdparty/libjpeg/CMakeFiles/BundledLibjpeg.dir/compiler_depend.internal".
Dependencies file "src/3rdparty/libjpeg/CMakeFiles/BundledLibjpeg.dir/jdatadst.c.o.d" is newer than depends file "/home/luke/sponge-os/genode/build/x86_64/qt6/base/src/3rdparty/libjpeg/CMakeFiles/BundledLibjpeg.dir/compiler_depend.internal".
Dependencies file "src/3rdparty/libjpeg/CMakeFiles/BundledLibjpeg.dir/jdatasrc.c.o.d" is newer than depends file "/home/luke/sponge-os/genode/build/x86_64/qt6/base/src/3rdparty/libjpeg/CMakeFiles/BundledLibjpeg.dir/compiler_depend.internal".
Dependencies file "src/3rdparty/libjpeg/CMakeFiles/BundledLibjpeg.dir/jdcoefct.c.o.d" is newer than depends file "/home/luke/sponge-os/genode/build/x86_64/qt6/base/src/3rdparty/libjpeg/CMakeFiles/BundledLibjpeg.dir/compiler_depend.internal".
Dependencies file "src/3rdparty/libjpeg/CMakeFiles/BundledLibjpeg.dir/jdcolor.c.o.d" is newer than depends file "/home/luke/sponge-os/genode/build/x86_64/qt6/base/src/3rdparty/libjpeg/CMakeFiles/BundledLibjpeg.dir/compiler_depend.internal".
Dependencies file "src/3rdparty/libjpeg/CMakeFiles/BundledLibjpeg.dir/jddctmgr.c.o.d" is newer than depends file "/home/luke/sponge-os/genode/build/x86_64/qt6/base/src/3rdparty/libjpeg/CMakeFiles/BundledLibjpeg.dir/compiler_depend.internal".
Dependencies file "src/3rdparty/libjpeg/CMakeFiles/BundledLibjpeg.dir/jddiffct.c.o.d" is newer than depends file "/home/luke/sponge-os/genode/build/x86_64/qt6/base/src/3rdparty/libjpeg/CMakeFiles/BundledLibjpeg.dir/compiler_depend.internal".
Dependencies file "src/3rdparty/libjpeg/CMakeFiles/BundledLibjpeg.dir/jdhuff.c.o.d" is newer than depends file "/home/luke/sponge-os/genode/build/x86_64/qt6/base/src/3rdparty/libjpeg/CMakeFiles/BundledLibjpeg.dir/compiler_depend.internal".
Dependencies file "src/3rdparty/harfbuzz-ng/CMakeFiles/BundledHarfbuzz.dir/src/hb-map.cc.o.d" is newer than depends file "/home/luke/sponge-os/genode/build/x86_64/qt6/base/src/3rdparty/harfbuzz-ng/CMakeFiles/BundledHarfbuzz.dir/compiler_depend.internal".
Dependencies file "src/3rdparty/libjpeg/CMakeFiles/BundledLibjpeg.dir/jdicc.c.o.d" is newer than depends file "/home/luke/sponge-os/genode/build/x86_64/qt6/base/src/3rdparty/libjpeg/CMakeFiles/BundledLibjpeg.dir/compiler_depend.internal".
Dependencies file "src/3rdparty/libjpeg/CMakeFiles/BundledLibjpeg.dir/jdinput.c.o.d" is newer than depends file "/home/luke/sponge-os/genode/build/x86_64/qt6/base/src/3rdparty/libjpeg/CMakeFiles/BundledLibjpeg.dir/compiler_depend.internal".
Dependencies file "src/3rdparty/libjpeg/CMakeFiles/BundledLibjpeg.dir/jdlhuff.c.o.d" is newer than depends file "/home/luke/sponge-os/genode/build/x86_64/qt6/base/src/3rdparty/libjpeg/CMakeFiles/BundledLibjpeg.dir/compiler_depend.internal".
Dependencies file "src/3rdparty/libjpeg/CMakeFiles/BundledLibjpeg.dir/jdlossls.c.o.d" is newer than depends file "/home/luke/sponge-os/genode/build/x86_64/qt6/base/src/3rdparty/libjpeg/CMakeFiles/BundledLibjpeg.dir/compiler_depend.internal".
Dependencies file "src/3rdparty/libjpeg/CMakeFiles/BundledLibjpeg.dir/jdmainct.c.o.d" is newer than depends file "/home/luke/sponge-os/genode/build/x86_64/qt6/base/src/3rdparty/libjpeg/CMakeFiles/BundledLibjpeg.dir/compiler_depend.internal".
Dependencies file "src/3rdparty/libjpeg/CMakeFiles/BundledLibjpeg.dir/jdmarker.c.o.d" is newer than depends file "/home/luke/sponge-os/genode/build/x86_64/qt6/base/src/3rdparty/libjpeg/CMakeFiles/BundledLibjpeg.dir/compiler_depend.internal".
Dependencies file "src/3rdparty/libjpeg/CMakeFiles/BundledLibjpeg.dir/jdmaster.c.o.d" is newer than depends file "/home/luke/sponge-os/genode/build/x86_64/qt6/base/src/3rdparty/libjpeg/CMakeFiles/BundledLibjpeg.dir/compiler_depend.internal".
Dependencies file "src/3rdparty/libjpeg/CMakeFiles/BundledLibjpeg.dir/jdmerge.c.o.d" is newer than depends file "/home/luke/sponge-os/genode/build/x86_64/qt6/base/src/3rdparty/libjpeg/CMakeFiles/BundledLibjpeg.dir/compiler_depend.internal".
Dependencies file "src/3rdparty/harfbuzz-ng/CMakeFiles/BundledHarfbuzz.dir/src/hb-number.cc.o.d" is newer than depends file "/home/luke/sponge-os/genode/build/x86_64/qt6/base/src/3rdparty/harfbuzz-ng/CMakeFiles/BundledHarfbuzz.dir/compiler_depend.internal".
Dependencies file "src/3rdparty/libjpeg/CMakeFiles/BundledLibjpeg.dir/jdphuff.c.o.d" is newer than depends file "/home/luke/sponge-os/genode/build/x86_64/qt6/base/src/3rdparty/libjpeg/CMakeFiles/BundledLibjpeg.dir/compiler_depend.internal".
Dependencies file "src/3rdparty/libjpeg/CMakeFiles/BundledLibjpeg.dir/jdpostct.c.o.d" is newer than depends file "/home/luke/sponge-os/genode/build/x86_64/qt6/base/src/3rdparty/libjpeg/CMakeFiles/BundledLibjpeg.dir/compiler_depend.internal".
Dependencies file "src/3rdparty/libjpeg/CMakeFiles/BundledLibjpeg.dir/jdsample.c.o.d" is newer than depends file "/home/luke/sponge-os/genode/build/x86_64/qt6/base/src/3rdparty/libjpeg/CMakeFiles/BundledLibjpeg.dir/compiler_depend.internal".
Dependencies file "src/3rdparty/libjpeg/CMakeFiles/BundledLibjpeg.dir/jdtrans.c.o.d" is newer than depends file "/home/luke/sponge-os/genode/build/x86_64/qt6/base/src/3rdparty/libjpeg/CMakeFiles/BundledLibjpeg.dir/compiler_depend.internal".
Dependencies file "src/3rdparty/libjpeg/CMakeFiles/BundledLibjpeg.dir/jerror.c.o.d" is newer than depends file "/home/luke/sponge-os/genode/build/x86_64/qt6/base/src/3rdparty/libjpeg/CMakeFiles/BundledLibjpeg.dir/compiler_depend.internal".
Dependencies file "src/3rdparty/libjpeg/CMakeFiles/BundledLibjpeg.dir/jfdctflt.c.o.d" is newer than depends file "/home/luke/sponge-os/genode/build/x86_64/qt6/base/src/3rdparty/libjpeg/CMakeFiles/BundledLibjpeg.dir/compiler_depend.internal".
Dependencies file "src/3rdparty/libjpeg/CMakeFiles/BundledLibjpeg.dir/jfdctfst.c.o.d" is newer than depends file "/home/luke/sponge-os/genode/build/x86_64/qt6/base/src/3rdparty/libjpeg/CMakeFiles/BundledLibjpeg.dir/compiler_depend.internal".
Dependencies file "src/3rdparty/harfbuzz-ng/CMakeFiles/BundledHarfbuzz.dir/src/hb-ot-cff1-table.cc.o.d" is newer than depends file "/home/luke/sponge-os/genode/build/x86_64/qt6/base/src/3rdparty/harfbuzz-ng/CMakeFiles/BundledHarfbuzz.dir/compiler_depend.internal".
Dependencies file "src/3rdparty/libjpeg/CMakeFiles/BundledLibjpeg.dir/jfdctint.c.o.d" is newer than depends file "/home/luke/sponge-os/genode/build/x86_64/qt6/base/src/3rdparty/libjpeg/CMakeFiles/BundledLibjpeg.dir/compiler_depend.internal".
Dependencies file "src/3rdparty/libjpeg/CMakeFiles/BundledLibjpeg.dir/jidctflt.c.o.d" is newer than depends file "/home/luke/sponge-os/genode/build/x86_64/qt6/base/src/3rdparty/libjpeg/CMakeFiles/BundledLibjpeg.dir/compiler_depend.internal".
Dependencies file "src/3rdparty/libjpeg/CMakeFiles/BundledLibjpeg.dir/jidctfst.c.o.d" is newer than depends file "/home/luke/sponge-os/genode/build/x86_64/qt6/base/src/3rdparty/libjpeg/CMakeFiles/BundledLibjpeg.dir/compiler_depend.internal".
Dependencies file "src/3rdparty/libjpeg/CMakeFiles/BundledLibjpeg.dir/jidctint.c.o.d" is newer than depends file "/home/luke/sponge-os/genode/build/x86_64/qt6/base/src/3rdparty/libjpeg/CMakeFiles/BundledLibjpeg.dir/compiler_depend.internal".
Dependencies file "src/3rdparty/libjpeg/CMakeFiles/BundledLibjpeg.dir/jidctred.c.o.d" is newer than depends file "/home/luke/sponge-os/genode/build/x86_64/qt6/base/src/3rdparty/libjpeg/CMakeFiles/BundledLibjpeg.dir/compiler_depend.internal".
Dependencies file "src/3rdparty/libjpeg/CMakeFiles/BundledLibjpeg.dir/jmemmgr.c.o.d" is newer than depends file "/home/luke/sponge-os/genode/build/x86_64/qt6/base/src/3rdparty/libjpeg/CMakeFiles/BundledLibjpeg.dir/compiler_depend.internal".
Dependencies file "src/3rdparty/libjpeg/CMakeFiles/BundledLibjpeg.dir/jmemnobs.c.o.d" is newer than depends file "/home/luke/sponge-os/genode/build/x86_64/qt6/base/src/3rdparty/libjpeg/CMakeFiles/BundledLibjpeg.dir/compiler_depend.internal".
Dependencies file "src/3rdparty/libjpeg/CMakeFiles/BundledLibjpeg.dir/jpeg_nbits.c.o.d" is newer than depends file "/home/luke/sponge-os/genode/build/x86_64/qt6/base/src/3rdparty/libjpeg/CMakeFiles/BundledLibjpeg.dir/compiler_depend.internal".
Dependencies file "src/3rdparty/libjpeg/CMakeFiles/BundledLibjpeg.dir/jquant1.c.o.d" is newer than depends file "/home/luke/sponge-os/genode/build/x86_64/qt6/base/src/3rdparty/libjpeg/CMakeFiles/BundledLibjpeg.dir/compiler_depend.internal".
Dependencies file "src/3rdparty/libjpeg/CMakeFiles/BundledLibjpeg.dir/jquant2.c.o.d" is newer than depends file "/home/luke/sponge-os/genode/build/x86_64/qt6/base/src/3rdparty/libjpeg/CMakeFiles/BundledLibjpeg.dir/compiler_depend.internal".
Dependencies file "src/3rdparty/harfbuzz-ng/CMakeFiles/BundledHarfbuzz.dir/src/hb-ot-cff2-table.cc.o.d" is newer than depends file "/home/luke/sponge-os/genode/build/x86_64/qt6/base/src/3rdparty/harfbuzz-ng/CMakeFiles/BundledHarfbuzz.dir/compiler_depend.internal".
Dependencies file "src/3rdparty/libjpeg/CMakeFiles/BundledLibjpeg.dir/jutils.c.o.d" is newer than depends file "/home/luke/sponge-os/genode/build/x86_64/qt6/base/src/3rdparty/libjpeg/CMakeFiles/BundledLibjpeg.dir/compiler_depend.internal".
[1m[35mConsolidate compiler generated dependencies of target BundledLibjpeg[0m
Dependencies file "src/3rdparty/harfbuzz-ng/CMakeFiles/BundledHarfbuzz.dir/src/hb-ot-color.cc.o.d" is newer than depends file "/home/luke/sponge-os/genode/build/x86_64/qt6/base/src/3rdparty/harfbuzz-ng/CMakeFiles/BundledHarfbuzz.dir/compiler_depend.internal".
Dependencies file "src/3rdparty/harfbuzz-ng/CMakeFiles/BundledHarfbuzz.dir/src/hb-ot-face.cc.o.d" is newer than depends file "/home/luke/sponge-os/genode/build/x86_64/qt6/base/src/3rdparty/harfbuzz-ng/CMakeFiles/BundledHarfbuzz.dir/compiler_depend.internal".
Dependencies file "src/3rdparty/harfbuzz-ng/CMakeFiles/BundledHarfbuzz.dir/src/hb-ot-font.cc.o.d" is newer than depends file "/home/luke/sponge-os/genode/build/x86_64/qt6/base/src/3rdparty/harfbuzz-ng/CMakeFiles/BundledHarfbuzz.dir/compiler_depend.internal".
Dependencies file "src/3rdparty/harfbuzz-ng/CMakeFiles/BundledHarfbuzz.dir/src/hb-ot-layout.cc.o.d" is newer than depends file "/home/luke/sponge-os/genode/build/x86_64/qt6/base/src/3rdparty/harfbuzz-ng/CMakeFiles/BundledHarfbuzz.dir/compiler_depend.internal".
Dependencies file "src/3rdparty/harfbuzz-ng/CMakeFiles/BundledHarfbuzz.dir/src/hb-ot-map.cc.o.d" is newer than depends file "/home/luke/sponge-os/genode/build/x86_64/qt6/base/src/3rdparty/harfbuzz-ng/CMakeFiles/BundledHarfbuzz.dir/compiler_depend.internal".
Dependencies file "src/3rdparty/harfbuzz-ng/CMakeFiles/BundledHarfbuzz.dir/src/hb-ot-math.cc.o.d" is newer than depends file "/home/luke/sponge-os/genode/build/x86_64/qt6/base/src/3rdparty/harfbuzz-ng/CMakeFiles/BundledHarfbuzz.dir/compiler_depend.internal".
Dependencies file "src/3rdparty/harfbuzz-ng/CMakeFiles/BundledHarfbuzz.dir/src/hb-ot-meta.cc.o.d" is newer than depends file "/home/luke/sponge-os/genode/build/x86_64/qt6/base/src/3rdparty/harfbuzz-ng/CMakeFiles/BundledHarfbuzz.dir/compiler_depend.internal".
[  8%] Built target ExampleIconsPrivate_autogen
Dependencies file "src/3rdparty/harfbuzz-ng/CMakeFiles/BundledHarfbuzz.dir/src/hb-ot-metrics.cc.o.d" is newer than depends file "/home/luke/sponge-os/genode/build/x86_64/qt6/base/src/3rdparty/harfbuzz-ng/CMakeFiles/BundledHarfbuzz.dir/compiler_depend.internal".
Dependencies file "src/3rdparty/harfbuzz-ng/CMakeFiles/BundledHarfbuzz.dir/src/hb-ot-name.cc.o.d" is newer than depends file "/home/luke/sponge-os/genode/build/x86_64/qt6/base/src/3rdparty/harfbuzz-ng/CMakeFiles/BundledHarfbuzz.dir/compiler_depend.internal".
[  8%] Built target Core_autogen_timestamp_deps
[  8%] Built target Sql_sync_headers
Dependencies file "src/3rdparty/harfbuzz-ng/CMakeFiles/BundledHarfbuzz.dir/src/hb-ot-shape-fallback.cc.o.d" is newer than depends file "/home/luke/sponge-os/genode/build/x86_64/qt6/base/src/3rdparty/harfbuzz-ng/CMakeFiles/BundledHarfbuzz.dir/compiler_depend.internal".
[  8%] Built target Concurrent_sync_headers
[  8%] Built target Xml_sync_headers
Dependencies file "src/3rdparty/harfbuzz-ng/CMakeFiles/BundledHarfbuzz.dir/src/hb-ot-shape-normalize.cc.o.d" is newer than depends file "/home/luke/sponge-os/genode/build/x86_64/qt6/base/src/3rdparty/harfbuzz-ng/CMakeFiles/BundledHarfbuzz.dir/compiler_depend.internal".
[  8%] Built target Network_sync_headers
Dependencies file "src/3rdparty/harfbuzz-ng/CMakeFiles/BundledHarfbuzz.dir/src/hb-ot-shape.cc.o.d" is newer than depends file "/home/luke/sponge-os/genode/build/x86_64/qt6/base/src/3rdparty/harfbuzz-ng/CMakeFiles/BundledHarfbuzz.dir/compiler_depend.internal".
[  8%] Built target ExampleIconsPrivate_resources_1
Dependencies file "src/3rdparty/harfbuzz-ng/CMakeFiles/BundledHarfbuzz.dir/src/hb-ot-shaper-arabic.cc.o.d" is newer than depends file "/home/luke/sponge-os/genode/build/x86_64/qt6/base/src/3rdparty/harfbuzz-ng/CMakeFiles/BundledHarfbuzz.dir/compiler_depend.internal".
[  8%] Built target DeviceDiscoverySupportPrivate_sync_headers
Dependencies file "src/3rdparty/harfbuzz-ng/CMakeFiles/BundledHarfbuzz.dir/src/hb-ot-shaper-default.cc.o.d" is newer than depends file "/home/luke/sponge-os/genode/build/x86_64/qt6/base/src/3rdparty/harfbuzz-ng/CMakeFiles/BundledHarfbuzz.dir/compiler_depend.internal".
Dependencies file "src/3rdparty/harfbuzz-ng/CMakeFiles/BundledHarfbuzz.dir/src/hb-ot-shaper-hangul.cc.o.d" is newer than depends file "/home/luke/sponge-os/genode/build/x86_64/qt6/base/src/3rdparty/harfbuzz-ng/CMakeFiles/BundledHarfbuzz.dir/compiler_depend.internal".
Dependencies file "src/3rdparty/harfbuzz-ng/CMakeFiles/BundledHarfbuzz.dir/src/hb-ot-shaper-hebrew.cc.o.d" is newer than depends file "/home/luke/sponge-os/genode/build/x86_64/qt6/base/src/3rdparty/harfbuzz-ng/CMakeFiles/BundledHarfbuzz.dir/compiler_depend.internal".
Dependencies file "src/3rdparty/harfbuzz-ng/CMakeFiles/BundledHarfbuzz.dir/src/hb-ot-shaper-indic-table.cc.o.d" is newer than depends file "/home/luke/sponge-os/genode/build/x86_64/qt6/base/src/3rdparty/harfbuzz-ng/CMakeFiles/BundledHarfbuzz.dir/compiler_depend.internal".
Dependencies file "src/3rdparty/harfbuzz-ng/CMakeFiles/BundledHarfbuzz.dir/src/hb-ot-shaper-indic.cc.o.d" is newer than depends file "/home/luke/sponge-os/genode/build/x86_64/qt6/base/src/3rdparty/harfbuzz-ng/CMakeFiles/BundledHarfbuzz.dir/compiler_depend.internal".
Dependencies file "src/3rdparty/harfbuzz-ng/CMakeFiles/BundledHarfbuzz.dir/src/hb-ot-shaper-khmer.cc.o.d" is newer than depends file "/home/luke/sponge-os/genode/build/x86_64/qt6/base/src/3rdparty/harfbuzz-ng/CMakeFiles/BundledHarfbuzz.dir/compiler_depend.internal".
Dependencies file "src/3rdparty/harfbuzz-ng/CMakeFiles/BundledHarfbuzz.dir/src/hb-ot-shaper-myanmar.cc.o.d" is newer than depends file "/home/luke/sponge-os/genode/build/x86_64/qt6/base/src/3rdparty/harfbuzz-ng/CMakeFiles/BundledHarfbuzz.dir/compiler_depend.internal".
Dependencies file "src/3rdparty/harfbuzz-ng/CMakeFiles/BundledHarfbuzz.dir/src/hb-ot-shaper-syllabic.cc.o.d" is newer than depends file "/home/luke/sponge-os/genode/build/x86_64/qt6/base/src/3rdparty/harfbuzz-ng/CMakeFiles/BundledHarfbuzz.dir/compiler_depend.internal".
Dependencies file "src/3rdparty/harfbuzz-ng/CMakeFiles/BundledHarfbuzz.dir/src/hb-ot-shaper-thai.cc.o.d" is newer than depends file "/home/luke/sponge-os/genode/build/x86_64/qt6/base/src/3rdparty/harfbuzz-ng/CMakeFiles/BundledHarfbuzz.dir/compiler_depend.internal".
Dependencies file "src/3rdparty/harfbuzz-ng/CMakeFiles/BundledHarfbuzz.dir/src/hb-ot-shaper-use.cc.o.d" is newer than depends file "/home/luke/sponge-os/genode/build/x86_64/qt6/base/src/3rdparty/harfbuzz-ng/CMakeFiles/BundledHarfbuzz.dir/compiler_depend.internal".
[  8%] Built target Gui_sync_headers
Dependencies file "src/3rdparty/harfbuzz-ng/CMakeFiles/BundledHarfbuzz.dir/src/hb-ot-shaper-vowel-constraints.cc.o.d" is newer than depends file "/home/luke/sponge-os/genode/build/x86_64/qt6/base/src/3rdparty/harfbuzz-ng/CMakeFiles/BundledHarfbuzz.dir/compiler_depend.internal".
Dependencies file "src/3rdparty/harfbuzz-ng/CMakeFiles/BundledHarfbuzz.dir/src/hb-ot-tag.cc.o.d" is newer than depends file "/home/luke/sponge-os/genode/build/x86_64/qt6/base/src/3rdparty/harfbuzz-ng/CMakeFiles/BundledHarfbuzz.dir/compiler_depend.internal".
Dependencies file "src/3rdparty/harfbuzz-ng/CMakeFiles/BundledHarfbuzz.dir/src/hb-ot-var.cc.o.d" is newer than depends file "/home/luke/sponge-os/genode/build/x86_64/qt6/base/src/3rdparty/harfbuzz-ng/CMakeFiles/BundledHarfbuzz.dir/compiler_depend.internal".
[  9%] Built target BundledZLIB
Dependencies file "src/3rdparty/harfbuzz-ng/CMakeFiles/BundledHarfbuzz.dir/src/hb-outline.cc.o.d" is newer than depends file "/home/luke/sponge-os/genode/build/x86_64/qt6/base/src/3rdparty/harfbuzz-ng/CMakeFiles/BundledHarfbuzz.dir/compiler_depend.internal".
Dependencies file "src/3rdparty/harfbuzz-ng/CMakeFiles/BundledHarfbuzz.dir/src/hb-paint-extents.cc.o.d" is newer than depends file "/home/luke/sponge-os/genode/build/x86_64/qt6/base/src/3rdparty/harfbuzz-ng/CMakeFiles/BundledHarfbuzz.dir/compiler_depend.internal".
Dependencies file "src/3rdparty/harfbuzz-ng/CMakeFiles/BundledHarfbuzz.dir/src/hb-paint.cc.o.d" is newer than depends file "/home/luke/sponge-os/genode/build/x86_64/qt6/base/src/3rdparty/harfbuzz-ng/CMakeFiles/BundledHarfbuzz.dir/compiler_depend.internal".
Dependencies file "src/3rdparty/harfbuzz-ng/CMakeFiles/BundledHarfbuzz.dir/src/hb-set.cc.o.d" is newer than depends file "/home/luke/sponge-os/genode/build/x86_64/qt6/base/src/3rdparty/harfbuzz-ng/CMakeFiles/BundledHarfbuzz.dir/compiler_depend.internal".
Dependencies file "src/3rdparty/harfbuzz-ng/CMakeFiles/BundledHarfbuzz.dir/src/hb-shape-plan.cc.o.d" is newer than depends file "/home/luke/sponge-os/genode/build/x86_64/qt6/base/src/3rdparty/harfbuzz-ng/CMakeFiles/BundledHarfbuzz.dir/compiler_depend.internal".
Dependencies file "src/3rdparty/harfbuzz-ng/CMakeFiles/BundledHarfbuzz.dir/src/hb-shape.cc.o.d" is newer than depends file "/home/luke/sponge-os/genode/build/x86_64/qt6/base/src/3rdparty/harfbuzz-ng/CMakeFiles/BundledHarfbuzz.dir/compiler_depend.internal".
Dependencies file "src/3rdparty/harfbuzz-ng/CMakeFiles/BundledHarfbuzz.dir/src/hb-shaper.cc.o.d" is newer than depends file "/home/luke/sponge-os/genode/build/x86_64/qt6/base/src/3rdparty/harfbuzz-ng/CMakeFiles/BundledHarfbuzz.dir/compiler_depend.internal".
Dependencies file "src/3rdparty/harfbuzz-ng/CMakeFiles/BundledHarfbuzz.dir/src/hb-style.cc.o.d" is newer than depends file "/home/luke/sponge-os/genode/build/x86_64/qt6/base/src/3rdparty/harfbuzz-ng/CMakeFiles/BundledHarfbuzz.dir/compiler_depend.internal".
Dependencies file "src/corelib/Core_autogen/deps" is newer than depends file "/home/luke/sponge-os/genode/build/x86_64/qt6/base/src/corelib/CMakeFiles/Core_autogen.dir/compiler_depend.internal".
Dependencies file "src/3rdparty/harfbuzz-ng/CMakeFiles/BundledHarfbuzz.dir/src/hb-subset-cff-common.cc.o.d" is newer than depends file "/home/luke/sponge-os/genode/build/x86_64/qt6/base/src/3rdparty/harfbuzz-ng/CMakeFiles/BundledHarfbuzz.dir/compiler_depend.internal".
Dependencies file "src/3rdparty/harfbuzz-ng/CMakeFiles/BundledHarfbuzz.dir/src/hb-subset-cff1.cc.o.d" is newer than depends file "/home/luke/sponge-os/genode/build/x86_64/qt6/base/src/3rdparty/harfbuzz-ng/CMakeFiles/BundledHarfbuzz.dir/compiler_depend.internal".
Dependencies file "src/3rdparty/harfbuzz-ng/CMakeFiles/BundledHarfbuzz.dir/src/hb-subset-cff2.cc.o.d" is newer than depends file "/home/luke/sponge-os/genode/build/x86_64/qt6/base/src/3rdparty/harfbuzz-ng/CMakeFiles/BundledHarfbuzz.dir/compiler_depend.internal".
Dependencies file "src/3rdparty/harfbuzz-ng/CMakeFiles/BundledHarfbuzz.dir/src/hb-subset-input.cc.o.d" is newer than depends file "/home/luke/sponge-os/genode/build/x86_64/qt6/base/src/3rdparty/harfbuzz-ng/CMakeFiles/BundledHarfbuzz.dir/compiler_depend.internal".
[1m[35mConsolidate compiler generated dependencies of target Core_autogen[0m
Dependencies file "src/3rdparty/harfbuzz-ng/CMakeFiles/BundledHarfbuzz.dir/src/hb-subset-instancer-iup.cc.o.d" is newer than depends file "/home/luke/sponge-os/genode/build/x86_64/qt6/base/src/3rdparty/harfbuzz-ng/CMakeFiles/BundledHarfbuzz.dir/compiler_depend.internal".
Dependencies file "src/3rdparty/harfbuzz-ng/CMakeFiles/BundledHarfbuzz.dir/src/hb-subset-instancer-solver.cc.o.d" is newer than depends file "/home/luke/sponge-os/genode/build/x86_64/qt6/base/src/3rdparty/harfbuzz-ng/CMakeFiles/BundledHarfbuzz.dir/compiler_depend.internal".
Dependencies file "src/assets/icons/CMakeFiles/ExampleIconsPrivate.dir/.qt/rcc/qrc_example_icons.cpp.o.d" is newer than depends file "/home/luke/sponge-os/genode/build/x86_64/qt6/base/src/assets/icons/CMakeFiles/ExampleIconsPrivate.dir/compiler_depend.internal".
Dependencies file "src/assets/icons/CMakeFiles/ExampleIconsPrivate.dir/ExampleIconsPrivate_autogen/mocs_compilation.cpp.o.d" is newer than depends file "/home/luke/sponge-os/genode/build/x86_64/qt6/base/src/assets/icons/CMakeFiles/ExampleIconsPrivate.dir/compiler_depend.internal".
[1m[35mConsolidate compiler generated dependencies of target ExampleIconsPrivate[0m
Dependencies file "src/3rdparty/harfbuzz-ng/CMakeFiles/BundledHarfbuzz.dir/src/hb-subset-plan.cc.o.d" is newer than depends file "/home/luke/sponge-os/genode/build/x86_64/qt6/base/src/3rdparty/harfbuzz-ng/CMakeFiles/BundledHarfbuzz.dir/compiler_depend.internal".
Dependencies file "src/3rdparty/harfbuzz-ng/CMakeFiles/BundledHarfbuzz.dir/src/hb-subset-serialize.cc.o.d" is newer than depends file "/home/luke/sponge-os/genode/build/x86_64/qt6/base/src/3rdparty/harfbuzz-ng/CMakeFiles/BundledHarfbuzz.dir/compiler_depend.internal".
Dependencies file "src/3rdparty/harfbuzz-ng/CMakeFiles/BundledHarfbuzz.dir/src/hb-subset.cc.o.d" is newer than depends file "/home/luke/sponge-os/genode/build/x86_64/qt6/base/src/3rdparty/harfbuzz-ng/CMakeFiles/BundledHarfbuzz.dir/compiler_depend.internal".
Dependencies file "src/3rdparty/harfbuzz-ng/CMakeFiles/BundledHarfbuzz.dir/src/hb-unicode.cc.o.d" is newer than depends file "/home/luke/sponge-os/genode/build/x86_64/qt6/base/src/3rdparty/harfbuzz-ng/CMakeFiles/BundledHarfbuzz.dir/compiler_depend.internal".
[1m[35mConsolidate compiler generated dependencies of target BundledHarfbuzz[0m
[ 14%] Built target BundledLibjpeg
[ 14%] Built target QTlsBackendCertOnlyPlugin_autogen_timestamp_deps
[ 14%] Built target DeviceDiscoverySupportPrivate_autogen_timestamp_deps
[ 15%] Built target ExampleIconsPrivate
[ 15%] Built target Widgets_sync_headers
[ 15%] Built target OpenGL_sync_headers
[ 15%] Built target Test_sync_headers
[ 15%] Built target FbSupportPrivate_sync_headers
Dependencies file "src/plugins/tls/certonly/QTlsBackendCertOnlyPlugin_autogen/deps" is newer than depends file "/home/luke/sponge-os/genode/build/x86_64/qt6/base/src/plugins/tls/certonly/CMakeFiles/QTlsBackendCertOnlyPlugin_autogen.dir/compiler_depend.internal".
[1m[35mConsolidate compiler generated dependencies of target QTlsBackendCertOnlyPlugin_autogen[0m
Dependencies file "src/platformsupport/devicediscovery/DeviceDiscoverySupportPrivate_autogen/deps" is newer than depends file "/home/luke/sponge-os/genode/build/x86_64/qt6/base/src/platformsupport/devicediscovery/CMakeFiles/DeviceDiscoverySupportPrivate_autogen.dir/compiler_depend.internal".
[1m[35mConsolidate compiler generated dependencies of target DeviceDiscoverySupportPrivate_autogen[0m
[ 15%] Built target Core_autogen
[ 15%] Built target DeviceDiscoverySupportPrivate_autogen
[ 15%] Built target OpenGLWidgets_sync_headers
[ 15%] Built target PrintSupport_sync_headers
[ 15%] Built target QTlsBackendCertOnlyPlugin_autogen
[ 15%] Built target FbSupportPrivate_autogen_timestamp_deps
Dependencies file "src/corelib/CMakeFiles/Core.dir/io/forkfd_qt.c.o.d" is newer than depends file "/home/luke/sponge-os/genode/build/x86_64/qt6/base/src/corelib/CMakeFiles/Core.dir/compiler_depend.internal".
Dependencies file "src/corelib/CMakeFiles/Core.dir/Core_autogen/mocs_compilation.cpp.o.d" is newer than depends file "/home/luke/sponge-os/genode/build/x86_64/qt6/base/src/corelib/CMakeFiles/Core.dir/compiler_depend.internal".
Dependencies file "src/corelib/CMakeFiles/Core.dir/__/3rdparty/double-conversion/double-conversion/bignum-dtoa.cc.o.d" is newer than depends file "/home/luke/sponge-os/genode/build/x86_64/qt6/base/src/corelib/CMakeFiles/Core.dir/compiler_depend.internal".
Dependencies file "src/corelib/CMakeFiles/Core.dir/__/3rdparty/double-conversion/double-conversion/bignum.cc.o.d" is newer than depends file "/home/luke/sponge-os/genode/build/x86_64/qt6/base/src/corelib/CMakeFiles/Core.dir/compiler_depend.internal".
Dependencies file "src/corelib/CMakeFiles/Core.dir/__/3rdparty/double-conversion/double-conversion/cached-powers.cc.o.d" is newer than depends file "/home/luke/sponge-os/genode/build/x86_64/qt6/base/src/corelib/CMakeFiles/Core.dir/compiler_depend.internal".
Dependencies file "src/corelib/CMakeFiles/Core.dir/__/3rdparty/double-conversion/double-conversion/double-to-string.cc.o.d" is newer than depends file "/home/luke/sponge-os/genode/build/x86_64/qt6/base/src/corelib/CMakeFiles/Core.dir/compiler_depend.internal".
Dependencies file "src/corelib/CMakeFiles/Core.dir/__/3rdparty/double-conversion/double-conversion/fast-dtoa.cc.o.d" is newer than depends file "/home/luke/sponge-os/genode/build/x86_64/qt6/base/src/corelib/CMakeFiles/Core.dir/compiler_depend.internal".
Dependencies file "src/corelib/CMakeFiles/Core.dir/__/3rdparty/double-conversion/double-conversion/fixed-dtoa.cc.o.d" is newer than depends file "/home/luke/sponge-os/genode/build/x86_64/qt6/base/src/corelib/CMakeFiles/Core.dir/compiler_depend.internal".
Dependencies file "src/corelib/CMakeFiles/Core.dir/__/3rdparty/double-conversion/double-conversion/string-to-double.cc.o.d" is newer than depends file "/home/luke/sponge-os/genode/build/x86_64/qt6/base/src/corelib/CMakeFiles/Core.dir/compiler_depend.internal".
Dependencies file "src/corelib/CMakeFiles/Core.dir/__/3rdparty/double-conversion/double-conversion/strtod.cc.o.d" is newer than depends file "/home/luke/sponge-os/genode/build/x86_64/qt6/base/src/corelib/CMakeFiles/Core.dir/compiler_depend.internal".
Dependencies file "src/corelib/CMakeFiles/Core.dir/animation/qabstractanimation.cpp.o.d" is newer than depends file "/home/luke/sponge-os/genode/build/x86_64/qt6/base/src/corelib/CMakeFiles/Core.dir/compiler_depend.internal".
Dependencies file "src/corelib/CMakeFiles/Core.dir/animation/qanimationgroup.cpp.o.d" is newer than depends file "/home/luke/sponge-os/genode/build/x86_64/qt6/base/src/corelib/CMakeFiles/Core.dir/compiler_depend.internal".
Dependencies file "src/corelib/CMakeFiles/Core.dir/animation/qparallelanimationgroup.cpp.o.d" is newer than depends file "/home/luke/sponge-os/genode/build/x86_64/qt6/base/src/corelib/CMakeFiles/Core.dir/compiler_depend.internal".
Dependencies file "src/platformsupport/fbconvenience/FbSupportPrivate_autogen/deps" is newer than depends file "/home/luke/sponge-os/genode/build/x86_64/qt6/base/src/platformsupport/fbconvenience/CMakeFiles/FbSupportPrivate_autogen.dir/compiler_depend.internal".
Dependencies file "src/corelib/CMakeFiles/Core.dir/animation/qpauseanimation.cpp.o.d" is newer than depends file "/home/luke/sponge-os/genode/build/x86_64/qt6/base/src/corelib/CMakeFiles/Core.dir/compiler_depend.internal".
[1m[35mConsolidate compiler generated dependencies of target FbSupportPrivate_autogen[0m
Dependencies file "src/corelib/CMakeFiles/Core.dir/animation/qpropertyanimation.cpp.o.d" is newer than depends file "/home/luke/sponge-os/genode/build/x86_64/qt6/base/src/corelib/CMakeFiles/Core.dir/compiler_depend.internal".
Dependencies file "src/corelib/CMakeFiles/Core.dir/animation/qsequentialanimationgroup.cpp.o.d" is newer than depends file "/home/luke/sponge-os/genode/build/x86_64/qt6/base/src/corelib/CMakeFiles/Core.dir/compiler_depend.internal".
Dependencies file "src/corelib/CMakeFiles/Core.dir/animation/qvariantanimation.cpp.o.d" is newer than depends file "/home/luke/sponge-os/genode/build/x86_64/qt6/base/src/corelib/CMakeFiles/Core.dir/compiler_depend.internal".
Dependencies file "src/corelib/CMakeFiles/Core.dir/compat/removed_api.cpp.o.d" is newer than depends file "/home/luke/sponge-os/genode/build/x86_64/qt6/base/src/corelib/CMakeFiles/Core.dir/compiler_depend.internal".
Dependencies file "src/corelib/CMakeFiles/Core.dir/global/archdetect.cpp.o.d" is newer than depends file "/home/luke/sponge-os/genode/build/x86_64/qt6/base/src/corelib/CMakeFiles/Core.dir/compiler_depend.internal".
Dependencies file "src/corelib/CMakeFiles/Core.dir/global/q23utility.cpp.o.d" is newer than depends file "/home/luke/sponge-os/genode/build/x86_64/qt6/base/src/corelib/CMakeFiles/Core.dir/compiler_depend.internal".
Dependencies file "src/corelib/CMakeFiles/Core.dir/global/qassert.cpp.o.d" is newer than depends file "/home/luke/sponge-os/genode/build/x86_64/qt6/base/src/corelib/CMakeFiles/Core.dir/compiler_depend.internal".
Dependencies file "src/corelib/CMakeFiles/Core.dir/global/qcompare.cpp.o.d" is newer than depends file "/home/luke/sponge-os/genode/build/x86_64/qt6/base/src/corelib/CMakeFiles/Core.dir/compiler_depend.internal".
Dependencies file "src/corelib/CMakeFiles/Core.dir/global/qendian.cpp.o.d" is newer than depends file "/home/luke/sponge-os/genode/build/x86_64/qt6/base/src/corelib/CMakeFiles/Core.dir/compiler_depend.internal".
Dependencies file "src/corelib/CMakeFiles/Core.dir/global/qexceptionhandling.cpp.o.d" is newer than depends file "/home/luke/sponge-os/genode/build/x86_64/qt6/base/src/corelib/CMakeFiles/Core.dir/compiler_depend.internal".
Dependencies file "src/corelib/CMakeFiles/Core.dir/global/qfloat16.cpp.o.d" is newer than depends file "/home/luke/sponge-os/genode/build/x86_64/qt6/base/src/corelib/CMakeFiles/Core.dir/compiler_depend.internal".
Dependencies file "src/corelib/CMakeFiles/Core.dir/global/qglobal.cpp.o.d" is newer than depends file "/home/luke/sponge-os/genode/build/x86_64/qt6/base/src/corelib/CMakeFiles/Core.dir/compiler_depend.internal".
Dependencies file "src/corelib/CMakeFiles/Core.dir/global/qhooks.cpp.o.d" is newer than depends file "/home/luke/sponge-os/genode/build/x86_64/qt6/base/src/corelib/CMakeFiles/Core.dir/compiler_depend.internal".
Dependencies file "src/corelib/CMakeFiles/Core.dir/global/qlibraryinfo.cpp.o.d" is newer than depends file "/home/luke/sponge-os/genode/build/x86_64/qt6/base/src/corelib/CMakeFiles/Core.dir/compiler_depend.internal".
Dependencies file "src/corelib/CMakeFiles/Core.dir/global/qlogging.cpp.o.d" is newer than depends file "/home/luke/sponge-os/genode/build/x86_64/qt6/base/src/corelib/CMakeFiles/Core.dir/compiler_depend.internal".
Dependencies file "src/corelib/CMakeFiles/Core.dir/global/qmalloc.cpp.o.d" is newer than depends file "/home/luke/sponge-os/genode/build/x86_64/qt6/base/src/corelib/CMakeFiles/Core.dir/compiler_depend.internal".
Dependencies file "src/corelib/CMakeFiles/Core.dir/global/qnumeric.cpp.o.d" is newer than depends file "/home/luke/sponge-os/genode/build/x86_64/qt6/base/src/corelib/CMakeFiles/Core.dir/compiler_depend.internal".
Dependencies file "src/corelib/CMakeFiles/Core.dir/global/qoperatingsystemversion.cpp.o.d" is newer than depends file "/home/luke/sponge-os/genode/build/x86_64/qt6/base/src/corelib/CMakeFiles/Core.dir/compiler_depend.internal".
Dependencies file "src/corelib/CMakeFiles/Core.dir/global/qrandom.cpp.o.d" is newer than depends file "/home/luke/sponge-os/genode/build/x86_64/qt6/base/src/corelib/CMakeFiles/Core.dir/compiler_depend.internal".
Dependencies file "src/corelib/CMakeFiles/Core.dir/global/qsimd.cpp.o.d" is newer than depends file "/home/luke/sponge-os/genode/build/x86_64/qt6/base/src/corelib/CMakeFiles/Core.dir/compiler_depend.internal".
Dependencies file "src/corelib/CMakeFiles/Core.dir/global/qsysinfo.cpp.o.d" is newer than depends file "/home/luke/sponge-os/genode/build/x86_64/qt6/base/src/corelib/CMakeFiles/Core.dir/compiler_depend.internal".
Dependencies file "src/corelib/CMakeFiles/Core.dir/global/qtenvironmentvariables.cpp.o.d" is newer than depends file "/home/luke/sponge-os/genode/build/x86_64/qt6/base/src/corelib/CMakeFiles/Core.dir/compiler_depend.internal".
Dependencies file "src/corelib/CMakeFiles/Core.dir/global/qtypes.cpp.o.d" is newer than depends file "/home/luke/sponge-os/genode/build/x86_64/qt6/base/src/corelib/CMakeFiles/Core.dir/compiler_depend.internal".
Dependencies file "src/corelib/CMakeFiles/Core.dir/io/qabstractfileengine.cpp.o.d" is newer than depends file "/home/luke/sponge-os/genode/build/x86_64/qt6/base/src/corelib/CMakeFiles/Core.dir/compiler_depend.internal".
Dependencies file "src/corelib/CMakeFiles/Core.dir/io/qbuffer.cpp.o.d" is newer than depends file "/home/luke/sponge-os/genode/build/x86_64/qt6/base/src/corelib/CMakeFiles/Core.dir/compiler_depend.internal".
Dependencies file "src/corelib/CMakeFiles/Core.dir/io/qdataurl.cpp.o.d" is newer than depends file "/home/luke/sponge-os/genode/build/x86_64/qt6/base/src/corelib/CMakeFiles/Core.dir/compiler_depend.internal".
Dependencies file "src/corelib/CMakeFiles/Core.dir/io/qdebug.cpp.o.d" is newer than depends file "/home/luke/sponge-os/genode/build/x86_64/qt6/base/src/corelib/CMakeFiles/Core.dir/compiler_depend.internal".
Dependencies file "src/corelib/CMakeFiles/Core.dir/io/qdir.cpp.o.d" is newer than depends file "/home/luke/sponge-os/genode/build/x86_64/qt6/base/src/corelib/CMakeFiles/Core.dir/compiler_depend.internal".
[ 15%] Built target FbSupportPrivate_autogen
Dependencies file "src/corelib/CMakeFiles/Core.dir/io/qdiriterator.cpp.o.d" is newer than depends file "/home/luke/sponge-os/genode/build/x86_64/qt6/base/src/corelib/CMakeFiles/Core.dir/compiler_depend.internal".
Dependencies file "src/corelib/CMakeFiles/Core.dir/io/qdirlisting.cpp.o.d" is newer than depends file "/home/luke/sponge-os/genode/build/x86_64/qt6/base/src/corelib/CMakeFiles/Core.dir/compiler_depend.internal".
Dependencies file "src/corelib/CMakeFiles/Core.dir/io/qfile.cpp.o.d" is newer than depends file "/home/luke/sponge-os/genode/build/x86_64/qt6/base/src/corelib/CMakeFiles/Core.dir/compiler_depend.internal".
Dependencies file "src/corelib/CMakeFiles/Core.dir/io/qfiledevice.cpp.o.d" is newer than depends file "/home/luke/sponge-os/genode/build/x86_64/qt6/base/src/corelib/CMakeFiles/Core.dir/compiler_depend.internal".
Dependencies file "src/corelib/CMakeFiles/Core.dir/io/qfileinfo.cpp.o.d" is newer than depends file "/home/luke/sponge-os/genode/build/x86_64/qt6/base/src/corelib/CMakeFiles/Core.dir/compiler_depend.internal".
Dependencies file "src/corelib/CMakeFiles/Core.dir/io/qfileselector.cpp.o.d" is newer than depends file "/home/luke/sponge-os/genode/build/x86_64/qt6/base/src/corelib/CMakeFiles/Core.dir/compiler_depend.internal".
Dependencies file "src/corelib/CMakeFiles/Core.dir/io/qfilesystemengine.cpp.o.d" is newer than depends file "/home/luke/sponge-os/genode/build/x86_64/qt6/base/src/corelib/CMakeFiles/Core.dir/compiler_depend.internal".
Dependencies file "src/corelib/CMakeFiles/Core.dir/io/qfilesystemengine_unix.cpp.o.d" is newer than depends file "/home/luke/sponge-os/genode/build/x86_64/qt6/base/src/corelib/CMakeFiles/Core.dir/compiler_depend.internal".
Dependencies file "src/corelib/CMakeFiles/Core.dir/io/qfilesystementry.cpp.o.d" is newer than depends file "/home/luke/sponge-os/genode/build/x86_64/qt6/base/src/corelib/CMakeFiles/Core.dir/compiler_depend.internal".
Dependencies file "src/corelib/CMakeFiles/Core.dir/io/qfilesystemiterator_unix.cpp.o.d" is newer than depends file "/home/luke/sponge-os/genode/build/x86_64/qt6/base/src/corelib/CMakeFiles/Core.dir/compiler_depend.internal".
Dependencies file "src/corelib/CMakeFiles/Core.dir/io/qfilesystemwatcher.cpp.o.d" is newer than depends file "/home/luke/sponge-os/genode/build/x86_64/qt6/base/src/corelib/CMakeFiles/Core.dir/compiler_depend.internal".
Dependencies file "src/corelib/CMakeFiles/Core.dir/io/qfilesystemwatcher_polling.cpp.o.d" is newer than depends file "/home/luke/sponge-os/genode/build/x86_64/qt6/base/src/corelib/CMakeFiles/Core.dir/compiler_depend.internal".
Dependencies file "src/corelib/CMakeFiles/Core.dir/io/qfsfileengine.cpp.o.d" is newer than depends file "/home/luke/sponge-os/genode/build/x86_64/qt6/base/src/corelib/CMakeFiles/Core.dir/compiler_depend.internal".
Dependencies file "src/corelib/CMakeFiles/Core.dir/io/qfsfileengine_iterator.cpp.o.d" is newer than depends file "/home/luke/sponge-os/genode/build/x86_64/qt6/base/src/corelib/CMakeFiles/Core.dir/compiler_depend.internal".
Dependencies file "src/corelib/CMakeFiles/Core.dir/io/qfsfileengine_unix.cpp.o.d" is newer than depends file "/home/luke/sponge-os/genode/build/x86_64/qt6/base/src/corelib/CMakeFiles/Core.dir/compiler_depend.internal".
Dependencies file "src/corelib/CMakeFiles/Core.dir/io/qiodevice.cpp.o.d" is newer than depends file "/home/luke/sponge-os/genode/build/x86_64/qt6/base/src/corelib/CMakeFiles/Core.dir/compiler_depend.internal".
Dependencies file "src/corelib/CMakeFiles/Core.dir/io/qipaddress.cpp.o.d" is newer than depends file "/home/luke/sponge-os/genode/build/x86_64/qt6/base/src/corelib/CMakeFiles/Core.dir/compiler_depend.internal".
Dependencies file "src/corelib/CMakeFiles/Core.dir/io/qlockfile.cpp.o.d" is newer than depends file "/home/luke/sponge-os/genode/build/x86_64/qt6/base/src/corelib/CMakeFiles/Core.dir/compiler_depend.internal".
Dependencies file "src/corelib/CMakeFiles/Core.dir/io/qlockfile_unix.cpp.o.d" is newer than depends file "/home/luke/sponge-os/genode/build/x86_64/qt6/base/src/corelib/CMakeFiles/Core.dir/compiler_depend.internal".
Dependencies file "src/corelib/CMakeFiles/Core.dir/io/qloggingcategory.cpp.o.d" is newer than depends file "/home/luke/sponge-os/genode/build/x86_64/qt6/base/src/corelib/CMakeFiles/Core.dir/compiler_depend.internal".
Dependencies file "src/corelib/CMakeFiles/Core.dir/io/qloggingregistry.cpp.o.d" is newer than depends file "/home/luke/sponge-os/genode/build/x86_64/qt6/base/src/corelib/CMakeFiles/Core.dir/compiler_depend.internal".
Dependencies file "src/corelib/CMakeFiles/Core.dir/io/qnoncontiguousbytedevice.cpp.o.d" is newer than depends file "/home/luke/sponge-os/genode/build/x86_64/qt6/base/src/corelib/CMakeFiles/Core.dir/compiler_depend.internal".
Dependencies file "src/corelib/CMakeFiles/Core.dir/io/qprocess.cpp.o.d" is newer than depends file "/home/luke/sponge-os/genode/build/x86_64/qt6/base/src/corelib/CMakeFiles/Core.dir/compiler_depend.internal".
Dependencies file "src/corelib/CMakeFiles/Core.dir/io/qprocess_unix.cpp.o.d" is newer than depends file "/home/luke/sponge-os/genode/build/x86_64/qt6/base/src/corelib/CMakeFiles/Core.dir/compiler_depend.internal".
Dependencies file "src/corelib/CMakeFiles/Core.dir/io/qresource.cpp.o.d" is newer than depends file "/home/luke/sponge-os/genode/build/x86_64/qt6/base/src/corelib/CMakeFiles/Core.dir/compiler_depend.internal".
Dependencies file "src/corelib/CMakeFiles/Core.dir/io/qresource_iterator.cpp.o.d" is newer than depends file "/home/luke/sponge-os/genode/build/x86_64/qt6/base/src/corelib/CMakeFiles/Core.dir/compiler_depend.internal".
Dependencies file "src/corelib/CMakeFiles/Core.dir/io/qsavefile.cpp.o.d" is newer than depends file "/home/luke/sponge-os/genode/build/x86_64/qt6/base/src/corelib/CMakeFiles/Core.dir/compiler_depend.internal".
Dependencies file "src/corelib/CMakeFiles/Core.dir/io/qsettings.cpp.o.d" is newer than depends file "/home/luke/sponge-os/genode/build/x86_64/qt6/base/src/corelib/CMakeFiles/Core.dir/compiler_depend.internal".
Dependencies file "src/corelib/CMakeFiles/Core.dir/io/qstandardpaths.cpp.o.d" is newer than depends file "/home/luke/sponge-os/genode/build/x86_64/qt6/base/src/corelib/CMakeFiles/Core.dir/compiler_depend.internal".
Dependencies file "src/corelib/CMakeFiles/Core.dir/io/qstandardpaths_unix.cpp.o.d" is newer than depends file "/home/luke/sponge-os/genode/build/x86_64/qt6/base/src/corelib/CMakeFiles/Core.dir/compiler_depend.internal".
[ 19%] Built target BundledHarfbuzz
Dependencies file "src/corelib/CMakeFiles/Core.dir/io/qstorageinfo.cpp.o.d" is newer than depends file "/home/luke/sponge-os/genode/build/x86_64/qt6/base/src/corelib/CMakeFiles/Core.dir/compiler_depend.internal".
Dependencies file "src/corelib/CMakeFiles/Core.dir/io/qstorageinfo_unix.cpp.o.d" is newer than depends file "/home/luke/sponge-os/genode/build/x86_64/qt6/base/src/corelib/CMakeFiles/Core.dir/compiler_depend.internal".
Dependencies file "src/corelib/CMakeFiles/Core.dir/io/qtemporarydir.cpp.o.d" is newer than depends file "/home/luke/sponge-os/genode/build/x86_64/qt6/base/src/corelib/CMakeFiles/Core.dir/compiler_depend.internal".
Dependencies file "src/corelib/CMakeFiles/Core.dir/io/qtemporaryfile.cpp.o.d" is newer than depends file "/home/luke/sponge-os/genode/build/x86_64/qt6/base/src/corelib/CMakeFiles/Core.dir/compiler_depend.internal".
Dependencies file "src/corelib/CMakeFiles/Core.dir/io/qurl.cpp.o.d" is newer than depends file "/home/luke/sponge-os/genode/build/x86_64/qt6/base/src/corelib/CMakeFiles/Core.dir/compiler_depend.internal".
Dependencies file "src/corelib/CMakeFiles/Core.dir/io/qurlidna.cpp.o.d" is newer than depends file "/home/luke/sponge-os/genode/build/x86_64/qt6/base/src/corelib/CMakeFiles/Core.dir/compiler_depend.internal".
Dependencies file "src/corelib/CMakeFiles/Core.dir/io/qurlquery.cpp.o.d" is newer than depends file "/home/luke/sponge-os/genode/build/x86_64/qt6/base/src/corelib/CMakeFiles/Core.dir/compiler_depend.internal".
Dependencies file "src/corelib/CMakeFiles/Core.dir/io/qurlrecode.cpp.o.d" is newer than depends file "/home/luke/sponge-os/genode/build/x86_64/qt6/base/src/corelib/CMakeFiles/Core.dir/compiler_depend.internal".
Dependencies file "src/corelib/CMakeFiles/Core.dir/io/qzip.cpp.o.d" is newer than depends file "/home/luke/sponge-os/genode/build/x86_64/qt6/base/src/corelib/CMakeFiles/Core.dir/compiler_depend.internal".
Dependencies file "src/corelib/CMakeFiles/Core.dir/ipc/qsharedmemory.cpp.o.d" is newer than depends file "/home/luke/sponge-os/genode/build/x86_64/qt6/base/src/corelib/CMakeFiles/Core.dir/compiler_depend.internal".
Dependencies file "src/corelib/CMakeFiles/Core.dir/ipc/qsystemsemaphore.cpp.o.d" is newer than depends file "/home/luke/sponge-os/genode/build/x86_64/qt6/base/src/corelib/CMakeFiles/Core.dir/compiler_depend.internal".
Dependencies file "src/corelib/CMakeFiles/Core.dir/ipc/qsystemsemaphore_posix.cpp.o.d" is newer than depends file "/home/luke/sponge-os/genode/build/x86_64/qt6/base/src/corelib/CMakeFiles/Core.dir/compiler_depend.internal".
Dependencies file "src/corelib/CMakeFiles/Core.dir/ipc/qsystemsemaphore_systemv.cpp.o.d" is newer than depends file "/home/luke/sponge-os/genode/build/x86_64/qt6/base/src/corelib/CMakeFiles/Core.dir/compiler_depend.internal".
Dependencies file "src/corelib/CMakeFiles/Core.dir/ipc/qtipccommon.cpp.o.d" is newer than depends file "/home/luke/sponge-os/genode/build/x86_64/qt6/base/src/corelib/CMakeFiles/Core.dir/compiler_depend.internal".
Dependencies file "src/corelib/CMakeFiles/Core.dir/itemmodels/qabstractitemmodel.cpp.o.d" is newer than depends file "/home/luke/sponge-os/genode/build/x86_64/qt6/base/src/corelib/CMakeFiles/Core.dir/compiler_depend.internal".
Dependencies file "src/corelib/CMakeFiles/Core.dir/itemmodels/qabstractproxymodel.cpp.o.d" is newer than depends file "/home/luke/sponge-os/genode/build/x86_64/qt6/base/src/corelib/CMakeFiles/Core.dir/compiler_depend.internal".
Dependencies file "src/corelib/CMakeFiles/Core.dir/itemmodels/qconcatenatetablesproxymodel.cpp.o.d" is newer than depends file "/home/luke/sponge-os/genode/build/x86_64/qt6/base/src/corelib/CMakeFiles/Core.dir/compiler_depend.internal".
Dependencies file "src/corelib/CMakeFiles/Core.dir/itemmodels/qidentityproxymodel.cpp.o.d" is newer than depends file "/home/luke/sponge-os/genode/build/x86_64/qt6/base/src/corelib/CMakeFiles/Core.dir/compiler_depend.internal".
Dependencies file "src/corelib/CMakeFiles/Core.dir/itemmodels/qitemselectionmodel.cpp.o.d" is newer than depends file "/home/luke/sponge-os/genode/build/x86_64/qt6/base/src/corelib/CMakeFiles/Core.dir/compiler_depend.internal".
Dependencies file "src/corelib/CMakeFiles/Core.dir/itemmodels/qsortfilterproxymodel.cpp.o.d" is newer than depends file "/home/luke/sponge-os/genode/build/x86_64/qt6/base/src/corelib/CMakeFiles/Core.dir/compiler_depend.internal".
Dependencies file "src/corelib/CMakeFiles/Core.dir/itemmodels/qstringlistmodel.cpp.o.d" is newer than depends file "/home/luke/sponge-os/genode/build/x86_64/qt6/base/src/corelib/CMakeFiles/Core.dir/compiler_depend.internal".
Dependencies file "src/corelib/CMakeFiles/Core.dir/itemmodels/qtransposeproxymodel.cpp.o.d" is newer than depends file "/home/luke/sponge-os/genode/build/x86_64/qt6/base/src/corelib/CMakeFiles/Core.dir/compiler_depend.internal".
Dependencies file "src/corelib/CMakeFiles/Core.dir/kernel/qabstracteventdispatcher.cpp.o.d" is newer than depends file "/home/luke/sponge-os/genode/build/x86_64/qt6/base/src/corelib/CMakeFiles/Core.dir/compiler_depend.internal".
Dependencies file "src/corelib/CMakeFiles/Core.dir/kernel/qabstractnativeeventfilter.cpp.o.d" is newer than depends file "/home/luke/sponge-os/genode/build/x86_64/qt6/base/src/corelib/CMakeFiles/Core.dir/compiler_depend.internal".
Dependencies file "src/corelib/CMakeFiles/Core.dir/kernel/qassociativeiterable.cpp.o.d" is newer than depends file "/home/luke/sponge-os/genode/build/x86_64/qt6/base/src/corelib/CMakeFiles/Core.dir/compiler_depend.internal".
Dependencies file "src/corelib/CMakeFiles/Core.dir/kernel/qbasictimer.cpp.o.d" is newer than depends file "/home/luke/sponge-os/genode/build/x86_64/qt6/base/src/corelib/CMakeFiles/Core.dir/compiler_depend.internal".
Dependencies file "src/corelib/CMakeFiles/Core.dir/kernel/qchronotimer.cpp.o.d" is newer than depends file "/home/luke/sponge-os/genode/build/x86_64/qt6/base/src/corelib/CMakeFiles/Core.dir/compiler_depend.internal".
Dependencies file "src/corelib/CMakeFiles/Core.dir/kernel/qcore_unix.cpp.o.d" is newer than depends file "/home/luke/sponge-os/genode/build/x86_64/qt6/base/src/corelib/CMakeFiles/Core.dir/compiler_depend.internal".
Dependencies file "src/corelib/CMakeFiles/Core.dir/kernel/qcoreapplication.cpp.o.d" is newer than depends file "/home/luke/sponge-os/genode/build/x86_64/qt6/base/src/corelib/CMakeFiles/Core.dir/compiler_depend.internal".
Dependencies file "src/corelib/CMakeFiles/Core.dir/kernel/qcoreevent.cpp.o.d" is newer than depends file "/home/luke/sponge-os/genode/build/x86_64/qt6/base/src/corelib/CMakeFiles/Core.dir/compiler_depend.internal".
Dependencies file "src/corelib/CMakeFiles/Core.dir/kernel/qdeadlinetimer.cpp.o.d" is newer than depends file "/home/luke/sponge-os/genode/build/x86_64/qt6/base/src/corelib/CMakeFiles/Core.dir/compiler_depend.internal".
Dependencies file "src/corelib/CMakeFiles/Core.dir/kernel/qelapsedtimer.cpp.o.d" is newer than depends file "/home/luke/sponge-os/genode/build/x86_64/qt6/base/src/corelib/CMakeFiles/Core.dir/compiler_depend.internal".
Dependencies file "src/corelib/CMakeFiles/Core.dir/kernel/qeventdispatcher_unix.cpp.o.d" is newer than depends file "/home/luke/sponge-os/genode/build/x86_64/qt6/base/src/corelib/CMakeFiles/Core.dir/compiler_depend.internal".
Dependencies file "src/corelib/CMakeFiles/Core.dir/kernel/qeventloop.cpp.o.d" is newer than depends file "/home/luke/sponge-os/genode/build/x86_64/qt6/base/src/corelib/CMakeFiles/Core.dir/compiler_depend.internal".
Dependencies file "src/corelib/CMakeFiles/Core.dir/kernel/qiterable.cpp.o.d" is newer than depends file "/home/luke/sponge-os/genode/build/x86_64/qt6/base/src/corelib/CMakeFiles/Core.dir/compiler_depend.internal".
Dependencies file "src/corelib/CMakeFiles/Core.dir/kernel/qmath.cpp.o.d" is newer than depends file "/home/luke/sponge-os/genode/build/x86_64/qt6/base/src/corelib/CMakeFiles/Core.dir/compiler_depend.internal".
Dependencies file "src/corelib/CMakeFiles/Core.dir/kernel/qmetacontainer.cpp.o.d" is newer than depends file "/home/luke/sponge-os/genode/build/x86_64/qt6/base/src/corelib/CMakeFiles/Core.dir/compiler_depend.internal".
Dependencies file "src/corelib/CMakeFiles/Core.dir/kernel/qmetaobject.cpp.o.d" is newer than depends file "/home/luke/sponge-os/genode/build/x86_64/qt6/base/src/corelib/CMakeFiles/Core.dir/compiler_depend.internal".
Dependencies file "src/corelib/CMakeFiles/Core.dir/kernel/qmetaobjectbuilder.cpp.o.d" is newer than depends file "/home/luke/sponge-os/genode/build/x86_64/qt6/base/src/corelib/CMakeFiles/Core.dir/compiler_depend.internal".
Dependencies file "src/corelib/CMakeFiles/Core.dir/kernel/qmetatype.cpp.o.d" is newer than depends file "/home/luke/sponge-os/genode/build/x86_64/qt6/base/src/corelib/CMakeFiles/Core.dir/compiler_depend.internal".
Dependencies file "src/corelib/CMakeFiles/Core.dir/kernel/qmimedata.cpp.o.d" is newer than depends file "/home/luke/sponge-os/genode/build/x86_64/qt6/base/src/corelib/CMakeFiles/Core.dir/compiler_depend.internal".
Dependencies file "src/corelib/CMakeFiles/Core.dir/kernel/qobject.cpp.o.d" is newer than depends file "/home/luke/sponge-os/genode/build/x86_64/qt6/base/src/corelib/CMakeFiles/Core.dir/compiler_depend.internal".
Dependencies file "src/corelib/CMakeFiles/Core.dir/kernel/qobjectcleanuphandler.cpp.o.d" is newer than depends file "/home/luke/sponge-os/genode/build/x86_64/qt6/base/src/corelib/CMakeFiles/Core.dir/compiler_depend.internal".
Dependencies file "src/corelib/CMakeFiles/Core.dir/kernel/qpermissions.cpp.o.d" is newer than depends file "/home/luke/sponge-os/genode/build/x86_64/qt6/base/src/corelib/CMakeFiles/Core.dir/compiler_depend.internal".
Dependencies file "src/corelib/CMakeFiles/Core.dir/kernel/qproperty.cpp.o.d" is newer than depends file "/home/luke/sponge-os/genode/build/x86_64/qt6/base/src/corelib/CMakeFiles/Core.dir/compiler_depend.internal".
Dependencies file "src/corelib/CMakeFiles/Core.dir/kernel/qsequentialiterable.cpp.o.d" is newer than depends file "/home/luke/sponge-os/genode/build/x86_64/qt6/base/src/corelib/CMakeFiles/Core.dir/compiler_depend.internal".
Dependencies file "src/corelib/CMakeFiles/Core.dir/kernel/qsignalmapper.cpp.o.d" is newer than depends file "/home/luke/sponge-os/genode/build/x86_64/qt6/base/src/corelib/CMakeFiles/Core.dir/compiler_depend.internal".
Dependencies file "src/corelib/CMakeFiles/Core.dir/kernel/qsingleshottimer.cpp.o.d" is newer than depends file "/home/luke/sponge-os/genode/build/x86_64/qt6/base/src/corelib/CMakeFiles/Core.dir/compiler_depend.internal".
Dependencies file "src/corelib/CMakeFiles/Core.dir/kernel/qsocketnotifier.cpp.o.d" is newer than depends file "/home/luke/sponge-os/genode/build/x86_64/qt6/base/src/corelib/CMakeFiles/Core.dir/compiler_depend.internal".
Dependencies file "src/corelib/CMakeFiles/Core.dir/kernel/qsystemerror.cpp.o.d" is newer than depends file "/home/luke/sponge-os/genode/build/x86_64/qt6/base/src/corelib/CMakeFiles/Core.dir/compiler_depend.internal".
Dependencies file "src/corelib/CMakeFiles/Core.dir/kernel/qtestsupport_core.cpp.o.d" is newer than depends file "/home/luke/sponge-os/genode/build/x86_64/qt6/base/src/corelib/CMakeFiles/Core.dir/compiler_depend.internal".
Dependencies file "src/corelib/CMakeFiles/Core.dir/kernel/qtimer.cpp.o.d" is newer than depends file "/home/luke/sponge-os/genode/build/x86_64/qt6/base/src/corelib/CMakeFiles/Core.dir/compiler_depend.internal".
Dependencies file "src/corelib/CMakeFiles/Core.dir/kernel/qtimerinfo_unix.cpp.o.d" is newer than depends file "/home/luke/sponge-os/genode/build/x86_64/qt6/base/src/corelib/CMakeFiles/Core.dir/compiler_depend.internal".
Dependencies file "src/corelib/CMakeFiles/Core.dir/kernel/qtranslator.cpp.o.d" is newer than depends file "/home/luke/sponge-os/genode/build/x86_64/qt6/base/src/corelib/CMakeFiles/Core.dir/compiler_depend.internal".
Dependencies file "src/corelib/CMakeFiles/Core.dir/kernel/qvariant.cpp.o.d" is newer than depends file "/home/luke/sponge-os/genode/build/x86_64/qt6/base/src/corelib/CMakeFiles/Core.dir/compiler_depend.internal".
Dependencies file "src/corelib/CMakeFiles/Core.dir/mimetypes/qmimedatabase.cpp.o.d" is newer than depends file "/home/luke/sponge-os/genode/build/x86_64/qt6/base/src/corelib/CMakeFiles/Core.dir/compiler_depend.internal".
Dependencies file "src/corelib/CMakeFiles/Core.dir/mimetypes/qmimeglobpattern.cpp.o.d" is newer than depends file "/home/luke/sponge-os/genode/build/x86_64/qt6/base/src/corelib/CMakeFiles/Core.dir/compiler_depend.internal".
Dependencies file "src/corelib/CMakeFiles/Core.dir/mimetypes/qmimemagicrule.cpp.o.d" is newer than depends file "/home/luke/sponge-os/genode/build/x86_64/qt6/base/src/corelib/CMakeFiles/Core.dir/compiler_depend.internal".
Dependencies file "src/corelib/CMakeFiles/Core.dir/mimetypes/qmimemagicrulematcher.cpp.o.d" is newer than depends file "/home/luke/sponge-os/genode/build/x86_64/qt6/base/src/corelib/CMakeFiles/Core.dir/compiler_depend.internal".
Dependencies file "src/corelib/CMakeFiles/Core.dir/mimetypes/qmimeprovider.cpp.o.d" is newer than depends file "/home/luke/sponge-os/genode/build/x86_64/qt6/base/src/corelib/CMakeFiles/Core.dir/compiler_depend.internal".
Dependencies file "src/corelib/CMakeFiles/Core.dir/mimetypes/qmimetype.cpp.o.d" is newer than depends file "/home/luke/sponge-os/genode/build/x86_64/qt6/base/src/corelib/CMakeFiles/Core.dir/compiler_depend.internal".
Dependencies file "src/corelib/CMakeFiles/Core.dir/mimetypes/qmimetypeparser.cpp.o.d" is newer than depends file "/home/luke/sponge-os/genode/build/x86_64/qt6/base/src/corelib/CMakeFiles/Core.dir/compiler_depend.internal".
Dependencies file "src/corelib/CMakeFiles/Core.dir/plugin/qelfparser_p.cpp.o.d" is newer than depends file "/home/luke/sponge-os/genode/build/x86_64/qt6/base/src/corelib/CMakeFiles/Core.dir/compiler_depend.internal".
Dependencies file "src/corelib/CMakeFiles/Core.dir/plugin/qfactoryinterface.cpp.o.d" is newer than depends file "/home/luke/sponge-os/genode/build/x86_64/qt6/base/src/corelib/CMakeFiles/Core.dir/compiler_depend.internal".
Dependencies file "src/corelib/CMakeFiles/Core.dir/plugin/qfactoryloader.cpp.o.d" is newer than depends file "/home/luke/sponge-os/genode/build/x86_64/qt6/base/src/corelib/CMakeFiles/Core.dir/compiler_depend.internal".
Dependencies file "src/corelib/CMakeFiles/Core.dir/plugin/qlibrary.cpp.o.d" is newer than depends file "/home/luke/sponge-os/genode/build/x86_64/qt6/base/src/corelib/CMakeFiles/Core.dir/compiler_depend.internal".
Dependencies file "src/corelib/CMakeFiles/Core.dir/plugin/qlibrary_unix.cpp.o.d" is newer than depends file "/home/luke/sponge-os/genode/build/x86_64/qt6/base/src/corelib/CMakeFiles/Core.dir/compiler_depend.internal".
Dependencies file "src/corelib/CMakeFiles/Core.dir/plugin/qpluginloader.cpp.o.d" is newer than depends file "/home/luke/sponge-os/genode/build/x86_64/qt6/base/src/corelib/CMakeFiles/Core.dir/compiler_depend.internal".
Dependencies file "src/corelib/CMakeFiles/Core.dir/plugin/quuid.cpp.o.d" is newer than depends file "/home/luke/sponge-os/genode/build/x86_64/qt6/base/src/corelib/CMakeFiles/Core.dir/compiler_depend.internal".
Dependencies file "src/corelib/CMakeFiles/Core.dir/serialization/qcborcommon.cpp.o.d" is newer than depends file "/home/luke/sponge-os/genode/build/x86_64/qt6/base/src/corelib/CMakeFiles/Core.dir/compiler_depend.internal".
Dependencies file "src/corelib/CMakeFiles/Core.dir/serialization/qcbordiagnostic.cpp.o.d" is newer than depends file "/home/luke/sponge-os/genode/build/x86_64/qt6/base/src/corelib/CMakeFiles/Core.dir/compiler_depend.internal".
Dependencies file "src/corelib/CMakeFiles/Core.dir/serialization/qcborstreamreader.cpp.o.d" is newer than depends file "/home/luke/sponge-os/genode/build/x86_64/qt6/base/src/corelib/CMakeFiles/Core.dir/compiler_depend.internal".
Dependencies file "src/corelib/CMakeFiles/Core.dir/serialization/qcborstreamwriter.cpp.o.d" is newer than depends file "/home/luke/sponge-os/genode/build/x86_64/qt6/base/src/corelib/CMakeFiles/Core.dir/compiler_depend.internal".
Dependencies file "src/corelib/CMakeFiles/Core.dir/serialization/qcborvalue.cpp.o.d" is newer than depends file "/home/luke/sponge-os/genode/build/x86_64/qt6/base/src/corelib/CMakeFiles/Core.dir/compiler_depend.internal".
Dependencies file "src/corelib/CMakeFiles/Core.dir/serialization/qdatastream.cpp.o.d" is newer than depends file "/home/luke/sponge-os/genode/build/x86_64/qt6/base/src/corelib/CMakeFiles/Core.dir/compiler_depend.internal".
Dependencies file "src/corelib/CMakeFiles/Core.dir/serialization/qjsonarray.cpp.o.d" is newer than depends file "/home/luke/sponge-os/genode/build/x86_64/qt6/base/src/corelib/CMakeFiles/Core.dir/compiler_depend.internal".
Dependencies file "src/corelib/CMakeFiles/Core.dir/serialization/qjsoncbor.cpp.o.d" is newer than depends file "/home/luke/sponge-os/genode/build/x86_64/qt6/base/src/corelib/CMakeFiles/Core.dir/compiler_depend.internal".
Dependencies file "src/corelib/CMakeFiles/Core.dir/serialization/qjsondocument.cpp.o.d" is newer than depends file "/home/luke/sponge-os/genode/build/x86_64/qt6/base/src/corelib/CMakeFiles/Core.dir/compiler_depend.internal".
Dependencies file "src/corelib/CMakeFiles/Core.dir/serialization/qjsonobject.cpp.o.d" is newer than depends file "/home/luke/sponge-os/genode/build/x86_64/qt6/base/src/corelib/CMakeFiles/Core.dir/compiler_depend.internal".
Dependencies file "src/corelib/CMakeFiles/Core.dir/serialization/qjsonparser.cpp.o.d" is newer than depends file "/home/luke/sponge-os/genode/build/x86_64/qt6/base/src/corelib/CMakeFiles/Core.dir/compiler_depend.internal".
Dependencies file "src/corelib/CMakeFiles/Core.dir/serialization/qjsonvalue.cpp.o.d" is newer than depends file "/home/luke/sponge-os/genode/build/x86_64/qt6/base/src/corelib/CMakeFiles/Core.dir/compiler_depend.internal".
Dependencies file "src/corelib/CMakeFiles/Core.dir/serialization/qjsonwriter.cpp.o.d" is newer than depends file "/home/luke/sponge-os/genode/build/x86_64/qt6/base/src/corelib/CMakeFiles/Core.dir/compiler_depend.internal".
Dependencies file "src/corelib/CMakeFiles/Core.dir/serialization/qtextstream.cpp.o.d" is newer than depends file "/home/luke/sponge-os/genode/build/x86_64/qt6/base/src/corelib/CMakeFiles/Core.dir/compiler_depend.internal".
Dependencies file "src/corelib/CMakeFiles/Core.dir/serialization/qxmlstream.cpp.o.d" is newer than depends file "/home/luke/sponge-os/genode/build/x86_64/qt6/base/src/corelib/CMakeFiles/Core.dir/compiler_depend.internal".
Dependencies file "src/corelib/CMakeFiles/Core.dir/serialization/qxmlstreamgrammar.cpp.o.d" is newer than depends file "/home/luke/sponge-os/genode/build/x86_64/qt6/base/src/corelib/CMakeFiles/Core.dir/compiler_depend.internal".
Dependencies file "src/corelib/CMakeFiles/Core.dir/serialization/qxmlutils.cpp.o.d" is newer than depends file "/home/luke/sponge-os/genode/build/x86_64/qt6/base/src/corelib/CMakeFiles/Core.dir/compiler_depend.internal".
Dependencies file "src/corelib/CMakeFiles/Core.dir/text/qanystringview.cpp.o.d" is newer than depends file "/home/luke/sponge-os/genode/build/x86_64/qt6/base/src/corelib/CMakeFiles/Core.dir/compiler_depend.internal".
Dependencies file "src/corelib/CMakeFiles/Core.dir/text/qbytearray.cpp.o.d" is newer than depends file "/home/luke/sponge-os/genode/build/x86_64/qt6/base/src/corelib/CMakeFiles/Core.dir/compiler_depend.internal".
Dependencies file "src/corelib/CMakeFiles/Core.dir/text/qbytearraylist.cpp.o.d" is newer than depends file "/home/luke/sponge-os/genode/build/x86_64/qt6/base/src/corelib/CMakeFiles/Core.dir/compiler_depend.internal".
Dependencies file "src/corelib/CMakeFiles/Core.dir/text/qbytearraymatcher.cpp.o.d" is newer than depends file "/home/luke/sponge-os/genode/build/x86_64/qt6/base/src/corelib/CMakeFiles/Core.dir/compiler_depend.internal".
Dependencies file "src/corelib/CMakeFiles/Core.dir/text/qcollator.cpp.o.d" is newer than depends file "/home/luke/sponge-os/genode/build/x86_64/qt6/base/src/corelib/CMakeFiles/Core.dir/compiler_depend.internal".
Dependencies file "src/corelib/CMakeFiles/Core.dir/text/qcollator_posix.cpp.o.d" is newer than depends file "/home/luke/sponge-os/genode/build/x86_64/qt6/base/src/corelib/CMakeFiles/Core.dir/compiler_depend.internal".
Dependencies file "src/corelib/CMakeFiles/Core.dir/text/qlatin1stringmatcher.cpp.o.d" is newer than depends file "/home/luke/sponge-os/genode/build/x86_64/qt6/base/src/corelib/CMakeFiles/Core.dir/compiler_depend.internal".
Dependencies file "src/corelib/CMakeFiles/Core.dir/text/qlocale.cpp.o.d" is newer than depends file "/home/luke/sponge-os/genode/build/x86_64/qt6/base/src/corelib/CMakeFiles/Core.dir/compiler_depend.internal".
Dependencies file "src/corelib/CMakeFiles/Core.dir/text/qlocale_tools.cpp.o.d" is newer than depends file "/home/luke/sponge-os/genode/build/x86_64/qt6/base/src/corelib/CMakeFiles/Core.dir/compiler_depend.internal".
Dependencies file "src/corelib/CMakeFiles/Core.dir/text/qlocale_unix.cpp.o.d" is newer than depends file "/home/luke/sponge-os/genode/build/x86_64/qt6/base/src/corelib/CMakeFiles/Core.dir/compiler_depend.internal".
Dependencies file "src/corelib/CMakeFiles/Core.dir/text/qregularexpression.cpp.o.d" is newer than depends file "/home/luke/sponge-os/genode/build/x86_64/qt6/base/src/corelib/CMakeFiles/Core.dir/compiler_depend.internal".
Dependencies file "src/corelib/CMakeFiles/Core.dir/text/qstring.cpp.o.d" is newer than depends file "/home/luke/sponge-os/genode/build/x86_64/qt6/base/src/corelib/CMakeFiles/Core.dir/compiler_depend.internal".
Dependencies file "src/corelib/CMakeFiles/Core.dir/text/qstringbuilder.cpp.o.d" is newer than depends file "/home/luke/sponge-os/genode/build/x86_64/qt6/base/src/corelib/CMakeFiles/Core.dir/compiler_depend.internal".
Dependencies file "src/corelib/CMakeFiles/Core.dir/text/qstringconverter.cpp.o.d" is newer than depends file "/home/luke/sponge-os/genode/build/x86_64/qt6/base/src/corelib/CMakeFiles/Core.dir/compiler_depend.internal".
Dependencies file "src/corelib/CMakeFiles/Core.dir/text/qstringlist.cpp.o.d" is newer than depends file "/home/luke/sponge-os/genode/build/x86_64/qt6/base/src/corelib/CMakeFiles/Core.dir/compiler_depend.internal".
Dependencies file "src/corelib/CMakeFiles/Core.dir/text/qstringtokenizer.cpp.o.d" is newer than depends file "/home/luke/sponge-os/genode/build/x86_64/qt6/base/src/corelib/CMakeFiles/Core.dir/compiler_depend.internal".
Dependencies file "src/corelib/CMakeFiles/Core.dir/text/qstringview.cpp.o.d" is newer than depends file "/home/luke/sponge-os/genode/build/x86_64/qt6/base/src/corelib/CMakeFiles/Core.dir/compiler_depend.internal".
Dependencies file "src/corelib/CMakeFiles/Core.dir/text/qtextboundaryfinder.cpp.o.d" is newer than depends file "/home/luke/sponge-os/genode/build/x86_64/qt6/base/src/corelib/CMakeFiles/Core.dir/compiler_depend.internal".
Dependencies file "src/corelib/CMakeFiles/Core.dir/text/qunicodetools.cpp.o.d" is newer than depends file "/home/luke/sponge-os/genode/build/x86_64/qt6/base/src/corelib/CMakeFiles/Core.dir/compiler_depend.internal".
Dependencies file "src/corelib/CMakeFiles/Core.dir/text/qvsnprintf.cpp.o.d" is newer than depends file "/home/luke/sponge-os/genode/build/x86_64/qt6/base/src/corelib/CMakeFiles/Core.dir/compiler_depend.internal".
Dependencies file "src/corelib/CMakeFiles/Core.dir/thread/qatomic.cpp.o.d" is newer than depends file "/home/luke/sponge-os/genode/build/x86_64/qt6/base/src/corelib/CMakeFiles/Core.dir/compiler_depend.internal".
Dependencies file "src/corelib/CMakeFiles/Core.dir/thread/qexception.cpp.o.d" is newer than depends file "/home/luke/sponge-os/genode/build/x86_64/qt6/base/src/corelib/CMakeFiles/Core.dir/compiler_depend.internal".
Dependencies file "src/corelib/CMakeFiles/Core.dir/thread/qfutureinterface.cpp.o.d" is newer than depends file "/home/luke/sponge-os/genode/build/x86_64/qt6/base/src/corelib/CMakeFiles/Core.dir/compiler_depend.internal".
Dependencies file "src/corelib/CMakeFiles/Core.dir/thread/qfuturewatcher.cpp.o.d" is newer than depends file "/home/luke/sponge-os/genode/build/x86_64/qt6/base/src/corelib/CMakeFiles/Core.dir/compiler_depend.internal".
Dependencies file "src/corelib/CMakeFiles/Core.dir/thread/qmutex.cpp.o.d" is newer than depends file "/home/luke/sponge-os/genode/build/x86_64/qt6/base/src/corelib/CMakeFiles/Core.dir/compiler_depend.internal".
Dependencies file "src/corelib/CMakeFiles/Core.dir/thread/qreadwritelock.cpp.o.d" is newer than depends file "/home/luke/sponge-os/genode/build/x86_64/qt6/base/src/corelib/CMakeFiles/Core.dir/compiler_depend.internal".
Dependencies file "src/corelib/CMakeFiles/Core.dir/thread/qresultstore.cpp.o.d" is newer than depends file "/home/luke/sponge-os/genode/build/x86_64/qt6/base/src/corelib/CMakeFiles/Core.dir/compiler_depend.internal".
Dependencies file "src/corelib/CMakeFiles/Core.dir/thread/qrunnable.cpp.o.d" is newer than depends file "/home/luke/sponge-os/genode/build/x86_64/qt6/base/src/corelib/CMakeFiles/Core.dir/compiler_depend.internal".
Dependencies file "src/corelib/CMakeFiles/Core.dir/thread/qsemaphore.cpp.o.d" is newer than depends file "/home/luke/sponge-os/genode/build/x86_64/qt6/base/src/corelib/CMakeFiles/Core.dir/compiler_depend.internal".
Dependencies file "src/corelib/CMakeFiles/Core.dir/thread/qthread.cpp.o.d" is newer than depends file "/home/luke/sponge-os/genode/build/x86_64/qt6/base/src/corelib/CMakeFiles/Core.dir/compiler_depend.internal".
Dependencies file "src/corelib/CMakeFiles/Core.dir/thread/qthread_unix.cpp.o.d" is newer than depends file "/home/luke/sponge-os/genode/build/x86_64/qt6/base/src/corelib/CMakeFiles/Core.dir/compiler_depend.internal".
Dependencies file "src/corelib/CMakeFiles/Core.dir/thread/qthreadpool.cpp.o.d" is newer than depends file "/home/luke/sponge-os/genode/build/x86_64/qt6/base/src/corelib/CMakeFiles/Core.dir/compiler_depend.internal".
Dependencies file "src/corelib/CMakeFiles/Core.dir/thread/qthreadstorage.cpp.o.d" is newer than depends file "/home/luke/sponge-os/genode/build/x86_64/qt6/base/src/corelib/CMakeFiles/Core.dir/compiler_depend.internal".
Dependencies file "src/corelib/CMakeFiles/Core.dir/thread/qwaitcondition_unix.cpp.o.d" is newer than depends file "/home/luke/sponge-os/genode/build/x86_64/qt6/base/src/corelib/CMakeFiles/Core.dir/compiler_depend.internal".
Dependencies file "src/corelib/CMakeFiles/Core.dir/time/qcalendar.cpp.o.d" is newer than depends file "/home/luke/sponge-os/genode/build/x86_64/qt6/base/src/corelib/CMakeFiles/Core.dir/compiler_depend.internal".
Dependencies file "src/corelib/CMakeFiles/Core.dir/time/qdatetime.cpp.o.d" is newer than depends file "/home/luke/sponge-os/genode/build/x86_64/qt6/base/src/corelib/CMakeFiles/Core.dir/compiler_depend.internal".
Dependencies file "src/corelib/CMakeFiles/Core.dir/time/qdatetimeparser.cpp.o.d" is newer than depends file "/home/luke/sponge-os/genode/build/x86_64/qt6/base/src/corelib/CMakeFiles/Core.dir/compiler_depend.internal".
Dependencies file "src/corelib/CMakeFiles/Core.dir/time/qgregoriancalendar.cpp.o.d" is newer than depends file "/home/luke/sponge-os/genode/build/x86_64/qt6/base/src/corelib/CMakeFiles/Core.dir/compiler_depend.internal".
Dependencies file "src/corelib/CMakeFiles/Core.dir/time/qhijricalendar.cpp.o.d" is newer than depends file "/home/luke/sponge-os/genode/build/x86_64/qt6/base/src/corelib/CMakeFiles/Core.dir/compiler_depend.internal".
Dependencies file "src/corelib/CMakeFiles/Core.dir/time/qislamiccivilcalendar.cpp.o.d" is newer than depends file "/home/luke/sponge-os/genode/build/x86_64/qt6/base/src/corelib/CMakeFiles/Core.dir/compiler_depend.internal".
Dependencies file "src/corelib/CMakeFiles/Core.dir/time/qjalalicalendar.cpp.o.d" is newer than depends file "/home/luke/sponge-os/genode/build/x86_64/qt6/base/src/corelib/CMakeFiles/Core.dir/compiler_depend.internal".
Dependencies file "src/corelib/CMakeFiles/Core.dir/time/qjuliancalendar.cpp.o.d" is newer than depends file "/home/luke/sponge-os/genode/build/x86_64/qt6/base/src/corelib/CMakeFiles/Core.dir/compiler_depend.internal".
Dependencies file "src/corelib/CMakeFiles/Core.dir/time/qlocaltime.cpp.o.d" is newer than depends file "/home/luke/sponge-os/genode/build/x86_64/qt6/base/src/corelib/CMakeFiles/Core.dir/compiler_depend.internal".
Dependencies file "src/corelib/CMakeFiles/Core.dir/time/qmilankoviccalendar.cpp.o.d" is newer than depends file "/home/luke/sponge-os/genode/build/x86_64/qt6/base/src/corelib/CMakeFiles/Core.dir/compiler_depend.internal".
Dependencies file "src/corelib/CMakeFiles/Core.dir/time/qromancalendar.cpp.o.d" is newer than depends file "/home/luke/sponge-os/genode/build/x86_64/qt6/base/src/corelib/CMakeFiles/Core.dir/compiler_depend.internal".
Dependencies file "src/corelib/CMakeFiles/Core.dir/time/qtimezone.cpp.o.d" is newer than depends file "/home/luke/sponge-os/genode/build/x86_64/qt6/base/src/corelib/CMakeFiles/Core.dir/compiler_depend.internal".
Dependencies file "src/corelib/CMakeFiles/Core.dir/time/qtimezonelocale.cpp.o.d" is newer than depends file "/home/luke/sponge-os/genode/build/x86_64/qt6/base/src/corelib/CMakeFiles/Core.dir/compiler_depend.internal".
Dependencies file "src/corelib/CMakeFiles/Core.dir/time/qtimezoneprivate.cpp.o.d" is newer than depends file "/home/luke/sponge-os/genode/build/x86_64/qt6/base/src/corelib/CMakeFiles/Core.dir/compiler_depend.internal".
Dependencies file "src/corelib/CMakeFiles/Core.dir/time/qtimezoneprivate_tz.cpp.o.d" is newer than depends file "/home/luke/sponge-os/genode/build/x86_64/qt6/base/src/corelib/CMakeFiles/Core.dir/compiler_depend.internal".
Dependencies file "src/corelib/CMakeFiles/Core.dir/tools/qarraydata.cpp.o.d" is newer than depends file "/home/luke/sponge-os/genode/build/x86_64/qt6/base/src/corelib/CMakeFiles/Core.dir/compiler_depend.internal".
Dependencies file "src/corelib/CMakeFiles/Core.dir/tools/qbitarray.cpp.o.d" is newer than depends file "/home/luke/sponge-os/genode/build/x86_64/qt6/base/src/corelib/CMakeFiles/Core.dir/compiler_depend.internal".
Dependencies file "src/corelib/CMakeFiles/Core.dir/tools/qcommandlineoption.cpp.o.d" is newer than depends file "/home/luke/sponge-os/genode/build/x86_64/qt6/base/src/corelib/CMakeFiles/Core.dir/compiler_depend.internal".
Dependencies file "src/corelib/CMakeFiles/Core.dir/tools/qcommandlineparser.cpp.o.d" is newer than depends file "/home/luke/sponge-os/genode/build/x86_64/qt6/base/src/corelib/CMakeFiles/Core.dir/compiler_depend.internal".
Dependencies file "src/corelib/CMakeFiles/Core.dir/tools/qcontiguouscache.cpp.o.d" is newer than depends file "/home/luke/sponge-os/genode/build/x86_64/qt6/base/src/corelib/CMakeFiles/Core.dir/compiler_depend.internal".
Dependencies file "src/corelib/CMakeFiles/Core.dir/tools/qcryptographichash.cpp.o.d" is newer than depends file "/home/luke/sponge-os/genode/build/x86_64/qt6/base/src/corelib/CMakeFiles/Core.dir/compiler_depend.internal".
Dependencies file "src/corelib/CMakeFiles/Core.dir/tools/qeasingcurve.cpp.o.d" is newer than depends file "/home/luke/sponge-os/genode/build/x86_64/qt6/base/src/corelib/CMakeFiles/Core.dir/compiler_depend.internal".
Dependencies file "src/corelib/CMakeFiles/Core.dir/tools/qfreelist.cpp.o.d" is newer than depends file "/home/luke/sponge-os/genode/build/x86_64/qt6/base/src/corelib/CMakeFiles/Core.dir/compiler_depend.internal".
Dependencies file "src/corelib/CMakeFiles/Core.dir/tools/qfunctionaltools_impl.cpp.o.d" is newer than depends file "/home/luke/sponge-os/genode/build/x86_64/qt6/base/src/corelib/CMakeFiles/Core.dir/compiler_depend.internal".
Dependencies file "src/corelib/CMakeFiles/Core.dir/tools/qhash.cpp.o.d" is newer than depends file "/home/luke/sponge-os/genode/build/x86_64/qt6/base/src/corelib/CMakeFiles/Core.dir/compiler_depend.internal".
Dependencies file "src/corelib/CMakeFiles/Core.dir/tools/qline.cpp.o.d" is newer than depends file "/home/luke/sponge-os/genode/build/x86_64/qt6/base/src/corelib/CMakeFiles/Core.dir/compiler_depend.internal".
Dependencies file "src/corelib/CMakeFiles/Core.dir/tools/qmargins.cpp.o.d" is newer than depends file "/home/luke/sponge-os/genode/build/x86_64/qt6/base/src/corelib/CMakeFiles/Core.dir/compiler_depend.internal".
Dependencies file "src/corelib/CMakeFiles/Core.dir/tools/qpoint.cpp.o.d" is newer than depends file "/home/luke/sponge-os/genode/build/x86_64/qt6/base/src/corelib/CMakeFiles/Core.dir/compiler_depend.internal".
Dependencies file "src/corelib/CMakeFiles/Core.dir/tools/qrect.cpp.o.d" is newer than depends file "/home/luke/sponge-os/genode/build/x86_64/qt6/base/src/corelib/CMakeFiles/Core.dir/compiler_depend.internal".
Dependencies file "src/corelib/CMakeFiles/Core.dir/tools/qrefcount.cpp.o.d" is newer than depends file "/home/luke/sponge-os/genode/build/x86_64/qt6/base/src/corelib/CMakeFiles/Core.dir/compiler_depend.internal".
Dependencies file "src/corelib/CMakeFiles/Core.dir/tools/qringbuffer.cpp.o.d" is newer than depends file "/home/luke/sponge-os/genode/build/x86_64/qt6/base/src/corelib/CMakeFiles/Core.dir/compiler_depend.internal".
Dependencies file "src/corelib/CMakeFiles/Core.dir/tools/qshareddata.cpp.o.d" is newer than depends file "/home/luke/sponge-os/genode/build/x86_64/qt6/base/src/corelib/CMakeFiles/Core.dir/compiler_depend.internal".
Dependencies file "src/corelib/CMakeFiles/Core.dir/tools/qsharedpointer.cpp.o.d" is newer than depends file "/home/luke/sponge-os/genode/build/x86_64/qt6/base/src/corelib/CMakeFiles/Core.dir/compiler_depend.internal".
Dependencies file "src/corelib/CMakeFiles/Core.dir/tools/qsize.cpp.o.d" is newer than depends file "/home/luke/sponge-os/genode/build/x86_64/qt6/base/src/corelib/CMakeFiles/Core.dir/compiler_depend.internal".
Dependencies file "src/corelib/CMakeFiles/Core.dir/tools/qtimeline.cpp.o.d" is newer than depends file "/home/luke/sponge-os/genode/build/x86_64/qt6/base/src/corelib/CMakeFiles/Core.dir/compiler_depend.internal".
Dependencies file "src/corelib/CMakeFiles/Core.dir/tools/qtyperevision.cpp.o.d" is newer than depends file "/home/luke/sponge-os/genode/build/x86_64/qt6/base/src/corelib/CMakeFiles/Core.dir/compiler_depend.internal".
Dependencies file "src/corelib/CMakeFiles/Core.dir/tools/quniquehandle_types.cpp.o.d" is newer than depends file "/home/luke/sponge-os/genode/build/x86_64/qt6/base/src/corelib/CMakeFiles/Core.dir/compiler_depend.internal".
Dependencies file "src/corelib/CMakeFiles/Core.dir/tools/qversionnumber.cpp.o.d" is newer than depends file "/home/luke/sponge-os/genode/build/x86_64/qt6/base/src/corelib/CMakeFiles/Core.dir/compiler_depend.internal".
[1m[35mConsolidate compiler generated dependencies of target Core[0m
[ 37%] Built target Core
Dependencies file "src/3rdparty/libpng/CMakeFiles/BundledLibpng.dir/png.c.o.d" is newer than depends file "/home/luke/sponge-os/genode/build/x86_64/qt6/base/src/3rdparty/libpng/CMakeFiles/BundledLibpng.dir/compiler_depend.internal".
Dependencies file "src/3rdparty/libpng/CMakeFiles/BundledLibpng.dir/pngerror.c.o.d" is newer than depends file "/home/luke/sponge-os/genode/build/x86_64/qt6/base/src/3rdparty/libpng/CMakeFiles/BundledLibpng.dir/compiler_depend.internal".
Dependencies file "src/3rdparty/libpng/CMakeFiles/BundledLibpng.dir/pngget.c.o.d" is newer than depends file "/home/luke/sponge-os/genode/build/x86_64/qt6/base/src/3rdparty/libpng/CMakeFiles/BundledLibpng.dir/compiler_depend.internal".
Dependencies file "src/3rdparty/libpng/CMakeFiles/BundledLibpng.dir/pngmem.c.o.d" is newer than depends file "/home/luke/sponge-os/genode/build/x86_64/qt6/base/src/3rdparty/libpng/CMakeFiles/BundledLibpng.dir/compiler_depend.internal".
Dependencies file "src/3rdparty/libpng/CMakeFiles/BundledLibpng.dir/pngpread.c.o.d" is newer than depends file "/home/luke/sponge-os/genode/build/x86_64/qt6/base/src/3rdparty/libpng/CMakeFiles/BundledLibpng.dir/compiler_depend.internal".
Dependencies file "src/3rdparty/libpng/CMakeFiles/BundledLibpng.dir/pngread.c.o.d" is newer than depends file "/home/luke/sponge-os/genode/build/x86_64/qt6/base/src/3rdparty/libpng/CMakeFiles/BundledLibpng.dir/compiler_depend.internal".
Dependencies file "src/3rdparty/libpng/CMakeFiles/BundledLibpng.dir/pngrio.c.o.d" is newer than depends file "/home/luke/sponge-os/genode/build/x86_64/qt6/base/src/3rdparty/libpng/CMakeFiles/BundledLibpng.dir/compiler_depend.internal".
Dependencies file "src/3rdparty/libpng/CMakeFiles/BundledLibpng.dir/pngrtran.c.o.d" is newer than depends file "/home/luke/sponge-os/genode/build/x86_64/qt6/base/src/3rdparty/libpng/CMakeFiles/BundledLibpng.dir/compiler_depend.internal".
Dependencies file "src/3rdparty/libpng/CMakeFiles/BundledLibpng.dir/pngrutil.c.o.d" is newer than depends file "/home/luke/sponge-os/genode/build/x86_64/qt6/base/src/3rdparty/libpng/CMakeFiles/BundledLibpng.dir/compiler_depend.internal".
Dependencies file "src/3rdparty/libpng/CMakeFiles/BundledLibpng.dir/pngset.c.o.d" is newer than depends file "/home/luke/sponge-os/genode/build/x86_64/qt6/base/src/3rdparty/libpng/CMakeFiles/BundledLibpng.dir/compiler_depend.internal".
Dependencies file "src/3rdparty/libpng/CMakeFiles/BundledLibpng.dir/pngtrans.c.o.d" is newer than depends file "/home/luke/sponge-os/genode/build/x86_64/qt6/base/src/3rdparty/libpng/CMakeFiles/BundledLibpng.dir/compiler_depend.internal".
Dependencies file "src/3rdparty/libpng/CMakeFiles/BundledLibpng.dir/pngwio.c.o.d" is newer than depends file "/home/luke/sponge-os/genode/build/x86_64/qt6/base/src/3rdparty/libpng/CMakeFiles/BundledLibpng.dir/compiler_depend.internal".
Dependencies file "src/3rdparty/libpng/CMakeFiles/BundledLibpng.dir/pngwrite.c.o.d" is newer than depends file "/home/luke/sponge-os/genode/build/x86_64/qt6/base/src/3rdparty/libpng/CMakeFiles/BundledLibpng.dir/compiler_depend.internal".
Dependencies file "src/3rdparty/libpng/CMakeFiles/BundledLibpng.dir/pngwtran.c.o.d" is newer than depends file "/home/luke/sponge-os/genode/build/x86_64/qt6/base/src/3rdparty/libpng/CMakeFiles/BundledLibpng.dir/compiler_depend.internal".
Dependencies file "src/3rdparty/libpng/CMakeFiles/BundledLibpng.dir/pngwutil.c.o.d" is newer than depends file "/home/luke/sponge-os/genode/build/x86_64/qt6/base/src/3rdparty/libpng/CMakeFiles/BundledLibpng.dir/compiler_depend.internal".
[1m[35mConsolidate compiler generated dependencies of target BundledLibpng[0m
Dependencies file "src/platformsupport/devicediscovery/CMakeFiles/DeviceDiscoverySupportPrivate.dir/DeviceDiscoverySupportPrivate_autogen/mocs_compilation.cpp.o.d" is newer than depends file "/home/luke/sponge-os/genode/build/x86_64/qt6/base/src/platformsupport/devicediscovery/CMakeFiles/DeviceDiscoverySupportPrivate.dir/compiler_depend.internal".
Dependencies file "src/platformsupport/devicediscovery/CMakeFiles/DeviceDiscoverySupportPrivate.dir/qdevicediscovery_dummy.cpp.o.d" is newer than depends file "/home/luke/sponge-os/genode/build/x86_64/qt6/base/src/platformsupport/devicediscovery/CMakeFiles/DeviceDiscoverySupportPrivate.dir/compiler_depend.internal".
[1m[35mConsolidate compiler generated dependencies of target DeviceDiscoverySupportPrivate[0m
[ 37%] Built target Xml_autogen_timestamp_deps
[ 37%] Built target Sql_autogen_timestamp_deps
[ 37%] Built target Concurrent_autogen_timestamp_deps
[ 37%] Built target Network_autogen_timestamp_deps
[ 37%] Built target QSQLiteDriverPlugin_autogen_timestamp_deps
[ 37%] Built target Gui_autogen_timestamp_deps
[ 37%] Built target Test_autogen_timestamp_deps
[ 38%] Built target BundledLibpng
Dependencies file "src/xml/Xml_autogen/deps" is newer than depends file "/home/luke/sponge-os/genode/build/x86_64/qt6/base/src/xml/CMakeFiles/Xml_autogen.dir/compiler_depend.internal".
Dependencies file "src/sql/Sql_autogen/deps" is newer than depends file "/home/luke/sponge-os/genode/build/x86_64/qt6/base/src/sql/CMakeFiles/Sql_autogen.dir/compiler_depend.internal".
[1m[35mConsolidate compiler generated dependencies of target Xml_autogen[0m
Dependencies file "src/network/Network_autogen/deps" is newer than depends file "/home/luke/sponge-os/genode/build/x86_64/qt6/base/src/network/CMakeFiles/Network_autogen.dir/compiler_depend.internal".
[ 38%] Built target DeviceDiscoverySupportPrivate
Dependencies file "src/plugins/sqldrivers/sqlite/QSQLiteDriverPlugin_autogen/deps" is newer than depends file "/home/luke/sponge-os/genode/build/x86_64/qt6/base/src/plugins/sqldrivers/sqlite/CMakeFiles/QSQLiteDriverPlugin_autogen.dir/compiler_depend.internal".
[1m[35mConsolidate compiler generated dependencies of target Sql_autogen[0m
[1m[35mConsolidate compiler generated dependencies of target QSQLiteDriverPlugin_autogen[0m
Dependencies file "src/concurrent/Concurrent_autogen/deps" is newer than depends file "/home/luke/sponge-os/genode/build/x86_64/qt6/base/src/concurrent/CMakeFiles/Concurrent_autogen.dir/compiler_depend.internal".
[1m[35mConsolidate compiler generated dependencies of target Network_autogen[0m
[1m[35mConsolidate compiler generated dependencies of target Concurrent_autogen[0m
Dependencies file "src/testlib/Test_autogen/deps" is newer than depends file "/home/luke/sponge-os/genode/build/x86_64/qt6/base/src/testlib/CMakeFiles/Test_autogen.dir/compiler_depend.internal".
Dependencies file "src/gui/Gui_autogen/deps" is newer than depends file "/home/luke/sponge-os/genode/build/x86_64/qt6/base/src/gui/CMakeFiles/Gui_autogen.dir/compiler_depend.internal".
[1m[35mConsolidate compiler generated dependencies of target Test_autogen[0m
[1m[35mConsolidate compiler generated dependencies of target Gui_autogen[0m
Dependencies file "src/3rdparty/freetype/CMakeFiles/BundledFreetype.dir/builds/unix/ftsystem.c.o.d" is newer than depends file "/home/luke/sponge-os/genode/build/x86_64/qt6/base/src/3rdparty/freetype/CMakeFiles/BundledFreetype.dir/compiler_depend.internal".
Dependencies file "src/3rdparty/freetype/CMakeFiles/BundledFreetype.dir/src/autofit/autofit.c.o.d" is newer than depends file "/home/luke/sponge-os/genode/build/x86_64/qt6/base/src/3rdparty/freetype/CMakeFiles/BundledFreetype.dir/compiler_depend.internal".
Dependencies file "src/3rdparty/freetype/CMakeFiles/BundledFreetype.dir/src/base/ftbase.c.o.d" is newer than depends file "/home/luke/sponge-os/genode/build/x86_64/qt6/base/src/3rdparty/freetype/CMakeFiles/BundledFreetype.dir/compiler_depend.internal".
Dependencies file "src/3rdparty/freetype/CMakeFiles/BundledFreetype.dir/src/base/ftbbox.c.o.d" is newer than depends file "/home/luke/sponge-os/genode/build/x86_64/qt6/base/src/3rdparty/freetype/CMakeFiles/BundledFreetype.dir/compiler_depend.internal".
Dependencies file "src/3rdparty/freetype/CMakeFiles/BundledFreetype.dir/src/base/ftbdf.c.o.d" is newer than depends file "/home/luke/sponge-os/genode/build/x86_64/qt6/base/src/3rdparty/freetype/CMakeFiles/BundledFreetype.dir/compiler_depend.internal".
Dependencies file "src/3rdparty/freetype/CMakeFiles/BundledFreetype.dir/src/base/ftbitmap.c.o.d" is newer than depends file "/home/luke/sponge-os/genode/build/x86_64/qt6/base/src/3rdparty/freetype/CMakeFiles/BundledFreetype.dir/compiler_depend.internal".
Dependencies file "src/3rdparty/freetype/CMakeFiles/BundledFreetype.dir/src/base/ftcid.c.o.d" is newer than depends file "/home/luke/sponge-os/genode/build/x86_64/qt6/base/src/3rdparty/freetype/CMakeFiles/BundledFreetype.dir/compiler_depend.internal".
Dependencies file "src/3rdparty/freetype/CMakeFiles/BundledFreetype.dir/src/base/ftdebug.c.o.d" is newer than depends file "/home/luke/sponge-os/genode/build/x86_64/qt6/base/src/3rdparty/freetype/CMakeFiles/BundledFreetype.dir/compiler_depend.internal".
Dependencies file "src/3rdparty/freetype/CMakeFiles/BundledFreetype.dir/src/base/ftfstype.c.o.d" is newer than depends file "/home/luke/sponge-os/genode/build/x86_64/qt6/base/src/3rdparty/freetype/CMakeFiles/BundledFreetype.dir/compiler_depend.internal".
Dependencies file "src/3rdparty/freetype/CMakeFiles/BundledFreetype.dir/src/base/ftgasp.c.o.d" is newer than depends file "/home/luke/sponge-os/genode/build/x86_64/qt6/base/src/3rdparty/freetype/CMakeFiles/BundledFreetype.dir/compiler_depend.internal".
Dependencies file "src/3rdparty/freetype/CMakeFiles/BundledFreetype.dir/src/base/ftglyph.c.o.d" is newer than depends file "/home/luke/sponge-os/genode/build/x86_64/qt6/base/src/3rdparty/freetype/CMakeFiles/BundledFreetype.dir/compiler_depend.internal".
Dependencies file "src/3rdparty/freetype/CMakeFiles/BundledFreetype.dir/src/base/ftgxval.c.o.d" is newer than depends file "/home/luke/sponge-os/genode/build/x86_64/qt6/base/src/3rdparty/freetype/CMakeFiles/BundledFreetype.dir/compiler_depend.internal".
Dependencies file "src/3rdparty/freetype/CMakeFiles/BundledFreetype.dir/src/base/ftinit.c.o.d" is newer than depends file "/home/luke/sponge-os/genode/build/x86_64/qt6/base/src/3rdparty/freetype/CMakeFiles/BundledFreetype.dir/compiler_depend.internal".
Dependencies file "src/3rdparty/freetype/CMakeFiles/BundledFreetype.dir/src/base/ftmm.c.o.d" is newer than depends file "/home/luke/sponge-os/genode/build/x86_64/qt6/base/src/3rdparty/freetype/CMakeFiles/BundledFreetype.dir/compiler_depend.internal".
Dependencies file "src/3rdparty/freetype/CMakeFiles/BundledFreetype.dir/src/base/ftotval.c.o.d" is newer than depends file "/home/luke/sponge-os/genode/build/x86_64/qt6/base/src/3rdparty/freetype/CMakeFiles/BundledFreetype.dir/compiler_depend.internal".
Dependencies file "src/3rdparty/freetype/CMakeFiles/BundledFreetype.dir/src/base/ftpatent.c.o.d" is newer than depends file "/home/luke/sponge-os/genode/build/x86_64/qt6/base/src/3rdparty/freetype/CMakeFiles/BundledFreetype.dir/compiler_depend.internal".
Dependencies file "src/3rdparty/freetype/CMakeFiles/BundledFreetype.dir/src/base/ftpfr.c.o.d" is newer than depends file "/home/luke/sponge-os/genode/build/x86_64/qt6/base/src/3rdparty/freetype/CMakeFiles/BundledFreetype.dir/compiler_depend.internal".
Dependencies file "src/3rdparty/freetype/CMakeFiles/BundledFreetype.dir/src/base/ftstroke.c.o.d" is newer than depends file "/home/luke/sponge-os/genode/build/x86_64/qt6/base/src/3rdparty/freetype/CMakeFiles/BundledFreetype.dir/compiler_depend.internal".
Dependencies file "src/3rdparty/freetype/CMakeFiles/BundledFreetype.dir/src/base/ftsynth.c.o.d" is newer than depends file "/home/luke/sponge-os/genode/build/x86_64/qt6/base/src/3rdparty/freetype/CMakeFiles/BundledFreetype.dir/compiler_depend.internal".
Dependencies file "src/3rdparty/freetype/CMakeFiles/BundledFreetype.dir/src/base/fttype1.c.o.d" is newer than depends file "/home/luke/sponge-os/genode/build/x86_64/qt6/base/src/3rdparty/freetype/CMakeFiles/BundledFreetype.dir/compiler_depend.internal".
Dependencies file "src/3rdparty/freetype/CMakeFiles/BundledFreetype.dir/src/base/ftwinfnt.c.o.d" is newer than depends file "/home/luke/sponge-os/genode/build/x86_64/qt6/base/src/3rdparty/freetype/CMakeFiles/BundledFreetype.dir/compiler_depend.internal".
Dependencies file "src/3rdparty/freetype/CMakeFiles/BundledFreetype.dir/src/bdf/bdf.c.o.d" is newer than depends file "/home/luke/sponge-os/genode/build/x86_64/qt6/base/src/3rdparty/freetype/CMakeFiles/BundledFreetype.dir/compiler_depend.internal".
Dependencies file "src/3rdparty/freetype/CMakeFiles/BundledFreetype.dir/src/bzip2/ftbzip2.c.o.d" is newer than depends file "/home/luke/sponge-os/genode/build/x86_64/qt6/base/src/3rdparty/freetype/CMakeFiles/BundledFreetype.dir/compiler_depend.internal".
Dependencies file "src/3rdparty/freetype/CMakeFiles/BundledFreetype.dir/src/cache/ftcache.c.o.d" is newer than depends file "/home/luke/sponge-os/genode/build/x86_64/qt6/base/src/3rdparty/freetype/CMakeFiles/BundledFreetype.dir/compiler_depend.internal".
Dependencies file "src/3rdparty/freetype/CMakeFiles/BundledFreetype.dir/src/cff/cff.c.o.d" is newer than depends file "/home/luke/sponge-os/genode/build/x86_64/qt6/base/src/3rdparty/freetype/CMakeFiles/BundledFreetype.dir/compiler_depend.internal".
Dependencies file "src/3rdparty/freetype/CMakeFiles/BundledFreetype.dir/src/cid/type1cid.c.o.d" is newer than depends file "/home/luke/sponge-os/genode/build/x86_64/qt6/base/src/3rdparty/freetype/CMakeFiles/BundledFreetype.dir/compiler_depend.internal".
Dependencies file "src/3rdparty/freetype/CMakeFiles/BundledFreetype.dir/src/gzip/ftgzip.c.o.d" is newer than depends file "/home/luke/sponge-os/genode/build/x86_64/qt6/base/src/3rdparty/freetype/CMakeFiles/BundledFreetype.dir/compiler_depend.internal".
[ 39%] Built target Xml_autogen
Dependencies file "src/3rdparty/freetype/CMakeFiles/BundledFreetype.dir/src/lzw/ftlzw.c.o.d" is newer than depends file "/home/luke/sponge-os/genode/build/x86_64/qt6/base/src/3rdparty/freetype/CMakeFiles/BundledFreetype.dir/compiler_depend.internal".
Dependencies file "src/3rdparty/freetype/CMakeFiles/BundledFreetype.dir/src/pcf/pcf.c.o.d" is newer than depends file "/home/luke/sponge-os/genode/build/x86_64/qt6/base/src/3rdparty/freetype/CMakeFiles/BundledFreetype.dir/compiler_depend.internal".
Dependencies file "src/3rdparty/freetype/CMakeFiles/BundledFreetype.dir/src/pfr/pfr.c.o.d" is newer than depends file "/home/luke/sponge-os/genode/build/x86_64/qt6/base/src/3rdparty/freetype/CMakeFiles/BundledFreetype.dir/compiler_depend.internal".
Dependencies file "src/3rdparty/freetype/CMakeFiles/BundledFreetype.dir/src/psaux/psaux.c.o.d" is newer than depends file "/home/luke/sponge-os/genode/build/x86_64/qt6/base/src/3rdparty/freetype/CMakeFiles/BundledFreetype.dir/compiler_depend.internal".
Dependencies file "src/3rdparty/freetype/CMakeFiles/BundledFreetype.dir/src/pshinter/pshinter.c.o.d" is newer than depends file "/home/luke/sponge-os/genode/build/x86_64/qt6/base/src/3rdparty/freetype/CMakeFiles/BundledFreetype.dir/compiler_depend.internal".
Dependencies file "src/3rdparty/freetype/CMakeFiles/BundledFreetype.dir/src/psnames/psnames.c.o.d" is newer than depends file "/home/luke/sponge-os/genode/build/x86_64/qt6/base/src/3rdparty/freetype/CMakeFiles/BundledFreetype.dir/compiler_depend.internal".
Dependencies file "src/3rdparty/freetype/CMakeFiles/BundledFreetype.dir/src/raster/raster.c.o.d" is newer than depends file "/home/luke/sponge-os/genode/build/x86_64/qt6/base/src/3rdparty/freetype/CMakeFiles/BundledFreetype.dir/compiler_depend.internal".
Dependencies file "src/3rdparty/freetype/CMakeFiles/BundledFreetype.dir/src/sdf/sdf.c.o.d" is newer than depends file "/home/luke/sponge-os/genode/build/x86_64/qt6/base/src/3rdparty/freetype/CMakeFiles/BundledFreetype.dir/compiler_depend.internal".
Dependencies file "src/3rdparty/freetype/CMakeFiles/BundledFreetype.dir/src/sfnt/sfnt.c.o.d" is newer than depends file "/home/luke/sponge-os/genode/build/x86_64/qt6/base/src/3rdparty/freetype/CMakeFiles/BundledFreetype.dir/compiler_depend.internal".
Dependencies file "src/3rdparty/freetype/CMakeFiles/BundledFreetype.dir/src/smooth/smooth.c.o.d" is newer than depends file "/home/luke/sponge-os/genode/build/x86_64/qt6/base/src/3rdparty/freetype/CMakeFiles/BundledFreetype.dir/compiler_depend.internal".
Dependencies file "src/3rdparty/freetype/CMakeFiles/BundledFreetype.dir/src/svg/svg.c.o.d" is newer than depends file "/home/luke/sponge-os/genode/build/x86_64/qt6/base/src/3rdparty/freetype/CMakeFiles/BundledFreetype.dir/compiler_depend.internal".
Dependencies file "src/3rdparty/freetype/CMakeFiles/BundledFreetype.dir/src/truetype/truetype.c.o.d" is newer than depends file "/home/luke/sponge-os/genode/build/x86_64/qt6/base/src/3rdparty/freetype/CMakeFiles/BundledFreetype.dir/compiler_depend.internal".
Dependencies file "src/3rdparty/freetype/CMakeFiles/BundledFreetype.dir/src/type1/type1.c.o.d" is newer than depends file "/home/luke/sponge-os/genode/build/x86_64/qt6/base/src/3rdparty/freetype/CMakeFiles/BundledFreetype.dir/compiler_depend.internal".
Dependencies file "src/3rdparty/freetype/CMakeFiles/BundledFreetype.dir/src/type42/type42.c.o.d" is newer than depends file "/home/luke/sponge-os/genode/build/x86_64/qt6/base/src/3rdparty/freetype/CMakeFiles/BundledFreetype.dir/compiler_depend.internal".
Dependencies file "src/3rdparty/freetype/CMakeFiles/BundledFreetype.dir/src/winfonts/winfnt.c.o.d" is newer than depends file "/home/luke/sponge-os/genode/build/x86_64/qt6/base/src/3rdparty/freetype/CMakeFiles/BundledFreetype.dir/compiler_depend.internal".
[1m[35mConsolidate compiler generated dependencies of target BundledFreetype[0m
[ 39%] Built target Concurrent_autogen
[ 39%] Built target Sql_autogen
Dependencies file "src/xml/CMakeFiles/Xml.dir/Xml_autogen/mocs_compilation.cpp.o.d" is newer than depends file "/home/luke/sponge-os/genode/build/x86_64/qt6/base/src/xml/CMakeFiles/Xml.dir/compiler_depend.internal".
Dependencies file "src/xml/CMakeFiles/Xml.dir/dom/qdom.cpp.o.d" is newer than depends file "/home/luke/sponge-os/genode/build/x86_64/qt6/base/src/xml/CMakeFiles/Xml.dir/compiler_depend.internal".
[ 39%] Built target QSQLiteDriverPlugin_autogen
Dependencies file "src/xml/CMakeFiles/Xml.dir/dom/qdomhelpers.cpp.o.d" is newer than depends file "/home/luke/sponge-os/genode/build/x86_64/qt6/base/src/xml/CMakeFiles/Xml.dir/compiler_depend.internal".
[1m[35mConsolidate compiler generated dependencies of target Xml[0m
Dependencies file "src/concurrent/CMakeFiles/Concurrent.dir/Concurrent_autogen/mocs_compilation.cpp.o.d" is newer than depends file "/home/luke/sponge-os/genode/build/x86_64/qt6/base/src/concurrent/CMakeFiles/Concurrent.dir/compiler_depend.internal".
Dependencies file "src/concurrent/CMakeFiles/Concurrent.dir/qtconcurrentfilter.cpp.o.d" is newer than depends file "/home/luke/sponge-os/genode/build/x86_64/qt6/base/src/concurrent/CMakeFiles/Concurrent.dir/compiler_depend.internal".
Dependencies file "src/concurrent/CMakeFiles/Concurrent.dir/qtconcurrentiteratekernel.cpp.o.d" is newer than depends file "/home/luke/sponge-os/genode/build/x86_64/qt6/base/src/concurrent/CMakeFiles/Concurrent.dir/compiler_depend.internal".
Dependencies file "src/concurrent/CMakeFiles/Concurrent.dir/qtconcurrentmap.cpp.o.d" is newer than depends file "/home/luke/sponge-os/genode/build/x86_64/qt6/base/src/concurrent/CMakeFiles/Concurrent.dir/compiler_depend.internal".
Dependencies file "src/concurrent/CMakeFiles/Concurrent.dir/qtconcurrentrun.cpp.o.d" is newer than depends file "/home/luke/sponge-os/genode/build/x86_64/qt6/base/src/concurrent/CMakeFiles/Concurrent.dir/compiler_depend.internal".
Dependencies file "src/concurrent/CMakeFiles/Concurrent.dir/qtconcurrentthreadengine.cpp.o.d" is newer than depends file "/home/luke/sponge-os/genode/build/x86_64/qt6/base/src/concurrent/CMakeFiles/Concurrent.dir/compiler_depend.internal".
[1m[35mConsolidate compiler generated dependencies of target Concurrent[0m
[ 39%] Built target Test_autogen
[ 39%] Built target Network_autogen
Dependencies file "src/sql/CMakeFiles/Sql.dir/Sql_autogen/mocs_compilation.cpp.o.d" is newer than depends file "/home/luke/sponge-os/genode/build/x86_64/qt6/base/src/sql/CMakeFiles/Sql.dir/compiler_depend.internal".
Dependencies file "src/sql/CMakeFiles/Sql.dir/compat/removed_api.cpp.o.d" is newer than depends file "/home/luke/sponge-os/genode/build/x86_64/qt6/base/src/sql/CMakeFiles/Sql.dir/compiler_depend.internal".
Dependencies file "src/sql/CMakeFiles/Sql.dir/kernel/qsqlcachedresult.cpp.o.d" is newer than depends file "/home/luke/sponge-os/genode/build/x86_64/qt6/base/src/sql/CMakeFiles/Sql.dir/compiler_depend.internal".
Dependencies file "src/sql/CMakeFiles/Sql.dir/kernel/qsqldatabase.cpp.o.d" is newer than depends file "/home/luke/sponge-os/genode/build/x86_64/qt6/base/src/sql/CMakeFiles/Sql.dir/compiler_depend.internal".
Dependencies file "src/sql/CMakeFiles/Sql.dir/kernel/qsqldriver.cpp.o.d" is newer than depends file "/home/luke/sponge-os/genode/build/x86_64/qt6/base/src/sql/CMakeFiles/Sql.dir/compiler_depend.internal".
Dependencies file "src/sql/CMakeFiles/Sql.dir/kernel/qsqldriverplugin.cpp.o.d" is newer than depends file "/home/luke/sponge-os/genode/build/x86_64/qt6/base/src/sql/CMakeFiles/Sql.dir/compiler_depend.internal".
Dependencies file "src/sql/CMakeFiles/Sql.dir/kernel/qsqlerror.cpp.o.d" is newer than depends file "/home/luke/sponge-os/genode/build/x86_64/qt6/base/src/sql/CMakeFiles/Sql.dir/compiler_depend.internal".
Dependencies file "src/sql/CMakeFiles/Sql.dir/kernel/qsqlfield.cpp.o.d" is newer than depends file "/home/luke/sponge-os/genode/build/x86_64/qt6/base/src/sql/CMakeFiles/Sql.dir/compiler_depend.internal".
Dependencies file "src/sql/CMakeFiles/Sql.dir/kernel/qsqlindex.cpp.o.d" is newer than depends file "/home/luke/sponge-os/genode/build/x86_64/qt6/base/src/sql/CMakeFiles/Sql.dir/compiler_depend.internal".
Dependencies file "src/sql/CMakeFiles/Sql.dir/kernel/qsqlquery.cpp.o.d" is newer than depends file "/home/luke/sponge-os/genode/build/x86_64/qt6/base/src/sql/CMakeFiles/Sql.dir/compiler_depend.internal".
Dependencies file "src/sql/CMakeFiles/Sql.dir/kernel/qsqlrecord.cpp.o.d" is newer than depends file "/home/luke/sponge-os/genode/build/x86_64/qt6/base/src/sql/CMakeFiles/Sql.dir/compiler_depend.internal".
Dependencies file "src/sql/CMakeFiles/Sql.dir/kernel/qsqlresult.cpp.o.d" is newer than depends file "/home/luke/sponge-os/genode/build/x86_64/qt6/base/src/sql/CMakeFiles/Sql.dir/compiler_depend.internal".
Dependencies file "src/sql/CMakeFiles/Sql.dir/models/qsqlquerymodel.cpp.o.d" is newer than depends file "/home/luke/sponge-os/genode/build/x86_64/qt6/base/src/sql/CMakeFiles/Sql.dir/compiler_depend.internal".
Dependencies file "src/testlib/CMakeFiles/Test.dir/Test_autogen/mocs_compilation.cpp.o.d" is newer than depends file "/home/luke/sponge-os/genode/build/x86_64/qt6/base/src/testlib/CMakeFiles/Test.dir/compiler_depend.internal".
Dependencies file "src/sql/CMakeFiles/Sql.dir/models/qsqlrelationaldelegate.cpp.o.d" is newer than depends file "/home/luke/sponge-os/genode/build/x86_64/qt6/base/src/sql/CMakeFiles/Sql.dir/compiler_depend.internal".
Dependencies file "src/testlib/CMakeFiles/Test.dir/qabstractitemmodeltester.cpp.o.d" is newer than depends file "/home/luke/sponge-os/genode/build/x86_64/qt6/base/src/testlib/CMakeFiles/Test.dir/compiler_depend.internal".
Dependencies file "src/sql/CMakeFiles/Sql.dir/models/qsqlrelationaltablemodel.cpp.o.d" is newer than depends file "/home/luke/sponge-os/genode/build/x86_64/qt6/base/src/sql/CMakeFiles/Sql.dir/compiler_depend.internal".
Dependencies file "src/testlib/CMakeFiles/Test.dir/qabstracttestlogger.cpp.o.d" is newer than depends file "/home/luke/sponge-os/genode/build/x86_64/qt6/base/src/testlib/CMakeFiles/Test.dir/compiler_depend.internal".
Dependencies file "src/sql/CMakeFiles/Sql.dir/models/qsqltablemodel.cpp.o.d" is newer than depends file "/home/luke/sponge-os/genode/build/x86_64/qt6/base/src/sql/CMakeFiles/Sql.dir/compiler_depend.internal".
[ 39%] Built target Gui_autogen
Dependencies file "src/testlib/CMakeFiles/Test.dir/qasciikey.cpp.o.d" is newer than depends file "/home/luke/sponge-os/genode/build/x86_64/qt6/base/src/testlib/CMakeFiles/Test.dir/compiler_depend.internal".
[1m[35mConsolidate compiler generated dependencies of target Sql[0m
[ 42%] Built target BundledFreetype
Dependencies file "src/testlib/CMakeFiles/Test.dir/qbenchmark.cpp.o.d" is newer than depends file "/home/luke/sponge-os/genode/build/x86_64/qt6/base/src/testlib/CMakeFiles/Test.dir/compiler_depend.internal".
[ 42%] Built target Xml
Dependencies file "src/testlib/CMakeFiles/Test.dir/qbenchmarkevent.cpp.o.d" is newer than depends file "/home/luke/sponge-os/genode/build/x86_64/qt6/base/src/testlib/CMakeFiles/Test.dir/compiler_depend.internal".
Dependencies file "src/testlib/CMakeFiles/Test.dir/qbenchmarkmeasurement.cpp.o.d" is newer than depends file "/home/luke/sponge-os/genode/build/x86_64/qt6/base/src/testlib/CMakeFiles/Test.dir/compiler_depend.internal".
Dependencies file "src/testlib/CMakeFiles/Test.dir/qbenchmarkmetric.cpp.o.d" is newer than depends file "/home/luke/sponge-os/genode/build/x86_64/qt6/base/src/testlib/CMakeFiles/Test.dir/compiler_depend.internal".
[ 43%] Built target Concurrent
Dependencies file "src/testlib/CMakeFiles/Test.dir/qbenchmarkperfevents.cpp.o.d" is newer than depends file "/home/luke/sponge-os/genode/build/x86_64/qt6/base/src/testlib/CMakeFiles/Test.dir/compiler_depend.internal".
Dependencies file "src/testlib/CMakeFiles/Test.dir/qcomparisontesthelper.cpp.o.d" is newer than depends file "/home/luke/sponge-os/genode/build/x86_64/qt6/base/src/testlib/CMakeFiles/Test.dir/compiler_depend.internal".
Dependencies file "src/network/CMakeFiles/Network.dir/__/3rdparty/libpsl/src/lookup_string_in_fixed_set.c.o.d" is newer than depends file "/home/luke/sponge-os/genode/build/x86_64/qt6/base/src/network/CMakeFiles/Network.dir/compiler_depend.internal".
Dependencies file "src/network/CMakeFiles/Network.dir/Network_autogen/mocs_compilation.cpp.o.d" is newer than depends file "/home/luke/sponge-os/genode/build/x86_64/qt6/base/src/network/CMakeFiles/Network.dir/compiler_depend.internal".
Dependencies file "src/testlib/CMakeFiles/Test.dir/qcsvbenchmarklogger.cpp.o.d" is newer than depends file "/home/luke/sponge-os/genode/build/x86_64/qt6/base/src/testlib/CMakeFiles/Test.dir/compiler_depend.internal".
Dependencies file "src/network/CMakeFiles/Network.dir/access/http2/bitstreams.cpp.o.d" is newer than depends file "/home/luke/sponge-os/genode/build/x86_64/qt6/base/src/network/CMakeFiles/Network.dir/compiler_depend.internal".
Dependencies file "src/testlib/CMakeFiles/Test.dir/qjunittestlogger.cpp.o.d" is newer than depends file "/home/luke/sponge-os/genode/build/x86_64/qt6/base/src/testlib/CMakeFiles/Test.dir/compiler_depend.internal".
Dependencies file "src/network/CMakeFiles/Network.dir/access/http2/hpack.cpp.o.d" is newer than depends file "/home/luke/sponge-os/genode/build/x86_64/qt6/base/src/network/CMakeFiles/Network.dir/compiler_depend.internal".
Dependencies file "src/testlib/CMakeFiles/Test.dir/qplaintestlogger.cpp.o.d" is newer than depends file "/home/luke/sponge-os/genode/build/x86_64/qt6/base/src/testlib/CMakeFiles/Test.dir/compiler_depend.internal".
Dependencies file "src/network/CMakeFiles/Network.dir/access/http2/hpacktable.cpp.o.d" is newer than depends file "/home/luke/sponge-os/genode/build/x86_64/qt6/base/src/network/CMakeFiles/Network.dir/compiler_depend.internal".
Dependencies file "src/testlib/CMakeFiles/Test.dir/qsignaldumper.cpp.o.d" is newer than depends file "/home/luke/sponge-os/genode/build/x86_64/qt6/base/src/testlib/CMakeFiles/Test.dir/compiler_depend.internal".
Dependencies file "src/network/CMakeFiles/Network.dir/access/http2/http2frames.cpp.o.d" is newer than depends file "/home/luke/sponge-os/genode/build/x86_64/qt6/base/src/network/CMakeFiles/Network.dir/compiler_depend.internal".
Dependencies file "src/testlib/CMakeFiles/Test.dir/qsignalspy.cpp.o.d" is newer than depends file "/home/luke/sponge-os/genode/build/x86_64/qt6/base/src/testlib/CMakeFiles/Test.dir/compiler_depend.internal".
Dependencies file "src/testlib/CMakeFiles/Test.dir/qtaptestlogger.cpp.o.d" is newer than depends file "/home/luke/sponge-os/genode/build/x86_64/qt6/base/src/testlib/CMakeFiles/Test.dir/compiler_depend.internal".
Dependencies file "src/network/CMakeFiles/Network.dir/access/http2/http2protocol.cpp.o.d" is newer than depends file "/home/luke/sponge-os/genode/build/x86_64/qt6/base/src/network/CMakeFiles/Network.dir/compiler_depend.internal".
Dependencies file "src/testlib/CMakeFiles/Test.dir/qteamcitylogger.cpp.o.d" is newer than depends file "/home/luke/sponge-os/genode/build/x86_64/qt6/base/src/testlib/CMakeFiles/Test.dir/compiler_depend.internal".
Dependencies file "src/network/CMakeFiles/Network.dir/access/http2/http2streams.cpp.o.d" is newer than depends file "/home/luke/sponge-os/genode/build/x86_64/qt6/base/src/network/CMakeFiles/Network.dir/compiler_depend.internal".
Dependencies file "src/testlib/CMakeFiles/Test.dir/qtestblacklist.cpp.o.d" is newer than depends file "/home/luke/sponge-os/genode/build/x86_64/qt6/base/src/testlib/CMakeFiles/Test.dir/compiler_depend.internal".
Dependencies file "src/testlib/CMakeFiles/Test.dir/qtestcase.cpp.o.d" is newer than depends file "/home/luke/sponge-os/genode/build/x86_64/qt6/base/src/testlib/CMakeFiles/Test.dir/compiler_depend.internal".
Dependencies file "src/network/CMakeFiles/Network.dir/access/http2/huffman.cpp.o.d" is newer than depends file "/home/luke/sponge-os/genode/build/x86_64/qt6/base/src/network/CMakeFiles/Network.dir/compiler_depend.internal".
Dependencies file "src/network/CMakeFiles/Network.dir/access/qabstractnetworkcache.cpp.o.d" is newer than depends file "/home/luke/sponge-os/genode/build/x86_64/qt6/base/src/network/CMakeFiles/Network.dir/compiler_depend.internal".
Dependencies file "src/testlib/CMakeFiles/Test.dir/qtestcrashhandler.cpp.o.d" is newer than depends file "/home/luke/sponge-os/genode/build/x86_64/qt6/base/src/testlib/CMakeFiles/Test.dir/compiler_depend.internal".
Dependencies file "src/network/CMakeFiles/Network.dir/access/qabstractprotocolhandler.cpp.o.d" is newer than depends file "/home/luke/sponge-os/genode/build/x86_64/qt6/base/src/network/CMakeFiles/Network.dir/compiler_depend.internal".
Dependencies file "src/testlib/CMakeFiles/Test.dir/qtestdata.cpp.o.d" is newer than depends file "/home/luke/sponge-os/genode/build/x86_64/qt6/base/src/testlib/CMakeFiles/Test.dir/compiler_depend.internal".
Dependencies file "src/testlib/CMakeFiles/Test.dir/qtestelement.cpp.o.d" is newer than depends file "/home/luke/sponge-os/genode/build/x86_64/qt6/base/src/testlib/CMakeFiles/Test.dir/compiler_depend.internal".
Dependencies file "src/network/CMakeFiles/Network.dir/access/qdecompresshelper.cpp.o.d" is newer than depends file "/home/luke/sponge-os/genode/build/x86_64/qt6/base/src/network/CMakeFiles/Network.dir/compiler_depend.internal".
Dependencies file "src/testlib/CMakeFiles/Test.dir/qtestelementattribute.cpp.o.d" is newer than depends file "/home/luke/sponge-os/genode/build/x86_64/qt6/base/src/testlib/CMakeFiles/Test.dir/compiler_depend.internal".
Dependencies file "src/network/CMakeFiles/Network.dir/access/qformdatabuilder.cpp.o.d" is newer than depends file "/home/luke/sponge-os/genode/build/x86_64/qt6/base/src/network/CMakeFiles/Network.dir/compiler_depend.internal".
Dependencies file "src/testlib/CMakeFiles/Test.dir/qtestjunitstreamer.cpp.o.d" is newer than depends file "/home/luke/sponge-os/genode/build/x86_64/qt6/base/src/testlib/CMakeFiles/Test.dir/compiler_depend.internal".
Dependencies file "src/network/CMakeFiles/Network.dir/access/qhsts.cpp.o.d" is newer than depends file "/home/luke/sponge-os/genode/build/x86_64/qt6/base/src/network/CMakeFiles/Network.dir/compiler_depend.internal".
Dependencies file "src/testlib/CMakeFiles/Test.dir/qtestlog.cpp.o.d" is newer than depends file "/home/luke/sponge-os/genode/build/x86_64/qt6/base/src/testlib/CMakeFiles/Test.dir/compiler_depend.internal".
Dependencies file "src/network/CMakeFiles/Network.dir/access/qhstspolicy.cpp.o.d" is newer than depends file "/home/luke/sponge-os/genode/build/x86_64/qt6/base/src/network/CMakeFiles/Network.dir/compiler_depend.internal".
Dependencies file "src/testlib/CMakeFiles/Test.dir/qtestmouse.cpp.o.d" is newer than depends file "/home/luke/sponge-os/genode/build/x86_64/qt6/base/src/testlib/CMakeFiles/Test.dir/compiler_depend.internal".
Dependencies file "src/network/CMakeFiles/Network.dir/access/qhstsstore.cpp.o.d" is newer than depends file "/home/luke/sponge-os/genode/build/x86_64/qt6/base/src/network/CMakeFiles/Network.dir/compiler_depend.internal".
Dependencies file "src/testlib/CMakeFiles/Test.dir/qtestresult.cpp.o.d" is newer than depends file "/home/luke/sponge-os/genode/build/x86_64/qt6/base/src/testlib/CMakeFiles/Test.dir/compiler_depend.internal".
Dependencies file "src/network/CMakeFiles/Network.dir/access/qhttp1configuration.cpp.o.d" is newer than depends file "/home/luke/sponge-os/genode/build/x86_64/qt6/base/src/network/CMakeFiles/Network.dir/compiler_depend.internal".
Dependencies file "src/testlib/CMakeFiles/Test.dir/qtesttable.cpp.o.d" is newer than depends file "/home/luke/sponge-os/genode/build/x86_64/qt6/base/src/testlib/CMakeFiles/Test.dir/compiler_depend.internal".
Dependencies file "src/testlib/CMakeFiles/Test.dir/qxmltestlogger.cpp.o.d" is newer than depends file "/home/luke/sponge-os/genode/build/x86_64/qt6/base/src/testlib/CMakeFiles/Test.dir/compiler_depend.internal".
Dependencies file "src/network/CMakeFiles/Network.dir/access/qhttp2configuration.cpp.o.d" is newer than depends file "/home/luke/sponge-os/genode/build/x86_64/qt6/base/src/network/CMakeFiles/Network.dir/compiler_depend.internal".
Dependencies file "src/testlib/CMakeFiles/Test.dir/removed_api.cpp.o.d" is newer than depends file "/home/luke/sponge-os/genode/build/x86_64/qt6/base/src/testlib/CMakeFiles/Test.dir/compiler_depend.internal".
Dependencies file "src/network/CMakeFiles/Network.dir/access/qhttp2connection.cpp.o.d" is newer than depends file "/home/luke/sponge-os/genode/build/x86_64/qt6/base/src/network/CMakeFiles/Network.dir/compiler_depend.internal".
Dependencies file "src/gui/CMakeFiles/Gui.dir/painting/qgrayraster.c.o.d" is newer than depends file "/home/luke/sponge-os/genode/build/x86_64/qt6/base/src/gui/CMakeFiles/Gui.dir/compiler_depend.internal".
Dependencies file "src/gui/CMakeFiles/Gui.dir/.qt/rcc/qrc_gui_shaders.cpp.o.d" is newer than depends file "/home/luke/sponge-os/genode/build/x86_64/qt6/base/src/gui/CMakeFiles/Gui.dir/compiler_depend.internal".
Dependencies file "src/gui/CMakeFiles/Gui.dir/.qt/rcc/qrc_qpdf.cpp.o.d" is newer than depends file "/home/luke/sponge-os/genode/build/x86_64/qt6/base/src/gui/CMakeFiles/Gui.dir/compiler_depend.internal".
Dependencies file "src/gui/CMakeFiles/Gui.dir/Gui_autogen/mocs_compilation.cpp.o.d" is newer than depends file "/home/luke/sponge-os/genode/build/x86_64/qt6/base/src/gui/CMakeFiles/Gui.dir/compiler_depend.internal".
[1m[35mConsolidate compiler generated dependencies of target Test[0m
Dependencies file "src/network/CMakeFiles/Network.dir/access/qhttp2protocolhandler.cpp.o.d" is newer than depends file "/home/luke/sponge-os/genode/build/x86_64/qt6/base/src/network/CMakeFiles/Network.dir/compiler_depend.internal".
Dependencies file "src/gui/CMakeFiles/Gui.dir/accessible/qaccessible.cpp.o.d" is newer than depends file "/home/luke/sponge-os/genode/build/x86_64/qt6/base/src/gui/CMakeFiles/Gui.dir/compiler_depend.internal".
Dependencies file "src/network/CMakeFiles/Network.dir/access/qhttpheaderparser.cpp.o.d" is newer than depends file "/home/luke/sponge-os/genode/build/x86_64/qt6/base/src/network/CMakeFiles/Network.dir/compiler_depend.internal".
Dependencies file "src/gui/CMakeFiles/Gui.dir/accessible/qaccessiblebridge.cpp.o.d" is newer than depends file "/home/luke/sponge-os/genode/build/x86_64/qt6/base/src/gui/CMakeFiles/Gui.dir/compiler_depend.internal".
Dependencies file "src/network/CMakeFiles/Network.dir/access/qhttpheaders.cpp.o.d" is newer than depends file "/home/luke/sponge-os/genode/build/x86_64/qt6/base/src/network/CMakeFiles/Network.dir/compiler_depend.internal".
Dependencies file "src/network/CMakeFiles/Network.dir/access/qhttpheadershelper.cpp.o.d" is newer than depends file "/home/luke/sponge-os/genode/build/x86_64/qt6/base/src/network/CMakeFiles/Network.dir/compiler_depend.internal".
Dependencies file "src/gui/CMakeFiles/Gui.dir/accessible/qaccessiblebridgeutils.cpp.o.d" is newer than depends file "/home/luke/sponge-os/genode/build/x86_64/qt6/base/src/gui/CMakeFiles/Gui.dir/compiler_depend.internal".
Dependencies file "src/network/CMakeFiles/Network.dir/access/qhttpmultipart.cpp.o.d" is newer than depends file "/home/luke/sponge-os/genode/build/x86_64/qt6/base/src/network/CMakeFiles/Network.dir/compiler_depend.internal".
Dependencies file "src/gui/CMakeFiles/Gui.dir/accessible/qaccessiblecache.cpp.o.d" is newer than depends file "/home/luke/sponge-os/genode/build/x86_64/qt6/base/src/gui/CMakeFiles/Gui.dir/compiler_depend.internal".
Dependencies file "src/network/CMakeFiles/Network.dir/access/qhttpnetworkconnection.cpp.o.d" is newer than depends file "/home/luke/sponge-os/genode/build/x86_64/qt6/base/src/network/CMakeFiles/Network.dir/compiler_depend.internal".
Dependencies file "src/gui/CMakeFiles/Gui.dir/accessible/qaccessibleobject.cpp.o.d" is newer than depends file "/home/luke/sponge-os/genode/build/x86_64/qt6/base/src/gui/CMakeFiles/Gui.dir/compiler_depend.internal".
Dependencies file "src/network/CMakeFiles/Network.dir/access/qhttpnetworkconnectionchannel.cpp.o.d" is newer than depends file "/home/luke/sponge-os/genode/build/x86_64/qt6/base/src/network/CMakeFiles/Network.dir/compiler_depend.internal".
Dependencies file "src/gui/CMakeFiles/Gui.dir/accessible/qaccessibleplugin.cpp.o.d" is newer than depends file "/home/luke/sponge-os/genode/build/x86_64/qt6/base/src/gui/CMakeFiles/Gui.dir/compiler_depend.internal".
Dependencies file "src/network/CMakeFiles/Network.dir/access/qhttpnetworkheader.cpp.o.d" is newer than depends file "/home/luke/sponge-os/genode/build/x86_64/qt6/base/src/network/CMakeFiles/Network.dir/compiler_depend.internal".
Dependencies file "src/gui/CMakeFiles/Gui.dir/accessible/qplatformaccessibility.cpp.o.d" is newer than depends file "/home/luke/sponge-os/genode/build/x86_64/qt6/base/src/gui/CMakeFiles/Gui.dir/compiler_depend.internal".
Dependencies file "src/network/CMakeFiles/Network.dir/access/qhttpnetworkreply.cpp.o.d" is newer than depends file "/home/luke/sponge-os/genode/build/x86_64/qt6/base/src/network/CMakeFiles/Network.dir/compiler_depend.internal".
Dependencies file "src/gui/CMakeFiles/Gui.dir/animation/qguivariantanimation.cpp.o.d" is newer than depends file "/home/luke/sponge-os/genode/build/x86_64/qt6/base/src/gui/CMakeFiles/Gui.dir/compiler_depend.internal".
Dependencies file "src/network/CMakeFiles/Network.dir/access/qhttpnetworkrequest.cpp.o.d" is newer than depends file "/home/luke/sponge-os/genode/build/x86_64/qt6/base/src/network/CMakeFiles/Network.dir/compiler_depend.internal".
Dependencies file "src/gui/CMakeFiles/Gui.dir/compat/removed_api.cpp.o.d" is newer than depends file "/home/luke/sponge-os/genode/build/x86_64/qt6/base/src/gui/CMakeFiles/Gui.dir/compiler_depend.internal".
Dependencies file "src/network/CMakeFiles/Network.dir/access/qhttpprotocolhandler.cpp.o.d" is newer than depends file "/home/luke/sponge-os/genode/build/x86_64/qt6/base/src/network/CMakeFiles/Network.dir/compiler_depend.internal".
Dependencies file "src/gui/CMakeFiles/Gui.dir/image/qabstractfileiconengine.cpp.o.d" is newer than depends file "/home/luke/sponge-os/genode/build/x86_64/qt6/base/src/gui/CMakeFiles/Gui.dir/compiler_depend.internal".
Dependencies file "src/network/CMakeFiles/Network.dir/access/qhttpthreaddelegate.cpp.o.d" is newer than depends file "/home/luke/sponge-os/genode/build/x86_64/qt6/base/src/network/CMakeFiles/Network.dir/compiler_depend.internal".
Dependencies file "src/gui/CMakeFiles/Gui.dir/image/qabstractfileiconprovider.cpp.o.d" is newer than depends file "/home/luke/sponge-os/genode/build/x86_64/qt6/base/src/gui/CMakeFiles/Gui.dir/compiler_depend.internal".
Dependencies file "src/network/CMakeFiles/Network.dir/access/qnetworkaccessauthenticationmanager.cpp.o.d" is newer than depends file "/home/luke/sponge-os/genode/build/x86_64/qt6/base/src/network/CMakeFiles/Network.dir/compiler_depend.internal".
Dependencies file "src/network/CMakeFiles/Network.dir/access/qnetworkaccessbackend.cpp.o.d" is newer than depends file "/home/luke/sponge-os/genode/build/x86_64/qt6/base/src/network/CMakeFiles/Network.dir/compiler_depend.internal".
Dependencies file "src/gui/CMakeFiles/Gui.dir/image/qbitmap.cpp.o.d" is newer than depends file "/home/luke/sponge-os/genode/build/x86_64/qt6/base/src/gui/CMakeFiles/Gui.dir/compiler_depend.internal".
Dependencies file "src/network/CMakeFiles/Network.dir/access/qnetworkaccesscache.cpp.o.d" is newer than depends file "/home/luke/sponge-os/genode/build/x86_64/qt6/base/src/network/CMakeFiles/Network.dir/compiler_depend.internal".
Dependencies file "src/gui/CMakeFiles/Gui.dir/image/qbmphandler.cpp.o.d" is newer than depends file "/home/luke/sponge-os/genode/build/x86_64/qt6/base/src/gui/CMakeFiles/Gui.dir/compiler_depend.internal".
Dependencies file "src/network/CMakeFiles/Network.dir/access/qnetworkaccesscachebackend.cpp.o.d" is newer than depends file "/home/luke/sponge-os/genode/build/x86_64/qt6/base/src/network/CMakeFiles/Network.dir/compiler_depend.internal".
Dependencies file "src/network/CMakeFiles/Network.dir/access/qnetworkaccessfilebackend.cpp.o.d" is newer than depends file "/home/luke/sponge-os/genode/build/x86_64/qt6/base/src/network/CMakeFiles/Network.dir/compiler_depend.internal".
Dependencies file "src/gui/CMakeFiles/Gui.dir/image/qicon.cpp.o.d" is newer than depends file "/home/luke/sponge-os/genode/build/x86_64/qt6/base/src/gui/CMakeFiles/Gui.dir/compiler_depend.internal".
Dependencies file "src/network/CMakeFiles/Network.dir/access/qnetworkaccessmanager.cpp.o.d" is newer than depends file "/home/luke/sponge-os/genode/build/x86_64/qt6/base/src/network/CMakeFiles/Network.dir/compiler_depend.internal".
Dependencies file "src/gui/CMakeFiles/Gui.dir/image/qiconengine.cpp.o.d" is newer than depends file "/home/luke/sponge-os/genode/build/x86_64/qt6/base/src/gui/CMakeFiles/Gui.dir/compiler_depend.internal".
Dependencies file "src/network/CMakeFiles/Network.dir/access/qnetworkcookie.cpp.o.d" is newer than depends file "/home/luke/sponge-os/genode/build/x86_64/qt6/base/src/network/CMakeFiles/Network.dir/compiler_depend.internal".
Dependencies file "src/network/CMakeFiles/Network.dir/access/qnetworkcookiejar.cpp.o.d" is newer than depends file "/home/luke/sponge-os/genode/build/x86_64/qt6/base/src/network/CMakeFiles/Network.dir/compiler_depend.internal".
Dependencies file "src/gui/CMakeFiles/Gui.dir/image/qiconengineplugin.cpp.o.d" is newer than depends file "/home/luke/sponge-os/genode/build/x86_64/qt6/base/src/gui/CMakeFiles/Gui.dir/compiler_depend.internal".
Dependencies file "src/network/CMakeFiles/Network.dir/access/qnetworkdiskcache.cpp.o.d" is newer than depends file "/home/luke/sponge-os/genode/build/x86_64/qt6/base/src/network/CMakeFiles/Network.dir/compiler_depend.internal".
Dependencies file "src/gui/CMakeFiles/Gui.dir/image/qiconloader.cpp.o.d" is newer than depends file "/home/luke/sponge-os/genode/build/x86_64/qt6/base/src/gui/CMakeFiles/Gui.dir/compiler_depend.internal".
Dependencies file "src/network/CMakeFiles/Network.dir/access/qnetworkfile.cpp.o.d" is newer than depends file "/home/luke/sponge-os/genode/build/x86_64/qt6/base/src/network/CMakeFiles/Network.dir/compiler_depend.internal".
Dependencies file "src/network/CMakeFiles/Network.dir/access/qnetworkreply.cpp.o.d" is newer than depends file "/home/luke/sponge-os/genode/build/x86_64/qt6/base/src/network/CMakeFiles/Network.dir/compiler_depend.internal".
Dependencies file "src/gui/CMakeFiles/Gui.dir/image/qimage.cpp.o.d" is newer than depends file "/home/luke/sponge-os/genode/build/x86_64/qt6/base/src/gui/CMakeFiles/Gui.dir/compiler_depend.internal".
Dependencies file "src/network/CMakeFiles/Network.dir/access/qnetworkreplydataimpl.cpp.o.d" is newer than depends file "/home/luke/sponge-os/genode/build/x86_64/qt6/base/src/network/CMakeFiles/Network.dir/compiler_depend.internal".
Dependencies file "src/network/CMakeFiles/Network.dir/access/qnetworkreplyfileimpl.cpp.o.d" is newer than depends file "/home/luke/sponge-os/genode/build/x86_64/qt6/base/src/network/CMakeFiles/Network.dir/compiler_depend.internal".
Dependencies file "src/gui/CMakeFiles/Gui.dir/image/qimage_conversions.cpp.o.d" is newer than depends file "/home/luke/sponge-os/genode/build/x86_64/qt6/base/src/gui/CMakeFiles/Gui.dir/compiler_depend.internal".
Dependencies file "src/network/CMakeFiles/Network.dir/access/qnetworkreplyhttpimpl.cpp.o.d" is newer than depends file "/home/luke/sponge-os/genode/build/x86_64/qt6/base/src/network/CMakeFiles/Network.dir/compiler_depend.internal".
Dependencies file "src/gui/CMakeFiles/Gui.dir/image/qimage_ssse3.cpp.o.d" is newer than depends file "/home/luke/sponge-os/genode/build/x86_64/qt6/base/src/gui/CMakeFiles/Gui.dir/compiler_depend.internal".
Dependencies file "src/network/CMakeFiles/Network.dir/access/qnetworkreplyimpl.cpp.o.d" is newer than depends file "/home/luke/sponge-os/genode/build/x86_64/qt6/base/src/network/CMakeFiles/Network.dir/compiler_depend.internal".
Dependencies file "src/gui/CMakeFiles/Gui.dir/image/qimageiohandler.cpp.o.d" is newer than depends file "/home/luke/sponge-os/genode/build/x86_64/qt6/base/src/gui/CMakeFiles/Gui.dir/compiler_depend.internal".
Dependencies file "src/network/CMakeFiles/Network.dir/access/qnetworkrequest.cpp.o.d" is newer than depends file "/home/luke/sponge-os/genode/build/x86_64/qt6/base/src/network/CMakeFiles/Network.dir/compiler_depend.internal".
Dependencies file "src/network/CMakeFiles/Network.dir/access/qnetworkrequestfactory.cpp.o.d" is newer than depends file "/home/luke/sponge-os/genode/build/x86_64/qt6/base/src/network/CMakeFiles/Network.dir/compiler_depend.internal".
Dependencies file "src/gui/CMakeFiles/Gui.dir/image/qimagepixmapcleanuphooks.cpp.o.d" is newer than depends file "/home/luke/sponge-os/genode/build/x86_64/qt6/base/src/gui/CMakeFiles/Gui.dir/compiler_depend.internal".
Dependencies file "src/network/CMakeFiles/Network.dir/access/qrestaccessmanager.cpp.o.d" is newer than depends file "/home/luke/sponge-os/genode/build/x86_64/qt6/base/src/network/CMakeFiles/Network.dir/compiler_depend.internal".
Dependencies file "src/gui/CMakeFiles/Gui.dir/image/qimagereader.cpp.o.d" is newer than depends file "/home/luke/sponge-os/genode/build/x86_64/qt6/base/src/gui/CMakeFiles/Gui.dir/compiler_depend.internal".
Dependencies file "src/network/CMakeFiles/Network.dir/access/qrestreply.cpp.o.d" is newer than depends file "/home/luke/sponge-os/genode/build/x86_64/qt6/base/src/network/CMakeFiles/Network.dir/compiler_depend.internal".
Dependencies file "src/gui/CMakeFiles/Gui.dir/image/qimagereaderwriterhelpers.cpp.o.d" is newer than depends file "/home/luke/sponge-os/genode/build/x86_64/qt6/base/src/gui/CMakeFiles/Gui.dir/compiler_depend.internal".
Dependencies file "src/network/CMakeFiles/Network.dir/compat/removed_api.cpp.o.d" is newer than depends file "/home/luke/sponge-os/genode/build/x86_64/qt6/base/src/network/CMakeFiles/Network.dir/compiler_depend.internal".
Dependencies file "src/gui/CMakeFiles/Gui.dir/image/qimagewriter.cpp.o.d" is newer than depends file "/home/luke/sponge-os/genode/build/x86_64/qt6/base/src/gui/CMakeFiles/Gui.dir/compiler_depend.internal".
Dependencies file "src/network/CMakeFiles/Network.dir/kernel/qauthenticator.cpp.o.d" is newer than depends file "/home/luke/sponge-os/genode/build/x86_64/qt6/base/src/network/CMakeFiles/Network.dir/compiler_depend.internal".
Dependencies file "src/network/CMakeFiles/Network.dir/kernel/qdnslookup.cpp.o.d" is newer than depends file "/home/luke/sponge-os/genode/build/x86_64/qt6/base/src/network/CMakeFiles/Network.dir/compiler_depend.internal".
Dependencies file "src/gui/CMakeFiles/Gui.dir/image/qmovie.cpp.o.d" is newer than depends file "/home/luke/sponge-os/genode/build/x86_64/qt6/base/src/gui/CMakeFiles/Gui.dir/compiler_depend.internal".
Dependencies file "src/network/CMakeFiles/Network.dir/kernel/qdnslookup_dummy.cpp.o.d" is newer than depends file "/home/luke/sponge-os/genode/build/x86_64/qt6/base/src/network/CMakeFiles/Network.dir/compiler_depend.internal".
Dependencies file "src/gui/CMakeFiles/Gui.dir/image/qpaintengine_pic.cpp.o.d" is newer than depends file "/home/luke/sponge-os/genode/build/x86_64/qt6/base/src/gui/CMakeFiles/Gui.dir/compiler_depend.internal".
Dependencies file "src/network/CMakeFiles/Network.dir/kernel/qhostaddress.cpp.o.d" is newer than depends file "/home/luke/sponge-os/genode/build/x86_64/qt6/base/src/network/CMakeFiles/Network.dir/compiler_depend.internal".
Dependencies file "src/gui/CMakeFiles/Gui.dir/image/qpicture.cpp.o.d" is newer than depends file "/home/luke/sponge-os/genode/build/x86_64/qt6/base/src/gui/CMakeFiles/Gui.dir/compiler_depend.internal".
Dependencies file "src/network/CMakeFiles/Network.dir/kernel/qhostinfo.cpp.o.d" is newer than depends file "/home/luke/sponge-os/genode/build/x86_64/qt6/base/src/network/CMakeFiles/Network.dir/compiler_depend.internal".
Dependencies file "src/gui/CMakeFiles/Gui.dir/image/qpixmap.cpp.o.d" is newer than depends file "/home/luke/sponge-os/genode/build/x86_64/qt6/base/src/gui/CMakeFiles/Gui.dir/compiler_depend.internal".
Dependencies file "src/network/CMakeFiles/Network.dir/kernel/qhostinfo_unix.cpp.o.d" is newer than depends file "/home/luke/sponge-os/genode/build/x86_64/qt6/base/src/network/CMakeFiles/Network.dir/compiler_depend.internal".
Dependencies file "src/network/CMakeFiles/Network.dir/kernel/qnetconmonitor_stub.cpp.o.d" is newer than depends file "/home/luke/sponge-os/genode/build/x86_64/qt6/base/src/network/CMakeFiles/Network.dir/compiler_depend.internal".
Dependencies file "src/gui/CMakeFiles/Gui.dir/image/qpixmap_blitter.cpp.o.d" is newer than depends file "/home/luke/sponge-os/genode/build/x86_64/qt6/base/src/gui/CMakeFiles/Gui.dir/compiler_depend.internal".
Dependencies file "src/network/CMakeFiles/Network.dir/kernel/qnetworkdatagram.cpp.o.d" is newer than depends file "/home/luke/sponge-os/genode/build/x86_64/qt6/base/src/network/CMakeFiles/Network.dir/compiler_depend.internal".
[ 45%] Built target Sql
Dependencies file "src/network/CMakeFiles/Network.dir/kernel/qnetworkinformation.cpp.o.d" is newer than depends file "/home/luke/sponge-os/genode/build/x86_64/qt6/base/src/network/CMakeFiles/Network.dir/compiler_depend.internal".
Dependencies file "src/gui/CMakeFiles/Gui.dir/image/qpixmap_raster.cpp.o.d" is newer than depends file "/home/luke/sponge-os/genode/build/x86_64/qt6/base/src/gui/CMakeFiles/Gui.dir/compiler_depend.internal".
Dependencies file "src/network/CMakeFiles/Network.dir/kernel/qnetworkinterface.cpp.o.d" is newer than depends file "/home/luke/sponge-os/genode/build/x86_64/qt6/base/src/network/CMakeFiles/Network.dir/compiler_depend.internal".
Dependencies file "src/gui/CMakeFiles/Gui.dir/image/qpixmapcache.cpp.o.d" is newer than depends file "/home/luke/sponge-os/genode/build/x86_64/qt6/base/src/gui/CMakeFiles/Gui.dir/compiler_depend.internal".
Dependencies file "src/network/CMakeFiles/Network.dir/kernel/qnetworkinterface_unix.cpp.o.d" is newer than depends file "/home/luke/sponge-os/genode/build/x86_64/qt6/base/src/network/CMakeFiles/Network.dir/compiler_depend.internal".
Dependencies file "src/network/CMakeFiles/Network.dir/kernel/qnetworkproxy.cpp.o.d" is newer than depends file "/home/luke/sponge-os/genode/build/x86_64/qt6/base/src/network/CMakeFiles/Network.dir/compiler_depend.internal".
Dependencies file "src/gui/CMakeFiles/Gui.dir/image/qplatformpixmap.cpp.o.d" is newer than depends file "/home/luke/sponge-os/genode/build/x86_64/qt6/base/src/gui/CMakeFiles/Gui.dir/compiler_depend.internal".
Dependencies file "src/network/CMakeFiles/Network.dir/kernel/qnetworkproxy_generic.cpp.o.d" is newer than depends file "/home/luke/sponge-os/genode/build/x86_64/qt6/base/src/network/CMakeFiles/Network.dir/compiler_depend.internal".
Dependencies file "src/network/CMakeFiles/Network.dir/kernel/qtldurl.cpp.o.d" is newer than depends file "/home/luke/sponge-os/genode/build/x86_64/qt6/base/src/network/CMakeFiles/Network.dir/compiler_depend.internal".
Dependencies file "src/gui/CMakeFiles/Gui.dir/image/qpnghandler.cpp.o.d" is newer than depends file "/home/luke/sponge-os/genode/build/x86_64/qt6/base/src/gui/CMakeFiles/Gui.dir/compiler_depend.internal".
Dependencies file "src/network/CMakeFiles/Network.dir/socket/qabstractsocket.cpp.o.d" is newer than depends file "/home/luke/sponge-os/genode/build/x86_64/qt6/base/src/network/CMakeFiles/Network.dir/compiler_depend.internal".
Dependencies file "src/gui/CMakeFiles/Gui.dir/image/qppmhandler.cpp.o.d" is newer than depends file "/home/luke/sponge-os/genode/build/x86_64/qt6/base/src/gui/CMakeFiles/Gui.dir/compiler_depend.internal".
Dependencies file "src/network/CMakeFiles/Network.dir/socket/qabstractsocketengine.cpp.o.d" is newer than depends file "/home/luke/sponge-os/genode/build/x86_64/qt6/base/src/network/CMakeFiles/Network.dir/compiler_depend.internal".
Dependencies file "src/gui/CMakeFiles/Gui.dir/image/qxbmhandler.cpp.o.d" is newer than depends file "/home/luke/sponge-os/genode/build/x86_64/qt6/base/src/gui/CMakeFiles/Gui.dir/compiler_depend.internal".
Dependencies file "src/network/CMakeFiles/Network.dir/socket/qhttpsocketengine.cpp.o.d" is newer than depends file "/home/luke/sponge-os/genode/build/x86_64/qt6/base/src/network/CMakeFiles/Network.dir/compiler_depend.internal".
Dependencies file "src/gui/CMakeFiles/Gui.dir/image/qxpmhandler.cpp.o.d" is newer than depends file "/home/luke/sponge-os/genode/build/x86_64/qt6/base/src/gui/CMakeFiles/Gui.dir/compiler_depend.internal".
Dependencies file "src/network/CMakeFiles/Network.dir/socket/qlocalserver.cpp.o.d" is newer than depends file "/home/luke/sponge-os/genode/build/x86_64/qt6/base/src/network/CMakeFiles/Network.dir/compiler_depend.internal".
Dependencies file "src/gui/CMakeFiles/Gui.dir/itemmodels/qfileinfogatherer.cpp.o.d" is newer than depends file "/home/luke/sponge-os/genode/build/x86_64/qt6/base/src/gui/CMakeFiles/Gui.dir/compiler_depend.internal".
Dependencies file "src/network/CMakeFiles/Network.dir/socket/qlocalserver_unix.cpp.o.d" is newer than depends file "/home/luke/sponge-os/genode/build/x86_64/qt6/base/src/network/CMakeFiles/Network.dir/compiler_depend.internal".
Dependencies file "src/network/CMakeFiles/Network.dir/socket/qlocalsocket.cpp.o.d" is newer than depends file "/home/luke/sponge-os/genode/build/x86_64/qt6/base/src/network/CMakeFiles/Network.dir/compiler_depend.internal".
Dependencies file "src/gui/CMakeFiles/Gui.dir/itemmodels/qfilesystemmodel.cpp.o.d" is newer than depends file "/home/luke/sponge-os/genode/build/x86_64/qt6/base/src/gui/CMakeFiles/Gui.dir/compiler_depend.internal".
Dependencies file "src/network/CMakeFiles/Network.dir/socket/qlocalsocket_unix.cpp.o.d" is newer than depends file "/home/luke/sponge-os/genode/build/x86_64/qt6/base/src/network/CMakeFiles/Network.dir/compiler_depend.internal".
Dependencies file "src/gui/CMakeFiles/Gui.dir/itemmodels/qstandarditemmodel.cpp.o.d" is newer than depends file "/home/luke/sponge-os/genode/build/x86_64/qt6/base/src/gui/CMakeFiles/Gui.dir/compiler_depend.internal".
Dependencies file "src/network/CMakeFiles/Network.dir/socket/qnativesocketengine.cpp.o.d" is newer than depends file "/home/luke/sponge-os/genode/build/x86_64/qt6/base/src/network/CMakeFiles/Network.dir/compiler_depend.internal".
Dependencies file "src/plugins/sqldrivers/sqlite/CMakeFiles/QSQLiteDriverPlugin.dir/__/__/__/3rdparty/sqlite/sqlite3.c.o.d" is newer than depends file "/home/luke/sponge-os/genode/build/x86_64/qt6/base/src/plugins/sqldrivers/sqlite/CMakeFiles/QSQLiteDriverPlugin.dir/compiler_depend.internal".
Dependencies file "src/plugins/sqldrivers/sqlite/CMakeFiles/QSQLiteDriverPlugin.dir/QSQLiteDriverPlugin_autogen/mocs_compilation.cpp.o.d" is newer than depends file "/home/luke/sponge-os/genode/build/x86_64/qt6/base/src/plugins/sqldrivers/sqlite/CMakeFiles/QSQLiteDriverPlugin.dir/compiler_depend.internal".
Dependencies file "src/plugins/sqldrivers/sqlite/CMakeFiles/QSQLiteDriverPlugin.dir/qsql_sqlite.cpp.o.d" is newer than depends file "/home/luke/sponge-os/genode/build/x86_64/qt6/base/src/plugins/sqldrivers/sqlite/CMakeFiles/QSQLiteDriverPlugin.dir/compiler_depend.internal".
Dependencies file "src/gui/CMakeFiles/Gui.dir/kernel/qaction.cpp.o.d" is newer than depends file "/home/luke/sponge-os/genode/build/x86_64/qt6/base/src/gui/CMakeFiles/Gui.dir/compiler_depend.internal".
Dependencies file "src/network/CMakeFiles/Network.dir/socket/qnativesocketengine_unix.cpp.o.d" is newer than depends file "/home/luke/sponge-os/genode/build/x86_64/qt6/base/src/network/CMakeFiles/Network.dir/compiler_depend.internal".
Dependencies file "src/plugins/sqldrivers/sqlite/CMakeFiles/QSQLiteDriverPlugin.dir/qsql_sqlite_vfs.cpp.o.d" is newer than depends file "/home/luke/sponge-os/genode/build/x86_64/qt6/base/src/plugins/sqldrivers/sqlite/CMakeFiles/QSQLiteDriverPlugin.dir/compiler_depend.internal".
Dependencies file "src/network/CMakeFiles/Network.dir/socket/qsocks5socketengine.cpp.o.d" is newer than depends file "/home/luke/sponge-os/genode/build/x86_64/qt6/base/src/network/CMakeFiles/Network.dir/compiler_depend.internal".
Dependencies file "src/plugins/sqldrivers/sqlite/CMakeFiles/QSQLiteDriverPlugin.dir/smain.cpp.o.d" is newer than depends file "/home/luke/sponge-os/genode/build/x86_64/qt6/base/src/plugins/sqldrivers/sqlite/CMakeFiles/QSQLiteDriverPlugin.dir/compiler_depend.internal".
Dependencies file "src/gui/CMakeFiles/Gui.dir/kernel/qactiongroup.cpp.o.d" is newer than depends file "/home/luke/sponge-os/genode/build/x86_64/qt6/base/src/gui/CMakeFiles/Gui.dir/compiler_depend.internal".
[1m[35mConsolidate compiler generated dependencies of target QSQLiteDriverPlugin[0m
Dependencies file "src/network/CMakeFiles/Network.dir/socket/qtcpserver.cpp.o.d" is newer than depends file "/home/luke/sponge-os/genode/build/x86_64/qt6/base/src/network/CMakeFiles/Network.dir/compiler_depend.internal".
Dependencies file "src/gui/CMakeFiles/Gui.dir/kernel/qclipboard.cpp.o.d" is newer than depends file "/home/luke/sponge-os/genode/build/x86_64/qt6/base/src/gui/CMakeFiles/Gui.dir/compiler_depend.internal".
Dependencies file "src/network/CMakeFiles/Network.dir/socket/qtcpsocket.cpp.o.d" is newer than depends file "/home/luke/sponge-os/genode/build/x86_64/qt6/base/src/network/CMakeFiles/Network.dir/compiler_depend.internal".
Dependencies file "src/network/CMakeFiles/Network.dir/socket/qudpsocket.cpp.o.d" is newer than depends file "/home/luke/sponge-os/genode/build/x86_64/qt6/base/src/network/CMakeFiles/Network.dir/compiler_depend.internal".
Dependencies file "src/gui/CMakeFiles/Gui.dir/kernel/qcursor.cpp.o.d" is newer than depends file "/home/luke/sponge-os/genode/build/x86_64/qt6/base/src/gui/CMakeFiles/Gui.dir/compiler_depend.internal".
Dependencies file "src/network/CMakeFiles/Network.dir/ssl/qpassworddigestor.cpp.o.d" is newer than depends file "/home/luke/sponge-os/genode/build/x86_64/qt6/base/src/network/CMakeFiles/Network.dir/compiler_depend.internal".
Dependencies file "src/network/CMakeFiles/Network.dir/ssl/qssl.cpp.o.d" is newer than depends file "/home/luke/sponge-os/genode/build/x86_64/qt6/base/src/network/CMakeFiles/Network.dir/compiler_depend.internal".
Dependencies file "src/gui/CMakeFiles/Gui.dir/kernel/qdnd.cpp.o.d" is newer than depends file "/home/luke/sponge-os/genode/build/x86_64/qt6/base/src/gui/CMakeFiles/Gui.dir/compiler_depend.internal".
Dependencies file "src/network/CMakeFiles/Network.dir/ssl/qsslcertificate.cpp.o.d" is newer than depends file "/home/luke/sponge-os/genode/build/x86_64/qt6/base/src/network/CMakeFiles/Network.dir/compiler_depend.internal".
Dependencies file "src/network/CMakeFiles/Network.dir/ssl/qsslcertificateextension.cpp.o.d" is newer than depends file "/home/luke/sponge-os/genode/build/x86_64/qt6/base/src/network/CMakeFiles/Network.dir/compiler_depend.internal".
Dependencies file "src/gui/CMakeFiles/Gui.dir/kernel/qdrag.cpp.o.d" is newer than depends file "/home/luke/sponge-os/genode/build/x86_64/qt6/base/src/gui/CMakeFiles/Gui.dir/compiler_depend.internal".
Dependencies file "src/network/CMakeFiles/Network.dir/ssl/qtlsbackend.cpp.o.d" is newer than depends file "/home/luke/sponge-os/genode/build/x86_64/qt6/base/src/network/CMakeFiles/Network.dir/compiler_depend.internal".
Dependencies file "src/gui/CMakeFiles/Gui.dir/kernel/qevent.cpp.o.d" is newer than depends file "/home/luke/sponge-os/genode/build/x86_64/qt6/base/src/gui/CMakeFiles/Gui.dir/compiler_depend.internal".
[1m[35mConsolidate compiler generated dependencies of target Network[0m
Dependencies file "src/gui/CMakeFiles/Gui.dir/kernel/qeventpoint.cpp.o.d" is newer than depends file "/home/luke/sponge-os/genode/build/x86_64/qt6/base/src/gui/CMakeFiles/Gui.dir/compiler_depend.internal".
Dependencies file "src/gui/CMakeFiles/Gui.dir/kernel/qgenericplugin.cpp.o.d" is newer than depends file "/home/luke/sponge-os/genode/build/x86_64/qt6/base/src/gui/CMakeFiles/Gui.dir/compiler_depend.internal".
Dependencies file "src/gui/CMakeFiles/Gui.dir/kernel/qgenericpluginfactory.cpp.o.d" is newer than depends file "/home/luke/sponge-os/genode/build/x86_64/qt6/base/src/gui/CMakeFiles/Gui.dir/compiler_depend.internal".
Dependencies file "src/gui/CMakeFiles/Gui.dir/kernel/qguiapplication.cpp.o.d" is newer than depends file "/home/luke/sponge-os/genode/build/x86_64/qt6/base/src/gui/CMakeFiles/Gui.dir/compiler_depend.internal".
Dependencies file "src/gui/CMakeFiles/Gui.dir/kernel/qguivariant.cpp.o.d" is newer than depends file "/home/luke/sponge-os/genode/build/x86_64/qt6/base/src/gui/CMakeFiles/Gui.dir/compiler_depend.internal".
Dependencies file "src/gui/CMakeFiles/Gui.dir/kernel/qhighdpiscaling.cpp.o.d" is newer than depends file "/home/luke/sponge-os/genode/build/x86_64/qt6/base/src/gui/CMakeFiles/Gui.dir/compiler_depend.internal".
Dependencies file "src/gui/CMakeFiles/Gui.dir/kernel/qinputdevice.cpp.o.d" is newer than depends file "/home/luke/sponge-os/genode/build/x86_64/qt6/base/src/gui/CMakeFiles/Gui.dir/compiler_depend.internal".
Dependencies file "src/gui/CMakeFiles/Gui.dir/kernel/qinputdevicemanager.cpp.o.d" is newer than depends file "/home/luke/sponge-os/genode/build/x86_64/qt6/base/src/gui/CMakeFiles/Gui.dir/compiler_depend.internal".
Dependencies file "src/gui/CMakeFiles/Gui.dir/kernel/qinputmethod.cpp.o.d" is newer than depends file "/home/luke/sponge-os/genode/build/x86_64/qt6/base/src/gui/CMakeFiles/Gui.dir/compiler_depend.internal".
Dependencies file "src/gui/CMakeFiles/Gui.dir/kernel/qinternalmimedata.cpp.o.d" is newer than depends file "/home/luke/sponge-os/genode/build/x86_64/qt6/base/src/gui/CMakeFiles/Gui.dir/compiler_depend.internal".
Dependencies file "src/gui/CMakeFiles/Gui.dir/kernel/qkeymapper.cpp.o.d" is newer than depends file "/home/luke/sponge-os/genode/build/x86_64/qt6/base/src/gui/CMakeFiles/Gui.dir/compiler_depend.internal".
Dependencies file "src/gui/CMakeFiles/Gui.dir/kernel/qkeysequence.cpp.o.d" is newer than depends file "/home/luke/sponge-os/genode/build/x86_64/qt6/base/src/gui/CMakeFiles/Gui.dir/compiler_depend.internal".
Dependencies file "src/gui/CMakeFiles/Gui.dir/kernel/qoffscreensurface.cpp.o.d" is newer than depends file "/home/luke/sponge-os/genode/build/x86_64/qt6/base/src/gui/CMakeFiles/Gui.dir/compiler_depend.internal".
Dependencies file "src/gui/CMakeFiles/Gui.dir/kernel/qopenglcontext.cpp.o.d" is newer than depends file "/home/luke/sponge-os/genode/build/x86_64/qt6/base/src/gui/CMakeFiles/Gui.dir/compiler_depend.internal".
Dependencies file "src/gui/CMakeFiles/Gui.dir/kernel/qpaintdevicewindow.cpp.o.d" is newer than depends file "/home/luke/sponge-os/genode/build/x86_64/qt6/base/src/gui/CMakeFiles/Gui.dir/compiler_depend.internal".
Dependencies file "src/gui/CMakeFiles/Gui.dir/kernel/qpalette.cpp.o.d" is newer than depends file "/home/luke/sponge-os/genode/build/x86_64/qt6/base/src/gui/CMakeFiles/Gui.dir/compiler_depend.internal".
Dependencies file "src/gui/CMakeFiles/Gui.dir/kernel/qpixelformat.cpp.o.d" is newer than depends file "/home/luke/sponge-os/genode/build/x86_64/qt6/base/src/gui/CMakeFiles/Gui.dir/compiler_depend.internal".
Dependencies file "src/gui/CMakeFiles/Gui.dir/kernel/qplatformclipboard.cpp.o.d" is newer than depends file "/home/luke/sponge-os/genode/build/x86_64/qt6/base/src/gui/CMakeFiles/Gui.dir/compiler_depend.internal".
Dependencies file "src/gui/CMakeFiles/Gui.dir/kernel/qplatformcursor.cpp.o.d" is newer than depends file "/home/luke/sponge-os/genode/build/x86_64/qt6/base/src/gui/CMakeFiles/Gui.dir/compiler_depend.internal".
[ 46%] Built target QSQLiteDriverPlugin
Dependencies file "src/gui/CMakeFiles/Gui.dir/kernel/qplatformdialoghelper.cpp.o.d" is newer than depends file "/home/luke/sponge-os/genode/build/x86_64/qt6/base/src/gui/CMakeFiles/Gui.dir/compiler_depend.internal".
Dependencies file "src/gui/CMakeFiles/Gui.dir/kernel/qplatformdrag.cpp.o.d" is newer than depends file "/home/luke/sponge-os/genode/build/x86_64/qt6/base/src/gui/CMakeFiles/Gui.dir/compiler_depend.internal".
Dependencies file "src/gui/CMakeFiles/Gui.dir/kernel/qplatformgraphicsbuffer.cpp.o.d" is newer than depends file "/home/luke/sponge-os/genode/build/x86_64/qt6/base/src/gui/CMakeFiles/Gui.dir/compiler_depend.internal".
Dependencies file "src/gui/CMakeFiles/Gui.dir/kernel/qplatformgraphicsbufferhelper.cpp.o.d" is newer than depends file "/home/luke/sponge-os/genode/build/x86_64/qt6/base/src/gui/CMakeFiles/Gui.dir/compiler_depend.internal".
Dependencies file "src/gui/CMakeFiles/Gui.dir/kernel/qplatforminputcontext.cpp.o.d" is newer than depends file "/home/luke/sponge-os/genode/build/x86_64/qt6/base/src/gui/CMakeFiles/Gui.dir/compiler_depend.internal".
Dependencies file "src/gui/CMakeFiles/Gui.dir/kernel/qplatforminputcontextfactory.cpp.o.d" is newer than depends file "/home/luke/sponge-os/genode/build/x86_64/qt6/base/src/gui/CMakeFiles/Gui.dir/compiler_depend.internal".
Dependencies file "src/gui/CMakeFiles/Gui.dir/kernel/qplatforminputcontextplugin.cpp.o.d" is newer than depends file "/home/luke/sponge-os/genode/build/x86_64/qt6/base/src/gui/CMakeFiles/Gui.dir/compiler_depend.internal".
Dependencies file "src/gui/CMakeFiles/Gui.dir/kernel/qplatformintegration.cpp.o.d" is newer than depends file "/home/luke/sponge-os/genode/build/x86_64/qt6/base/src/gui/CMakeFiles/Gui.dir/compiler_depend.internal".
Dependencies file "src/gui/CMakeFiles/Gui.dir/kernel/qplatformintegrationfactory.cpp.o.d" is newer than depends file "/home/luke/sponge-os/genode/build/x86_64/qt6/base/src/gui/CMakeFiles/Gui.dir/compiler_depend.internal".
Dependencies file "src/gui/CMakeFiles/Gui.dir/kernel/qplatformintegrationplugin.cpp.o.d" is newer than depends file "/home/luke/sponge-os/genode/build/x86_64/qt6/base/src/gui/CMakeFiles/Gui.dir/compiler_depend.internal".
Dependencies file "src/gui/CMakeFiles/Gui.dir/kernel/qplatformkeymapper.cpp.o.d" is newer than depends file "/home/luke/sponge-os/genode/build/x86_64/qt6/base/src/gui/CMakeFiles/Gui.dir/compiler_depend.internal".
[ 49%] Built target Test
Dependencies file "src/gui/CMakeFiles/Gui.dir/kernel/qplatformmenu.cpp.o.d" is newer than depends file "/home/luke/sponge-os/genode/build/x86_64/qt6/base/src/gui/CMakeFiles/Gui.dir/compiler_depend.internal".
Dependencies file "src/gui/CMakeFiles/Gui.dir/kernel/qplatformnativeinterface.cpp.o.d" is newer than depends file "/home/luke/sponge-os/genode/build/x86_64/qt6/base/src/gui/CMakeFiles/Gui.dir/compiler_depend.internal".
Dependencies file "src/gui/CMakeFiles/Gui.dir/kernel/qplatformoffscreensurface.cpp.o.d" is newer than depends file "/home/luke/sponge-os/genode/build/x86_64/qt6/base/src/gui/CMakeFiles/Gui.dir/compiler_depend.internal".
Dependencies file "src/gui/CMakeFiles/Gui.dir/kernel/qplatformopenglcontext.cpp.o.d" is newer than depends file "/home/luke/sponge-os/genode/build/x86_64/qt6/base/src/gui/CMakeFiles/Gui.dir/compiler_depend.internal".
Dependencies file "src/gui/CMakeFiles/Gui.dir/kernel/qplatformscreen.cpp.o.d" is newer than depends file "/home/luke/sponge-os/genode/build/x86_64/qt6/base/src/gui/CMakeFiles/Gui.dir/compiler_depend.internal".
Dependencies file "src/gui/CMakeFiles/Gui.dir/kernel/qplatformservices.cpp.o.d" is newer than depends file "/home/luke/sponge-os/genode/build/x86_64/qt6/base/src/gui/CMakeFiles/Gui.dir/compiler_depend.internal".
Dependencies file "src/gui/CMakeFiles/Gui.dir/kernel/qplatformsessionmanager.cpp.o.d" is newer than depends file "/home/luke/sponge-os/genode/build/x86_64/qt6/base/src/gui/CMakeFiles/Gui.dir/compiler_depend.internal".
Dependencies file "src/gui/CMakeFiles/Gui.dir/kernel/qplatformsharedgraphicscache.cpp.o.d" is newer than depends file "/home/luke/sponge-os/genode/build/x86_64/qt6/base/src/gui/CMakeFiles/Gui.dir/compiler_depend.internal".
Dependencies file "src/gui/CMakeFiles/Gui.dir/kernel/qplatformsurface.cpp.o.d" is newer than depends file "/home/luke/sponge-os/genode/build/x86_64/qt6/base/src/gui/CMakeFiles/Gui.dir/compiler_depend.internal".
Dependencies file "src/gui/CMakeFiles/Gui.dir/kernel/qplatformsystemtrayicon.cpp.o.d" is newer than depends file "/home/luke/sponge-os/genode/build/x86_64/qt6/base/src/gui/CMakeFiles/Gui.dir/compiler_depend.internal".
Dependencies file "src/gui/CMakeFiles/Gui.dir/kernel/qplatformtheme.cpp.o.d" is newer than depends file "/home/luke/sponge-os/genode/build/x86_64/qt6/base/src/gui/CMakeFiles/Gui.dir/compiler_depend.internal".
Dependencies file "src/gui/CMakeFiles/Gui.dir/kernel/qplatformthemefactory.cpp.o.d" is newer than depends file "/home/luke/sponge-os/genode/build/x86_64/qt6/base/src/gui/CMakeFiles/Gui.dir/compiler_depend.internal".
Dependencies file "src/gui/CMakeFiles/Gui.dir/kernel/qplatformthemeplugin.cpp.o.d" is newer than depends file "/home/luke/sponge-os/genode/build/x86_64/qt6/base/src/gui/CMakeFiles/Gui.dir/compiler_depend.internal".
Dependencies file "src/gui/CMakeFiles/Gui.dir/kernel/qplatformwindow.cpp.o.d" is newer than depends file "/home/luke/sponge-os/genode/build/x86_64/qt6/base/src/gui/CMakeFiles/Gui.dir/compiler_depend.internal".
Dependencies file "src/gui/CMakeFiles/Gui.dir/kernel/qpointingdevice.cpp.o.d" is newer than depends file "/home/luke/sponge-os/genode/build/x86_64/qt6/base/src/gui/CMakeFiles/Gui.dir/compiler_depend.internal".
Dependencies file "src/gui/CMakeFiles/Gui.dir/kernel/qrasterwindow.cpp.o.d" is newer than depends file "/home/luke/sponge-os/genode/build/x86_64/qt6/base/src/gui/CMakeFiles/Gui.dir/compiler_depend.internal".
Dependencies file "src/gui/CMakeFiles/Gui.dir/kernel/qscreen.cpp.o.d" is newer than depends file "/home/luke/sponge-os/genode/build/x86_64/qt6/base/src/gui/CMakeFiles/Gui.dir/compiler_depend.internal".
Dependencies file "src/gui/CMakeFiles/Gui.dir/kernel/qsessionmanager.cpp.o.d" is newer than depends file "/home/luke/sponge-os/genode/build/x86_64/qt6/base/src/gui/CMakeFiles/Gui.dir/compiler_depend.internal".
Dependencies file "src/gui/CMakeFiles/Gui.dir/kernel/qshapedpixmapdndwindow.cpp.o.d" is newer than depends file "/home/luke/sponge-os/genode/build/x86_64/qt6/base/src/gui/CMakeFiles/Gui.dir/compiler_depend.internal".
Dependencies file "src/gui/CMakeFiles/Gui.dir/kernel/qshortcut.cpp.o.d" is newer than depends file "/home/luke/sponge-os/genode/build/x86_64/qt6/base/src/gui/CMakeFiles/Gui.dir/compiler_depend.internal".
Dependencies file "src/gui/CMakeFiles/Gui.dir/kernel/qshortcutmap.cpp.o.d" is newer than depends file "/home/luke/sponge-os/genode/build/x86_64/qt6/base/src/gui/CMakeFiles/Gui.dir/compiler_depend.internal".
Dependencies file "src/gui/CMakeFiles/Gui.dir/kernel/qsimpledrag.cpp.o.d" is newer than depends file "/home/luke/sponge-os/genode/build/x86_64/qt6/base/src/gui/CMakeFiles/Gui.dir/compiler_depend.internal".
Dependencies file "src/gui/CMakeFiles/Gui.dir/kernel/qstylehints.cpp.o.d" is newer than depends file "/home/luke/sponge-os/genode/build/x86_64/qt6/base/src/gui/CMakeFiles/Gui.dir/compiler_depend.internal".
Dependencies file "src/gui/CMakeFiles/Gui.dir/kernel/qsurface.cpp.o.d" is newer than depends file "/home/luke/sponge-os/genode/build/x86_64/qt6/base/src/gui/CMakeFiles/Gui.dir/compiler_depend.internal".
Dependencies file "src/gui/CMakeFiles/Gui.dir/kernel/qsurfaceformat.cpp.o.d" is newer than depends file "/home/luke/sponge-os/genode/build/x86_64/qt6/base/src/gui/CMakeFiles/Gui.dir/compiler_depend.internal".
Dependencies file "src/gui/CMakeFiles/Gui.dir/kernel/qtestsupport_gui.cpp.o.d" is newer than depends file "/home/luke/sponge-os/genode/build/x86_64/qt6/base/src/gui/CMakeFiles/Gui.dir/compiler_depend.internal".
Dependencies file "src/gui/CMakeFiles/Gui.dir/kernel/qwindow.cpp.o.d" is newer than depends file "/home/luke/sponge-os/genode/build/x86_64/qt6/base/src/gui/CMakeFiles/Gui.dir/compiler_depend.internal".
Dependencies file "src/gui/CMakeFiles/Gui.dir/kernel/qwindowsysteminterface.cpp.o.d" is newer than depends file "/home/luke/sponge-os/genode/build/x86_64/qt6/base/src/gui/CMakeFiles/Gui.dir/compiler_depend.internal".
Dependencies file "src/gui/CMakeFiles/Gui.dir/math3d/qgenericmatrix.cpp.o.d" is newer than depends file "/home/luke/sponge-os/genode/build/x86_64/qt6/base/src/gui/CMakeFiles/Gui.dir/compiler_depend.internal".
Dependencies file "src/gui/CMakeFiles/Gui.dir/math3d/qmatrix4x4.cpp.o.d" is newer than depends file "/home/luke/sponge-os/genode/build/x86_64/qt6/base/src/gui/CMakeFiles/Gui.dir/compiler_depend.internal".
Dependencies file "src/gui/CMakeFiles/Gui.dir/math3d/qquaternion.cpp.o.d" is newer than depends file "/home/luke/sponge-os/genode/build/x86_64/qt6/base/src/gui/CMakeFiles/Gui.dir/compiler_depend.internal".
Dependencies file "src/gui/CMakeFiles/Gui.dir/math3d/qvectornd.cpp.o.d" is newer than depends file "/home/luke/sponge-os/genode/build/x86_64/qt6/base/src/gui/CMakeFiles/Gui.dir/compiler_depend.internal".
Dependencies file "src/gui/CMakeFiles/Gui.dir/opengl/platform/egl/qeglconvenience.cpp.o.d" is newer than depends file "/home/luke/sponge-os/genode/build/x86_64/qt6/base/src/gui/CMakeFiles/Gui.dir/compiler_depend.internal".
Dependencies file "src/gui/CMakeFiles/Gui.dir/opengl/platform/egl/qeglpbuffer.cpp.o.d" is newer than depends file "/home/luke/sponge-os/genode/build/x86_64/qt6/base/src/gui/CMakeFiles/Gui.dir/compiler_depend.internal".
Dependencies file "src/gui/CMakeFiles/Gui.dir/opengl/platform/egl/qeglplatformcontext.cpp.o.d" is newer than depends file "/home/luke/sponge-os/genode/build/x86_64/qt6/base/src/gui/CMakeFiles/Gui.dir/compiler_depend.internal".
Dependencies file "src/gui/CMakeFiles/Gui.dir/opengl/platform/egl/qeglstreamconvenience.cpp.o.d" is newer than depends file "/home/luke/sponge-os/genode/build/x86_64/qt6/base/src/gui/CMakeFiles/Gui.dir/compiler_depend.internal".
Dependencies file "src/gui/CMakeFiles/Gui.dir/opengl/qopengl.cpp.o.d" is newer than depends file "/home/luke/sponge-os/genode/build/x86_64/qt6/base/src/gui/CMakeFiles/Gui.dir/compiler_depend.internal".
Dependencies file "src/gui/CMakeFiles/Gui.dir/opengl/qopenglfunctions.cpp.o.d" is newer than depends file "/home/luke/sponge-os/genode/build/x86_64/qt6/base/src/gui/CMakeFiles/Gui.dir/compiler_depend.internal".
Dependencies file "src/gui/CMakeFiles/Gui.dir/opengl/qopenglprogrambinarycache.cpp.o.d" is newer than depends file "/home/luke/sponge-os/genode/build/x86_64/qt6/base/src/gui/CMakeFiles/Gui.dir/compiler_depend.internal".
Dependencies file "src/gui/CMakeFiles/Gui.dir/painting/qbackingstore.cpp.o.d" is newer than depends file "/home/luke/sponge-os/genode/build/x86_64/qt6/base/src/gui/CMakeFiles/Gui.dir/compiler_depend.internal".
Dependencies file "src/gui/CMakeFiles/Gui.dir/painting/qbackingstoredefaultcompositor.cpp.o.d" is newer than depends file "/home/luke/sponge-os/genode/build/x86_64/qt6/base/src/gui/CMakeFiles/Gui.dir/compiler_depend.internal".
Dependencies file "src/gui/CMakeFiles/Gui.dir/painting/qbackingstorerhisupport.cpp.o.d" is newer than depends file "/home/luke/sponge-os/genode/build/x86_64/qt6/base/src/gui/CMakeFiles/Gui.dir/compiler_depend.internal".
Dependencies file "src/gui/CMakeFiles/Gui.dir/painting/qbezier.cpp.o.d" is newer than depends file "/home/luke/sponge-os/genode/build/x86_64/qt6/base/src/gui/CMakeFiles/Gui.dir/compiler_depend.internal".
Dependencies file "src/gui/CMakeFiles/Gui.dir/painting/qblendfunctions.cpp.o.d" is newer than depends file "/home/luke/sponge-os/genode/build/x86_64/qt6/base/src/gui/CMakeFiles/Gui.dir/compiler_depend.internal".
Dependencies file "src/gui/CMakeFiles/Gui.dir/painting/qblittable.cpp.o.d" is newer than depends file "/home/luke/sponge-os/genode/build/x86_64/qt6/base/src/gui/CMakeFiles/Gui.dir/compiler_depend.internal".
Dependencies file "src/gui/CMakeFiles/Gui.dir/painting/qbrush.cpp.o.d" is newer than depends file "/home/luke/sponge-os/genode/build/x86_64/qt6/base/src/gui/CMakeFiles/Gui.dir/compiler_depend.internal".
Dependencies file "src/gui/CMakeFiles/Gui.dir/painting/qcolor.cpp.o.d" is newer than depends file "/home/luke/sponge-os/genode/build/x86_64/qt6/base/src/gui/CMakeFiles/Gui.dir/compiler_depend.internal".
Dependencies file "src/gui/CMakeFiles/Gui.dir/painting/qcolorspace.cpp.o.d" is newer than depends file "/home/luke/sponge-os/genode/build/x86_64/qt6/base/src/gui/CMakeFiles/Gui.dir/compiler_depend.internal".
Dependencies file "src/gui/CMakeFiles/Gui.dir/painting/qcolortransform.cpp.o.d" is newer than depends file "/home/luke/sponge-os/genode/build/x86_64/qt6/base/src/gui/CMakeFiles/Gui.dir/compiler_depend.internal".
Dependencies file "src/gui/CMakeFiles/Gui.dir/painting/qcolortrclut.cpp.o.d" is newer than depends file "/home/luke/sponge-os/genode/build/x86_64/qt6/base/src/gui/CMakeFiles/Gui.dir/compiler_depend.internal".
Dependencies file "src/gui/CMakeFiles/Gui.dir/painting/qcompositionfunctions.cpp.o.d" is newer than depends file "/home/luke/sponge-os/genode/build/x86_64/qt6/base/src/gui/CMakeFiles/Gui.dir/compiler_depend.internal".
Dependencies file "src/gui/CMakeFiles/Gui.dir/painting/qcosmeticstroker.cpp.o.d" is newer than depends file "/home/luke/sponge-os/genode/build/x86_64/qt6/base/src/gui/CMakeFiles/Gui.dir/compiler_depend.internal".
Dependencies file "src/gui/CMakeFiles/Gui.dir/painting/qcssutil.cpp.o.d" is newer than depends file "/home/luke/sponge-os/genode/build/x86_64/qt6/base/src/gui/CMakeFiles/Gui.dir/compiler_depend.internal".
Dependencies file "src/gui/CMakeFiles/Gui.dir/painting/qdrawhelper.cpp.o.d" is newer than depends file "/home/luke/sponge-os/genode/build/x86_64/qt6/base/src/gui/CMakeFiles/Gui.dir/compiler_depend.internal".
Dependencies file "src/gui/CMakeFiles/Gui.dir/painting/qdrawhelper_avx2.cpp.o.d" is newer than depends file "/home/luke/sponge-os/genode/build/x86_64/qt6/base/src/gui/CMakeFiles/Gui.dir/compiler_depend.internal".
Dependencies file "src/gui/CMakeFiles/Gui.dir/painting/qdrawhelper_sse2.cpp.o.d" is newer than depends file "/home/luke/sponge-os/genode/build/x86_64/qt6/base/src/gui/CMakeFiles/Gui.dir/compiler_depend.internal".
Dependencies file "src/gui/CMakeFiles/Gui.dir/painting/qdrawhelper_sse4.cpp.o.d" is newer than depends file "/home/luke/sponge-os/genode/build/x86_64/qt6/base/src/gui/CMakeFiles/Gui.dir/compiler_depend.internal".
Dependencies file "src/gui/CMakeFiles/Gui.dir/painting/qdrawhelper_ssse3.cpp.o.d" is newer than depends file "/home/luke/sponge-os/genode/build/x86_64/qt6/base/src/gui/CMakeFiles/Gui.dir/compiler_depend.internal".
Dependencies file "src/gui/CMakeFiles/Gui.dir/painting/qemulationpaintengine.cpp.o.d" is newer than depends file "/home/luke/sponge-os/genode/build/x86_64/qt6/base/src/gui/CMakeFiles/Gui.dir/compiler_depend.internal".
Dependencies file "src/gui/CMakeFiles/Gui.dir/painting/qicc.cpp.o.d" is newer than depends file "/home/luke/sponge-os/genode/build/x86_64/qt6/base/src/gui/CMakeFiles/Gui.dir/compiler_depend.internal".
Dependencies file "src/gui/CMakeFiles/Gui.dir/painting/qimageeffects.cpp.o.d" is newer than depends file "/home/luke/sponge-os/genode/build/x86_64/qt6/base/src/gui/CMakeFiles/Gui.dir/compiler_depend.internal".
Dependencies file "src/gui/CMakeFiles/Gui.dir/painting/qimagescale.cpp.o.d" is newer than depends file "/home/luke/sponge-os/genode/build/x86_64/qt6/base/src/gui/CMakeFiles/Gui.dir/compiler_depend.internal".
Dependencies file "src/gui/CMakeFiles/Gui.dir/painting/qimagescale_sse4.cpp.o.d" is newer than depends file "/home/luke/sponge-os/genode/build/x86_64/qt6/base/src/gui/CMakeFiles/Gui.dir/compiler_depend.internal".
Dependencies file "src/gui/CMakeFiles/Gui.dir/painting/qmemrotate.cpp.o.d" is newer than depends file "/home/luke/sponge-os/genode/build/x86_64/qt6/base/src/gui/CMakeFiles/Gui.dir/compiler_depend.internal".
Dependencies file "src/gui/CMakeFiles/Gui.dir/painting/qoutlinemapper.cpp.o.d" is newer than depends file "/home/luke/sponge-os/genode/build/x86_64/qt6/base/src/gui/CMakeFiles/Gui.dir/compiler_depend.internal".
Dependencies file "src/gui/CMakeFiles/Gui.dir/painting/qpagedpaintdevice.cpp.o.d" is newer than depends file "/home/luke/sponge-os/genode/build/x86_64/qt6/base/src/gui/CMakeFiles/Gui.dir/compiler_depend.internal".
Dependencies file "src/gui/CMakeFiles/Gui.dir/painting/qpagelayout.cpp.o.d" is newer than depends file "/home/luke/sponge-os/genode/build/x86_64/qt6/base/src/gui/CMakeFiles/Gui.dir/compiler_depend.internal".
Dependencies file "src/gui/CMakeFiles/Gui.dir/painting/qpageranges.cpp.o.d" is newer than depends file "/home/luke/sponge-os/genode/build/x86_64/qt6/base/src/gui/CMakeFiles/Gui.dir/compiler_depend.internal".
Dependencies file "src/gui/CMakeFiles/Gui.dir/painting/qpagesize.cpp.o.d" is newer than depends file "/home/luke/sponge-os/genode/build/x86_64/qt6/base/src/gui/CMakeFiles/Gui.dir/compiler_depend.internal".
Dependencies file "src/gui/CMakeFiles/Gui.dir/painting/qpaintdevice.cpp.o.d" is newer than depends file "/home/luke/sponge-os/genode/build/x86_64/qt6/base/src/gui/CMakeFiles/Gui.dir/compiler_depend.internal".
Dependencies file "src/gui/CMakeFiles/Gui.dir/painting/qpaintengine.cpp.o.d" is newer than depends file "/home/luke/sponge-os/genode/build/x86_64/qt6/base/src/gui/CMakeFiles/Gui.dir/compiler_depend.internal".
Dependencies file "src/gui/CMakeFiles/Gui.dir/painting/qpaintengine_blitter.cpp.o.d" is newer than depends file "/home/luke/sponge-os/genode/build/x86_64/qt6/base/src/gui/CMakeFiles/Gui.dir/compiler_depend.internal".
Dependencies file "src/gui/CMakeFiles/Gui.dir/painting/qpaintengine_raster.cpp.o.d" is newer than depends file "/home/luke/sponge-os/genode/build/x86_64/qt6/base/src/gui/CMakeFiles/Gui.dir/compiler_depend.internal".
Dependencies file "src/gui/CMakeFiles/Gui.dir/painting/qpaintengineex.cpp.o.d" is newer than depends file "/home/luke/sponge-os/genode/build/x86_64/qt6/base/src/gui/CMakeFiles/Gui.dir/compiler_depend.internal".
Dependencies file "src/gui/CMakeFiles/Gui.dir/painting/qpainter.cpp.o.d" is newer than depends file "/home/luke/sponge-os/genode/build/x86_64/qt6/base/src/gui/CMakeFiles/Gui.dir/compiler_depend.internal".
Dependencies file "src/gui/CMakeFiles/Gui.dir/painting/qpainterpath.cpp.o.d" is newer than depends file "/home/luke/sponge-os/genode/build/x86_64/qt6/base/src/gui/CMakeFiles/Gui.dir/compiler_depend.internal".
Dependencies file "src/gui/CMakeFiles/Gui.dir/painting/qpathclipper.cpp.o.d" is newer than depends file "/home/luke/sponge-os/genode/build/x86_64/qt6/base/src/gui/CMakeFiles/Gui.dir/compiler_depend.internal".
Dependencies file "src/gui/CMakeFiles/Gui.dir/painting/qpathsimplifier.cpp.o.d" is newer than depends file "/home/luke/sponge-os/genode/build/x86_64/qt6/base/src/gui/CMakeFiles/Gui.dir/compiler_depend.internal".
Dependencies file "src/gui/CMakeFiles/Gui.dir/painting/qpdf.cpp.o.d" is newer than depends file "/home/luke/sponge-os/genode/build/x86_64/qt6/base/src/gui/CMakeFiles/Gui.dir/compiler_depend.internal".
Dependencies file "src/gui/CMakeFiles/Gui.dir/painting/qpdfoutputintent.cpp.o.d" is newer than depends file "/home/luke/sponge-os/genode/build/x86_64/qt6/base/src/gui/CMakeFiles/Gui.dir/compiler_depend.internal".
Dependencies file "src/gui/CMakeFiles/Gui.dir/painting/qpdfwriter.cpp.o.d" is newer than depends file "/home/luke/sponge-os/genode/build/x86_64/qt6/base/src/gui/CMakeFiles/Gui.dir/compiler_depend.internal".
Dependencies file "src/gui/CMakeFiles/Gui.dir/painting/qpen.cpp.o.d" is newer than depends file "/home/luke/sponge-os/genode/build/x86_64/qt6/base/src/gui/CMakeFiles/Gui.dir/compiler_depend.internal".
Dependencies file "src/gui/CMakeFiles/Gui.dir/painting/qpixellayout.cpp.o.d" is newer than depends file "/home/luke/sponge-os/genode/build/x86_64/qt6/base/src/gui/CMakeFiles/Gui.dir/compiler_depend.internal".
Dependencies file "src/gui/CMakeFiles/Gui.dir/painting/qplatformbackingstore.cpp.o.d" is newer than depends file "/home/luke/sponge-os/genode/build/x86_64/qt6/base/src/gui/CMakeFiles/Gui.dir/compiler_depend.internal".
Dependencies file "src/gui/CMakeFiles/Gui.dir/painting/qpolygon.cpp.o.d" is newer than depends file "/home/luke/sponge-os/genode/build/x86_64/qt6/base/src/gui/CMakeFiles/Gui.dir/compiler_depend.internal".
Dependencies file "src/gui/CMakeFiles/Gui.dir/painting/qrasterizer.cpp.o.d" is newer than depends file "/home/luke/sponge-os/genode/build/x86_64/qt6/base/src/gui/CMakeFiles/Gui.dir/compiler_depend.internal".
Dependencies file "src/gui/CMakeFiles/Gui.dir/painting/qregion.cpp.o.d" is newer than depends file "/home/luke/sponge-os/genode/build/x86_64/qt6/base/src/gui/CMakeFiles/Gui.dir/compiler_depend.internal".
Dependencies file "src/gui/CMakeFiles/Gui.dir/painting/qstroker.cpp.o.d" is newer than depends file "/home/luke/sponge-os/genode/build/x86_64/qt6/base/src/gui/CMakeFiles/Gui.dir/compiler_depend.internal".
Dependencies file "src/gui/CMakeFiles/Gui.dir/painting/qtextureglyphcache.cpp.o.d" is newer than depends file "/home/luke/sponge-os/genode/build/x86_64/qt6/base/src/gui/CMakeFiles/Gui.dir/compiler_depend.internal".
Dependencies file "src/gui/CMakeFiles/Gui.dir/painting/qtransform.cpp.o.d" is newer than depends file "/home/luke/sponge-os/genode/build/x86_64/qt6/base/src/gui/CMakeFiles/Gui.dir/compiler_depend.internal".
Dependencies file "src/gui/CMakeFiles/Gui.dir/painting/qtriangulatingstroker.cpp.o.d" is newer than depends file "/home/luke/sponge-os/genode/build/x86_64/qt6/base/src/gui/CMakeFiles/Gui.dir/compiler_depend.internal".
Dependencies file "src/gui/CMakeFiles/Gui.dir/painting/qtriangulator.cpp.o.d" is newer than depends file "/home/luke/sponge-os/genode/build/x86_64/qt6/base/src/gui/CMakeFiles/Gui.dir/compiler_depend.internal".
Dependencies file "src/gui/CMakeFiles/Gui.dir/platform/unix/qgenericunixeventdispatcher.cpp.o.d" is newer than depends file "/home/luke/sponge-os/genode/build/x86_64/qt6/base/src/gui/CMakeFiles/Gui.dir/compiler_depend.internal".
Dependencies file "src/gui/CMakeFiles/Gui.dir/platform/unix/qgenericunixservices.cpp.o.d" is newer than depends file "/home/luke/sponge-os/genode/build/x86_64/qt6/base/src/gui/CMakeFiles/Gui.dir/compiler_depend.internal".
Dependencies file "src/gui/CMakeFiles/Gui.dir/platform/unix/qgenericunixthemes.cpp.o.d" is newer than depends file "/home/luke/sponge-os/genode/build/x86_64/qt6/base/src/gui/CMakeFiles/Gui.dir/compiler_depend.internal".
Dependencies file "src/gui/CMakeFiles/Gui.dir/platform/unix/qunixeventdispatcher.cpp.o.d" is newer than depends file "/home/luke/sponge-os/genode/build/x86_64/qt6/base/src/gui/CMakeFiles/Gui.dir/compiler_depend.internal".
Dependencies file "src/gui/CMakeFiles/Gui.dir/platform/unix/qunixnativeinterface.cpp.o.d" is newer than depends file "/home/luke/sponge-os/genode/build/x86_64/qt6/base/src/gui/CMakeFiles/Gui.dir/compiler_depend.internal".
Dependencies file "src/gui/CMakeFiles/Gui.dir/rhi/qrhi.cpp.o.d" is newer than depends file "/home/luke/sponge-os/genode/build/x86_64/qt6/base/src/gui/CMakeFiles/Gui.dir/compiler_depend.internal".
Dependencies file "src/gui/CMakeFiles/Gui.dir/rhi/qrhigles2.cpp.o.d" is newer than depends file "/home/luke/sponge-os/genode/build/x86_64/qt6/base/src/gui/CMakeFiles/Gui.dir/compiler_depend.internal".
Dependencies file "src/gui/CMakeFiles/Gui.dir/rhi/qrhinull.cpp.o.d" is newer than depends file "/home/luke/sponge-os/genode/build/x86_64/qt6/base/src/gui/CMakeFiles/Gui.dir/compiler_depend.internal".
Dependencies file "src/gui/CMakeFiles/Gui.dir/rhi/qshader.cpp.o.d" is newer than depends file "/home/luke/sponge-os/genode/build/x86_64/qt6/base/src/gui/CMakeFiles/Gui.dir/compiler_depend.internal".
Dependencies file "src/gui/CMakeFiles/Gui.dir/rhi/qshaderdescription.cpp.o.d" is newer than depends file "/home/luke/sponge-os/genode/build/x86_64/qt6/base/src/gui/CMakeFiles/Gui.dir/compiler_depend.internal".
Dependencies file "src/gui/CMakeFiles/Gui.dir/text/freetype/qfontengine_ft.cpp.o.d" is newer than depends file "/home/luke/sponge-os/genode/build/x86_64/qt6/base/src/gui/CMakeFiles/Gui.dir/compiler_depend.internal".
Dependencies file "src/gui/CMakeFiles/Gui.dir/text/freetype/qfreetypefontdatabase.cpp.o.d" is newer than depends file "/home/luke/sponge-os/genode/build/x86_64/qt6/base/src/gui/CMakeFiles/Gui.dir/compiler_depend.internal".
Dependencies file "src/gui/CMakeFiles/Gui.dir/text/qabstracttextdocumentlayout.cpp.o.d" is newer than depends file "/home/luke/sponge-os/genode/build/x86_64/qt6/base/src/gui/CMakeFiles/Gui.dir/compiler_depend.internal".
Dependencies file "src/gui/CMakeFiles/Gui.dir/text/qcssparser.cpp.o.d" is newer than depends file "/home/luke/sponge-os/genode/build/x86_64/qt6/base/src/gui/CMakeFiles/Gui.dir/compiler_depend.internal".
Dependencies file "src/gui/CMakeFiles/Gui.dir/text/qdistancefield.cpp.o.d" is newer than depends file "/home/luke/sponge-os/genode/build/x86_64/qt6/base/src/gui/CMakeFiles/Gui.dir/compiler_depend.internal".
Dependencies file "src/gui/CMakeFiles/Gui.dir/text/qfont.cpp.o.d" is newer than depends file "/home/luke/sponge-os/genode/build/x86_64/qt6/base/src/gui/CMakeFiles/Gui.dir/compiler_depend.internal".
Dependencies file "src/gui/CMakeFiles/Gui.dir/text/qfontdatabase.cpp.o.d" is newer than depends file "/home/luke/sponge-os/genode/build/x86_64/qt6/base/src/gui/CMakeFiles/Gui.dir/compiler_depend.internal".
Dependencies file "src/gui/CMakeFiles/Gui.dir/text/qfontengine.cpp.o.d" is newer than depends file "/home/luke/sponge-os/genode/build/x86_64/qt6/base/src/gui/CMakeFiles/Gui.dir/compiler_depend.internal".
Dependencies file "src/gui/CMakeFiles/Gui.dir/text/qfontengineglyphcache.cpp.o.d" is newer than depends file "/home/luke/sponge-os/genode/build/x86_64/qt6/base/src/gui/CMakeFiles/Gui.dir/compiler_depend.internal".
Dependencies file "src/gui/CMakeFiles/Gui.dir/text/qfontmetrics.cpp.o.d" is newer than depends file "/home/luke/sponge-os/genode/build/x86_64/qt6/base/src/gui/CMakeFiles/Gui.dir/compiler_depend.internal".
Dependencies file "src/gui/CMakeFiles/Gui.dir/text/qfontsubset.cpp.o.d" is newer than depends file "/home/luke/sponge-os/genode/build/x86_64/qt6/base/src/gui/CMakeFiles/Gui.dir/compiler_depend.internal".
Dependencies file "src/gui/CMakeFiles/Gui.dir/text/qfragmentmap.cpp.o.d" is newer than depends file "/home/luke/sponge-os/genode/build/x86_64/qt6/base/src/gui/CMakeFiles/Gui.dir/compiler_depend.internal".
Dependencies file "src/gui/CMakeFiles/Gui.dir/text/qglyphrun.cpp.o.d" is newer than depends file "/home/luke/sponge-os/genode/build/x86_64/qt6/base/src/gui/CMakeFiles/Gui.dir/compiler_depend.internal".
Dependencies file "src/gui/CMakeFiles/Gui.dir/text/qharfbuzzng.cpp.o.d" is newer than depends file "/home/luke/sponge-os/genode/build/x86_64/qt6/base/src/gui/CMakeFiles/Gui.dir/compiler_depend.internal".
Dependencies file "src/gui/CMakeFiles/Gui.dir/text/qinputcontrol.cpp.o.d" is newer than depends file "/home/luke/sponge-os/genode/build/x86_64/qt6/base/src/gui/CMakeFiles/Gui.dir/compiler_depend.internal".
Dependencies file "src/gui/CMakeFiles/Gui.dir/text/qplatformfontdatabase.cpp.o.d" is newer than depends file "/home/luke/sponge-os/genode/build/x86_64/qt6/base/src/gui/CMakeFiles/Gui.dir/compiler_depend.internal".
Dependencies file "src/gui/CMakeFiles/Gui.dir/text/qrawfont.cpp.o.d" is newer than depends file "/home/luke/sponge-os/genode/build/x86_64/qt6/base/src/gui/CMakeFiles/Gui.dir/compiler_depend.internal".
Dependencies file "src/gui/CMakeFiles/Gui.dir/text/qstatictext.cpp.o.d" is newer than depends file "/home/luke/sponge-os/genode/build/x86_64/qt6/base/src/gui/CMakeFiles/Gui.dir/compiler_depend.internal".
Dependencies file "src/gui/CMakeFiles/Gui.dir/text/qsyntaxhighlighter.cpp.o.d" is newer than depends file "/home/luke/sponge-os/genode/build/x86_64/qt6/base/src/gui/CMakeFiles/Gui.dir/compiler_depend.internal".
Dependencies file "src/gui/CMakeFiles/Gui.dir/text/qtextcursor.cpp.o.d" is newer than depends file "/home/luke/sponge-os/genode/build/x86_64/qt6/base/src/gui/CMakeFiles/Gui.dir/compiler_depend.internal".
Dependencies file "src/gui/CMakeFiles/Gui.dir/text/qtextdocument.cpp.o.d" is newer than depends file "/home/luke/sponge-os/genode/build/x86_64/qt6/base/src/gui/CMakeFiles/Gui.dir/compiler_depend.internal".
Dependencies file "src/gui/CMakeFiles/Gui.dir/text/qtextdocument_p.cpp.o.d" is newer than depends file "/home/luke/sponge-os/genode/build/x86_64/qt6/base/src/gui/CMakeFiles/Gui.dir/compiler_depend.internal".
Dependencies file "src/gui/CMakeFiles/Gui.dir/text/qtextdocumentfragment.cpp.o.d" is newer than depends file "/home/luke/sponge-os/genode/build/x86_64/qt6/base/src/gui/CMakeFiles/Gui.dir/compiler_depend.internal".
Dependencies file "src/gui/CMakeFiles/Gui.dir/text/qtextdocumentlayout.cpp.o.d" is newer than depends file "/home/luke/sponge-os/genode/build/x86_64/qt6/base/src/gui/CMakeFiles/Gui.dir/compiler_depend.internal".
Dependencies file "src/gui/CMakeFiles/Gui.dir/text/qtextdocumentwriter.cpp.o.d" is newer than depends file "/home/luke/sponge-os/genode/build/x86_64/qt6/base/src/gui/CMakeFiles/Gui.dir/compiler_depend.internal".
Dependencies file "src/gui/CMakeFiles/Gui.dir/text/qtextengine.cpp.o.d" is newer than depends file "/home/luke/sponge-os/genode/build/x86_64/qt6/base/src/gui/CMakeFiles/Gui.dir/compiler_depend.internal".
Dependencies file "src/gui/CMakeFiles/Gui.dir/text/qtextformat.cpp.o.d" is newer than depends file "/home/luke/sponge-os/genode/build/x86_64/qt6/base/src/gui/CMakeFiles/Gui.dir/compiler_depend.internal".
Dependencies file "src/gui/CMakeFiles/Gui.dir/text/qtexthtmlparser.cpp.o.d" is newer than depends file "/home/luke/sponge-os/genode/build/x86_64/qt6/base/src/gui/CMakeFiles/Gui.dir/compiler_depend.internal".
Dependencies file "src/gui/CMakeFiles/Gui.dir/text/qtextimagehandler.cpp.o.d" is newer than depends file "/home/luke/sponge-os/genode/build/x86_64/qt6/base/src/gui/CMakeFiles/Gui.dir/compiler_depend.internal".
Dependencies file "src/gui/CMakeFiles/Gui.dir/text/qtextlayout.cpp.o.d" is newer than depends file "/home/luke/sponge-os/genode/build/x86_64/qt6/base/src/gui/CMakeFiles/Gui.dir/compiler_depend.internal".
Dependencies file "src/gui/CMakeFiles/Gui.dir/text/qtextlist.cpp.o.d" is newer than depends file "/home/luke/sponge-os/genode/build/x86_64/qt6/base/src/gui/CMakeFiles/Gui.dir/compiler_depend.internal".
Dependencies file "src/gui/CMakeFiles/Gui.dir/text/qtextobject.cpp.o.d" is newer than depends file "/home/luke/sponge-os/genode/build/x86_64/qt6/base/src/gui/CMakeFiles/Gui.dir/compiler_depend.internal".
Dependencies file "src/gui/CMakeFiles/Gui.dir/text/qtextodfwriter.cpp.o.d" is newer than depends file "/home/luke/sponge-os/genode/build/x86_64/qt6/base/src/gui/CMakeFiles/Gui.dir/compiler_depend.internal".
Dependencies file "src/gui/CMakeFiles/Gui.dir/text/qtextoption.cpp.o.d" is newer than depends file "/home/luke/sponge-os/genode/build/x86_64/qt6/base/src/gui/CMakeFiles/Gui.dir/compiler_depend.internal".
Dependencies file "src/gui/CMakeFiles/Gui.dir/text/qtexttable.cpp.o.d" is newer than depends file "/home/luke/sponge-os/genode/build/x86_64/qt6/base/src/gui/CMakeFiles/Gui.dir/compiler_depend.internal".
Dependencies file "src/gui/CMakeFiles/Gui.dir/util/qabstractlayoutstyleinfo.cpp.o.d" is newer than depends file "/home/luke/sponge-os/genode/build/x86_64/qt6/base/src/gui/CMakeFiles/Gui.dir/compiler_depend.internal".
Dependencies file "src/gui/CMakeFiles/Gui.dir/util/qastchandler.cpp.o.d" is newer than depends file "/home/luke/sponge-os/genode/build/x86_64/qt6/base/src/gui/CMakeFiles/Gui.dir/compiler_depend.internal".
Dependencies file "src/gui/CMakeFiles/Gui.dir/util/qdesktopservices.cpp.o.d" is newer than depends file "/home/luke/sponge-os/genode/build/x86_64/qt6/base/src/gui/CMakeFiles/Gui.dir/compiler_depend.internal".
Dependencies file "src/gui/CMakeFiles/Gui.dir/util/qedidparser.cpp.o.d" is newer than depends file "/home/luke/sponge-os/genode/build/x86_64/qt6/base/src/gui/CMakeFiles/Gui.dir/compiler_depend.internal".
Dependencies file "src/gui/CMakeFiles/Gui.dir/util/qgridlayoutengine.cpp.o.d" is newer than depends file "/home/luke/sponge-os/genode/build/x86_64/qt6/base/src/gui/CMakeFiles/Gui.dir/compiler_depend.internal".
Dependencies file "src/gui/CMakeFiles/Gui.dir/util/qktxhandler.cpp.o.d" is newer than depends file "/home/luke/sponge-os/genode/build/x86_64/qt6/base/src/gui/CMakeFiles/Gui.dir/compiler_depend.internal".
Dependencies file "src/gui/CMakeFiles/Gui.dir/util/qlayoutpolicy.cpp.o.d" is newer than depends file "/home/luke/sponge-os/genode/build/x86_64/qt6/base/src/gui/CMakeFiles/Gui.dir/compiler_depend.internal".
Dependencies file "src/gui/CMakeFiles/Gui.dir/util/qpkmhandler.cpp.o.d" is newer than depends file "/home/luke/sponge-os/genode/build/x86_64/qt6/base/src/gui/CMakeFiles/Gui.dir/compiler_depend.internal".
Dependencies file "src/gui/CMakeFiles/Gui.dir/util/qtexturefiledata.cpp.o.d" is newer than depends file "/home/luke/sponge-os/genode/build/x86_64/qt6/base/src/gui/CMakeFiles/Gui.dir/compiler_depend.internal".
Dependencies file "src/gui/CMakeFiles/Gui.dir/util/qtexturefilereader.cpp.o.d" is newer than depends file "/home/luke/sponge-os/genode/build/x86_64/qt6/base/src/gui/CMakeFiles/Gui.dir/compiler_depend.internal".
Dependencies file "src/gui/CMakeFiles/Gui.dir/util/qundogroup.cpp.o.d" is newer than depends file "/home/luke/sponge-os/genode/build/x86_64/qt6/base/src/gui/CMakeFiles/Gui.dir/compiler_depend.internal".
Dependencies file "src/gui/CMakeFiles/Gui.dir/util/qundostack.cpp.o.d" is newer than depends file "/home/luke/sponge-os/genode/build/x86_64/qt6/base/src/gui/CMakeFiles/Gui.dir/compiler_depend.internal".
Dependencies file "src/gui/CMakeFiles/Gui.dir/util/qvalidator.cpp.o.d" is newer than depends file "/home/luke/sponge-os/genode/build/x86_64/qt6/base/src/gui/CMakeFiles/Gui.dir/compiler_depend.internal".
[1m[35mConsolidate compiler generated dependencies of target Gui[0m
[ 56%] Built target Network
Dependencies file "src/plugins/tls/certonly/CMakeFiles/QTlsBackendCertOnlyPlugin.dir/QTlsBackendCertOnlyPlugin_autogen/mocs_compilation.cpp.o.d" is newer than depends file "/home/luke/sponge-os/genode/build/x86_64/qt6/base/src/plugins/tls/certonly/CMakeFiles/QTlsBackendCertOnlyPlugin.dir/compiler_depend.internal".
Dependencies file "src/plugins/tls/certonly/CMakeFiles/QTlsBackendCertOnlyPlugin.dir/__/shared/qasn1element.cpp.o.d" is newer than depends file "/home/luke/sponge-os/genode/build/x86_64/qt6/base/src/plugins/tls/certonly/CMakeFiles/QTlsBackendCertOnlyPlugin.dir/compiler_depend.internal".
Dependencies file "src/plugins/tls/certonly/CMakeFiles/QTlsBackendCertOnlyPlugin.dir/__/shared/qx509_base.cpp.o.d" is newer than depends file "/home/luke/sponge-os/genode/build/x86_64/qt6/base/src/plugins/tls/certonly/CMakeFiles/QTlsBackendCertOnlyPlugin.dir/compiler_depend.internal".
Dependencies file "src/plugins/tls/certonly/CMakeFiles/QTlsBackendCertOnlyPlugin.dir/__/shared/qx509_generic.cpp.o.d" is newer than depends file "/home/luke/sponge-os/genode/build/x86_64/qt6/base/src/plugins/tls/certonly/CMakeFiles/QTlsBackendCertOnlyPlugin.dir/compiler_depend.internal".
Dependencies file "src/plugins/tls/certonly/CMakeFiles/QTlsBackendCertOnlyPlugin.dir/qtlsbackend_cert.cpp.o.d" is newer than depends file "/home/luke/sponge-os/genode/build/x86_64/qt6/base/src/plugins/tls/certonly/CMakeFiles/QTlsBackendCertOnlyPlugin.dir/compiler_depend.internal".
[1m[35mConsolidate compiler generated dependencies of target QTlsBackendCertOnlyPlugin[0m
[ 57%] Built target QTlsBackendCertOnlyPlugin
[ 75%] Built target Gui
Dependencies file "src/platformsupport/fbconvenience/CMakeFiles/FbSupportPrivate.dir/FbSupportPrivate_autogen/mocs_compilation.cpp.o.d" is newer than depends file "/home/luke/sponge-os/genode/build/x86_64/qt6/base/src/platformsupport/fbconvenience/CMakeFiles/FbSupportPrivate.dir/compiler_depend.internal".
Dependencies file "src/platformsupport/fbconvenience/CMakeFiles/FbSupportPrivate.dir/qfbbackingstore.cpp.o.d" is newer than depends file "/home/luke/sponge-os/genode/build/x86_64/qt6/base/src/platformsupport/fbconvenience/CMakeFiles/FbSupportPrivate.dir/compiler_depend.internal".
Dependencies file "src/platformsupport/fbconvenience/CMakeFiles/FbSupportPrivate.dir/qfbcursor.cpp.o.d" is newer than depends file "/home/luke/sponge-os/genode/build/x86_64/qt6/base/src/platformsupport/fbconvenience/CMakeFiles/FbSupportPrivate.dir/compiler_depend.internal".
Dependencies file "src/platformsupport/fbconvenience/CMakeFiles/FbSupportPrivate.dir/qfbscreen.cpp.o.d" is newer than depends file "/home/luke/sponge-os/genode/build/x86_64/qt6/base/src/platformsupport/fbconvenience/CMakeFiles/FbSupportPrivate.dir/compiler_depend.internal".
Dependencies file "src/platformsupport/fbconvenience/CMakeFiles/FbSupportPrivate.dir/qfbvthandler.cpp.o.d" is newer than depends file "/home/luke/sponge-os/genode/build/x86_64/qt6/base/src/platformsupport/fbconvenience/CMakeFiles/FbSupportPrivate.dir/compiler_depend.internal".
Dependencies file "src/platformsupport/fbconvenience/CMakeFiles/FbSupportPrivate.dir/qfbwindow.cpp.o.d" is newer than depends file "/home/luke/sponge-os/genode/build/x86_64/qt6/base/src/platformsupport/fbconvenience/CMakeFiles/FbSupportPrivate.dir/compiler_depend.internal".
[1m[35mConsolidate compiler generated dependencies of target FbSupportPrivate[0m
[ 75%] Built target QJpegPlugin_autogen_timestamp_deps
[ 75%] Built target OpenGL_autogen_timestamp_deps
[ 75%] Built target QGenodeIntegrationPlugin_autogen_timestamp_deps
[ 75%] Built target Widgets_autogen_timestamp_deps
[ 75%] Built target QGifPlugin_autogen_timestamp_deps
[ 75%] Built target QICOPlugin_autogen_timestamp_deps
[ 75%] Built target QTuioTouchPlugin_autogen_timestamp_deps
Dependencies file "src/opengl/OpenGL_autogen/deps" is newer than depends file "/home/luke/sponge-os/genode/build/x86_64/qt6/base/src/opengl/CMakeFiles/OpenGL_autogen.dir/compiler_depend.internal".
Dependencies file "src/plugins/platforms/genode/QGenodeIntegrationPlugin_autogen/deps" is newer than depends file "/home/luke/sponge-os/genode/build/x86_64/qt6/base/src/plugins/platforms/genode/CMakeFiles/QGenodeIntegrationPlugin_autogen.dir/compiler_depend.internal".
[1m[35mConsolidate compiler generated dependencies of target OpenGL_autogen[0m
Dependencies file "src/widgets/Widgets_autogen/deps" is newer than depends file "/home/luke/sponge-os/genode/build/x86_64/qt6/base/src/widgets/CMakeFiles/Widgets_autogen.dir/compiler_depend.internal".
[1m[35mConsolidate compiler generated dependencies of target QGenodeIntegrationPlugin_autogen[0m
Dependencies file "src/plugins/imageformats/jpeg/QJpegPlugin_autogen/deps" is newer than depends file "/home/luke/sponge-os/genode/build/x86_64/qt6/base/src/plugins/imageformats/jpeg/CMakeFiles/QJpegPlugin_autogen.dir/compiler_depend.internal".
Dependencies file "src/plugins/generic/tuiotouch/QTuioTouchPlugin_autogen/deps" is newer than depends file "/home/luke/sponge-os/genode/build/x86_64/qt6/base/src/plugins/generic/tuiotouch/CMakeFiles/QTuioTouchPlugin_autogen.dir/compiler_depend.internal".
[1m[35mConsolidate compiler generated dependencies of target QJpegPlugin_autogen[0m
Dependencies file "src/plugins/imageformats/gif/QGifPlugin_autogen/deps" is newer than depends file "/home/luke/sponge-os/genode/build/x86_64/qt6/base/src/plugins/imageformats/gif/CMakeFiles/QGifPlugin_autogen.dir/compiler_depend.internal".
[1m[35mConsolidate compiler generated dependencies of target QTuioTouchPlugin_autogen[0m
[1m[35mConsolidate compiler generated dependencies of target Widgets_autogen[0m
[1m[35mConsolidate compiler generated dependencies of target QGifPlugin_autogen[0m
Dependencies file "src/plugins/imageformats/ico/QICOPlugin_autogen/deps" is newer than depends file "/home/luke/sponge-os/genode/build/x86_64/qt6/base/src/plugins/imageformats/ico/CMakeFiles/QICOPlugin_autogen.dir/compiler_depend.internal".
[1m[35mConsolidate compiler generated dependencies of target QICOPlugin_autogen[0m
[ 76%] Built target FbSupportPrivate
[ 76%] Built target QJpegPlugin_autogen
[ 76%] Built target QGifPlugin_autogen
[ 76%] Built target OpenGL_autogen
[ 76%] Built target QICOPlugin_autogen
[ 76%] Built target QGenodeIntegrationPlugin_autogen
[ 76%] Built target QTuioTouchPlugin_autogen
Dependencies file "src/plugins/imageformats/jpeg/CMakeFiles/QJpegPlugin.dir/QJpegPlugin_autogen/mocs_compilation.cpp.o.d" is newer than depends file "/home/luke/sponge-os/genode/build/x86_64/qt6/base/src/plugins/imageformats/jpeg/CMakeFiles/QJpegPlugin.dir/compiler_depend.internal".
Dependencies file "src/plugins/imageformats/jpeg/CMakeFiles/QJpegPlugin.dir/main.cpp.o.d" is newer than depends file "/home/luke/sponge-os/genode/build/x86_64/qt6/base/src/plugins/imageformats/jpeg/CMakeFiles/QJpegPlugin.dir/compiler_depend.internal".
Dependencies file "src/plugins/imageformats/gif/CMakeFiles/QGifPlugin.dir/QGifPlugin_autogen/mocs_compilation.cpp.o.d" is newer than depends file "/home/luke/sponge-os/genode/build/x86_64/qt6/base/src/plugins/imageformats/gif/CMakeFiles/QGifPlugin.dir/compiler_depend.internal".
Dependencies file "src/plugins/imageformats/gif/CMakeFiles/QGifPlugin.dir/main.cpp.o.d" is newer than depends file "/home/luke/sponge-os/genode/build/x86_64/qt6/base/src/plugins/imageformats/gif/CMakeFiles/QGifPlugin.dir/compiler_depend.internal".
Dependencies file "src/plugins/imageformats/jpeg/CMakeFiles/QJpegPlugin.dir/qjpeghandler.cpp.o.d" is newer than depends file "/home/luke/sponge-os/genode/build/x86_64/qt6/base/src/plugins/imageformats/jpeg/CMakeFiles/QJpegPlugin.dir/compiler_depend.internal".
Dependencies file "src/plugins/imageformats/gif/CMakeFiles/QGifPlugin.dir/qgifhandler.cpp.o.d" is newer than depends file "/home/luke/sponge-os/genode/build/x86_64/qt6/base/src/plugins/imageformats/gif/CMakeFiles/QGifPlugin.dir/compiler_depend.internal".
[1m[35mConsolidate compiler generated dependencies of target QGifPlugin[0m
[1m[35mConsolidate compiler generated dependencies of target QJpegPlugin[0m
[ 76%] Built target Widgets_autogen
Dependencies file "src/opengl/CMakeFiles/OpenGL.dir/OpenGL_autogen/mocs_compilation.cpp.o.d" is newer than depends file "/home/luke/sponge-os/genode/build/x86_64/qt6/base/src/opengl/CMakeFiles/OpenGL.dir/compiler_depend.internal".
Dependencies file "src/opengl/CMakeFiles/OpenGL.dir/compat/removed_api.cpp.o.d" is newer than depends file "/home/luke/sponge-os/genode/build/x86_64/qt6/base/src/opengl/CMakeFiles/OpenGL.dir/compiler_depend.internal".
Dependencies file "src/plugins/imageformats/ico/CMakeFiles/QICOPlugin.dir/QICOPlugin_autogen/mocs_compilation.cpp.o.d" is newer than depends file "/home/luke/sponge-os/genode/build/x86_64/qt6/base/src/plugins/imageformats/ico/CMakeFiles/QICOPlugin.dir/compiler_depend.internal".
Dependencies file "src/plugins/imageformats/ico/CMakeFiles/QICOPlugin.dir/main.cpp.o.d" is newer than depends file "/home/luke/sponge-os/genode/build/x86_64/qt6/base/src/plugins/imageformats/ico/CMakeFiles/QICOPlugin.dir/compiler_depend.internal".
Dependencies file "src/opengl/CMakeFiles/OpenGL.dir/qopengl2pexvertexarray.cpp.o.d" is newer than depends file "/home/luke/sponge-os/genode/build/x86_64/qt6/base/src/opengl/CMakeFiles/OpenGL.dir/compiler_depend.internal".
Dependencies file "src/plugins/platforms/genode/CMakeFiles/QGenodeIntegrationPlugin.dir/QGenodeIntegrationPlugin_autogen/mocs_compilation.cpp.o.d" is newer than depends file "/home/luke/sponge-os/genode/build/x86_64/qt6/base/src/plugins/platforms/genode/CMakeFiles/QGenodeIntegrationPlugin.dir/compiler_depend.internal".
Dependencies file "src/plugins/imageformats/ico/CMakeFiles/QICOPlugin.dir/qicohandler.cpp.o.d" is newer than depends file "/home/luke/sponge-os/genode/build/x86_64/qt6/base/src/plugins/imageformats/ico/CMakeFiles/QICOPlugin.dir/compiler_depend.internal".
Dependencies file "src/opengl/CMakeFiles/OpenGL.dir/qopenglbuffer.cpp.o.d" is newer than depends file "/home/luke/sponge-os/genode/build/x86_64/qt6/base/src/opengl/CMakeFiles/OpenGL.dir/compiler_depend.internal".
Dependencies file "src/plugins/platforms/genode/CMakeFiles/QGenodeIntegrationPlugin.dir/main.cpp.o.d" is newer than depends file "/home/luke/sponge-os/genode/build/x86_64/qt6/base/src/plugins/platforms/genode/CMakeFiles/QGenodeIntegrationPlugin.dir/compiler_depend.internal".
[1m[35mConsolidate compiler generated dependencies of target QICOPlugin[0m
Dependencies file "src/opengl/CMakeFiles/OpenGL.dir/qopenglcompositor.cpp.o.d" is newer than depends file "/home/luke/sponge-os/genode/build/x86_64/qt6/base/src/opengl/CMakeFiles/OpenGL.dir/compiler_depend.internal".
Dependencies file "src/opengl/CMakeFiles/OpenGL.dir/qopenglcompositorbackingstore.cpp.o.d" is newer than depends file "/home/luke/sponge-os/genode/build/x86_64/qt6/base/src/opengl/CMakeFiles/OpenGL.dir/compiler_depend.internal".
Dependencies file "src/plugins/platforms/genode/CMakeFiles/QGenodeIntegrationPlugin.dir/qgenodeclipboard.cpp.o.d" is newer than depends file "/home/luke/sponge-os/genode/build/x86_64/qt6/base/src/plugins/platforms/genode/CMakeFiles/QGenodeIntegrationPlugin.dir/compiler_depend.internal".
Dependencies file "src/plugins/platforms/genode/CMakeFiles/QGenodeIntegrationPlugin.dir/qgenodecursor.cpp.o.d" is newer than depends file "/home/luke/sponge-os/genode/build/x86_64/qt6/base/src/plugins/platforms/genode/CMakeFiles/QGenodeIntegrationPlugin.dir/compiler_depend.internal".
Dependencies file "src/opengl/CMakeFiles/OpenGL.dir/qopenglcustomshaderstage.cpp.o.d" is newer than depends file "/home/luke/sponge-os/genode/build/x86_64/qt6/base/src/opengl/CMakeFiles/OpenGL.dir/compiler_depend.internal".
Dependencies file "src/plugins/platforms/genode/CMakeFiles/QGenodeIntegrationPlugin.dir/qgenodeglcontext.cpp.o.d" is newer than depends file "/home/luke/sponge-os/genode/build/x86_64/qt6/base/src/plugins/platforms/genode/CMakeFiles/QGenodeIntegrationPlugin.dir/compiler_depend.internal".
Dependencies file "src/opengl/CMakeFiles/OpenGL.dir/qopengldebug.cpp.o.d" is newer than depends file "/home/luke/sponge-os/genode/build/x86_64/qt6/base/src/opengl/CMakeFiles/OpenGL.dir/compiler_depend.internal".
Dependencies file "src/opengl/CMakeFiles/OpenGL.dir/qopenglengineshadermanager.cpp.o.d" is newer than depends file "/home/luke/sponge-os/genode/build/x86_64/qt6/base/src/opengl/CMakeFiles/OpenGL.dir/compiler_depend.internal".
Dependencies file "src/plugins/generic/tuiotouch/CMakeFiles/QTuioTouchPlugin.dir/QTuioTouchPlugin_autogen/mocs_compilation.cpp.o.d" is newer than depends file "/home/luke/sponge-os/genode/build/x86_64/qt6/base/src/plugins/generic/tuiotouch/CMakeFiles/QTuioTouchPlugin.dir/compiler_depend.internal".
Dependencies file "src/plugins/generic/tuiotouch/CMakeFiles/QTuioTouchPlugin.dir/main.cpp.o.d" is newer than depends file "/home/luke/sponge-os/genode/build/x86_64/qt6/base/src/plugins/generic/tuiotouch/CMakeFiles/QTuioTouchPlugin.dir/compiler_depend.internal".
Dependencies file "src/plugins/platforms/genode/CMakeFiles/QGenodeIntegrationPlugin.dir/qgenodeintegration.cpp.o.d" is newer than depends file "/home/luke/sponge-os/genode/build/x86_64/qt6/base/src/plugins/platforms/genode/CMakeFiles/QGenodeIntegrationPlugin.dir/compiler_depend.internal".
Dependencies file "src/plugins/generic/tuiotouch/CMakeFiles/QTuioTouchPlugin.dir/qoscbundle.cpp.o.d" is newer than depends file "/home/luke/sponge-os/genode/build/x86_64/qt6/base/src/plugins/generic/tuiotouch/CMakeFiles/QTuioTouchPlugin.dir/compiler_depend.internal".
Dependencies file "src/opengl/CMakeFiles/OpenGL.dir/qopenglframebufferobject.cpp.o.d" is newer than depends file "/home/luke/sponge-os/genode/build/x86_64/qt6/base/src/opengl/CMakeFiles/OpenGL.dir/compiler_depend.internal".
Dependencies file "src/plugins/generic/tuiotouch/CMakeFiles/QTuioTouchPlugin.dir/qoscmessage.cpp.o.d" is newer than depends file "/home/luke/sponge-os/genode/build/x86_64/qt6/base/src/plugins/generic/tuiotouch/CMakeFiles/QTuioTouchPlugin.dir/compiler_depend.internal".
Dependencies file "src/opengl/CMakeFiles/OpenGL.dir/qopenglfunctions_1_0.cpp.o.d" is newer than depends file "/home/luke/sponge-os/genode/build/x86_64/qt6/base/src/opengl/CMakeFiles/OpenGL.dir/compiler_depend.internal".
Dependencies file "src/plugins/platforms/genode/CMakeFiles/QGenodeIntegrationPlugin.dir/qgenodeplatformwindow.cpp.o.d" is newer than depends file "/home/luke/sponge-os/genode/build/x86_64/qt6/base/src/plugins/platforms/genode/CMakeFiles/QGenodeIntegrationPlugin.dir/compiler_depend.internal".
Dependencies file "src/plugins/generic/tuiotouch/CMakeFiles/QTuioTouchPlugin.dir/qtuiohandler.cpp.o.d" is newer than depends file "/home/luke/sponge-os/genode/build/x86_64/qt6/base/src/plugins/generic/tuiotouch/CMakeFiles/QTuioTouchPlugin.dir/compiler_depend.internal".
Dependencies file "src/opengl/CMakeFiles/OpenGL.dir/qopenglfunctions_1_1.cpp.o.d" is newer than depends file "/home/luke/sponge-os/genode/build/x86_64/qt6/base/src/opengl/CMakeFiles/OpenGL.dir/compiler_depend.internal".
[1m[35mConsolidate compiler generated dependencies of target QTuioTouchPlugin[0m
Dependencies file "src/plugins/platforms/genode/CMakeFiles/QGenodeIntegrationPlugin.dir/qgenodewindowsurface.cpp.o.d" is newer than depends file "/home/luke/sponge-os/genode/build/x86_64/qt6/base/src/plugins/platforms/genode/CMakeFiles/QGenodeIntegrationPlugin.dir/compiler_depend.internal".
Dependencies file "src/opengl/CMakeFiles/OpenGL.dir/qopenglfunctions_1_2.cpp.o.d" is newer than depends file "/home/luke/sponge-os/genode/build/x86_64/qt6/base/src/opengl/CMakeFiles/OpenGL.dir/compiler_depend.internal".
Dependencies file "src/opengl/CMakeFiles/OpenGL.dir/qopenglfunctions_1_3.cpp.o.d" is newer than depends file "/home/luke/sponge-os/genode/build/x86_64/qt6/base/src/opengl/CMakeFiles/OpenGL.dir/compiler_depend.internal".
[1m[35mConsolidate compiler generated dependencies of target QGenodeIntegrationPlugin[0m
Dependencies file "src/opengl/CMakeFiles/OpenGL.dir/qopenglfunctions_1_4.cpp.o.d" is newer than depends file "/home/luke/sponge-os/genode/build/x86_64/qt6/base/src/opengl/CMakeFiles/OpenGL.dir/compiler_depend.internal".
Dependencies file "src/opengl/CMakeFiles/OpenGL.dir/qopenglfunctions_1_5.cpp.o.d" is newer than depends file "/home/luke/sponge-os/genode/build/x86_64/qt6/base/src/opengl/CMakeFiles/OpenGL.dir/compiler_depend.internal".
Dependencies file "src/opengl/CMakeFiles/OpenGL.dir/qopenglfunctions_2_0.cpp.o.d" is newer than depends file "/home/luke/sponge-os/genode/build/x86_64/qt6/base/src/opengl/CMakeFiles/OpenGL.dir/compiler_depend.internal".
Dependencies file "src/opengl/CMakeFiles/OpenGL.dir/qopenglfunctions_2_1.cpp.o.d" is newer than depends file "/home/luke/sponge-os/genode/build/x86_64/qt6/base/src/opengl/CMakeFiles/OpenGL.dir/compiler_depend.internal".
Dependencies file "src/opengl/CMakeFiles/OpenGL.dir/qopenglfunctions_3_0.cpp.o.d" is newer than depends file "/home/luke/sponge-os/genode/build/x86_64/qt6/base/src/opengl/CMakeFiles/OpenGL.dir/compiler_depend.internal".
Dependencies file "src/opengl/CMakeFiles/OpenGL.dir/qopenglfunctions_3_1.cpp.o.d" is newer than depends file "/home/luke/sponge-os/genode/build/x86_64/qt6/base/src/opengl/CMakeFiles/OpenGL.dir/compiler_depend.internal".
Dependencies file "src/opengl/CMakeFiles/OpenGL.dir/qopenglfunctions_3_2_compatibility.cpp.o.d" is newer than depends file "/home/luke/sponge-os/genode/build/x86_64/qt6/base/src/opengl/CMakeFiles/OpenGL.dir/compiler_depend.internal".
Dependencies file "src/opengl/CMakeFiles/OpenGL.dir/qopenglfunctions_3_2_core.cpp.o.d" is newer than depends file "/home/luke/sponge-os/genode/build/x86_64/qt6/base/src/opengl/CMakeFiles/OpenGL.dir/compiler_depend.internal".
Dependencies file "src/opengl/CMakeFiles/OpenGL.dir/qopenglfunctions_3_3_compatibility.cpp.o.d" is newer than depends file "/home/luke/sponge-os/genode/build/x86_64/qt6/base/src/opengl/CMakeFiles/OpenGL.dir/compiler_depend.internal".
Dependencies file "src/opengl/CMakeFiles/OpenGL.dir/qopenglfunctions_3_3_core.cpp.o.d" is newer than depends file "/home/luke/sponge-os/genode/build/x86_64/qt6/base/src/opengl/CMakeFiles/OpenGL.dir/compiler_depend.internal".
Dependencies file "src/widgets/CMakeFiles/Widgets.dir/.qt/rcc/qrc_qmessagebox.cpp.o.d" is newer than depends file "/home/luke/sponge-os/genode/build/x86_64/qt6/base/src/widgets/CMakeFiles/Widgets.dir/compiler_depend.internal".
Dependencies file "src/widgets/CMakeFiles/Widgets.dir/.qt/rcc/qrc_qstyle.cpp.o.d" is newer than depends file "/home/luke/sponge-os/genode/build/x86_64/qt6/base/src/widgets/CMakeFiles/Widgets.dir/compiler_depend.internal".
Dependencies file "src/widgets/CMakeFiles/Widgets.dir/.qt/rcc/qrc_qstyle1.cpp.o.d" is newer than depends file "/home/luke/sponge-os/genode/build/x86_64/qt6/base/src/widgets/CMakeFiles/Widgets.dir/compiler_depend.internal".
Dependencies file "src/widgets/CMakeFiles/Widgets.dir/.qt/rcc/qrc_qstyle_fusion.cpp.o.d" is newer than depends file "/home/luke/sponge-os/genode/build/x86_64/qt6/base/src/widgets/CMakeFiles/Widgets.dir/compiler_depend.internal".
Dependencies file "src/widgets/CMakeFiles/Widgets.dir/Widgets_autogen/mocs_compilation.cpp.o.d" is newer than depends file "/home/luke/sponge-os/genode/build/x86_64/qt6/base/src/widgets/CMakeFiles/Widgets.dir/compiler_depend.internal".
Dependencies file "src/opengl/CMakeFiles/OpenGL.dir/qopenglfunctions_4_0_compatibility.cpp.o.d" is newer than depends file "/home/luke/sponge-os/genode/build/x86_64/qt6/base/src/opengl/CMakeFiles/OpenGL.dir/compiler_depend.internal".
Dependencies file "src/widgets/CMakeFiles/Widgets.dir/accessible/complexwidgets.cpp.o.d" is newer than depends file "/home/luke/sponge-os/genode/build/x86_64/qt6/base/src/widgets/CMakeFiles/Widgets.dir/compiler_depend.internal".
Dependencies file "src/opengl/CMakeFiles/OpenGL.dir/qopenglfunctions_4_0_core.cpp.o.d" is newer than depends file "/home/luke/sponge-os/genode/build/x86_64/qt6/base/src/opengl/CMakeFiles/OpenGL.dir/compiler_depend.internal".
Dependencies file "src/opengl/CMakeFiles/OpenGL.dir/qopenglfunctions_4_1_compatibility.cpp.o.d" is newer than depends file "/home/luke/sponge-os/genode/build/x86_64/qt6/base/src/opengl/CMakeFiles/OpenGL.dir/compiler_depend.internal".
Dependencies file "src/widgets/CMakeFiles/Widgets.dir/accessible/itemviews.cpp.o.d" is newer than depends file "/home/luke/sponge-os/genode/build/x86_64/qt6/base/src/widgets/CMakeFiles/Widgets.dir/compiler_depend.internal".
Dependencies file "src/opengl/CMakeFiles/OpenGL.dir/qopenglfunctions_4_1_core.cpp.o.d" is newer than depends file "/home/luke/sponge-os/genode/build/x86_64/qt6/base/src/opengl/CMakeFiles/OpenGL.dir/compiler_depend.internal".
Dependencies file "src/opengl/CMakeFiles/OpenGL.dir/qopenglfunctions_4_2_compatibility.cpp.o.d" is newer than depends file "/home/luke/sponge-os/genode/build/x86_64/qt6/base/src/opengl/CMakeFiles/OpenGL.dir/compiler_depend.internal".
Dependencies file "src/opengl/CMakeFiles/OpenGL.dir/qopenglfunctions_4_2_core.cpp.o.d" is newer than depends file "/home/luke/sponge-os/genode/build/x86_64/qt6/base/src/opengl/CMakeFiles/OpenGL.dir/compiler_depend.internal".
Dependencies file "src/widgets/CMakeFiles/Widgets.dir/accessible/qaccessiblemenu.cpp.o.d" is newer than depends file "/home/luke/sponge-os/genode/build/x86_64/qt6/base/src/widgets/CMakeFiles/Widgets.dir/compiler_depend.internal".
Dependencies file "src/opengl/CMakeFiles/OpenGL.dir/qopenglfunctions_4_3_compatibility.cpp.o.d" is newer than depends file "/home/luke/sponge-os/genode/build/x86_64/qt6/base/src/opengl/CMakeFiles/OpenGL.dir/compiler_depend.internal".
Dependencies file "src/opengl/CMakeFiles/OpenGL.dir/qopenglfunctions_4_3_core.cpp.o.d" is newer than depends file "/home/luke/sponge-os/genode/build/x86_64/qt6/base/src/opengl/CMakeFiles/OpenGL.dir/compiler_depend.internal".
Dependencies file "src/widgets/CMakeFiles/Widgets.dir/accessible/qaccessiblewidget.cpp.o.d" is newer than depends file "/home/luke/sponge-os/genode/build/x86_64/qt6/base/src/widgets/CMakeFiles/Widgets.dir/compiler_depend.internal".
Dependencies file "src/opengl/CMakeFiles/OpenGL.dir/qopenglfunctions_4_4_compatibility.cpp.o.d" is newer than depends file "/home/luke/sponge-os/genode/build/x86_64/qt6/base/src/opengl/CMakeFiles/OpenGL.dir/compiler_depend.internal".
Dependencies file "src/opengl/CMakeFiles/OpenGL.dir/qopenglfunctions_4_4_core.cpp.o.d" is newer than depends file "/home/luke/sponge-os/genode/build/x86_64/qt6/base/src/opengl/CMakeFiles/OpenGL.dir/compiler_depend.internal".
Dependencies file "src/opengl/CMakeFiles/OpenGL.dir/qopenglfunctions_4_5_compatibility.cpp.o.d" is newer than depends file "/home/luke/sponge-os/genode/build/x86_64/qt6/base/src/opengl/CMakeFiles/OpenGL.dir/compiler_depend.internal".
Dependencies file "src/widgets/CMakeFiles/Widgets.dir/accessible/qaccessiblewidgetfactory.cpp.o.d" is newer than depends file "/home/luke/sponge-os/genode/build/x86_64/qt6/base/src/widgets/CMakeFiles/Widgets.dir/compiler_depend.internal".
[ 76%] Built target QGifPlugin
Dependencies file "src/opengl/CMakeFiles/OpenGL.dir/qopenglfunctions_4_5_core.cpp.o.d" is newer than depends file "/home/luke/sponge-os/genode/build/x86_64/qt6/base/src/opengl/CMakeFiles/OpenGL.dir/compiler_depend.internal".
Dependencies file "src/opengl/CMakeFiles/OpenGL.dir/qopenglgradientcache.cpp.o.d" is newer than depends file "/home/luke/sponge-os/genode/build/x86_64/qt6/base/src/opengl/CMakeFiles/OpenGL.dir/compiler_depend.internal".
Dependencies file "src/widgets/CMakeFiles/Widgets.dir/accessible/qaccessiblewidgets.cpp.o.d" is newer than depends file "/home/luke/sponge-os/genode/build/x86_64/qt6/base/src/widgets/CMakeFiles/Widgets.dir/compiler_depend.internal".
[ 76%] Built target QJpegPlugin
[ 77%] Built target QICOPlugin
Dependencies file "src/opengl/CMakeFiles/OpenGL.dir/qopenglpaintdevice.cpp.o.d" is newer than depends file "/home/luke/sponge-os/genode/build/x86_64/qt6/base/src/opengl/CMakeFiles/OpenGL.dir/compiler_depend.internal".
Dependencies file "src/widgets/CMakeFiles/Widgets.dir/accessible/rangecontrols.cpp.o.d" is newer than depends file "/home/luke/sponge-os/genode/build/x86_64/qt6/base/src/widgets/CMakeFiles/Widgets.dir/compiler_depend.internal".
Dependencies file "src/opengl/CMakeFiles/OpenGL.dir/qopenglpaintengine.cpp.o.d" is newer than depends file "/home/luke/sponge-os/genode/build/x86_64/qt6/base/src/opengl/CMakeFiles/OpenGL.dir/compiler_depend.internal".
Dependencies file "src/widgets/CMakeFiles/Widgets.dir/accessible/simplewidgets.cpp.o.d" is newer than depends file "/home/luke/sponge-os/genode/build/x86_64/qt6/base/src/widgets/CMakeFiles/Widgets.dir/compiler_depend.internal".
Dependencies file "src/opengl/CMakeFiles/OpenGL.dir/qopenglpixeltransferoptions.cpp.o.d" is newer than depends file "/home/luke/sponge-os/genode/build/x86_64/qt6/base/src/opengl/CMakeFiles/OpenGL.dir/compiler_depend.internal".
Dependencies file "src/opengl/CMakeFiles/OpenGL.dir/qopenglshaderprogram.cpp.o.d" is newer than depends file "/home/luke/sponge-os/genode/build/x86_64/qt6/base/src/opengl/CMakeFiles/OpenGL.dir/compiler_depend.internal".
Dependencies file "src/opengl/CMakeFiles/OpenGL.dir/qopengltexture.cpp.o.d" is newer than depends file "/home/luke/sponge-os/genode/build/x86_64/qt6/base/src/opengl/CMakeFiles/OpenGL.dir/compiler_depend.internal".
Dependencies file "src/widgets/CMakeFiles/Widgets.dir/compat/removed_api.cpp.o.d" is newer than depends file "/home/luke/sponge-os/genode/build/x86_64/qt6/base/src/widgets/CMakeFiles/Widgets.dir/compiler_depend.internal".
Dependencies file "src/opengl/CMakeFiles/OpenGL.dir/qopengltextureblitter.cpp.o.d" is newer than depends file "/home/luke/sponge-os/genode/build/x86_64/qt6/base/src/opengl/CMakeFiles/OpenGL.dir/compiler_depend.internal".
Dependencies file "src/widgets/CMakeFiles/Widgets.dir/dialogs/qcolordialog.cpp.o.d" is newer than depends file "/home/luke/sponge-os/genode/build/x86_64/qt6/base/src/widgets/CMakeFiles/Widgets.dir/compiler_depend.internal".
Dependencies file "src/opengl/CMakeFiles/OpenGL.dir/qopengltexturecache.cpp.o.d" is newer than depends file "/home/luke/sponge-os/genode/build/x86_64/qt6/base/src/opengl/CMakeFiles/OpenGL.dir/compiler_depend.internal".
Dependencies file "src/opengl/CMakeFiles/OpenGL.dir/qopengltextureglyphcache.cpp.o.d" is newer than depends file "/home/luke/sponge-os/genode/build/x86_64/qt6/base/src/opengl/CMakeFiles/OpenGL.dir/compiler_depend.internal".
Dependencies file "src/widgets/CMakeFiles/Widgets.dir/dialogs/qdialog.cpp.o.d" is newer than depends file "/home/luke/sponge-os/genode/build/x86_64/qt6/base/src/widgets/CMakeFiles/Widgets.dir/compiler_depend.internal".
Dependencies file "src/opengl/CMakeFiles/OpenGL.dir/qopengltexturehelper.cpp.o.d" is newer than depends file "/home/luke/sponge-os/genode/build/x86_64/qt6/base/src/opengl/CMakeFiles/OpenGL.dir/compiler_depend.internal".
Dependencies file "src/opengl/CMakeFiles/OpenGL.dir/qopengltextureuploader.cpp.o.d" is newer than depends file "/home/luke/sponge-os/genode/build/x86_64/qt6/base/src/opengl/CMakeFiles/OpenGL.dir/compiler_depend.internal".
Dependencies file "src/widgets/CMakeFiles/Widgets.dir/dialogs/qerrormessage.cpp.o.d" is newer than depends file "/home/luke/sponge-os/genode/build/x86_64/qt6/base/src/widgets/CMakeFiles/Widgets.dir/compiler_depend.internal".
Dependencies file "src/opengl/CMakeFiles/OpenGL.dir/qopengltimerquery.cpp.o.d" is newer than depends file "/home/luke/sponge-os/genode/build/x86_64/qt6/base/src/opengl/CMakeFiles/OpenGL.dir/compiler_depend.internal".
Dependencies file "src/opengl/CMakeFiles/OpenGL.dir/qopenglversionfunctions.cpp.o.d" is newer than depends file "/home/luke/sponge-os/genode/build/x86_64/qt6/base/src/opengl/CMakeFiles/OpenGL.dir/compiler_depend.internal".
Dependencies file "src/widgets/CMakeFiles/Widgets.dir/dialogs/qfiledialog.cpp.o.d" is newer than depends file "/home/luke/sponge-os/genode/build/x86_64/qt6/base/src/widgets/CMakeFiles/Widgets.dir/compiler_depend.internal".
Dependencies file "src/opengl/CMakeFiles/OpenGL.dir/qopenglversionfunctionsfactory.cpp.o.d" is newer than depends file "/home/luke/sponge-os/genode/build/x86_64/qt6/base/src/opengl/CMakeFiles/OpenGL.dir/compiler_depend.internal".
Dependencies file "src/opengl/CMakeFiles/OpenGL.dir/qopenglversionprofile.cpp.o.d" is newer than depends file "/home/luke/sponge-os/genode/build/x86_64/qt6/base/src/opengl/CMakeFiles/OpenGL.dir/compiler_depend.internal".
[ 77%] Built target QTuioTouchPlugin
Dependencies file "src/opengl/CMakeFiles/OpenGL.dir/qopenglvertexarrayobject.cpp.o.d" is newer than depends file "/home/luke/sponge-os/genode/build/x86_64/qt6/base/src/opengl/CMakeFiles/OpenGL.dir/compiler_depend.internal".
Dependencies file "src/widgets/CMakeFiles/Widgets.dir/dialogs/qfontdialog.cpp.o.d" is newer than depends file "/home/luke/sponge-os/genode/build/x86_64/qt6/base/src/widgets/CMakeFiles/Widgets.dir/compiler_depend.internal".
Dependencies file "src/opengl/CMakeFiles/OpenGL.dir/qopenglwindow.cpp.o.d" is newer than depends file "/home/luke/sponge-os/genode/build/x86_64/qt6/base/src/opengl/CMakeFiles/OpenGL.dir/compiler_depend.internal".
[1m[35mConsolidate compiler generated dependencies of target OpenGL[0m
Dependencies file "src/widgets/CMakeFiles/Widgets.dir/dialogs/qinputdialog.cpp.o.d" is newer than depends file "/home/luke/sponge-os/genode/build/x86_64/qt6/base/src/widgets/CMakeFiles/Widgets.dir/compiler_depend.internal".
Dependencies file "src/widgets/CMakeFiles/Widgets.dir/dialogs/qmessagebox.cpp.o.d" is newer than depends file "/home/luke/sponge-os/genode/build/x86_64/qt6/base/src/widgets/CMakeFiles/Widgets.dir/compiler_depend.internal".
Dependencies file "src/widgets/CMakeFiles/Widgets.dir/dialogs/qprogressdialog.cpp.o.d" is newer than depends file "/home/luke/sponge-os/genode/build/x86_64/qt6/base/src/widgets/CMakeFiles/Widgets.dir/compiler_depend.internal".
Dependencies file "src/widgets/CMakeFiles/Widgets.dir/dialogs/qsidebar.cpp.o.d" is newer than depends file "/home/luke/sponge-os/genode/build/x86_64/qt6/base/src/widgets/CMakeFiles/Widgets.dir/compiler_depend.internal".
Dependencies file "src/widgets/CMakeFiles/Widgets.dir/dialogs/qwizard.cpp.o.d" is newer than depends file "/home/luke/sponge-os/genode/build/x86_64/qt6/base/src/widgets/CMakeFiles/Widgets.dir/compiler_depend.internal".
Dependencies file "src/widgets/CMakeFiles/Widgets.dir/effects/qgraphicseffect.cpp.o.d" is newer than depends file "/home/luke/sponge-os/genode/build/x86_64/qt6/base/src/widgets/CMakeFiles/Widgets.dir/compiler_depend.internal".
Dependencies file "src/widgets/CMakeFiles/Widgets.dir/effects/qpixmapfilter.cpp.o.d" is newer than depends file "/home/luke/sponge-os/genode/build/x86_64/qt6/base/src/widgets/CMakeFiles/Widgets.dir/compiler_depend.internal".
Dependencies file "src/widgets/CMakeFiles/Widgets.dir/graphicsview/qgraphicsanchorlayout.cpp.o.d" is newer than depends file "/home/luke/sponge-os/genode/build/x86_64/qt6/base/src/widgets/CMakeFiles/Widgets.dir/compiler_depend.internal".
Dependencies file "src/widgets/CMakeFiles/Widgets.dir/graphicsview/qgraphicsanchorlayout_p.cpp.o.d" is newer than depends file "/home/luke/sponge-os/genode/build/x86_64/qt6/base/src/widgets/CMakeFiles/Widgets.dir/compiler_depend.internal".
Dependencies file "src/widgets/CMakeFiles/Widgets.dir/graphicsview/qgraphicsgridlayout.cpp.o.d" is newer than depends file "/home/luke/sponge-os/genode/build/x86_64/qt6/base/src/widgets/CMakeFiles/Widgets.dir/compiler_depend.internal".
Dependencies file "src/widgets/CMakeFiles/Widgets.dir/graphicsview/qgraphicsgridlayoutengine.cpp.o.d" is newer than depends file "/home/luke/sponge-os/genode/build/x86_64/qt6/base/src/widgets/CMakeFiles/Widgets.dir/compiler_depend.internal".
Dependencies file "src/widgets/CMakeFiles/Widgets.dir/graphicsview/qgraphicsitem.cpp.o.d" is newer than depends file "/home/luke/sponge-os/genode/build/x86_64/qt6/base/src/widgets/CMakeFiles/Widgets.dir/compiler_depend.internal".
Dependencies file "src/widgets/CMakeFiles/Widgets.dir/graphicsview/qgraphicsitemanimation.cpp.o.d" is newer than depends file "/home/luke/sponge-os/genode/build/x86_64/qt6/base/src/widgets/CMakeFiles/Widgets.dir/compiler_depend.internal".
Dependencies file "src/widgets/CMakeFiles/Widgets.dir/graphicsview/qgraphicslayout.cpp.o.d" is newer than depends file "/home/luke/sponge-os/genode/build/x86_64/qt6/base/src/widgets/CMakeFiles/Widgets.dir/compiler_depend.internal".
Dependencies file "src/widgets/CMakeFiles/Widgets.dir/graphicsview/qgraphicslayout_p.cpp.o.d" is newer than depends file "/home/luke/sponge-os/genode/build/x86_64/qt6/base/src/widgets/CMakeFiles/Widgets.dir/compiler_depend.internal".
Dependencies file "src/widgets/CMakeFiles/Widgets.dir/graphicsview/qgraphicslayoutitem.cpp.o.d" is newer than depends file "/home/luke/sponge-os/genode/build/x86_64/qt6/base/src/widgets/CMakeFiles/Widgets.dir/compiler_depend.internal".
Dependencies file "src/widgets/CMakeFiles/Widgets.dir/graphicsview/qgraphicslayoutstyleinfo.cpp.o.d" is newer than depends file "/home/luke/sponge-os/genode/build/x86_64/qt6/base/src/widgets/CMakeFiles/Widgets.dir/compiler_depend.internal".
Dependencies file "src/widgets/CMakeFiles/Widgets.dir/graphicsview/qgraphicslinearlayout.cpp.o.d" is newer than depends file "/home/luke/sponge-os/genode/build/x86_64/qt6/base/src/widgets/CMakeFiles/Widgets.dir/compiler_depend.internal".
Dependencies file "src/widgets/CMakeFiles/Widgets.dir/graphicsview/qgraphicsproxywidget.cpp.o.d" is newer than depends file "/home/luke/sponge-os/genode/build/x86_64/qt6/base/src/widgets/CMakeFiles/Widgets.dir/compiler_depend.internal".
Dependencies file "src/widgets/CMakeFiles/Widgets.dir/graphicsview/qgraphicsscene.cpp.o.d" is newer than depends file "/home/luke/sponge-os/genode/build/x86_64/qt6/base/src/widgets/CMakeFiles/Widgets.dir/compiler_depend.internal".
Dependencies file "src/widgets/CMakeFiles/Widgets.dir/graphicsview/qgraphicsscene_bsp.cpp.o.d" is newer than depends file "/home/luke/sponge-os/genode/build/x86_64/qt6/base/src/widgets/CMakeFiles/Widgets.dir/compiler_depend.internal".
Dependencies file "src/widgets/CMakeFiles/Widgets.dir/graphicsview/qgraphicsscenebsptreeindex.cpp.o.d" is newer than depends file "/home/luke/sponge-os/genode/build/x86_64/qt6/base/src/widgets/CMakeFiles/Widgets.dir/compiler_depend.internal".
Dependencies file "src/widgets/CMakeFiles/Widgets.dir/graphicsview/qgraphicssceneevent.cpp.o.d" is newer than depends file "/home/luke/sponge-os/genode/build/x86_64/qt6/base/src/widgets/CMakeFiles/Widgets.dir/compiler_depend.internal".
Dependencies file "src/widgets/CMakeFiles/Widgets.dir/graphicsview/qgraphicssceneindex.cpp.o.d" is newer than depends file "/home/luke/sponge-os/genode/build/x86_64/qt6/base/src/widgets/CMakeFiles/Widgets.dir/compiler_depend.internal".
[ 78%] Built target QGenodeIntegrationPlugin
Dependencies file "src/widgets/CMakeFiles/Widgets.dir/graphicsview/qgraphicsscenelinearindex.cpp.o.d" is newer than depends file "/home/luke/sponge-os/genode/build/x86_64/qt6/base/src/widgets/CMakeFiles/Widgets.dir/compiler_depend.internal".
Dependencies file "src/widgets/CMakeFiles/Widgets.dir/graphicsview/qgraphicstransform.cpp.o.d" is newer than depends file "/home/luke/sponge-os/genode/build/x86_64/qt6/base/src/widgets/CMakeFiles/Widgets.dir/compiler_depend.internal".
Dependencies file "src/widgets/CMakeFiles/Widgets.dir/graphicsview/qgraphicsview.cpp.o.d" is newer than depends file "/home/luke/sponge-os/genode/build/x86_64/qt6/base/src/widgets/CMakeFiles/Widgets.dir/compiler_depend.internal".
Dependencies file "src/widgets/CMakeFiles/Widgets.dir/graphicsview/qgraphicswidget.cpp.o.d" is newer than depends file "/home/luke/sponge-os/genode/build/x86_64/qt6/base/src/widgets/CMakeFiles/Widgets.dir/compiler_depend.internal".
Dependencies file "src/widgets/CMakeFiles/Widgets.dir/graphicsview/qgraphicswidget_p.cpp.o.d" is newer than depends file "/home/luke/sponge-os/genode/build/x86_64/qt6/base/src/widgets/CMakeFiles/Widgets.dir/compiler_depend.internal".
Dependencies file "src/widgets/CMakeFiles/Widgets.dir/graphicsview/qsimplex_p.cpp.o.d" is newer than depends file "/home/luke/sponge-os/genode/build/x86_64/qt6/base/src/widgets/CMakeFiles/Widgets.dir/compiler_depend.internal".
Dependencies file "src/widgets/CMakeFiles/Widgets.dir/itemviews/qabstractitemdelegate.cpp.o.d" is newer than depends file "/home/luke/sponge-os/genode/build/x86_64/qt6/base/src/widgets/CMakeFiles/Widgets.dir/compiler_depend.internal".
Dependencies file "src/widgets/CMakeFiles/Widgets.dir/itemviews/qabstractitemview.cpp.o.d" is newer than depends file "/home/luke/sponge-os/genode/build/x86_64/qt6/base/src/widgets/CMakeFiles/Widgets.dir/compiler_depend.internal".
Dependencies file "src/widgets/CMakeFiles/Widgets.dir/itemviews/qbsptree.cpp.o.d" is newer than depends file "/home/luke/sponge-os/genode/build/x86_64/qt6/base/src/widgets/CMakeFiles/Widgets.dir/compiler_depend.internal".
Dependencies file "src/widgets/CMakeFiles/Widgets.dir/itemviews/qcolumnview.cpp.o.d" is newer than depends file "/home/luke/sponge-os/genode/build/x86_64/qt6/base/src/widgets/CMakeFiles/Widgets.dir/compiler_depend.internal".
Dependencies file "src/widgets/CMakeFiles/Widgets.dir/itemviews/qcolumnviewgrip.cpp.o.d" is newer than depends file "/home/luke/sponge-os/genode/build/x86_64/qt6/base/src/widgets/CMakeFiles/Widgets.dir/compiler_depend.internal".
Dependencies file "src/widgets/CMakeFiles/Widgets.dir/itemviews/qdatawidgetmapper.cpp.o.d" is newer than depends file "/home/luke/sponge-os/genode/build/x86_64/qt6/base/src/widgets/CMakeFiles/Widgets.dir/compiler_depend.internal".
Dependencies file "src/widgets/CMakeFiles/Widgets.dir/itemviews/qfileiconprovider.cpp.o.d" is newer than depends file "/home/luke/sponge-os/genode/build/x86_64/qt6/base/src/widgets/CMakeFiles/Widgets.dir/compiler_depend.internal".
Dependencies file "src/widgets/CMakeFiles/Widgets.dir/itemviews/qheaderview.cpp.o.d" is newer than depends file "/home/luke/sponge-os/genode/build/x86_64/qt6/base/src/widgets/CMakeFiles/Widgets.dir/compiler_depend.internal".
Dependencies file "src/widgets/CMakeFiles/Widgets.dir/itemviews/qitemdelegate.cpp.o.d" is newer than depends file "/home/luke/sponge-os/genode/build/x86_64/qt6/base/src/widgets/CMakeFiles/Widgets.dir/compiler_depend.internal".
Dependencies file "src/widgets/CMakeFiles/Widgets.dir/itemviews/qitemeditorfactory.cpp.o.d" is newer than depends file "/home/luke/sponge-os/genode/build/x86_64/qt6/base/src/widgets/CMakeFiles/Widgets.dir/compiler_depend.internal".
Dependencies file "src/widgets/CMakeFiles/Widgets.dir/itemviews/qlistview.cpp.o.d" is newer than depends file "/home/luke/sponge-os/genode/build/x86_64/qt6/base/src/widgets/CMakeFiles/Widgets.dir/compiler_depend.internal".
Dependencies file "src/widgets/CMakeFiles/Widgets.dir/itemviews/qlistwidget.cpp.o.d" is newer than depends file "/home/luke/sponge-os/genode/build/x86_64/qt6/base/src/widgets/CMakeFiles/Widgets.dir/compiler_depend.internal".
Dependencies file "src/widgets/CMakeFiles/Widgets.dir/itemviews/qstyleditemdelegate.cpp.o.d" is newer than depends file "/home/luke/sponge-os/genode/build/x86_64/qt6/base/src/widgets/CMakeFiles/Widgets.dir/compiler_depend.internal".
Dependencies file "src/widgets/CMakeFiles/Widgets.dir/itemviews/qtableview.cpp.o.d" is newer than depends file "/home/luke/sponge-os/genode/build/x86_64/qt6/base/src/widgets/CMakeFiles/Widgets.dir/compiler_depend.internal".
Dependencies file "src/widgets/CMakeFiles/Widgets.dir/itemviews/qtablewidget.cpp.o.d" is newer than depends file "/home/luke/sponge-os/genode/build/x86_64/qt6/base/src/widgets/CMakeFiles/Widgets.dir/compiler_depend.internal".
Dependencies file "src/widgets/CMakeFiles/Widgets.dir/itemviews/qtreeview.cpp.o.d" is newer than depends file "/home/luke/sponge-os/genode/build/x86_64/qt6/base/src/widgets/CMakeFiles/Widgets.dir/compiler_depend.internal".
Dependencies file "src/widgets/CMakeFiles/Widgets.dir/itemviews/qtreewidget.cpp.o.d" is newer than depends file "/home/luke/sponge-os/genode/build/x86_64/qt6/base/src/widgets/CMakeFiles/Widgets.dir/compiler_depend.internal".
Dependencies file "src/widgets/CMakeFiles/Widgets.dir/itemviews/qtreewidgetitemiterator.cpp.o.d" is newer than depends file "/home/luke/sponge-os/genode/build/x86_64/qt6/base/src/widgets/CMakeFiles/Widgets.dir/compiler_depend.internal".
Dependencies file "src/widgets/CMakeFiles/Widgets.dir/kernel/qaction_widgets.cpp.o.d" is newer than depends file "/home/luke/sponge-os/genode/build/x86_64/qt6/base/src/widgets/CMakeFiles/Widgets.dir/compiler_depend.internal".
Dependencies file "src/widgets/CMakeFiles/Widgets.dir/kernel/qapplication.cpp.o.d" is newer than depends file "/home/luke/sponge-os/genode/build/x86_64/qt6/base/src/widgets/CMakeFiles/Widgets.dir/compiler_depend.internal".
Dependencies file "src/widgets/CMakeFiles/Widgets.dir/kernel/qboxlayout.cpp.o.d" is newer than depends file "/home/luke/sponge-os/genode/build/x86_64/qt6/base/src/widgets/CMakeFiles/Widgets.dir/compiler_depend.internal".
Dependencies file "src/widgets/CMakeFiles/Widgets.dir/kernel/qformlayout.cpp.o.d" is newer than depends file "/home/luke/sponge-os/genode/build/x86_64/qt6/base/src/widgets/CMakeFiles/Widgets.dir/compiler_depend.internal".
Dependencies file "src/widgets/CMakeFiles/Widgets.dir/kernel/qgesture.cpp.o.d" is newer than depends file "/home/luke/sponge-os/genode/build/x86_64/qt6/base/src/widgets/CMakeFiles/Widgets.dir/compiler_depend.internal".
Dependencies file "src/widgets/CMakeFiles/Widgets.dir/kernel/qgesturemanager.cpp.o.d" is newer than depends file "/home/luke/sponge-os/genode/build/x86_64/qt6/base/src/widgets/CMakeFiles/Widgets.dir/compiler_depend.internal".
Dependencies file "src/widgets/CMakeFiles/Widgets.dir/kernel/qgesturerecognizer.cpp.o.d" is newer than depends file "/home/luke/sponge-os/genode/build/x86_64/qt6/base/src/widgets/CMakeFiles/Widgets.dir/compiler_depend.internal".
Dependencies file "src/widgets/CMakeFiles/Widgets.dir/kernel/qgridlayout.cpp.o.d" is newer than depends file "/home/luke/sponge-os/genode/build/x86_64/qt6/base/src/widgets/CMakeFiles/Widgets.dir/compiler_depend.internal".
Dependencies file "src/widgets/CMakeFiles/Widgets.dir/kernel/qlayout.cpp.o.d" is newer than depends file "/home/luke/sponge-os/genode/build/x86_64/qt6/base/src/widgets/CMakeFiles/Widgets.dir/compiler_depend.internal".
Dependencies file "src/widgets/CMakeFiles/Widgets.dir/kernel/qlayoutengine.cpp.o.d" is newer than depends file "/home/luke/sponge-os/genode/build/x86_64/qt6/base/src/widgets/CMakeFiles/Widgets.dir/compiler_depend.internal".
Dependencies file "src/widgets/CMakeFiles/Widgets.dir/kernel/qlayoutitem.cpp.o.d" is newer than depends file "/home/luke/sponge-os/genode/build/x86_64/qt6/base/src/widgets/CMakeFiles/Widgets.dir/compiler_depend.internal".
Dependencies file "src/widgets/CMakeFiles/Widgets.dir/kernel/qrhiwidget.cpp.o.d" is newer than depends file "/home/luke/sponge-os/genode/build/x86_64/qt6/base/src/widgets/CMakeFiles/Widgets.dir/compiler_depend.internal".
Dependencies file "src/widgets/CMakeFiles/Widgets.dir/kernel/qshortcut_widgets.cpp.o.d" is newer than depends file "/home/luke/sponge-os/genode/build/x86_64/qt6/base/src/widgets/CMakeFiles/Widgets.dir/compiler_depend.internal".
Dependencies file "src/widgets/CMakeFiles/Widgets.dir/kernel/qsizepolicy.cpp.o.d" is newer than depends file "/home/luke/sponge-os/genode/build/x86_64/qt6/base/src/widgets/CMakeFiles/Widgets.dir/compiler_depend.internal".
Dependencies file "src/widgets/CMakeFiles/Widgets.dir/kernel/qstackedlayout.cpp.o.d" is newer than depends file "/home/luke/sponge-os/genode/build/x86_64/qt6/base/src/widgets/CMakeFiles/Widgets.dir/compiler_depend.internal".
Dependencies file "src/widgets/CMakeFiles/Widgets.dir/kernel/qstandardgestures.cpp.o.d" is newer than depends file "/home/luke/sponge-os/genode/build/x86_64/qt6/base/src/widgets/CMakeFiles/Widgets.dir/compiler_depend.internal".
Dependencies file "src/widgets/CMakeFiles/Widgets.dir/kernel/qtestsupport_widgets.cpp.o.d" is newer than depends file "/home/luke/sponge-os/genode/build/x86_64/qt6/base/src/widgets/CMakeFiles/Widgets.dir/compiler_depend.internal".
Dependencies file "src/widgets/CMakeFiles/Widgets.dir/kernel/qtooltip.cpp.o.d" is newer than depends file "/home/luke/sponge-os/genode/build/x86_64/qt6/base/src/widgets/CMakeFiles/Widgets.dir/compiler_depend.internal".
Dependencies file "src/widgets/CMakeFiles/Widgets.dir/kernel/qwhatsthis.cpp.o.d" is newer than depends file "/home/luke/sponge-os/genode/build/x86_64/qt6/base/src/widgets/CMakeFiles/Widgets.dir/compiler_depend.internal".
Dependencies file "src/widgets/CMakeFiles/Widgets.dir/kernel/qwidget.cpp.o.d" is newer than depends file "/home/luke/sponge-os/genode/build/x86_64/qt6/base/src/widgets/CMakeFiles/Widgets.dir/compiler_depend.internal".
Dependencies file "src/widgets/CMakeFiles/Widgets.dir/kernel/qwidgetaction.cpp.o.d" is newer than depends file "/home/luke/sponge-os/genode/build/x86_64/qt6/base/src/widgets/CMakeFiles/Widgets.dir/compiler_depend.internal".
Dependencies file "src/widgets/CMakeFiles/Widgets.dir/kernel/qwidgetrepaintmanager.cpp.o.d" is newer than depends file "/home/luke/sponge-os/genode/build/x86_64/qt6/base/src/widgets/CMakeFiles/Widgets.dir/compiler_depend.internal".
Dependencies file "src/widgets/CMakeFiles/Widgets.dir/kernel/qwidgetsvariant.cpp.o.d" is newer than depends file "/home/luke/sponge-os/genode/build/x86_64/qt6/base/src/widgets/CMakeFiles/Widgets.dir/compiler_depend.internal".
Dependencies file "src/widgets/CMakeFiles/Widgets.dir/kernel/qwidgetwindow.cpp.o.d" is newer than depends file "/home/luke/sponge-os/genode/build/x86_64/qt6/base/src/widgets/CMakeFiles/Widgets.dir/compiler_depend.internal".
Dependencies file "src/widgets/CMakeFiles/Widgets.dir/kernel/qwindowcontainer.cpp.o.d" is newer than depends file "/home/luke/sponge-os/genode/build/x86_64/qt6/base/src/widgets/CMakeFiles/Widgets.dir/compiler_depend.internal".
Dependencies file "src/widgets/CMakeFiles/Widgets.dir/styles/qcommonstyle.cpp.o.d" is newer than depends file "/home/luke/sponge-os/genode/build/x86_64/qt6/base/src/widgets/CMakeFiles/Widgets.dir/compiler_depend.internal".
Dependencies file "src/widgets/CMakeFiles/Widgets.dir/styles/qdrawutil.cpp.o.d" is newer than depends file "/home/luke/sponge-os/genode/build/x86_64/qt6/base/src/widgets/CMakeFiles/Widgets.dir/compiler_depend.internal".
Dependencies file "src/widgets/CMakeFiles/Widgets.dir/styles/qfusionstyle.cpp.o.d" is newer than depends file "/home/luke/sponge-os/genode/build/x86_64/qt6/base/src/widgets/CMakeFiles/Widgets.dir/compiler_depend.internal".
Dependencies file "src/widgets/CMakeFiles/Widgets.dir/styles/qpixmapstyle.cpp.o.d" is newer than depends file "/home/luke/sponge-os/genode/build/x86_64/qt6/base/src/widgets/CMakeFiles/Widgets.dir/compiler_depend.internal".
Dependencies file "src/widgets/CMakeFiles/Widgets.dir/styles/qproxystyle.cpp.o.d" is newer than depends file "/home/luke/sponge-os/genode/build/x86_64/qt6/base/src/widgets/CMakeFiles/Widgets.dir/compiler_depend.internal".
Dependencies file "src/widgets/CMakeFiles/Widgets.dir/styles/qstyle.cpp.o.d" is newer than depends file "/home/luke/sponge-os/genode/build/x86_64/qt6/base/src/widgets/CMakeFiles/Widgets.dir/compiler_depend.internal".
Dependencies file "src/widgets/CMakeFiles/Widgets.dir/styles/qstyleanimation.cpp.o.d" is newer than depends file "/home/luke/sponge-os/genode/build/x86_64/qt6/base/src/widgets/CMakeFiles/Widgets.dir/compiler_depend.internal".
Dependencies file "src/widgets/CMakeFiles/Widgets.dir/styles/qstylefactory.cpp.o.d" is newer than depends file "/home/luke/sponge-os/genode/build/x86_64/qt6/base/src/widgets/CMakeFiles/Widgets.dir/compiler_depend.internal".
Dependencies file "src/widgets/CMakeFiles/Widgets.dir/styles/qstylehelper.cpp.o.d" is newer than depends file "/home/luke/sponge-os/genode/build/x86_64/qt6/base/src/widgets/CMakeFiles/Widgets.dir/compiler_depend.internal".
Dependencies file "src/widgets/CMakeFiles/Widgets.dir/styles/qstyleoption.cpp.o.d" is newer than depends file "/home/luke/sponge-os/genode/build/x86_64/qt6/base/src/widgets/CMakeFiles/Widgets.dir/compiler_depend.internal".
Dependencies file "src/widgets/CMakeFiles/Widgets.dir/styles/qstylepainter.cpp.o.d" is newer than depends file "/home/luke/sponge-os/genode/build/x86_64/qt6/base/src/widgets/CMakeFiles/Widgets.dir/compiler_depend.internal".
Dependencies file "src/widgets/CMakeFiles/Widgets.dir/styles/qstyleplugin.cpp.o.d" is newer than depends file "/home/luke/sponge-os/genode/build/x86_64/qt6/base/src/widgets/CMakeFiles/Widgets.dir/compiler_depend.internal".
Dependencies file "src/widgets/CMakeFiles/Widgets.dir/styles/qstylesheetstyle.cpp.o.d" is newer than depends file "/home/luke/sponge-os/genode/build/x86_64/qt6/base/src/widgets/CMakeFiles/Widgets.dir/compiler_depend.internal".
Dependencies file "src/widgets/CMakeFiles/Widgets.dir/styles/qstylesheetstyle_default.cpp.o.d" is newer than depends file "/home/luke/sponge-os/genode/build/x86_64/qt6/base/src/widgets/CMakeFiles/Widgets.dir/compiler_depend.internal".
Dependencies file "src/widgets/CMakeFiles/Widgets.dir/styles/qwindowsstyle.cpp.o.d" is newer than depends file "/home/luke/sponge-os/genode/build/x86_64/qt6/base/src/widgets/CMakeFiles/Widgets.dir/compiler_depend.internal".
Dependencies file "src/widgets/CMakeFiles/Widgets.dir/util/qcolormap.cpp.o.d" is newer than depends file "/home/luke/sponge-os/genode/build/x86_64/qt6/base/src/widgets/CMakeFiles/Widgets.dir/compiler_depend.internal".
Dependencies file "src/widgets/CMakeFiles/Widgets.dir/util/qcompleter.cpp.o.d" is newer than depends file "/home/luke/sponge-os/genode/build/x86_64/qt6/base/src/widgets/CMakeFiles/Widgets.dir/compiler_depend.internal".
Dependencies file "src/widgets/CMakeFiles/Widgets.dir/util/qflickgesture.cpp.o.d" is newer than depends file "/home/luke/sponge-os/genode/build/x86_64/qt6/base/src/widgets/CMakeFiles/Widgets.dir/compiler_depend.internal".
Dependencies file "src/widgets/CMakeFiles/Widgets.dir/util/qscroller.cpp.o.d" is newer than depends file "/home/luke/sponge-os/genode/build/x86_64/qt6/base/src/widgets/CMakeFiles/Widgets.dir/compiler_depend.internal".
Dependencies file "src/widgets/CMakeFiles/Widgets.dir/util/qscrollerproperties.cpp.o.d" is newer than depends file "/home/luke/sponge-os/genode/build/x86_64/qt6/base/src/widgets/CMakeFiles/Widgets.dir/compiler_depend.internal".
Dependencies file "src/widgets/CMakeFiles/Widgets.dir/util/qsystemtrayicon.cpp.o.d" is newer than depends file "/home/luke/sponge-os/genode/build/x86_64/qt6/base/src/widgets/CMakeFiles/Widgets.dir/compiler_depend.internal".
Dependencies file "src/widgets/CMakeFiles/Widgets.dir/util/qsystemtrayicon_qpa.cpp.o.d" is newer than depends file "/home/luke/sponge-os/genode/build/x86_64/qt6/base/src/widgets/CMakeFiles/Widgets.dir/compiler_depend.internal".
Dependencies file "src/widgets/CMakeFiles/Widgets.dir/util/qundoview.cpp.o.d" is newer than depends file "/home/luke/sponge-os/genode/build/x86_64/qt6/base/src/widgets/CMakeFiles/Widgets.dir/compiler_depend.internal".
Dependencies file "src/widgets/CMakeFiles/Widgets.dir/widgets/qabstractbutton.cpp.o.d" is newer than depends file "/home/luke/sponge-os/genode/build/x86_64/qt6/base/src/widgets/CMakeFiles/Widgets.dir/compiler_depend.internal".
Dependencies file "src/widgets/CMakeFiles/Widgets.dir/widgets/qabstractscrollarea.cpp.o.d" is newer than depends file "/home/luke/sponge-os/genode/build/x86_64/qt6/base/src/widgets/CMakeFiles/Widgets.dir/compiler_depend.internal".
Dependencies file "src/widgets/CMakeFiles/Widgets.dir/widgets/qabstractslider.cpp.o.d" is newer than depends file "/home/luke/sponge-os/genode/build/x86_64/qt6/base/src/widgets/CMakeFiles/Widgets.dir/compiler_depend.internal".
Dependencies file "src/widgets/CMakeFiles/Widgets.dir/widgets/qabstractspinbox.cpp.o.d" is newer than depends file "/home/luke/sponge-os/genode/build/x86_64/qt6/base/src/widgets/CMakeFiles/Widgets.dir/compiler_depend.internal".
Dependencies file "src/widgets/CMakeFiles/Widgets.dir/widgets/qbuttongroup.cpp.o.d" is newer than depends file "/home/luke/sponge-os/genode/build/x86_64/qt6/base/src/widgets/CMakeFiles/Widgets.dir/compiler_depend.internal".
Dependencies file "src/widgets/CMakeFiles/Widgets.dir/widgets/qcalendarwidget.cpp.o.d" is newer than depends file "/home/luke/sponge-os/genode/build/x86_64/qt6/base/src/widgets/CMakeFiles/Widgets.dir/compiler_depend.internal".
Dependencies file "src/widgets/CMakeFiles/Widgets.dir/widgets/qcheckbox.cpp.o.d" is newer than depends file "/home/luke/sponge-os/genode/build/x86_64/qt6/base/src/widgets/CMakeFiles/Widgets.dir/compiler_depend.internal".
Dependencies file "src/widgets/CMakeFiles/Widgets.dir/widgets/qcombobox.cpp.o.d" is newer than depends file "/home/luke/sponge-os/genode/build/x86_64/qt6/base/src/widgets/CMakeFiles/Widgets.dir/compiler_depend.internal".
Dependencies file "src/widgets/CMakeFiles/Widgets.dir/widgets/qcommandlinkbutton.cpp.o.d" is newer than depends file "/home/luke/sponge-os/genode/build/x86_64/qt6/base/src/widgets/CMakeFiles/Widgets.dir/compiler_depend.internal".
Dependencies file "src/widgets/CMakeFiles/Widgets.dir/widgets/qdatetimeedit.cpp.o.d" is newer than depends file "/home/luke/sponge-os/genode/build/x86_64/qt6/base/src/widgets/CMakeFiles/Widgets.dir/compiler_depend.internal".
Dependencies file "src/widgets/CMakeFiles/Widgets.dir/widgets/qdial.cpp.o.d" is newer than depends file "/home/luke/sponge-os/genode/build/x86_64/qt6/base/src/widgets/CMakeFiles/Widgets.dir/compiler_depend.internal".
Dependencies file "src/widgets/CMakeFiles/Widgets.dir/widgets/qdialogbuttonbox.cpp.o.d" is newer than depends file "/home/luke/sponge-os/genode/build/x86_64/qt6/base/src/widgets/CMakeFiles/Widgets.dir/compiler_depend.internal".
Dependencies file "src/widgets/CMakeFiles/Widgets.dir/widgets/qdockarealayout.cpp.o.d" is newer than depends file "/home/luke/sponge-os/genode/build/x86_64/qt6/base/src/widgets/CMakeFiles/Widgets.dir/compiler_depend.internal".
Dependencies file "src/widgets/CMakeFiles/Widgets.dir/widgets/qdockwidget.cpp.o.d" is newer than depends file "/home/luke/sponge-os/genode/build/x86_64/qt6/base/src/widgets/CMakeFiles/Widgets.dir/compiler_depend.internal".
Dependencies file "src/widgets/CMakeFiles/Widgets.dir/widgets/qeffects.cpp.o.d" is newer than depends file "/home/luke/sponge-os/genode/build/x86_64/qt6/base/src/widgets/CMakeFiles/Widgets.dir/compiler_depend.internal".
Dependencies file "src/widgets/CMakeFiles/Widgets.dir/widgets/qfocusframe.cpp.o.d" is newer than depends file "/home/luke/sponge-os/genode/build/x86_64/qt6/base/src/widgets/CMakeFiles/Widgets.dir/compiler_depend.internal".
Dependencies file "src/widgets/CMakeFiles/Widgets.dir/widgets/qfontcombobox.cpp.o.d" is newer than depends file "/home/luke/sponge-os/genode/build/x86_64/qt6/base/src/widgets/CMakeFiles/Widgets.dir/compiler_depend.internal".
Dependencies file "src/widgets/CMakeFiles/Widgets.dir/widgets/qframe.cpp.o.d" is newer than depends file "/home/luke/sponge-os/genode/build/x86_64/qt6/base/src/widgets/CMakeFiles/Widgets.dir/compiler_depend.internal".
Dependencies file "src/widgets/CMakeFiles/Widgets.dir/widgets/qgroupbox.cpp.o.d" is newer than depends file "/home/luke/sponge-os/genode/build/x86_64/qt6/base/src/widgets/CMakeFiles/Widgets.dir/compiler_depend.internal".
Dependencies file "src/widgets/CMakeFiles/Widgets.dir/widgets/qkeysequenceedit.cpp.o.d" is newer than depends file "/home/luke/sponge-os/genode/build/x86_64/qt6/base/src/widgets/CMakeFiles/Widgets.dir/compiler_depend.internal".
[ 83%] Built target OpenGL
Dependencies file "src/widgets/CMakeFiles/Widgets.dir/widgets/qlabel.cpp.o.d" is newer than depends file "/home/luke/sponge-os/genode/build/x86_64/qt6/base/src/widgets/CMakeFiles/Widgets.dir/compiler_depend.internal".
Dependencies file "src/widgets/CMakeFiles/Widgets.dir/widgets/qlcdnumber.cpp.o.d" is newer than depends file "/home/luke/sponge-os/genode/build/x86_64/qt6/base/src/widgets/CMakeFiles/Widgets.dir/compiler_depend.internal".
Dependencies file "src/widgets/CMakeFiles/Widgets.dir/widgets/qlineedit.cpp.o.d" is newer than depends file "/home/luke/sponge-os/genode/build/x86_64/qt6/base/src/widgets/CMakeFiles/Widgets.dir/compiler_depend.internal".
Dependencies file "src/widgets/CMakeFiles/Widgets.dir/widgets/qlineedit_p.cpp.o.d" is newer than depends file "/home/luke/sponge-os/genode/build/x86_64/qt6/base/src/widgets/CMakeFiles/Widgets.dir/compiler_depend.internal".
Dependencies file "src/widgets/CMakeFiles/Widgets.dir/widgets/qmainwindow.cpp.o.d" is newer than depends file "/home/luke/sponge-os/genode/build/x86_64/qt6/base/src/widgets/CMakeFiles/Widgets.dir/compiler_depend.internal".
Dependencies file "src/widgets/CMakeFiles/Widgets.dir/widgets/qmainwindowlayout.cpp.o.d" is newer than depends file "/home/luke/sponge-os/genode/build/x86_64/qt6/base/src/widgets/CMakeFiles/Widgets.dir/compiler_depend.internal".
Dependencies file "src/widgets/CMakeFiles/Widgets.dir/widgets/qmdiarea.cpp.o.d" is newer than depends file "/home/luke/sponge-os/genode/build/x86_64/qt6/base/src/widgets/CMakeFiles/Widgets.dir/compiler_depend.internal".
Dependencies file "src/widgets/CMakeFiles/Widgets.dir/widgets/qmdisubwindow.cpp.o.d" is newer than depends file "/home/luke/sponge-os/genode/build/x86_64/qt6/base/src/widgets/CMakeFiles/Widgets.dir/compiler_depend.internal".
Dependencies file "src/widgets/CMakeFiles/Widgets.dir/widgets/qmenu.cpp.o.d" is newer than depends file "/home/luke/sponge-os/genode/build/x86_64/qt6/base/src/widgets/CMakeFiles/Widgets.dir/compiler_depend.internal".
Dependencies file "src/widgets/CMakeFiles/Widgets.dir/widgets/qmenubar.cpp.o.d" is newer than depends file "/home/luke/sponge-os/genode/build/x86_64/qt6/base/src/widgets/CMakeFiles/Widgets.dir/compiler_depend.internal".
Dependencies file "src/widgets/CMakeFiles/Widgets.dir/widgets/qplaintextedit.cpp.o.d" is newer than depends file "/home/luke/sponge-os/genode/build/x86_64/qt6/base/src/widgets/CMakeFiles/Widgets.dir/compiler_depend.internal".
Dependencies file "src/widgets/CMakeFiles/Widgets.dir/widgets/qprogressbar.cpp.o.d" is newer than depends file "/home/luke/sponge-os/genode/build/x86_64/qt6/base/src/widgets/CMakeFiles/Widgets.dir/compiler_depend.internal".
Dependencies file "src/widgets/CMakeFiles/Widgets.dir/widgets/qpushbutton.cpp.o.d" is newer than depends file "/home/luke/sponge-os/genode/build/x86_64/qt6/base/src/widgets/CMakeFiles/Widgets.dir/compiler_depend.internal".
Dependencies file "src/widgets/CMakeFiles/Widgets.dir/widgets/qradiobutton.cpp.o.d" is newer than depends file "/home/luke/sponge-os/genode/build/x86_64/qt6/base/src/widgets/CMakeFiles/Widgets.dir/compiler_depend.internal".
Dependencies file "src/widgets/CMakeFiles/Widgets.dir/widgets/qrubberband.cpp.o.d" is newer than depends file "/home/luke/sponge-os/genode/build/x86_64/qt6/base/src/widgets/CMakeFiles/Widgets.dir/compiler_depend.internal".
Dependencies file "src/widgets/CMakeFiles/Widgets.dir/widgets/qscrollarea.cpp.o.d" is newer than depends file "/home/luke/sponge-os/genode/build/x86_64/qt6/base/src/widgets/CMakeFiles/Widgets.dir/compiler_depend.internal".
Dependencies file "src/widgets/CMakeFiles/Widgets.dir/widgets/qscrollbar.cpp.o.d" is newer than depends file "/home/luke/sponge-os/genode/build/x86_64/qt6/base/src/widgets/CMakeFiles/Widgets.dir/compiler_depend.internal".
Dependencies file "src/widgets/CMakeFiles/Widgets.dir/widgets/qsizegrip.cpp.o.d" is newer than depends file "/home/luke/sponge-os/genode/build/x86_64/qt6/base/src/widgets/CMakeFiles/Widgets.dir/compiler_depend.internal".
Dependencies file "src/widgets/CMakeFiles/Widgets.dir/widgets/qslider.cpp.o.d" is newer than depends file "/home/luke/sponge-os/genode/build/x86_64/qt6/base/src/widgets/CMakeFiles/Widgets.dir/compiler_depend.internal".
Dependencies file "src/widgets/CMakeFiles/Widgets.dir/widgets/qspinbox.cpp.o.d" is newer than depends file "/home/luke/sponge-os/genode/build/x86_64/qt6/base/src/widgets/CMakeFiles/Widgets.dir/compiler_depend.internal".
Dependencies file "src/widgets/CMakeFiles/Widgets.dir/widgets/qsplashscreen.cpp.o.d" is newer than depends file "/home/luke/sponge-os/genode/build/x86_64/qt6/base/src/widgets/CMakeFiles/Widgets.dir/compiler_depend.internal".
Dependencies file "src/widgets/CMakeFiles/Widgets.dir/widgets/qsplitter.cpp.o.d" is newer than depends file "/home/luke/sponge-os/genode/build/x86_64/qt6/base/src/widgets/CMakeFiles/Widgets.dir/compiler_depend.internal".
Dependencies file "src/widgets/CMakeFiles/Widgets.dir/widgets/qstackedwidget.cpp.o.d" is newer than depends file "/home/luke/sponge-os/genode/build/x86_64/qt6/base/src/widgets/CMakeFiles/Widgets.dir/compiler_depend.internal".
Dependencies file "src/widgets/CMakeFiles/Widgets.dir/widgets/qstatusbar.cpp.o.d" is newer than depends file "/home/luke/sponge-os/genode/build/x86_64/qt6/base/src/widgets/CMakeFiles/Widgets.dir/compiler_depend.internal".
Dependencies file "src/widgets/CMakeFiles/Widgets.dir/widgets/qtabbar.cpp.o.d" is newer than depends file "/home/luke/sponge-os/genode/build/x86_64/qt6/base/src/widgets/CMakeFiles/Widgets.dir/compiler_depend.internal".
Dependencies file "src/widgets/CMakeFiles/Widgets.dir/widgets/qtabwidget.cpp.o.d" is newer than depends file "/home/luke/sponge-os/genode/build/x86_64/qt6/base/src/widgets/CMakeFiles/Widgets.dir/compiler_depend.internal".
Dependencies file "src/widgets/CMakeFiles/Widgets.dir/widgets/qtextbrowser.cpp.o.d" is newer than depends file "/home/luke/sponge-os/genode/build/x86_64/qt6/base/src/widgets/CMakeFiles/Widgets.dir/compiler_depend.internal".
Dependencies file "src/widgets/CMakeFiles/Widgets.dir/widgets/qtextedit.cpp.o.d" is newer than depends file "/home/luke/sponge-os/genode/build/x86_64/qt6/base/src/widgets/CMakeFiles/Widgets.dir/compiler_depend.internal".
Dependencies file "src/widgets/CMakeFiles/Widgets.dir/widgets/qtoolbar.cpp.o.d" is newer than depends file "/home/luke/sponge-os/genode/build/x86_64/qt6/base/src/widgets/CMakeFiles/Widgets.dir/compiler_depend.internal".
Dependencies file "src/widgets/CMakeFiles/Widgets.dir/widgets/qtoolbararealayout.cpp.o.d" is newer than depends file "/home/luke/sponge-os/genode/build/x86_64/qt6/base/src/widgets/CMakeFiles/Widgets.dir/compiler_depend.internal".
Dependencies file "src/widgets/CMakeFiles/Widgets.dir/widgets/qtoolbarextension.cpp.o.d" is newer than depends file "/home/luke/sponge-os/genode/build/x86_64/qt6/base/src/widgets/CMakeFiles/Widgets.dir/compiler_depend.internal".
Dependencies file "src/widgets/CMakeFiles/Widgets.dir/widgets/qtoolbarlayout.cpp.o.d" is newer than depends file "/home/luke/sponge-os/genode/build/x86_64/qt6/base/src/widgets/CMakeFiles/Widgets.dir/compiler_depend.internal".
Dependencies file "src/widgets/CMakeFiles/Widgets.dir/widgets/qtoolbarseparator.cpp.o.d" is newer than depends file "/home/luke/sponge-os/genode/build/x86_64/qt6/base/src/widgets/CMakeFiles/Widgets.dir/compiler_depend.internal".
Dependencies file "src/widgets/CMakeFiles/Widgets.dir/widgets/qtoolbox.cpp.o.d" is newer than depends file "/home/luke/sponge-os/genode/build/x86_64/qt6/base/src/widgets/CMakeFiles/Widgets.dir/compiler_depend.internal".
Dependencies file "src/widgets/CMakeFiles/Widgets.dir/widgets/qtoolbutton.cpp.o.d" is newer than depends file "/home/luke/sponge-os/genode/build/x86_64/qt6/base/src/widgets/CMakeFiles/Widgets.dir/compiler_depend.internal".
Dependencies file "src/widgets/CMakeFiles/Widgets.dir/widgets/qwidgetanimator.cpp.o.d" is newer than depends file "/home/luke/sponge-os/genode/build/x86_64/qt6/base/src/widgets/CMakeFiles/Widgets.dir/compiler_depend.internal".
Dependencies file "src/widgets/CMakeFiles/Widgets.dir/widgets/qwidgetlinecontrol.cpp.o.d" is newer than depends file "/home/luke/sponge-os/genode/build/x86_64/qt6/base/src/widgets/CMakeFiles/Widgets.dir/compiler_depend.internal".
Dependencies file "src/widgets/CMakeFiles/Widgets.dir/widgets/qwidgetresizehandler.cpp.o.d" is newer than depends file "/home/luke/sponge-os/genode/build/x86_64/qt6/base/src/widgets/CMakeFiles/Widgets.dir/compiler_depend.internal".
Dependencies file "src/widgets/CMakeFiles/Widgets.dir/widgets/qwidgettextcontrol.cpp.o.d" is newer than depends file "/home/luke/sponge-os/genode/build/x86_64/qt6/base/src/widgets/CMakeFiles/Widgets.dir/compiler_depend.internal".
[1m[35mConsolidate compiler generated dependencies of target Widgets[0m
[ 97%] Built target Widgets
[ 97%] Built target PrintSupport_autogen_timestamp_deps
[ 97%] Built target OpenGLWidgets_autogen_timestamp_deps
Dependencies file "src/printsupport/PrintSupport_autogen/deps" is newer than depends file "/home/luke/sponge-os/genode/build/x86_64/qt6/base/src/printsupport/CMakeFiles/PrintSupport_autogen.dir/compiler_depend.internal".
[1m[35mConsolidate compiler generated dependencies of target PrintSupport_autogen[0m
Dependencies file "src/openglwidgets/OpenGLWidgets_autogen/deps" is newer than depends file "/home/luke/sponge-os/genode/build/x86_64/qt6/base/src/openglwidgets/CMakeFiles/OpenGLWidgets_autogen.dir/compiler_depend.internal".
[1m[35mConsolidate compiler generated dependencies of target OpenGLWidgets_autogen[0m
[ 97%] Built target OpenGLWidgets_autogen
[ 97%] Built target PrintSupport_autogen
Dependencies file "src/openglwidgets/CMakeFiles/OpenGLWidgets.dir/OpenGLWidgets_autogen/mocs_compilation.cpp.o.d" is newer than depends file "/home/luke/sponge-os/genode/build/x86_64/qt6/base/src/openglwidgets/CMakeFiles/OpenGLWidgets.dir/compiler_depend.internal".
Dependencies file "src/openglwidgets/CMakeFiles/OpenGLWidgets.dir/qopenglwidget.cpp.o.d" is newer than depends file "/home/luke/sponge-os/genode/build/x86_64/qt6/base/src/openglwidgets/CMakeFiles/OpenGLWidgets.dir/compiler_depend.internal".
[1m[35mConsolidate compiler generated dependencies of target OpenGLWidgets[0m
Dependencies file "src/printsupport/CMakeFiles/PrintSupport.dir/.qt/rcc/qrc_qprintdialog.cpp.o.d" is newer than depends file "/home/luke/sponge-os/genode/build/x86_64/qt6/base/src/printsupport/CMakeFiles/PrintSupport.dir/compiler_depend.internal".
Dependencies file "src/printsupport/CMakeFiles/PrintSupport.dir/.qt/rcc/qrc_qprintdialog1.cpp.o.d" is newer than depends file "/home/luke/sponge-os/genode/build/x86_64/qt6/base/src/printsupport/CMakeFiles/PrintSupport.dir/compiler_depend.internal".
Dependencies file "src/printsupport/CMakeFiles/PrintSupport.dir/PrintSupport_autogen/mocs_compilation.cpp.o.d" is newer than depends file "/home/luke/sponge-os/genode/build/x86_64/qt6/base/src/printsupport/CMakeFiles/PrintSupport.dir/compiler_depend.internal".
Dependencies file "src/printsupport/CMakeFiles/PrintSupport.dir/dialogs/qabstractprintdialog.cpp.o.d" is newer than depends file "/home/luke/sponge-os/genode/build/x86_64/qt6/base/src/printsupport/CMakeFiles/PrintSupport.dir/compiler_depend.internal".
Dependencies file "src/printsupport/CMakeFiles/PrintSupport.dir/dialogs/qpagesetupdialog.cpp.o.d" is newer than depends file "/home/luke/sponge-os/genode/build/x86_64/qt6/base/src/printsupport/CMakeFiles/PrintSupport.dir/compiler_depend.internal".
Dependencies file "src/printsupport/CMakeFiles/PrintSupport.dir/dialogs/qpagesetupdialog_unix.cpp.o.d" is newer than depends file "/home/luke/sponge-os/genode/build/x86_64/qt6/base/src/printsupport/CMakeFiles/PrintSupport.dir/compiler_depend.internal".
Dependencies file "src/printsupport/CMakeFiles/PrintSupport.dir/dialogs/qprintdialog_unix.cpp.o.d" is newer than depends file "/home/luke/sponge-os/genode/build/x86_64/qt6/base/src/printsupport/CMakeFiles/PrintSupport.dir/compiler_depend.internal".
Dependencies file "src/printsupport/CMakeFiles/PrintSupport.dir/dialogs/qprintpreviewdialog.cpp.o.d" is newer than depends file "/home/luke/sponge-os/genode/build/x86_64/qt6/base/src/printsupport/CMakeFiles/PrintSupport.dir/compiler_depend.internal".
Dependencies file "src/printsupport/CMakeFiles/PrintSupport.dir/kernel/qpaintengine_alpha.cpp.o.d" is newer than depends file "/home/luke/sponge-os/genode/build/x86_64/qt6/base/src/printsupport/CMakeFiles/PrintSupport.dir/compiler_depend.internal".
Dependencies file "src/printsupport/CMakeFiles/PrintSupport.dir/kernel/qpaintengine_preview.cpp.o.d" is newer than depends file "/home/luke/sponge-os/genode/build/x86_64/qt6/base/src/printsupport/CMakeFiles/PrintSupport.dir/compiler_depend.internal".
Dependencies file "src/printsupport/CMakeFiles/PrintSupport.dir/kernel/qplatformprintdevice.cpp.o.d" is newer than depends file "/home/luke/sponge-os/genode/build/x86_64/qt6/base/src/printsupport/CMakeFiles/PrintSupport.dir/compiler_depend.internal".
Dependencies file "src/printsupport/CMakeFiles/PrintSupport.dir/kernel/qplatformprintersupport.cpp.o.d" is newer than depends file "/home/luke/sponge-os/genode/build/x86_64/qt6/base/src/printsupport/CMakeFiles/PrintSupport.dir/compiler_depend.internal".
Dependencies file "src/printsupport/CMakeFiles/PrintSupport.dir/kernel/qplatformprintplugin.cpp.o.d" is newer than depends file "/home/luke/sponge-os/genode/build/x86_64/qt6/base/src/printsupport/CMakeFiles/PrintSupport.dir/compiler_depend.internal".
Dependencies file "src/printsupport/CMakeFiles/PrintSupport.dir/kernel/qprint.cpp.o.d" is newer than depends file "/home/luke/sponge-os/genode/build/x86_64/qt6/base/src/printsupport/CMakeFiles/PrintSupport.dir/compiler_depend.internal".
Dependencies file "src/printsupport/CMakeFiles/PrintSupport.dir/kernel/qprintdevice.cpp.o.d" is newer than depends file "/home/luke/sponge-os/genode/build/x86_64/qt6/base/src/printsupport/CMakeFiles/PrintSupport.dir/compiler_depend.internal".
Dependencies file "src/printsupport/CMakeFiles/PrintSupport.dir/kernel/qprintengine.cpp.o.d" is newer than depends file "/home/luke/sponge-os/genode/build/x86_64/qt6/base/src/printsupport/CMakeFiles/PrintSupport.dir/compiler_depend.internal".
Dependencies file "src/printsupport/CMakeFiles/PrintSupport.dir/kernel/qprintengine_pdf.cpp.o.d" is newer than depends file "/home/luke/sponge-os/genode/build/x86_64/qt6/base/src/printsupport/CMakeFiles/PrintSupport.dir/compiler_depend.internal".
Dependencies file "src/printsupport/CMakeFiles/PrintSupport.dir/kernel/qprinter.cpp.o.d" is newer than depends file "/home/luke/sponge-os/genode/build/x86_64/qt6/base/src/printsupport/CMakeFiles/PrintSupport.dir/compiler_depend.internal".
Dependencies file "src/printsupport/CMakeFiles/PrintSupport.dir/kernel/qprinterinfo.cpp.o.d" is newer than depends file "/home/luke/sponge-os/genode/build/x86_64/qt6/base/src/printsupport/CMakeFiles/PrintSupport.dir/compiler_depend.internal".
Dependencies file "src/printsupport/CMakeFiles/PrintSupport.dir/widgets/qprintpreviewwidget.cpp.o.d" is newer than depends file "/home/luke/sponge-os/genode/build/x86_64/qt6/base/src/printsupport/CMakeFiles/PrintSupport.dir/compiler_depend.internal".
[1m[35mConsolidate compiler generated dependencies of target PrintSupport[0m
[ 97%] Built target OpenGLWidgets
[100%] Built target PrintSupport
[36mInstall the project...[0m
-- Install configuration: "RelWithDebInfo"
-- Installing: install/qt/lib/cmake/Qt6BuildInternals/Qt6BuildInternalsConfig.cmake
-- Installing: install/qt/lib/cmake/Qt6BuildInternals/Qt6BuildInternalsConfigVersion.cmake
-- Installing: install/qt/lib/cmake/Qt6BuildInternals/Qt6BuildInternalsConfigVersionImpl.cmake
-- Installing: install/qt/lib/cmake/Qt6BuildInternals/QtBuildInternalsExtra.cmake
-- Installing: install/qt/lib/cmake/Qt6BuildInternals/QtStandaloneTestTemplateProject
-- Installing: install/qt/lib/cmake/Qt6BuildInternals/QtStandaloneTestTemplateProject/CMakeLists.txt
-- Installing: install/qt/lib/cmake/Qt6BuildInternals/QtStandaloneTestTemplateProject/Main.cmake
-- Installing: install/qt/lib/cmake/Qt6/qt.toolchain.cmake
-- Installing: install/qt/mkspecs/qconfig.pri
-- Installing: install/qt/mkspecs/qmodule.pri
-- Installing: install/qt/mkspecs/qdevice.pri
-- Installing: install/qt/bin/target_qt.conf
-- Installing: install/qt/bin/qmake
-- Installing: install/qt/bin/qmake6
-- Installing: install/qt/bin/qtpaths
-- Installing: install/qt/bin/qtpaths6
-- Installing: install/qt/bin/qt-cmake
-- Installing: install/qt/bin/qt-cmake-create
-- Installing: install/qt/libexec/qt-cmake-private
-- Installing: install/qt/bin/qt-configure-module
-- Installing: install/qt/libexec/qt-cmake-standalone-test
-- Installing: install/qt/libexec/qt-cmake-private-install.cmake
-- Installing: install/qt/libexec/qt-internal-configure-tests
-- Installing: install/qt/libexec/qt-internal-configure-examples
-- Installing: install/qt/lib/cmake/Qt6/Qt6Targets.cmake
-- Installing: install/qt/lib/cmake/Qt6/Qt6VersionlessAliasTargets.cmake
-- Installing: install/qt/lib/cmake/Qt6/Qt6VersionlessTargets.cmake
-- Installing: install/qt/lib/cmake/Qt6/Qt6Config.cmake
-- Installing: install/qt/lib/cmake/Qt6/Qt6ConfigExtras.cmake
-- Installing: install/qt/lib/cmake/Qt6/Qt6ConfigVersion.cmake
-- Installing: install/qt/lib/cmake/Qt6/Qt6ConfigVersionImpl.cmake
-- Installing: install/qt/lib/cmake/Qt6/QtInstallPaths.cmake
-- Installing: install/qt/lib/cmake/Qt6/Qt3rdPartyLibraryHelpers.cmake
-- Installing: install/qt/lib/cmake/Qt6/QtAndroidHelpers.cmake
-- Installing: install/qt/lib/cmake/Qt6/QtAppHelpers.cmake
-- Installing: install/qt/lib/cmake/Qt6/QtAutoDetectHelpers.cmake
-- Installing: install/qt/lib/cmake/Qt6/QtAutogenHelpers.cmake
-- Installing: install/qt/lib/cmake/Qt6/QtBuildInformation.cmake
-- Installing: install/qt/lib/cmake/Qt6/QtBuildOptionsHelpers.cmake
-- Installing: install/qt/lib/cmake/Qt6/QtBuildPathsHelpers.cmake
-- Installing: install/qt/lib/cmake/Qt6/QtBuildRepoExamplesHelpers.cmake
-- Installing: install/qt/lib/cmake/Qt6/QtBuildRepoHelpers.cmake
-- Installing: install/qt/lib/cmake/Qt6/QtCMakeHelpers.cmake
-- Installing: install/qt/lib/cmake/Qt6/QtCMakeVersionHelpers.cmake
-- Installing: install/qt/lib/cmake/Qt6/QtDbusHelpers.cmake
-- Installing: install/qt/lib/cmake/Qt6/QtDeferredDependenciesHelpers.cmake
-- Installing: install/qt/lib/cmake/Qt6/QtDocsHelpers.cmake
-- Installing: install/qt/lib/cmake/Qt6/QtExecutableHelpers.cmake
-- Installing: install/qt/lib/cmake/Qt6/QtFindPackageHelpers.cmake
-- Installing: install/qt/lib/cmake/Qt6/QtFlagHandlingHelpers.cmake
-- Installing: install/qt/lib/cmake/Qt6/QtFrameworkHelpers.cmake
-- Installing: install/qt/lib/cmake/Qt6/QtGlobalStateHelpers.cmake
-- Installing: install/qt/lib/cmake/Qt6/QtHeadersClean.cmake
-- Installing: install/qt/lib/cmake/Qt6/QtInstallHelpers.cmake
-- Installing: install/qt/lib/cmake/Qt6/QtJavaHelpers.cmake
-- Installing: install/qt/lib/cmake/Qt6/QtLalrHelpers.cmake
-- Installing: install/qt/lib/cmake/Qt6/QtMkspecHelpers.cmake
-- Installing: install/qt/lib/cmake/Qt6/QtModuleHelpers.cmake
-- Installing: install/qt/lib/cmake/Qt6/QtNoLinkTargetHelpers.cmake
-- Installing: install/qt/lib/cmake/Qt6/QtPkgConfigHelpers.cmake
-- Installing: install/qt/lib/cmake/Qt6/QtPlatformTargetHelpers.cmake
-- Installing: install/qt/lib/cmake/Qt6/QtPluginHelpers.cmake
-- Installing: install/qt/lib/cmake/Qt6/QtPostProcessHelpers.cmake
-- Installing: install/qt/lib/cmake/Qt6/QtPrecompiledHeadersHelpers.cmake
-- Installing: install/qt/lib/cmake/Qt6/QtPriHelpers.cmake
-- Installing: install/qt/lib/cmake/Qt6/QtPrlHelpers.cmake
-- Installing: install/qt/lib/cmake/Qt6/QtProperties.cmake
-- Installing: install/qt/lib/cmake/Qt6/QtQmakeHelpers.cmake
-- Installing: install/qt/lib/cmake/Qt6/QtResourceHelpers.cmake
-- Installing: install/qt/lib/cmake/Qt6/QtRpathHelpers.cmake
-- Installing: install/qt/lib/cmake/Qt6/QtSanitizerHelpers.cmake
-- Installing: install/qt/lib/cmake/Qt6/QtSbomHelpers.cmake
-- Installing: install/qt/lib/cmake/Qt6/QtScopeFinalizerHelpers.cmake
-- Installing: install/qt/lib/cmake/Qt6/QtSeparateDebugInfo.cmake
-- Installing: install/qt/lib/cmake/Qt6/QtSimdHelpers.cmake
-- Installing: install/qt/lib/cmake/Qt6/QtSingleRepoTargetSetBuildHelpers.cmake
-- Installing: install/qt/lib/cmake/Qt6/QtSyncQtHelpers.cmake
-- Installing: install/qt/lib/cmake/Qt6/QtTargetHelpers.cmake
-- Installing: install/qt/lib/cmake/Qt6/QtTestHelpers.cmake
-- Installing: install/qt/lib/cmake/Qt6/QtToolHelpers.cmake
-- Installing: install/qt/lib/cmake/Qt6/QtToolchainHelpers.cmake
-- Installing: install/qt/lib/cmake/Qt6/QtUnityBuildHelpers.cmake
-- Installing: install/qt/lib/cmake/Qt6/QtWasmHelpers.cmake
-- Installing: install/qt/lib/cmake/Qt6/QtWindowsHelpers.cmake
-- Installing: install/qt/lib/cmake/Qt6/QtWrapperScriptHelpers.cmake
-- Installing: install/qt/lib/cmake/Qt6/ModuleDescription.json.in
-- Installing: install/qt/lib/cmake/Qt6/PkgConfigLibrary.pc.in
-- Installing: install/qt/lib/cmake/Qt6/Qt3rdPartyLibraryConfig.cmake.in
-- Installing: install/qt/lib/cmake/Qt6/QtBaseTopLevelHelpers.cmake
-- Installing: install/qt/lib/cmake/Qt6/QtBuild.cmake
-- Installing: install/qt/lib/cmake/Qt6/QtBuildHelpers.cmake
-- Installing: install/qt/lib/cmake/Qt6/QtBuildStaticDocToolsScript.cmake
-- Installing: install/qt/lib/cmake/Qt6/QtCMakePackageVersionFile.cmake.in
-- Installing: install/qt/lib/cmake/Qt6/QtCompilerFlags.cmake
-- Installing: install/qt/lib/cmake/Qt6/QtCompilerOptimization.cmake
-- Installing: install/qt/lib/cmake/Qt6/QtConfigDependencies.cmake.in
-- Installing: install/qt/lib/cmake/Qt6/QtConfigureTimeExecutableCMakeLists.txt.in
-- Installing: install/qt/lib/cmake/Qt6/QtFileConfigure.txt.in
-- Installing: install/qt/lib/cmake/Qt6/QtFindWrapConfigExtra.cmake.in
-- Installing: install/qt/lib/cmake/Qt6/QtFindWrapHelper.cmake
-- Installing: install/qt/lib/cmake/Qt6/QtFinishPkgConfigFile.cmake
-- Installing: install/qt/lib/cmake/Qt6/QtFinishPrlFile.cmake
-- Installing: install/qt/lib/cmake/Qt6/QtGenerateExtPri.cmake
-- Installing: install/qt/lib/cmake/Qt6/QtGenerateLibHelpers.cmake
-- Installing: install/qt/lib/cmake/Qt6/QtGenerateLibPri.cmake
-- Installing: install/qt/lib/cmake/Qt6/QtGenerateVersionScript.cmake
-- Installing: install/qt/lib/cmake/Qt6/QtModuleConfig.cmake.in
-- Installing: install/qt/lib/cmake/Qt6/QtModuleDependencies.cmake.in
-- Installing: install/qt/lib/cmake/Qt6/QtModuleHeadersCheck.cmake
-- Installing: install/qt/lib/cmake/Qt6/QtModuleToolsConfig.cmake.in
-- Installing: install/qt/lib/cmake/Qt6/QtModuleToolsDependencies.cmake.in
-- Installing: install/qt/lib/cmake/Qt6/QtModuleToolsVersionlessTargets.cmake.in
-- Installing: install/qt/lib/cmake/Qt6/QtPlatformAndroid.cmake
-- Installing: install/qt/lib/cmake/Qt6/QtPlatformSupport.cmake
-- Installing: install/qt/lib/cmake/Qt6/QtPluginConfig.cmake.in
-- Installing: install/qt/lib/cmake/Qt6/QtPluginDependencies.cmake.in
-- Installing: install/qt/lib/cmake/Qt6/QtPlugins.cmake.in
-- Installing: install/qt/lib/cmake/Qt6/QtPostProcess.cmake
-- Installing: install/qt/lib/cmake/Qt6/QtProcessConfigureArgs.cmake
-- Installing: install/qt/lib/cmake/Qt6/QtSeparateDebugInfo.Info.plist.in
-- Installing: install/qt/lib/cmake/Qt6/QtSetup.cmake
-- Installing: install/qt/lib/cmake/Qt6/QtStandaloneTestsConfig.cmake.in
-- Installing: install/qt/lib/cmake/Qt6/QtVersionlessAliasTargets.cmake.in
-- Installing: install/qt/lib/cmake/Qt6/QtVersionlessTargets.cmake.in
-- Installing: install/qt/lib/cmake/Qt6/QtWriteArgsFile.cmake
-- Installing: install/qt/lib/cmake/Qt6/modulecppexports.h.in
-- Installing: install/qt/lib/cmake/Qt6/qbatchedtestrunner.in.cpp
-- Installing: install/qt/lib/cmake/Qt6/platforms
-- Installing: install/qt/lib/cmake/Qt6/platforms/FindIntegrityPlatformGraphics.cmake
-- Installing: install/qt/lib/cmake/Qt6/platforms/FindPlatformGraphics.cmake
-- Installing: install/qt/lib/cmake/Qt6/platforms/FindVxWorksPlatformGraphics.cmake
-- Installing: install/qt/lib/cmake/Qt6/platforms/Platform
-- Installing: install/qt/lib/cmake/Qt6/platforms/Platform/Genode.cmake
-- Installing: install/qt/lib/cmake/Qt6/platforms/Platform/Integrity.cmake
-- Installing: install/qt/lib/cmake/Qt6/config.tests/static_link_order
-- Installing: install/qt/lib/cmake/Qt6/config.tests/static_link_order/CMakeLists.txt
-- Installing: install/qt/lib/cmake/Qt6/config.tests/static_link_order/main.cpp
-- Installing: install/qt/lib/cmake/Qt6/config.tests/static_link_order/objlib.cpp
-- Installing: install/qt/lib/cmake/Qt6/config.tests/static_link_order/staticlib1.cpp
-- Installing: install/qt/lib/cmake/Qt6/config.tests/static_link_order/staticlib2.cpp
-- Installing: install/qt/lib/cmake/Qt6/config.tests/binary_for_strip
-- Installing: install/qt/lib/cmake/Qt6/config.tests/binary_for_strip/CMakeLists.txt
-- Installing: install/qt/lib/cmake/Qt6/config.tests/binary_for_strip/lib1.cpp
-- Installing: install/qt/lib/cmake/Qt6/libexec/qt-internal-strip.in
-- Installing: install/qt/lib/cmake/Qt6/libexec/qt-internal-strip.bat.in
-- Installing: install/qt/lib/cmake/Qt6/libexec/qt-internal-ninja.in
-- Installing: install/qt/lib/cmake/Qt6/libexec/qt-internal-ninja.bat.in
-- Installing: install/qt/lib/cmake/Qt6/QtFeature.cmake
-- Installing: install/qt/lib/cmake/Qt6/QtFeatureCommon.cmake
-- Installing: install/qt/lib/cmake/Qt6/QtPublicAppleHelpers.cmake
-- Installing: install/qt/lib/cmake/Qt6/QtPublicCMakeHelpers.cmake
-- Installing: install/qt/lib/cmake/Qt6/QtPublicCMakeVersionHelpers.cmake
-- Installing: install/qt/lib/cmake/Qt6/QtPublicDependencyHelpers.cmake
-- Installing: install/qt/lib/cmake/Qt6/QtPublicExternalProjectHelpers.cmake
-- Installing: install/qt/lib/cmake/Qt6/QtPublicFinalizerHelpers.cmake
-- Installing: install/qt/lib/cmake/Qt6/QtPublicFindPackageHelpers.cmake
-- Installing: install/qt/lib/cmake/Qt6/QtPublicGitHelpers.cmake
-- Installing: install/qt/lib/cmake/Qt6/QtPublicPluginHelpers.cmake
-- Installing: install/qt/lib/cmake/Qt6/QtPublicSbomAttributionHelpers.cmake
-- Installing: install/qt/lib/cmake/Qt6/QtPublicSbomCpeHelpers.cmake
-- Installing: install/qt/lib/cmake/Qt6/QtPublicSbomDepHelpers.cmake
-- Installing: install/qt/lib/cmake/Qt6/QtPublicSbomFileHelpers.cmake
-- Installing: install/qt/lib/cmake/Qt6/QtPublicSbomGenerationHelpers.cmake
-- Installing: install/qt/lib/cmake/Qt6/QtPublicSbomHelpers.cmake
-- Installing: install/qt/lib/cmake/Qt6/QtPublicSbomLicenseHelpers.cmake
-- Installing: install/qt/lib/cmake/Qt6/QtPublicSbomOpsHelpers.cmake
-- Installing: install/qt/lib/cmake/Qt6/QtPublicSbomPurlHelpers.cmake
-- Installing: install/qt/lib/cmake/Qt6/QtPublicSbomPythonHelpers.cmake
-- Installing: install/qt/lib/cmake/Qt6/QtPublicSbomQtEntityHelpers.cmake
-- Installing: install/qt/lib/cmake/Qt6/QtPublicSbomSystemDepHelpers.cmake
-- Installing: install/qt/lib/cmake/Qt6/QtPublicTargetHelpers.cmake
-- Installing: install/qt/lib/cmake/Qt6/QtPublicTestHelpers.cmake
-- Installing: install/qt/lib/cmake/Qt6/QtPublicToolHelpers.cmake
-- Installing: install/qt/lib/cmake/Qt6/QtPublicWalkLibsHelpers.cmake
-- Installing: install/qt/lib/cmake/Qt6/QtCopyFileIfDifferent.cmake
-- Installing: install/qt/lib/cmake/Qt6/QtInitProject.cmake
-- Installing: install/qt/lib/cmake/Qt6/QtPublicWasmToolchainHelpers.cmake
-- Installing: install/qt/lib/cmake/Qt6/3rdparty
-- Installing: install/qt/lib/cmake/Qt6/3rdparty/extra-cmake-modules
-- Installing: install/qt/lib/cmake/Qt6/3rdparty/extra-cmake-modules/COPYING-CMAKE-SCRIPTS
-- Installing: install/qt/lib/cmake/Qt6/3rdparty/extra-cmake-modules/REUSE.toml
-- Installing: install/qt/lib/cmake/Qt6/3rdparty/extra-cmake-modules/find-modules
-- Installing: install/qt/lib/cmake/Qt6/3rdparty/extra-cmake-modules/find-modules/ECMFindModuleHelpersStub.cmake
-- Installing: install/qt/lib/cmake/Qt6/3rdparty/extra-cmake-modules/find-modules/FindEGL.cmake
-- Installing: install/qt/lib/cmake/Qt6/3rdparty/extra-cmake-modules/find-modules/FindGLIB2.cmake
-- Installing: install/qt/lib/cmake/Qt6/3rdparty/extra-cmake-modules/find-modules/FindWayland.cmake
-- Installing: install/qt/lib/cmake/Qt6/3rdparty/extra-cmake-modules/find-modules/FindWaylandScanner.cmake
-- Installing: install/qt/lib/cmake/Qt6/3rdparty/extra-cmake-modules/find-modules/FindX11_XCB.cmake
-- Installing: install/qt/lib/cmake/Qt6/3rdparty/extra-cmake-modules/find-modules/FindXCB.cmake
-- Installing: install/qt/lib/cmake/Qt6/3rdparty/extra-cmake-modules/modules
-- Installing: install/qt/lib/cmake/Qt6/3rdparty/extra-cmake-modules/modules/ECMEnableSanitizers.cmake
-- Installing: install/qt/lib/cmake/Qt6/3rdparty/extra-cmake-modules/modules/ECMFindModuleHelpers.cmake
-- Installing: install/qt/lib/cmake/Qt6/3rdparty/extra-cmake-modules/qt_attribution.json
-- Installing: install/qt/lib/cmake/Qt6/3rdparty/kwin
-- Installing: install/qt/lib/cmake/Qt6/3rdparty/kwin/COPYING-CMAKE-SCRIPTS
-- Installing: install/qt/lib/cmake/Qt6/3rdparty/kwin/FindLibdrm.cmake
-- Installing: install/qt/lib/cmake/Qt6/3rdparty/kwin/FindLibinput.cmake
-- Installing: install/qt/lib/cmake/Qt6/3rdparty/kwin/FindXKB.cmake
-- Installing: install/qt/lib/cmake/Qt6/3rdparty/kwin/Findgbm.cmake
-- Installing: install/qt/lib/cmake/Qt6/3rdparty/kwin/REUSE.toml
-- Installing: install/qt/lib/cmake/Qt6/3rdparty/kwin/qt_attribution.json
-- Up-to-date: install/qt/lib/cmake/Qt6
-- Installing: install/qt/lib/cmake/Qt6/FindATSPI2.cmake
-- Installing: install/qt/lib/cmake/Qt6/FindDB2.cmake
-- Installing: install/qt/lib/cmake/Qt6/FindDirectFB.cmake
-- Installing: install/qt/lib/cmake/Qt6/FindGLESv2.cmake
-- Installing: install/qt/lib/cmake/Qt6/FindGSSAPI.cmake
-- Installing: install/qt/lib/cmake/Qt6/FindGTK3.cmake
-- Installing: install/qt/lib/cmake/Qt6/FindInterbase.cmake
-- Installing: install/qt/lib/cmake/Qt6/FindLibb2.cmake
-- Installing: install/qt/lib/cmake/Qt6/FindLibproxy.cmake
-- Installing: install/qt/lib/cmake/Qt6/FindLibsystemd.cmake
-- Installing: install/qt/lib/cmake/Qt6/FindLibudev.cmake
-- Installing: install/qt/lib/cmake/Qt6/FindMimer.cmake
-- Installing: install/qt/lib/cmake/Qt6/FindMtdev.cmake
-- Installing: install/qt/lib/cmake/Qt6/FindMySQL.cmake
-- Installing: install/qt/lib/cmake/Qt6/FindOracle.cmake
-- Installing: install/qt/lib/cmake/Qt6/FindPPS.cmake
-- Installing: install/qt/lib/cmake/Qt6/FindPostgreSQL.cmake
-- Installing: install/qt/lib/cmake/Qt6/FindRenderDoc.cmake
-- Installing: install/qt/lib/cmake/Qt6/FindSlog2.cmake
-- Installing: install/qt/lib/cmake/Qt6/FindTslib.cmake
-- Installing: install/qt/lib/cmake/Qt6/FindWrapAtomic.cmake
-- Installing: install/qt/lib/cmake/Qt6/FindWrapBacktrace.cmake
-- Installing: install/qt/lib/cmake/Qt6/FindWrapBrotli.cmake
-- Installing: install/qt/lib/cmake/Qt6/FindWrapDBus1.cmake
-- Installing: install/qt/lib/cmake/Qt6/FindWrapFreetype.cmake
-- Installing: install/qt/lib/cmake/Qt6/FindWrapHarfbuzz.cmake
-- Installing: install/qt/lib/cmake/Qt6/FindWrapJpeg.cmake
-- Installing: install/qt/lib/cmake/Qt6/FindWrapOpenGL.cmake
-- Installing: install/qt/lib/cmake/Qt6/FindWrapOpenSSL.cmake
-- Installing: install/qt/lib/cmake/Qt6/FindWrapOpenSSLHeaders.cmake
-- Installing: install/qt/lib/cmake/Qt6/FindWrapPCRE2.cmake
-- Installing: install/qt/lib/cmake/Qt6/FindWrapPNG.cmake
-- Installing: install/qt/lib/cmake/Qt6/FindWrapResolv.cmake
-- Installing: install/qt/lib/cmake/Qt6/FindWrapRt.cmake
-- Installing: install/qt/lib/cmake/Qt6/FindWrapSystemDoubleConversion.cmake
-- Installing: install/qt/lib/cmake/Qt6/FindWrapSystemFreetype.cmake
-- Installing: install/qt/lib/cmake/Qt6/FindWrapSystemHarfbuzz.cmake
-- Installing: install/qt/lib/cmake/Qt6/FindWrapSystemJpeg.cmake
-- Installing: install/qt/lib/cmake/Qt6/FindWrapSystemMd4c.cmake
-- Installing: install/qt/lib/cmake/Qt6/FindWrapSystemPCRE2.cmake
-- Installing: install/qt/lib/cmake/Qt6/FindWrapSystemPNG.cmake
-- Installing: install/qt/lib/cmake/Qt6/FindWrapSystemZLIB.cmake
-- Installing: install/qt/lib/cmake/Qt6/FindWrapVulkan.cmake
-- Installing: install/qt/lib/cmake/Qt6/FindWrapVulkanHeaders.cmake
-- Installing: install/qt/lib/cmake/Qt6/FindWrapZLIB.cmake
-- Installing: install/qt/lib/cmake/Qt6/FindWrapZSTD.cmake
-- Installing: install/qt/lib/cmake/Qt6/FindXKB_COMMON_X11.cmake
-- Installing: install/qt/lib/cmake/Qt6/FindXRender.cmake
-- Installing: install/qt/libexec/ensure_pro_file.cmake
-- Installing: install/qt/libexec/qt-testrunner.py
-- Installing: install/qt/libexec/sanitizer-testrunner.py
-- Installing: install/qt/doc/global
-- Installing: install/qt/doc/global/compat.qdocconf
-- Installing: install/qt/doc/global/config.qdocconf
-- Installing: install/qt/doc/global/cpp-doc-macros.qdocconf
-- Installing: install/qt/doc/global/externalsites.qdocconf
-- Installing: install/qt/doc/global/externalsites
-- Installing: install/qt/doc/global/externalsites/external-resources.qdoc
-- Installing: install/qt/doc/global/externalsites/qt-webpages.qdoc
-- Installing: install/qt/doc/global/externalsites/qtcreator.qdoc
-- Installing: install/qt/doc/global/externalsites/qtdesignstudio.qdoc
-- Installing: install/qt/doc/global/externalsites/rfc.qdoc
-- Installing: install/qt/doc/global/fileextensions.qdocconf
-- Installing: install/qt/doc/global/grid.qdocconf
-- Installing: install/qt/doc/global/html-config.qdocconf
-- Installing: install/qt/doc/global/html-footer-online.qdocconf
-- Installing: install/qt/doc/global/html-footer.qdocconf
-- Installing: install/qt/doc/global/html-header-offline.qdocconf
-- Installing: install/qt/doc/global/html-header-online.qdocconf
-- Installing: install/qt/doc/global/htmltabs.qdocconf
-- Installing: install/qt/doc/global/includes-online
-- Installing: install/qt/doc/global/includes-online/search.qdoc
-- Installing: install/qt/doc/global/includes
-- Installing: install/qt/doc/global/includes/cli-build-cmake.qdocinc
-- Installing: install/qt/doc/global/includes/corelib
-- Installing: install/qt/doc/global/includes/corelib/port-from-qregexp.qdocinc
-- Installing: install/qt/doc/global/includes/examples-run.qdocinc
-- Installing: install/qt/doc/global/includes/module-use.qdocinc
-- Installing: install/qt/doc/global/includes/standardpath
-- Installing: install/qt/doc/global/includes/standardpath/functiondocs.qdocinc
-- Installing: install/qt/doc/global/macros-online.qdocconf
-- Installing: install/qt/doc/global/macros.qdocconf
-- Installing: install/qt/doc/global/manifest-meta.qdocconf
-- Installing: install/qt/doc/global/qt-cpp-defines.qdocconf
-- Installing: install/qt/doc/global/qt-html-templates-offline-simple.qdocconf
-- Installing: install/qt/doc/global/qt-html-templates-offline.qdocconf
-- Installing: install/qt/doc/global/qt-html-templates-online.qdocconf
-- Installing: install/qt/doc/global/qt-module-defaults-offline.qdocconf
-- Installing: install/qt/doc/global/qt-module-defaults-online-commercial.qdocconf
-- Installing: install/qt/doc/global/qt-module-defaults-online.qdocconf
-- Installing: install/qt/doc/global/qt-module-defaults.qdocconf
-- Installing: install/qt/doc/global/snippets
-- Installing: install/qt/doc/global/snippets/code
-- Installing: install/qt/doc/global/snippets/code/doc_src_port_from_qregexp.cpp
-- Installing: install/qt/doc/global/template
-- Installing: install/qt/doc/global/template/images
-- Installing: install/qt/doc/global/template/images/Qt-dark_gradient.png
-- Installing: install/qt/doc/global/template/images/Qt-footer-bg.jpg
-- Installing: install/qt/doc/global/template/images/Qt-footer_shadow.png
-- Installing: install/qt/doc/global/template/images/Qt-gradient.png
-- Installing: install/qt/doc/global/template/images/Qt-header-bg.jpg
-- Installing: install/qt/doc/global/template/images/Qt-logo.png
-- Installing: install/qt/doc/global/template/images/arrow.png
-- Installing: install/qt/doc/global/template/images/arrow_bc.png
-- Installing: install/qt/doc/global/template/images/arrow_down.png
-- Installing: install/qt/doc/global/template/images/bg_l.png
-- Installing: install/qt/doc/global/template/images/bg_l_blank.png
-- Installing: install/qt/doc/global/template/images/bg_ll_blank.png
-- Installing: install/qt/doc/global/template/images/bg_r.png
-- Installing: install/qt/doc/global/template/images/bg_ul_blank.png
-- Installing: install/qt/doc/global/template/images/bgrContent.png
-- Installing: install/qt/doc/global/template/images/blu_dot.png
-- Installing: install/qt/doc/global/template/images/box_bg.png
-- Installing: install/qt/doc/global/template/images/breadcrumb.png
-- Installing: install/qt/doc/global/template/images/btn_next.png
-- Installing: install/qt/doc/global/template/images/btn_prev.png
-- Installing: install/qt/doc/global/template/images/bullet_dn.png
-- Installing: install/qt/doc/global/template/images/bullet_gt.png
-- Installing: install/qt/doc/global/template/images/bullet_sq.png
-- Installing: install/qt/doc/global/template/images/bullet_up.png
-- Installing: install/qt/doc/global/template/images/feedbackground.png
-- Installing: install/qt/doc/global/template/images/header_bg.png
-- Installing: install/qt/doc/global/template/images/home.png
-- Installing: install/qt/doc/global/template/images/horBar.png
-- Installing: install/qt/doc/global/template/images/ico_out.png
-- Installing: install/qt/doc/global/template/images/logo.png
-- Installing: install/qt/doc/global/template/images/page.png
-- Installing: install/qt/doc/global/template/images/page_bg.png
-- Installing: install/qt/doc/global/template/images/spinner.gif
-- Installing: install/qt/doc/global/template/images/sprites-combined.png
-- Installing: install/qt/doc/global/template/scripts
-- Installing: install/qt/doc/global/template/scripts/extras.js
-- Installing: install/qt/doc/global/template/scripts/main.js
-- Installing: install/qt/doc/global/template/style
-- Installing: install/qt/doc/global/template/style/cookie-confirm.css
-- Installing: install/qt/doc/global/template/style/cookiebar-x.png
-- Installing: install/qt/doc/global/template/style/doc_search.png
-- Installing: install/qt/doc/global/template/style/gsc.css
-- Installing: install/qt/doc/global/template/style/htmltabs.css
-- Installing: install/qt/doc/global/template/style/icomoon.eot
-- Installing: install/qt/doc/global/template/style/icomoon.svg
-- Installing: install/qt/doc/global/template/style/icomoon.ttf
-- Installing: install/qt/doc/global/template/style/icomoon.woff
-- Installing: install/qt/doc/global/template/style/list_arrow.png
-- Installing: install/qt/doc/global/template/style/list_expand.png
-- Installing: install/qt/doc/global/template/style/offline-dark.css
-- Installing: install/qt/doc/global/template/style/offline-simple.css
-- Installing: install/qt/doc/global/template/style/offline.css
-- Installing: install/qt/doc/global/template/style/online.css
-- Installing: install/qt/doc/global/template/style/tech_preview.svg
-- Installing: install/qt/doc/global/template/style/theqtcompany.png
-- Installing: install/qt/doc/global/warninglimit.qdocconf
-- Installing: install/qt/doc/config
-- Installing: install/qt/doc/config/exampleurl-qt3d.qdocconf
-- Installing: install/qt/doc/config/exampleurl-qtactiveqt.qdocconf
-- Installing: install/qt/doc/config/exampleurl-qtandroidextras.qdocconf
-- Installing: install/qt/doc/config/exampleurl-qtbase.qdocconf
-- Installing: install/qt/doc/config/exampleurl-qtcharts.qdocconf
-- Installing: install/qt/doc/config/exampleurl-qtconnectivity.qdocconf
-- Installing: install/qt/doc/config/exampleurl-qtdatavis3d.qdocconf
-- Installing: install/qt/doc/config/exampleurl-qtdeclarative.qdocconf
-- Installing: install/qt/doc/config/exampleurl-qtdoc.qdocconf
-- Installing: install/qt/doc/config/exampleurl-qtgamepad.qdocconf
-- Installing: install/qt/doc/config/exampleurl-qtgraphicaleffects.qdocconf
-- Installing: install/qt/doc/config/exampleurl-qtimageformats.qdocconf
-- Installing: install/qt/doc/config/exampleurl-qtlocation.qdocconf
-- Installing: install/qt/doc/config/exampleurl-qtlottie.qdocconf
-- Installing: install/qt/doc/config/exampleurl-qtmacextras.qdocconf
-- Installing: install/qt/doc/config/exampleurl-qtmultimedia.qdocconf
-- Installing: install/qt/doc/config/exampleurl-qtnetworkauth.qdocconf
-- Installing: install/qt/doc/config/exampleurl-qtpositioning.qdocconf
-- Installing: install/qt/doc/config/exampleurl-qtpurchasing.qdocconf
-- Installing: install/qt/doc/config/exampleurl-qtquickcontrols.qdocconf
-- Installing: install/qt/doc/config/exampleurl-qtquickcontrols2.qdocconf
-- Installing: install/qt/doc/config/exampleurl-qtremoteobjects.qdocconf
-- Installing: install/qt/doc/config/exampleurl-qtscript.qdocconf
-- Installing: install/qt/doc/config/exampleurl-qtscxml.qdocconf
-- Installing: install/qt/doc/config/exampleurl-qtsensors.qdocconf
-- Installing: install/qt/doc/config/exampleurl-qtserialbus.qdocconf
-- Installing: install/qt/doc/config/exampleurl-qtserialport.qdocconf
-- Installing: install/qt/doc/config/exampleurl-qtspeech.qdocconf
-- Installing: install/qt/doc/config/exampleurl-qtsvg.qdocconf
-- Installing: install/qt/doc/config/exampleurl-qttools.qdocconf
-- Installing: install/qt/doc/config/exampleurl-qtvirtualkeyboard.qdocconf
-- Installing: install/qt/doc/config/exampleurl-qtwayland.qdocconf
-- Installing: install/qt/doc/config/exampleurl-qtwebchannel.qdocconf
-- Installing: install/qt/doc/config/exampleurl-qtwebengine.qdocconf
-- Installing: install/qt/doc/config/exampleurl-qtwebsockets.qdocconf
-- Installing: install/qt/doc/config/exampleurl-qtwebview.qdocconf
-- Installing: install/qt/doc/config/exampleurl-qtwinextras.qdocconf
-- Installing: install/qt/doc/config/exampleurl-qtx11extras.qdocconf
-- Installing: install/qt/doc/config/exampleurl-qtxmlpatterns.qdocconf
-- Installing: install/qt/lib/cmake/Qt6/FindWrapBundledPcre2ConfigExtra.cmake
-- Installing: install/qt/lib/cmake/Qt6ZlibPrivate/Qt6ZlibPrivateConfig.cmake
-- Installing: install/qt/lib/cmake/Qt6ZlibPrivate/Qt6ZlibPrivateConfigVersion.cmake
-- Installing: install/qt/lib/cmake/Qt6ZlibPrivate/Qt6ZlibPrivateConfigVersionImpl.cmake
-- Installing: install/qt/lib/cmake/Qt6ZlibPrivate/Qt6ZlibPrivateTargets.cmake
-- Installing: install/qt/lib/cmake/Qt6ZlibPrivate/Qt6ZlibPrivateVersionlessAliasTargets.cmake
-- Installing: install/qt/lib/cmake/Qt6ZlibPrivate/Qt6ZlibPrivateVersionlessTargets.cmake
-- Installing: install/qt/modules/ZlibPrivate.json
-- Installing: install/qt/lib/cmake/Qt6ZlibPrivate/Qt6ZlibPrivateAdditionalTargetInfo.cmake
-- Installing: install/qt/include/QtZlib/zlib.h
-- Installing: install/qt/include/QtZlib/zconf.h
-- Installing: install/qt/include/QtZlib/QtZlibDepends
-- Installing: install/qt/mkspecs/modules/qt_lib_zlib_private.pri
-- Installing: install/qt/lib/cmake/Qt6/FindWrapBundledZLIBConfigExtra.cmake
-- Installing: install/qt/lib/cmake/Qt6Core/Qt6CTestMacros.cmake
-- Installing: install/qt/lib/cmake/Qt6Core/Qt6CoreConfigureFileTemplate.in
-- Installing: install/qt/lib/cmake/Qt6Core/Qt6CoreResourceInit.in.cpp
-- Installing: install/qt/lib/cmake/Qt6Core/Qt6CoreDeploySupport.cmake
-- Installing: install/qt/lib/cmake/Qt6Core/Qt6CoreConfig.cmake
-- Installing: install/qt/lib/cmake/Qt6Core/Qt6CoreConfigVersion.cmake
-- Installing: install/qt/lib/cmake/Qt6Core/Qt6CoreConfigVersionImpl.cmake
-- Installing: install/qt/lib/cmake/Qt6Core/Qt6CoreMacros.cmake
-- Installing: install/qt/lib/cmake/Qt6Core/Qt6CoreConfigExtras.cmake
-- Installing: install/qt/lib/libQt6Core.lib.so
-- Installing: install/qt/lib/cmake/Qt6Core/Qt6CoreTargets.cmake
-- Installing: install/qt/lib/cmake/Qt6Core/Qt6CoreTargets-relwithdebinfo.cmake
-- Installing: install/qt/lib/cmake/Qt6Core/Qt6CoreVersionlessAliasTargets.cmake
-- Installing: install/qt/lib/cmake/Qt6Core/Qt6CoreVersionlessTargets.cmake
-- Installing: install/qt/modules/Core.json
-- Installing: install/qt/metatypes/qt6core_relwithdebinfo_metatypes.json
-- Installing: install/qt/lib/cmake/Qt6Core/Qt6CoreAdditionalTargetInfo.cmake
-- Installing: install/qt/include/QtCore
-- Installing: install/qt/include/QtCore/QAbstractAnimation
-- Installing: install/qt/include/QtCore/QAbstractEventDispatcher
-- Installing: install/qt/include/QtCore/QAbstractEventDispatcherV2
-- Installing: install/qt/include/QtCore/QAbstractItemModel
-- Installing: install/qt/include/QtCore/QAbstractListModel
-- Installing: install/qt/include/QtCore/QAbstractNativeEventFilter
-- Installing: install/qt/include/QtCore/QAbstractProxyModel
-- Installing: install/qt/include/QtCore/QAbstractTableModel
-- Installing: install/qt/include/QtCore/QAnimationDriver
-- Installing: install/qt/include/QtCore/QAnimationGroup
-- Installing: install/qt/include/QtCore/QAnyStringView
-- Installing: install/qt/include/QtCore/QApplicationStatic
-- Installing: install/qt/include/QtCore/QArgument
-- Installing: install/qt/include/QtCore/QArrayData
-- Installing: install/qt/include/QtCore/QArrayDataOps
-- Installing: install/qt/include/QtCore/QArrayDataPointer
-- Installing: install/qt/include/QtCore/QAssociativeConstIterator
-- Installing: install/qt/include/QtCore/QAssociativeIterable
-- Installing: install/qt/include/QtCore/QAssociativeIterator
-- Installing: install/qt/include/QtCore/QAtomicInt
-- Installing: install/qt/include/QtCore/QAtomicInteger
-- Installing: install/qt/include/QtCore/QAtomicPointer
-- Installing: install/qt/include/QtCore/QAtomicScopedValueRollback
-- Installing: install/qt/include/QtCore/QBEInteger
-- Installing: install/qt/include/QtCore/QBaseIterator
-- Installing: install/qt/include/QtCore/QBasicMutex
-- Installing: install/qt/include/QtCore/QBasicTimer
-- Installing: install/qt/include/QtCore/QBasicUtf8StringView
-- Installing: install/qt/include/QtCore/QBigEndianStorageType
-- Installing: install/qt/include/QtCore/QBindable
-- Installing: install/qt/include/QtCore/QBindingStatus
-- Installing: install/qt/include/QtCore/QBindingStorage
-- Installing: install/qt/include/QtCore/QBitArray
-- Installing: install/qt/include/QtCore/QBitRef
-- Installing: install/qt/include/QtCore/QBluetoothPermission
-- Installing: install/qt/include/QtCore/QBuffer
-- Installing: install/qt/include/QtCore/QByteArray
-- Installing: install/qt/include/QtCore/QByteArrayAlgorithms
-- Installing: install/qt/include/QtCore/QByteArrayList
-- Installing: install/qt/include/QtCore/QByteArrayListIterator
-- Installing: install/qt/include/QtCore/QByteArrayMatcher
-- Installing: install/qt/include/QtCore/QByteArrayView
-- Installing: install/qt/include/QtCore/QCache
-- Installing: install/qt/include/QtCore/QCalendar
-- Installing: install/qt/include/QtCore/QCalendarPermission
-- Installing: install/qt/include/QtCore/QCborArray
-- Installing: install/qt/include/QtCore/QCborError
-- Installing: install/qt/include/QtCore/QCborMap
-- Installing: install/qt/include/QtCore/QCborParserError
-- Installing: install/qt/include/QtCore/QCborStreamReader
-- Installing: install/qt/include/QtCore/QCborStreamWriter
-- Installing: install/qt/include/QtCore/QCborValue
-- Installing: install/qt/include/QtCore/QCborValueConstRef
-- Installing: install/qt/include/QtCore/QCborValueRef
-- Installing: install/qt/include/QtCore/QChar
-- Installing: install/qt/include/QtCore/QChildEvent
-- Installing: install/qt/include/QtCore/QChronoTimer
-- Installing: install/qt/include/QtCore/QCollator
-- Installing: install/qt/include/QtCore/QCollatorSortKey
-- Installing: install/qt/include/QtCore/QCommandLineOption
-- Installing: install/qt/include/QtCore/QCommandLineParser
-- Installing: install/qt/include/QtCore/QConcatenateTablesProxyModel
-- Installing: install/qt/include/QtCore/QConstIterator
-- Installing: install/qt/include/QtCore/QConstOverload
-- Installing: install/qt/include/QtCore/QContactsPermission
-- Installing: install/qt/include/QtCore/QContiguousCache
-- Installing: install/qt/include/QtCore/QContiguousCacheData
-- Installing: install/qt/include/QtCore/QContiguousCacheTypedData
-- Installing: install/qt/include/QtCore/QCoreApplication
-- Installing: install/qt/include/QtCore/QCryptographicHash
-- Installing: install/qt/include/QtCore/QDataStream
-- Installing: install/qt/include/QtCore/QDate
-- Installing: install/qt/include/QtCore/QDateTime
-- Installing: install/qt/include/QtCore/QDeadlineTimer
-- Installing: install/qt/include/QtCore/QDebug
-- Installing: install/qt/include/QtCore/QDebugStateSaver
-- Installing: install/qt/include/QtCore/QDir
-- Installing: install/qt/include/QtCore/QDirIterator
-- Installing: install/qt/include/QtCore/QDirListing
-- Installing: install/qt/include/QtCore/QDynamicPropertyChangeEvent
-- Installing: install/qt/include/QtCore/QEasingCurve
-- Installing: install/qt/include/QtCore/QElapsedTimer
-- Installing: install/qt/include/QtCore/QEnableSharedFromThis
-- Installing: install/qt/include/QtCore/QEvent
-- Installing: install/qt/include/QtCore/QEventLoop
-- Installing: install/qt/include/QtCore/QEventLoopLocker
-- Installing: install/qt/include/QtCore/QException
-- Installing: install/qt/include/QtCore/QExplicitlySharedDataPointer
-- Installing: install/qt/include/QtCore/QFactoryInterface
-- Installing: install/qt/include/QtCore/QFile
-- Installing: install/qt/include/QtCore/QFileDevice
-- Installing: install/qt/include/QtCore/QFileInfo
-- Installing: install/qt/include/QtCore/QFileInfoList
-- Installing: install/qt/include/QtCore/QFileSelector
-- Installing: install/qt/include/QtCore/QFileSystemWatcher
-- Installing: install/qt/include/QtCore/QFlag
-- Installing: install/qt/include/QtCore/QFlags
-- Installing: install/qt/include/QtCore/QFloat16
-- Installing: install/qt/include/QtCore/QForeach
-- Installing: install/qt/include/QtCore/QFunctionPointer
-- Installing: install/qt/include/QtCore/QFuture
-- Installing: install/qt/include/QtCore/QFutureInterface
-- Installing: install/qt/include/QtCore/QFutureInterfaceBase
-- Installing: install/qt/include/QtCore/QFutureIterator
-- Installing: install/qt/include/QtCore/QFutureSynchronizer
-- Installing: install/qt/include/QtCore/QFutureWatcher
-- Installing: install/qt/include/QtCore/QFutureWatcherBase
-- Installing: install/qt/include/QtCore/QGenericArgument
-- Installing: install/qt/include/QtCore/QGenericReturnArgument
-- Installing: install/qt/include/QtCore/QGlobalStatic
-- Installing: install/qt/include/QtCore/QHash
-- Installing: install/qt/include/QtCore/QHashDummyValue
-- Installing: install/qt/include/QtCore/QHashFunctions
-- Installing: install/qt/include/QtCore/QHashHeterogeneousSearch
-- Installing: install/qt/include/QtCore/QHashIterator
-- Installing: install/qt/include/QtCore/QHashSeed
-- Installing: install/qt/include/QtCore/QIODevice
-- Installing: install/qt/include/QtCore/QIODeviceBase
-- Installing: install/qt/include/QtCore/QIdentityProxyModel
-- Installing: install/qt/include/QtCore/QIncompatibleFlag
-- Installing: install/qt/include/QtCore/QIntegerForSize
-- Installing: install/qt/include/QtCore/QInternal
-- Installing: install/qt/include/QtCore/QItemSelection
-- Installing: install/qt/include/QtCore/QItemSelectionModel
-- Installing: install/qt/include/QtCore/QItemSelectionRange
-- Installing: install/qt/include/QtCore/QIterable
-- Installing: install/qt/include/QtCore/QIterator
-- Installing: install/qt/include/QtCore/QJsonArray
-- Installing: install/qt/include/QtCore/QJsonDocument
-- Installing: install/qt/include/QtCore/QJsonObject
-- Installing: install/qt/include/QtCore/QJsonParseError
-- Installing: install/qt/include/QtCore/QJsonValue
-- Installing: install/qt/include/QtCore/QJsonValueConstRef
-- Installing: install/qt/include/QtCore/QJsonValueRef
-- Installing: install/qt/include/QtCore/QKeyCombination
-- Installing: install/qt/include/QtCore/QKeyValueIterator
-- Installing: install/qt/include/QtCore/QLEInteger
-- Installing: install/qt/include/QtCore/QLatin1Char
-- Installing: install/qt/include/QtCore/QLatin1String
-- Installing: install/qt/include/QtCore/QLatin1StringMatcher
-- Installing: install/qt/include/QtCore/QLatin1StringView
-- Installing: install/qt/include/QtCore/QLibrary
-- Installing: install/qt/include/QtCore/QLibraryInfo
-- Installing: install/qt/include/QtCore/QLine
-- Installing: install/qt/include/QtCore/QLineF
-- Installing: install/qt/include/QtCore/QList
-- Installing: install/qt/include/QtCore/QListIterator
-- Installing: install/qt/include/QtCore/QListSpecialMethods
-- Installing: install/qt/include/QtCore/QListSpecialMethodsBase
-- Installing: install/qt/include/QtCore/QLittleEndianStorageType
-- Installing: install/qt/include/QtCore/QLocale
-- Installing: install/qt/include/QtCore/QLocationPermission
-- Installing: install/qt/include/QtCore/QLockFile
-- Installing: install/qt/include/QtCore/QLoggingCategory
-- Installing: install/qt/include/QtCore/QMap
-- Installing: install/qt/include/QtCore/QMapData
-- Installing: install/qt/include/QtCore/QMapIterator
-- Installing: install/qt/include/QtCore/QMargins
-- Installing: install/qt/include/QtCore/QMarginsF
-- Installing: install/qt/include/QtCore/QMessageAuthenticationCode
-- Installing: install/qt/include/QtCore/QMessageLogContext
-- Installing: install/qt/include/QtCore/QMessageLogger
-- Installing: install/qt/include/QtCore/QMetaAssociation
-- Installing: install/qt/include/QtCore/QMetaClassInfo
-- Installing: install/qt/include/QtCore/QMetaContainer
-- Installing: install/qt/include/QtCore/QMetaEnum
-- Installing: install/qt/include/QtCore/QMetaMethod
-- Installing: install/qt/include/QtCore/QMetaMethodArgument
-- Installing: install/qt/include/QtCore/QMetaMethodReturnArgument
-- Installing: install/qt/include/QtCore/QMetaObject
-- Installing: install/qt/include/QtCore/QMetaProperty
-- Installing: install/qt/include/QtCore/QMetaSequence
-- Installing: install/qt/include/QtCore/QMetaType
-- Installing: install/qt/include/QtCore/QMetaTypeId
-- Installing: install/qt/include/QtCore/QMetaTypeId2
-- Installing: install/qt/include/QtCore/QMetaTypeIdQObject
-- Installing: install/qt/include/QtCore/QMethodRawArguments
-- Installing: install/qt/include/QtCore/QMimeData
-- Installing: install/qt/include/QtCore/QMimeDatabase
-- Installing: install/qt/include/QtCore/QMimeType
-- Installing: install/qt/include/QtCore/QModelIndex
-- Installing: install/qt/include/QtCore/QModelIndexList
-- Installing: install/qt/include/QtCore/QModelRoleData
-- Installing: install/qt/include/QtCore/QModelRoleDataSpan
-- Installing: install/qt/include/QtCore/QMultiHash
-- Installing: install/qt/include/QtCore/QMultiHashIterator
-- Installing: install/qt/include/QtCore/QMultiMap
-- Installing: install/qt/include/QtCore/QMultiMapIterator
-- Installing: install/qt/include/QtCore/QMutableByteArrayListIterator
-- Installing: install/qt/include/QtCore/QMutableFutureIterator
-- Installing: install/qt/include/QtCore/QMutableHashIterator
-- Installing: install/qt/include/QtCore/QMutableListIterator
-- Installing: install/qt/include/QtCore/QMutableMapIterator
-- Installing: install/qt/include/QtCore/QMutableMultiHashIterator
-- Installing: install/qt/include/QtCore/QMutableMultiMapIterator
-- Installing: install/qt/include/QtCore/QMutableSetIterator
-- Installing: install/qt/include/QtCore/QMutableVectorIterator
-- Installing: install/qt/include/QtCore/QMutex
-- Installing: install/qt/include/QtCore/QMutexLocker
-- Installing: install/qt/include/QtCore/QNativeIpcKey
-- Installing: install/qt/include/QtCore/QNoDebug
-- Installing: install/qt/include/QtCore/QNonConstOverload
-- Installing: install/qt/include/QtCore/QNtfsPermissionCheckGuard
-- Installing: install/qt/include/QtCore/QObject
-- Installing: install/qt/include/QtCore/QObjectBindableProperty
-- Installing: install/qt/include/QtCore/QObjectCleanupHandler
-- Installing: install/qt/include/QtCore/QObjectComputedProperty
-- Installing: install/qt/include/QtCore/QObjectData
-- Installing: install/qt/include/QtCore/QObjectList
-- Installing: install/qt/include/QtCore/QOperatingSystemVersion
-- Installing: install/qt/include/QtCore/QOperatingSystemVersionBase
-- Installing: install/qt/include/QtCore/QOperatingSystemVersionUnexported
-- Installing: install/qt/include/QtCore/QOverload
-- Installing: install/qt/include/QtCore/QPair
-- Installing: install/qt/include/QtCore/QParallelAnimationGroup
-- Installing: install/qt/include/QtCore/QPartialOrdering
-- Installing: install/qt/include/QtCore/QPauseAnimation
-- Installing: install/qt/include/QtCore/QPermission
-- Installing: install/qt/include/QtCore/QPermissions
-- Installing: install/qt/include/QtCore/QPersistentModelIndex
-- Installing: install/qt/include/QtCore/QPluginLoader
-- Installing: install/qt/include/QtCore/QPluginMetaData
-- Installing: install/qt/include/QtCore/QPluginMetaDataV2
-- Installing: install/qt/include/QtCore/QPoint
-- Installing: install/qt/include/QtCore/QPointF
-- Installing: install/qt/include/QtCore/QPointer
-- Installing: install/qt/include/QtCore/QProcess
-- Installing: install/qt/include/QtCore/QProcessEnvironment
-- Installing: install/qt/include/QtCore/QPromise
-- Installing: install/qt/include/QtCore/QProperty
-- Installing: install/qt/include/QtCore/QPropertyAnimation
-- Installing: install/qt/include/QtCore/QPropertyBinding
-- Installing: install/qt/include/QtCore/QPropertyBindingError
-- Installing: install/qt/include/QtCore/QPropertyBindingPrivatePtr
-- Installing: install/qt/include/QtCore/QPropertyBindingSourceLocation
-- Installing: install/qt/include/QtCore/QPropertyChangeHandler
-- Installing: install/qt/include/QtCore/QPropertyData
-- Installing: install/qt/include/QtCore/QPropertyNotifier
-- Installing: install/qt/include/QtCore/QPropertyObserver
-- Installing: install/qt/include/QtCore/QPropertyObserverBase
-- Installing: install/qt/include/QtCore/QPropertyProxyBindingData
-- Installing: install/qt/include/QtCore/QQueue
-- Installing: install/qt/include/QtCore/QRandomGenerator
-- Installing: install/qt/include/QtCore/QRandomGenerator64
-- Installing: install/qt/include/QtCore/QReadLocker
-- Installing: install/qt/include/QtCore/QReadWriteLock
-- Installing: install/qt/include/QtCore/QRect
-- Installing: install/qt/include/QtCore/QRectF
-- Installing: install/qt/include/QtCore/QRecursiveMutex
-- Installing: install/qt/include/QtCore/QRegularExpression
-- Installing: install/qt/include/QtCore/QRegularExpressionMatch
-- Installing: install/qt/include/QtCore/QRegularExpressionMatchIterator
-- Installing: install/qt/include/QtCore/QResource
-- Installing: install/qt/include/QtCore/QReturnArgument
-- Installing: install/qt/include/QtCore/QRunnable
-- Installing: install/qt/include/QtCore/QSaveFile
-- Installing: install/qt/include/QtCore/QScopeGuard
-- Installing: install/qt/include/QtCore/QScopedArrayPointer
-- Installing: install/qt/include/QtCore/QScopedPointer
-- Installing: install/qt/include/QtCore/QScopedPointerArrayDeleter
-- Installing: install/qt/include/QtCore/QScopedPointerDeleteLater
-- Installing: install/qt/include/QtCore/QScopedPointerDeleter
-- Installing: install/qt/include/QtCore/QScopedPointerObjectDeleteLater
-- Installing: install/qt/include/QtCore/QScopedPointerPodDeleter
-- Installing: install/qt/include/QtCore/QScopedPropertyUpdateGroup
-- Installing: install/qt/include/QtCore/QScopedValueRollback
-- Installing: install/qt/include/QtCore/QSemaphore
-- Installing: install/qt/include/QtCore/QSemaphoreReleaser
-- Installing: install/qt/include/QtCore/QSequentialAnimationGroup
-- Installing: install/qt/include/QtCore/QSequentialConstIterator
-- Installing: install/qt/include/QtCore/QSequentialIterable
-- Installing: install/qt/include/QtCore/QSequentialIterator
-- Installing: install/qt/include/QtCore/QSet
-- Installing: install/qt/include/QtCore/QSetIterator
-- Installing: install/qt/include/QtCore/QSettings
-- Installing: install/qt/include/QtCore/QSharedData
-- Installing: install/qt/include/QtCore/QSharedDataPointer
-- Installing: install/qt/include/QtCore/QSharedMemory
-- Installing: install/qt/include/QtCore/QSharedPointer
-- Installing: install/qt/include/QtCore/QSignalBlocker
-- Installing: install/qt/include/QtCore/QSignalMapper
-- Installing: install/qt/include/QtCore/QSize
-- Installing: install/qt/include/QtCore/QSizeF
-- Installing: install/qt/include/QtCore/QSocketDescriptor
-- Installing: install/qt/include/QtCore/QSocketNotifier
-- Installing: install/qt/include/QtCore/QSortFilterProxyModel
-- Installing: install/qt/include/QtCore/QSpan
-- Installing: install/qt/include/QtCore/QSpecialInteger
-- Installing: install/qt/include/QtCore/QStack
-- Installing: install/qt/include/QtCore/QStandardPaths
-- Installing: install/qt/include/QtCore/QStaticByteArrayMatcher
-- Installing: install/qt/include/QtCore/QStaticByteArrayMatcherBase
-- Installing: install/qt/include/QtCore/QStaticLatin1StringMatcher
-- Installing: install/qt/include/QtCore/QStaticPlugin
-- Installing: install/qt/include/QtCore/QStorageInfo
-- Installing: install/qt/include/QtCore/QString
-- Installing: install/qt/include/QtCore/QStringAlgorithms
-- Installing: install/qt/include/QtCore/QStringBuilder
-- Installing: install/qt/include/QtCore/QStringConverter
-- Installing: install/qt/include/QtCore/QStringConverterBase
-- Installing: install/qt/include/QtCore/QStringDecoder
-- Installing: install/qt/include/QtCore/QStringEncoder
-- Installing: install/qt/include/QtCore/QStringList
-- Installing: install/qt/include/QtCore/QStringListModel
-- Installing: install/qt/include/QtCore/QStringLiteral
-- Installing: install/qt/include/QtCore/QStringMatcher
-- Installing: install/qt/include/QtCore/QStringTokenizer
-- Installing: install/qt/include/QtCore/QStringTokenizerBase
-- Installing: install/qt/include/QtCore/QStringTokenizerBaseBase
-- Installing: install/qt/include/QtCore/QStringView
-- Installing: install/qt/include/QtCore/QSysInfo
-- Installing: install/qt/include/QtCore/QSystemSemaphore
-- Installing: install/qt/include/QtCore/QTaggedIterator
-- Installing: install/qt/include/QtCore/QTaggedPointer
-- Installing: install/qt/include/QtCore/QTemplatedMetaMethodReturnArgument
-- Installing: install/qt/include/QtCore/QTemporaryDir
-- Installing: install/qt/include/QtCore/QTemporaryFile
-- Installing: install/qt/include/QtCore/QTextBoundaryFinder
-- Installing: install/qt/include/QtCore/QTextStream
-- Installing: install/qt/include/QtCore/QTextStreamFunction
-- Installing: install/qt/include/QtCore/QTextStreamManipulator
-- Installing: install/qt/include/QtCore/QThread
-- Installing: install/qt/include/QtCore/QThreadPool
-- Installing: install/qt/include/QtCore/QThreadStorage
-- Installing: install/qt/include/QtCore/QThreadStorageData
-- Installing: install/qt/include/QtCore/QTime
-- Installing: install/qt/include/QtCore/QTimeLine
-- Installing: install/qt/include/QtCore/QTimeZone
-- Installing: install/qt/include/QtCore/QTimer
-- Installing: install/qt/include/QtCore/QTimerEvent
-- Installing: install/qt/include/QtCore/QTranslator
-- Installing: install/qt/include/QtCore/QTransposeProxyModel
-- Installing: install/qt/include/QtCore/QTypeInfo
-- Installing: install/qt/include/QtCore/QTypeInfoMerger
-- Installing: install/qt/include/QtCore/QTypeRevision
-- Installing: install/qt/include/QtCore/QTypedArrayData
-- Installing: install/qt/include/QtCore/QUnhandledException
-- Installing: install/qt/include/QtCore/QUntypedBindable
-- Installing: install/qt/include/QtCore/QUntypedPropertyBinding
-- Installing: install/qt/include/QtCore/QUntypedPropertyData
-- Installing: install/qt/include/QtCore/QUrl
-- Installing: install/qt/include/QtCore/QUrlQuery
-- Installing: install/qt/include/QtCore/QUrlTwoFlags
-- Installing: install/qt/include/QtCore/QUtf8StringView
-- Installing: install/qt/include/QtCore/QUuid
-- Installing: install/qt/include/QtCore/QVarLengthArray
-- Installing: install/qt/include/QtCore/QVariant
-- Installing: install/qt/include/QtCore/QVariantAnimation
-- Installing: install/qt/include/QtCore/QVariantConstPointer
-- Installing: install/qt/include/QtCore/QVariantHash
-- Installing: install/qt/include/QtCore/QVariantList
-- Installing: install/qt/include/QtCore/QVariantMap
-- Installing: install/qt/include/QtCore/QVariantPointer
-- Installing: install/qt/include/QtCore/QVariantRef
-- Installing: install/qt/include/QtCore/QVector
-- Installing: install/qt/include/QtCore/QVectorIterator
-- Installing: install/qt/include/QtCore/QVersionNumber
-- Installing: install/qt/include/QtCore/QWaitCondition
-- Installing: install/qt/include/QtCore/QWeakPointer
-- Installing: install/qt/include/QtCore/QWinEventNotifier
-- Installing: install/qt/include/QtCore/QWriteLocker
-- Installing: install/qt/include/QtCore/QXmlStreamAttribute
-- Installing: install/qt/include/QtCore/QXmlStreamAttributes
-- Installing: install/qt/include/QtCore/QXmlStreamEntityDeclaration
-- Installing: install/qt/include/QtCore/QXmlStreamEntityDeclarations
-- Installing: install/qt/include/QtCore/QXmlStreamEntityResolver
-- Installing: install/qt/include/QtCore/QXmlStreamNamespaceDeclaration
-- Installing: install/qt/include/QtCore/QXmlStreamNamespaceDeclarations
-- Installing: install/qt/include/QtCore/QXmlStreamNotationDeclaration
-- Installing: install/qt/include/QtCore/QXmlStreamNotationDeclarations
-- Installing: install/qt/include/QtCore/QXmlStreamReader
-- Installing: install/qt/include/QtCore/QXmlStreamWriter
-- Installing: install/qt/include/QtCore/Qt
-- Installing: install/qt/include/QtCore/QtAlgorithms
-- Installing: install/qt/include/QtCore/QtAssert
-- Installing: install/qt/include/QtCore/QtCborCommon
-- Installing: install/qt/include/QtCore/QtClassHelperMacros
-- Installing: install/qt/include/QtCore/QtCleanUpFunction
-- Installing: install/qt/include/QtCore/QtCompare
-- Installing: install/qt/include/QtCore/QtCompilerDetection
-- Installing: install/qt/include/QtCore/QtConfig
-- Installing: install/qt/include/QtCore/QtConstructorMacros
-- Installing: install/qt/include/QtCore/QtContainerFwd
-- Installing: install/qt/include/QtCore/QtCore
-- Installing: install/qt/include/QtCore/QtCoreVersion
-- Installing: install/qt/include/QtCore/QtDarwinHelpers
-- Installing: install/qt/include/QtCore/QtDebug
-- Installing: install/qt/include/QtCore/QtDeprecationMarkers
-- Installing: install/qt/include/QtCore/QtEndian
-- Installing: install/qt/include/QtCore/QtEnvironmentVariables
-- Installing: install/qt/include/QtCore/QtExceptionHandling
-- Installing: install/qt/include/QtCore/QtGlobal
-- Installing: install/qt/include/QtCore/QtLogging
-- Installing: install/qt/include/QtCore/QtMalloc
-- Installing: install/qt/include/QtCore/QtMath
-- Installing: install/qt/include/QtCore/QtMessageHandler
-- Installing: install/qt/include/QtCore/QtMinMax
-- Installing: install/qt/include/QtCore/QtNumeric
-- Installing: install/qt/include/QtCore/QtPlugin
-- Installing: install/qt/include/QtCore/QtPluginInstanceFunction
-- Installing: install/qt/include/QtCore/QtPluginMetaDataFunction
-- Installing: install/qt/include/QtCore/QtPreprocessorSupport
-- Installing: install/qt/include/QtCore/QtProcessorDetection
-- Installing: install/qt/include/QtCore/QtResource
-- Installing: install/qt/include/QtCore/QtStartUpFunction
-- Installing: install/qt/include/QtCore/QtStdLibDetection
-- Installing: install/qt/include/QtCore/QtSwap
-- Installing: install/qt/include/QtCore/QtSystemDetection
-- Installing: install/qt/include/QtCore/QtTranslation
-- Installing: install/qt/include/QtCore/QtTypeTraits
-- Installing: install/qt/include/QtCore/QtTypes
-- Installing: install/qt/include/QtCore/QtVersion
-- Installing: install/qt/include/QtCore/QtVersionChecks
-- Installing: install/qt/include/QtCore/qtcoreversion.h
-- Installing: install/qt/include/QtCore/qtcoreexports.h
-- Installing: install/qt/include/QtCore/qsimd.h
-- Installing: install/qt/include/QtCore/qhash.h
-- Installing: install/qt/include/QtCore/qassert.h
-- Installing: install/qt/include/QtCore/qcompare_impl.h
-- Installing: install/qt/include/QtCore/qcompare.h
-- Installing: install/qt/include/QtCore/qcomparehelpers.h
-- Installing: install/qt/include/QtCore/qcompilerdetection.h
-- Installing: install/qt/include/QtCore/qconstructormacros.h
-- Installing: install/qt/include/QtCore/qcontainerinfo.h
-- Installing: install/qt/include/QtCore/qdarwinhelpers.h
-- Installing: install/qt/include/QtCore/qendian.h
-- Installing: install/qt/include/QtCore/qexceptionhandling.h
-- Installing: install/qt/include/QtCore/qflags.h
-- Installing: install/qt/include/QtCore/qfloat16.h
-- Installing: install/qt/include/QtCore/qforeach.h
-- Installing: install/qt/include/QtCore/qfunctionpointer.h
-- Installing: install/qt/include/QtCore/qglobal.h
-- Installing: install/qt/include/QtCore/qglobalstatic.h
-- Installing: install/qt/include/QtCore/qlibraryinfo.h
-- Installing: install/qt/include/QtCore/qlogging.h
-- Installing: install/qt/include/QtCore/qmalloc.h
-- Installing: install/qt/include/QtCore/qminmax.h
-- Installing: install/qt/include/QtCore/qnamespace.h
-- Installing: install/qt/include/QtCore/qnativeinterface.h
-- Installing: install/qt/include/QtCore/qnumeric.h
-- Installing: install/qt/include/QtCore/qoperatingsystemversion.h
-- Installing: install/qt/include/QtCore/qoverload.h
-- Installing: install/qt/include/QtCore/qprocessordetection.h
-- Installing: install/qt/include/QtCore/qrandom.h
-- Installing: install/qt/include/QtCore/qstdlibdetection.h
-- Installing: install/qt/include/QtCore/qswap.h
-- Installing: install/qt/include/QtCore/qsysinfo.h
-- Installing: install/qt/include/QtCore/qsystemdetection.h
-- Installing: install/qt/include/QtCore/qtclasshelpermacros.h
-- Installing: install/qt/include/QtCore/qtconfiginclude.h
-- Installing: install/qt/include/QtCore/qtconfigmacros.h
-- Installing: install/qt/include/QtCore/qtdeprecationmarkers.h
-- Installing: install/qt/include/QtCore/qtenvironmentvariables.h
-- Installing: install/qt/include/QtCore/qtnoop.h
-- Installing: install/qt/include/QtCore/qtpreprocessorsupport.h
-- Installing: install/qt/include/QtCore/qtresource.h
-- Installing: install/qt/include/QtCore/qtsymbolmacros.h
-- Installing: install/qt/include/QtCore/qttranslation.h
-- Installing: install/qt/include/QtCore/qttypetraits.h
-- Installing: install/qt/include/QtCore/qtversionchecks.h
-- Installing: install/qt/include/QtCore/qtversion.h
-- Installing: install/qt/include/QtCore/qtypeinfo.h
-- Installing: install/qt/include/QtCore/qtypes.h
-- Installing: install/qt/include/QtCore/q20algorithm.h
-- Installing: install/qt/include/QtCore/q20chrono.h
-- Installing: install/qt/include/QtCore/q20functional.h
-- Installing: install/qt/include/QtCore/q20iterator.h
-- Installing: install/qt/include/QtCore/q20map.h
-- Installing: install/qt/include/QtCore/q20memory.h
-- Installing: install/qt/include/QtCore/q20type_traits.h
-- Installing: install/qt/include/QtCore/q20utility.h
-- Installing: install/qt/include/QtCore/q20vector.h
-- Installing: install/qt/include/QtCore/q23functional.h
-- Installing: install/qt/include/QtCore/q23utility.h
-- Installing: install/qt/include/QtCore/q26numeric.h
-- Installing: install/qt/include/QtCore/qxpfunctional.h
-- Installing: install/qt/include/QtCore/qxptype_traits.h
-- Installing: install/qt/include/QtCore/qversiontagging.h
-- Installing: install/qt/include/QtCore/qsharedmemory.h
-- Installing: install/qt/include/QtCore/qsystemsemaphore.h
-- Installing: install/qt/include/QtCore/qtipccommon.h
-- Installing: install/qt/include/QtCore/qbuffer.h
-- Installing: install/qt/include/QtCore/qdebug.h
-- Installing: install/qt/include/QtCore/qdir.h
-- Installing: install/qt/include/QtCore/qdirlisting.h
-- Installing: install/qt/include/QtCore/qdiriterator.h
-- Installing: install/qt/include/QtCore/qfile.h
-- Installing: install/qt/include/QtCore/qfiledevice.h
-- Installing: install/qt/include/QtCore/qfileinfo.h
-- Installing: install/qt/include/QtCore/qfileselector.h
-- Installing: install/qt/include/QtCore/qiodevice.h
-- Installing: install/qt/include/QtCore/qiodevicebase.h
-- Installing: install/qt/include/QtCore/qlockfile.h
-- Installing: install/qt/include/QtCore/qloggingcategory.h
-- Installing: install/qt/include/QtCore/qresource.h
-- Installing: install/qt/include/QtCore/qsavefile.h
-- Installing: install/qt/include/QtCore/qstandardpaths.h
-- Installing: install/qt/include/QtCore/qstorageinfo.h
-- Installing: install/qt/include/QtCore/qtemporarydir.h
-- Installing: install/qt/include/QtCore/qtemporaryfile.h
-- Installing: install/qt/include/QtCore/qurl.h
-- Installing: install/qt/include/QtCore/qurlquery.h
-- Installing: install/qt/include/QtCore/qabstracteventdispatcher.h
-- Installing: install/qt/include/QtCore/qabstractnativeeventfilter.h
-- Installing: install/qt/include/QtCore/qapplicationstatic.h
-- Installing: install/qt/include/QtCore/qassociativeiterable.h
-- Installing: install/qt/include/QtCore/qbasictimer.h
-- Installing: install/qt/include/QtCore/qbindingstorage.h
-- Installing: install/qt/include/QtCore/qchronotimer.h
-- Installing: install/qt/include/QtCore/qcoreapplication.h
-- Installing: install/qt/include/QtCore/qcoreapplication_platform.h
-- Installing: install/qt/include/QtCore/qcoreevent.h
-- Installing: install/qt/include/QtCore/qdeadlinetimer.h
-- Installing: install/qt/include/QtCore/qelapsedtimer.h
-- Installing: install/qt/include/QtCore/qeventloop.h
-- Installing: install/qt/include/QtCore/qiterable.h
-- Installing: install/qt/include/QtCore/qmath.h
-- Installing: install/qt/include/QtCore/qmetacontainer.h
-- Installing: install/qt/include/QtCore/qmetaobject.h
-- Installing: install/qt/include/QtCore/qmetatype.h
-- Installing: install/qt/include/QtCore/qmimedata.h
-- Installing: install/qt/include/QtCore/qtmetamacros.h
-- Installing: install/qt/include/QtCore/qtmochelpers.h
-- Installing: install/qt/include/QtCore/qobject.h
-- Installing: install/qt/include/QtCore/qobject_impl.h
-- Installing: install/qt/include/QtCore/qobjectcleanuphandler.h
-- Installing: install/qt/include/QtCore/qobjectdefs.h
-- Installing: install/qt/include/QtCore/qobjectdefs_impl.h
-- Installing: install/qt/include/QtCore/qpointer.h
-- Installing: install/qt/include/QtCore/qproperty.h
-- Installing: install/qt/include/QtCore/qpropertyprivate.h
-- Installing: install/qt/include/QtCore/qsequentialiterable.h
-- Installing: install/qt/include/QtCore/qsignalmapper.h
-- Installing: install/qt/include/QtCore/qsocketnotifier.h
-- Installing: install/qt/include/QtCore/qtestsupport_core.h
-- Installing: install/qt/include/QtCore/qtimer.h
-- Installing: install/qt/include/QtCore/qtranslator.h
-- Installing: install/qt/include/QtCore/qvariant.h
-- Installing: install/qt/include/QtCore/qvariantmap.h
-- Installing: install/qt/include/QtCore/qvarianthash.h
-- Installing: install/qt/include/QtCore/qvariantlist.h
-- Installing: install/qt/include/QtCore/qfactoryinterface.h
-- Installing: install/qt/include/QtCore/qplugin.h
-- Installing: install/qt/include/QtCore/qpluginloader.h
-- Installing: install/qt/include/QtCore/quuid.h
-- Installing: install/qt/include/QtCore/qcborarray.h
-- Installing: install/qt/include/QtCore/qcborcommon.h
-- Installing: install/qt/include/QtCore/qcbormap.h
-- Installing: install/qt/include/QtCore/qcborstream.h
-- Installing: install/qt/include/QtCore/qcborvalue.h
-- Installing: install/qt/include/QtCore/qdatastream.h
-- Installing: install/qt/include/QtCore/qjsonarray.h
-- Installing: install/qt/include/QtCore/qjsondocument.h
-- Installing: install/qt/include/QtCore/qjsonobject.h
-- Installing: install/qt/include/QtCore/qjsonvalue.h
-- Installing: install/qt/include/QtCore/qtextstream.h
-- Installing: install/qt/include/QtCore/qanystringview.h
-- Installing: install/qt/include/QtCore/qbytearray.h
-- Installing: install/qt/include/QtCore/qbytearrayalgorithms.h
-- Installing: install/qt/include/QtCore/qbytearraylist.h
-- Installing: install/qt/include/QtCore/qbytearraymatcher.h
-- Installing: install/qt/include/QtCore/qbytearrayview.h
-- Installing: install/qt/include/QtCore/qchar.h
-- Installing: install/qt/include/QtCore/qcollator.h
-- Installing: install/qt/include/QtCore/qlatin1stringmatcher.h
-- Installing: install/qt/include/QtCore/qlatin1stringview.h
-- Installing: install/qt/include/QtCore/qlocale.h
-- Installing: install/qt/include/QtCore/qstaticlatin1stringmatcher.h
-- Installing: install/qt/include/QtCore/qstring.h
-- Installing: install/qt/include/QtCore/qstringalgorithms.h
-- Installing: install/qt/include/QtCore/qstringbuilder.h
-- Installing: install/qt/include/QtCore/qstringconverter_base.h
-- Installing: install/qt/include/QtCore/qstringconverter.h
-- Installing: install/qt/include/QtCore/qstringfwd.h
-- Installing: install/qt/include/QtCore/qstringlist.h
-- Installing: install/qt/include/QtCore/qstringliteral.h
-- Installing: install/qt/include/QtCore/qstringmatcher.h
-- Installing: install/qt/include/QtCore/qstringtokenizer.h
-- Installing: install/qt/include/QtCore/qstringview.h
-- Installing: install/qt/include/QtCore/qtextboundaryfinder.h
-- Installing: install/qt/include/QtCore/qutf8stringview.h
-- Installing: install/qt/include/QtCore/qatomic.h
-- Installing: install/qt/include/QtCore/qatomic_cxx11.h
-- Installing: install/qt/include/QtCore/qbasicatomic.h
-- Installing: install/qt/include/QtCore/qgenericatomic.h
-- Installing: install/qt/include/QtCore/qmutex.h
-- Installing: install/qt/include/QtCore/qreadwritelock.h
-- Installing: install/qt/include/QtCore/qrunnable.h
-- Installing: install/qt/include/QtCore/qthread.h
-- Installing: install/qt/include/QtCore/qthreadstorage.h
-- Installing: install/qt/include/QtCore/qtsan_impl.h
-- Installing: install/qt/include/QtCore/qwaitcondition.h
-- Installing: install/qt/include/QtCore/qyieldcpu.h
-- Installing: install/qt/include/QtCore/qcalendar.h
-- Installing: install/qt/include/QtCore/qdatetime.h
-- Installing: install/qt/include/QtCore/qtimezone.h
-- Installing: install/qt/include/QtCore/qalgorithms.h
-- Installing: install/qt/include/QtCore/qarraydata.h
-- Installing: install/qt/include/QtCore/qarraydataops.h
-- Installing: install/qt/include/QtCore/qarraydatapointer.h
-- Installing: install/qt/include/QtCore/qatomicscopedvaluerollback.h
-- Installing: install/qt/include/QtCore/qbitarray.h
-- Installing: install/qt/include/QtCore/qcache.h
-- Installing: install/qt/include/QtCore/qcontainerfwd.h
-- Installing: install/qt/include/QtCore/qcontainertools_impl.h
-- Installing: install/qt/include/QtCore/qcontiguouscache.h
-- Installing: install/qt/include/QtCore/qcryptographichash.h
-- Installing: install/qt/include/QtCore/qfunctionaltools_impl.h
-- Installing: install/qt/include/QtCore/qhashfunctions.h
-- Installing: install/qt/include/QtCore/qiterator.h
-- Installing: install/qt/include/QtCore/qline.h
-- Installing: install/qt/include/QtCore/qlist.h
-- Installing: install/qt/include/QtCore/qmap.h
-- Installing: install/qt/include/QtCore/qmargins.h
-- Installing: install/qt/include/QtCore/qmessageauthenticationcode.h
-- Installing: install/qt/include/QtCore/qpair.h
-- Installing: install/qt/include/QtCore/qpoint.h
-- Installing: install/qt/include/QtCore/qqueue.h
-- Installing: install/qt/include/QtCore/qrect.h
-- Installing: install/qt/include/QtCore/qrefcount.h
-- Installing: install/qt/include/QtCore/qscopedpointer.h
-- Installing: install/qt/include/QtCore/qscopedvaluerollback.h
-- Installing: install/qt/include/QtCore/qscopeguard.h
-- Installing: install/qt/include/QtCore/qset.h
-- Installing: install/qt/include/QtCore/qshareddata.h
-- Installing: install/qt/include/QtCore/qshareddata_impl.h
-- Installing: install/qt/include/QtCore/qsharedpointer.h
-- Installing: install/qt/include/QtCore/qsharedpointer_impl.h
-- Installing: install/qt/include/QtCore/qsize.h
-- Installing: install/qt/include/QtCore/qspan.h
-- Installing: install/qt/include/QtCore/qstack.h
-- Installing: install/qt/include/QtCore/qtaggedpointer.h
-- Installing: install/qt/include/QtCore/qtyperevision.h
-- Installing: install/qt/include/QtCore/qvarlengtharray.h
-- Installing: install/qt/include/QtCore/qvector.h
-- Installing: install/qt/include/QtCore/qversionnumber.h
-- Installing: install/qt/include/QtCore/qtcore-config.h
-- Installing: install/qt/include/QtCore/qconfig.h
-- Installing: install/qt/include/QtCore/qxmlstream.h
-- Installing: install/qt/include/QtCore/qabstractanimation.h
-- Installing: install/qt/include/QtCore/qanimationgroup.h
-- Installing: install/qt/include/QtCore/qparallelanimationgroup.h
-- Installing: install/qt/include/QtCore/qpauseanimation.h
-- Installing: install/qt/include/QtCore/qpropertyanimation.h
-- Installing: install/qt/include/QtCore/qsequentialanimationgroup.h
-- Installing: install/qt/include/QtCore/qvariantanimation.h
-- Installing: install/qt/include/QtCore/qwineventnotifier.h
-- Installing: install/qt/include/QtCore/qsemaphore.h
-- Installing: install/qt/include/QtCore/qthreadpool.h
-- Installing: install/qt/include/QtCore/qexception.h
-- Installing: install/qt/include/QtCore/qfuture.h
-- Installing: install/qt/include/QtCore/qfuture_impl.h
-- Installing: install/qt/include/QtCore/qfutureinterface.h
-- Installing: install/qt/include/QtCore/qfuturesynchronizer.h
-- Installing: install/qt/include/QtCore/qfuturewatcher.h
-- Installing: install/qt/include/QtCore/qpromise.h
-- Installing: install/qt/include/QtCore/qresultstore.h
-- Installing: install/qt/include/QtCore/qcommandlineoption.h
-- Installing: install/qt/include/QtCore/qcommandlineparser.h
-- Installing: install/qt/include/QtCore/qeasingcurve.h
-- Installing: install/qt/include/QtCore/qtimeline.h
-- Installing: install/qt/include/QtCore/qregularexpression.h
-- Installing: install/qt/include/QtCore/qfilesystemwatcher.h
-- Installing: install/qt/include/QtCore/qprocess.h
-- Installing: install/qt/include/QtCore/qsettings.h
-- Installing: install/qt/include/QtCore/qabstractitemmodel.h
-- Installing: install/qt/include/QtCore/qitemselectionmodel.h
-- Installing: install/qt/include/QtCore/qabstractproxymodel.h
-- Installing: install/qt/include/QtCore/qconcatenatetablesproxymodel.h
-- Installing: install/qt/include/QtCore/qidentityproxymodel.h
-- Installing: install/qt/include/QtCore/qsortfilterproxymodel.h
-- Installing: install/qt/include/QtCore/qtransposeproxymodel.h
-- Installing: install/qt/include/QtCore/qstringlistmodel.h
-- Installing: install/qt/include/QtCore/qlibrary.h
-- Installing: install/qt/include/QtCore/qcborstreamreader.h
-- Installing: install/qt/include/QtCore/qcborstreamwriter.h
-- Installing: install/qt/include/QtCore/qmimedatabase.h
-- Installing: install/qt/include/QtCore/qmimetype.h
-- Installing: install/qt/include/QtCore/qpermissions.h
-- Installing: install/qt/include/QtCore/qtdeprecationdefinitions.h
-- Installing: install/qt/include/QtCore/QtCoreDepends
-- Installing: install/qt/include/QtCore/6.8.3/QtCore/private/qsimd_p.h
-- Installing: install/qt/include/QtCore/6.8.3/QtCore/private/qendian_p.h
-- Installing: install/qt/include/QtCore/6.8.3/QtCore/private/qglobal_p.h
-- Installing: install/qt/include/QtCore/6.8.3/QtCore/private/qhooks_p.h
-- Installing: install/qt/include/QtCore/6.8.3/QtCore/private/qlibraryinfo_p.h
-- Installing: install/qt/include/QtCore/6.8.3/QtCore/private/qlogging_p.h
-- Installing: install/qt/include/QtCore/6.8.3/QtCore/private/qnativeinterface_p.h
-- Installing: install/qt/include/QtCore/6.8.3/QtCore/private/qnumeric_p.h
-- Installing: install/qt/include/QtCore/6.8.3/QtCore/private/qoperatingsystemversion_p.h
-- Installing: install/qt/include/QtCore/6.8.3/QtCore/private/qrandom_p.h
-- Installing: install/qt/include/QtCore/6.8.3/QtCore/private/qtenvironmentvariables_p.h
-- Installing: install/qt/include/QtCore/6.8.3/QtCore/private/qtrace_p.h
-- Installing: install/qt/include/QtCore/6.8.3/QtCore/private/qvolatile_p.h
-- Installing: install/qt/include/QtCore/6.8.3/QtCore/private/qsharedmemory_p.h
-- Installing: install/qt/include/QtCore/6.8.3/QtCore/private/qsystemsemaphore_p.h
-- Installing: install/qt/include/QtCore/6.8.3/QtCore/private/qtipccommon_p.h
-- Installing: install/qt/include/QtCore/6.8.3/QtCore/private/qabstractfileengine_p.h
-- Installing: install/qt/include/QtCore/6.8.3/QtCore/private/qdataurl_p.h
-- Installing: install/qt/include/QtCore/6.8.3/QtCore/private/qdebug_p.h
-- Installing: install/qt/include/QtCore/6.8.3/QtCore/private/qdir_p.h
-- Installing: install/qt/include/QtCore/6.8.3/QtCore/private/qdirentryinfo_p.h
-- Installing: install/qt/include/QtCore/6.8.3/QtCore/private/qfile_p.h
-- Installing: install/qt/include/QtCore/6.8.3/QtCore/private/qfiledevice_p.h
-- Installing: install/qt/include/QtCore/6.8.3/QtCore/private/qfileinfo_p.h
-- Installing: install/qt/include/QtCore/6.8.3/QtCore/private/qfileselector_p.h
-- Installing: install/qt/include/QtCore/6.8.3/QtCore/private/qfilesystemengine_p.h
-- Installing: install/qt/include/QtCore/6.8.3/QtCore/private/qfilesystementry_p.h
-- Installing: install/qt/include/QtCore/6.8.3/QtCore/private/qfilesystemiterator_p.h
-- Installing: install/qt/include/QtCore/6.8.3/QtCore/private/qfilesystemmetadata_p.h
-- Installing: install/qt/include/QtCore/6.8.3/QtCore/private/qfsfileengine_p.h
-- Installing: install/qt/include/QtCore/6.8.3/QtCore/private/qfsfileengine_iterator_p.h
-- Installing: install/qt/include/QtCore/6.8.3/QtCore/private/qiodevice_p.h
-- Installing: install/qt/include/QtCore/6.8.3/QtCore/private/qipaddress_p.h
-- Installing: install/qt/include/QtCore/6.8.3/QtCore/private/qlockfile_p.h
-- Installing: install/qt/include/QtCore/6.8.3/QtCore/private/qloggingregistry_p.h
-- Installing: install/qt/include/QtCore/6.8.3/QtCore/private/qnoncontiguousbytedevice_p.h
-- Installing: install/qt/include/QtCore/6.8.3/QtCore/private/qresource_p.h
-- Installing: install/qt/include/QtCore/6.8.3/QtCore/private/qresource_iterator_p.h
-- Installing: install/qt/include/QtCore/6.8.3/QtCore/private/qsavefile_p.h
-- Installing: install/qt/include/QtCore/6.8.3/QtCore/private/qstorageinfo_p.h
-- Installing: install/qt/include/QtCore/6.8.3/QtCore/private/qtemporaryfile_p.h
-- Installing: install/qt/include/QtCore/6.8.3/QtCore/private/qurl_p.h
-- Installing: install/qt/include/QtCore/6.8.3/QtCore/private/qzipreader_p.h
-- Installing: install/qt/include/QtCore/6.8.3/QtCore/private/qzipwriter_p.h
-- Installing: install/qt/include/QtCore/6.8.3/QtCore/private/qabstracteventdispatcher_p.h
-- Installing: install/qt/include/QtCore/6.8.3/QtCore/private/qcoreapplication_p.h
-- Installing: install/qt/include/QtCore/6.8.3/QtCore/private/qcoreevent_p.h
-- Installing: install/qt/include/QtCore/6.8.3/QtCore/private/qeventloop_p.h
-- Installing: install/qt/include/QtCore/6.8.3/QtCore/private/qfunctions_p.h
-- Installing: install/qt/include/QtCore/6.8.3/QtCore/private/qiterable_p.h
-- Installing: install/qt/include/QtCore/6.8.3/QtCore/private/qmetaobject_p.h
-- Installing: install/qt/include/QtCore/6.8.3/QtCore/private/qmetaobject_moc_p.h
-- Installing: install/qt/include/QtCore/6.8.3/QtCore/private/qmetaobjectbuilder_p.h
-- Installing: install/qt/include/QtCore/6.8.3/QtCore/private/qmetatype_p.h
-- Installing: install/qt/include/QtCore/6.8.3/QtCore/private/qobject_p.h
-- Installing: install/qt/include/QtCore/6.8.3/QtCore/private/qobject_p_p.h
-- Installing: install/qt/include/QtCore/6.8.3/QtCore/private/qproperty_p.h
-- Installing: install/qt/include/QtCore/6.8.3/QtCore/private/qsingleshottimer_p.h
-- Installing: install/qt/include/QtCore/6.8.3/QtCore/private/qsystemerror_p.h
-- Installing: install/qt/include/QtCore/6.8.3/QtCore/private/qtimer_p.h
-- Installing: install/qt/include/QtCore/6.8.3/QtCore/private/qtranslator_p.h
-- Installing: install/qt/include/QtCore/6.8.3/QtCore/private/qvariant_p.h
-- Installing: install/qt/include/QtCore/6.8.3/QtCore/private/qfactoryloader_p.h
-- Installing: install/qt/include/QtCore/6.8.3/QtCore/private/qplugin_p.h
-- Installing: install/qt/include/QtCore/6.8.3/QtCore/private/qcborcommon_p.h
-- Installing: install/qt/include/QtCore/6.8.3/QtCore/private/qcborvalue_p.h
-- Installing: install/qt/include/QtCore/6.8.3/QtCore/private/qdatastream_p.h
-- Installing: install/qt/include/QtCore/6.8.3/QtCore/private/qjson_p.h
-- Installing: install/qt/include/QtCore/6.8.3/QtCore/private/qjsonparser_p.h
-- Installing: install/qt/include/QtCore/6.8.3/QtCore/private/qjsonwriter_p.h
-- Installing: install/qt/include/QtCore/6.8.3/QtCore/private/qtextstream_p.h
-- Installing: install/qt/include/QtCore/6.8.3/QtCore/private/qxmlutils_p.h
-- Installing: install/qt/include/QtCore/6.8.3/QtCore/private/qbytedata_p.h
-- Installing: install/qt/include/QtCore/6.8.3/QtCore/private/qcollator_p.h
-- Installing: install/qt/include/QtCore/6.8.3/QtCore/private/qdoublescanprint_p.h
-- Installing: install/qt/include/QtCore/6.8.3/QtCore/private/qlocale_p.h
-- Installing: install/qt/include/QtCore/6.8.3/QtCore/private/qlocale_data_p.h
-- Installing: install/qt/include/QtCore/6.8.3/QtCore/private/qlocale_tools_p.h
-- Installing: install/qt/include/QtCore/6.8.3/QtCore/private/qstringalgorithms_p.h
-- Installing: install/qt/include/QtCore/6.8.3/QtCore/private/qstringconverter_p.h
-- Installing: install/qt/include/QtCore/6.8.3/QtCore/private/qstringiterator_p.h
-- Installing: install/qt/include/QtCore/6.8.3/QtCore/private/qunicodetables_p.h
-- Installing: install/qt/include/QtCore/6.8.3/QtCore/private/qunicodetools_p.h
-- Installing: install/qt/include/QtCore/6.8.3/QtCore/private/qlocking_p.h
-- Installing: install/qt/include/QtCore/6.8.3/QtCore/private/qorderedmutexlocker_p.h
-- Installing: install/qt/include/QtCore/6.8.3/QtCore/private/qthread_p.h
-- Installing: install/qt/include/QtCore/6.8.3/QtCore/private/qwaitcondition_p.h
-- Installing: install/qt/include/QtCore/6.8.3/QtCore/private/qcalendarbackend_p.h
-- Installing: install/qt/include/QtCore/6.8.3/QtCore/private/qcalendarmath_p.h
-- Installing: install/qt/include/QtCore/6.8.3/QtCore/private/qdatetime_p.h
-- Installing: install/qt/include/QtCore/6.8.3/QtCore/private/qgregoriancalendar_p.h
-- Installing: install/qt/include/QtCore/6.8.3/QtCore/private/qjuliancalendar_p.h
-- Installing: install/qt/include/QtCore/6.8.3/QtCore/private/qlocaltime_p.h
-- Installing: install/qt/include/QtCore/6.8.3/QtCore/private/qmilankoviccalendar_p.h
-- Installing: install/qt/include/QtCore/6.8.3/QtCore/private/qromancalendar_p.h
-- Installing: install/qt/include/QtCore/6.8.3/QtCore/private/qromancalendar_data_p.h
-- Installing: install/qt/include/QtCore/6.8.3/QtCore/private/qduplicatetracker_p.h
-- Installing: install/qt/include/QtCore/6.8.3/QtCore/private/qflatmap_p.h
-- Installing: install/qt/include/QtCore/6.8.3/QtCore/private/qfreelist_p.h
-- Installing: install/qt/include/QtCore/6.8.3/QtCore/private/qmakearray_p.h
-- Installing: install/qt/include/QtCore/6.8.3/QtCore/private/qminimalflatset_p.h
-- Installing: install/qt/include/QtCore/6.8.3/QtCore/private/qoffsetstringarray_p.h
-- Installing: install/qt/include/QtCore/6.8.3/QtCore/private/qringbuffer_p.h
-- Installing: install/qt/include/QtCore/6.8.3/QtCore/private/qsmallbytearray_p.h
-- Installing: install/qt/include/QtCore/6.8.3/QtCore/private/qspan_p.h
-- Installing: install/qt/include/QtCore/6.8.3/QtCore/private/qtools_p.h
-- Installing: install/qt/include/QtCore/6.8.3/QtCore/private/quniquehandle_p.h
-- Installing: install/qt/include/QtCore/6.8.3/QtCore/private/quniquehandle_types_p.h
-- Installing: install/qt/include/QtCore/6.8.3/QtCore/private/qtcore-config_p.h
-- Installing: install/qt/include/QtCore/6.8.3/QtCore/private/qconfig_p.h
-- Installing: install/qt/include/QtCore/6.8.3/QtCore/private/qsimd_x86_p.h
-- Installing: install/qt/include/QtCore/6.8.3/QtCore/private/qxmlstream_p.h
-- Installing: install/qt/include/QtCore/6.8.3/QtCore/private/qxmlstreamgrammar_p.h
-- Installing: install/qt/include/QtCore/6.8.3/QtCore/private/qxmlstreamparser_p.h
-- Installing: install/qt/include/QtCore/6.8.3/QtCore/private/qabstractanimation_p.h
-- Installing: install/qt/include/QtCore/6.8.3/QtCore/private/qanimationgroup_p.h
-- Installing: install/qt/include/QtCore/6.8.3/QtCore/private/qparallelanimationgroup_p.h
-- Installing: install/qt/include/QtCore/6.8.3/QtCore/private/qpropertyanimation_p.h
-- Installing: install/qt/include/QtCore/6.8.3/QtCore/private/qsequentialanimationgroup_p.h
-- Installing: install/qt/include/QtCore/6.8.3/QtCore/private/qvariantanimation_p.h
-- Installing: install/qt/include/QtCore/6.8.3/QtCore/private/qcore_unix_p.h
-- Installing: install/qt/include/QtCore/6.8.3/QtCore/private/qpoll_p.h
-- Installing: install/qt/include/QtCore/6.8.3/QtCore/private/qtimerinfo_unix_p.h
-- Installing: install/qt/include/QtCore/6.8.3/QtCore/private/qeventdispatcher_unix_p.h
-- Installing: install/qt/include/QtCore/6.8.3/QtCore/private/qfutex_p.h
-- Installing: install/qt/include/QtCore/6.8.3/QtCore/private/qmutex_p.h
-- Installing: install/qt/include/QtCore/6.8.3/QtCore/private/qreadwritelock_p.h
-- Installing: install/qt/include/QtCore/6.8.3/QtCore/private/qthreadpool_p.h
-- Installing: install/qt/include/QtCore/6.8.3/QtCore/private/qfutex_freebsd_p.h
-- Installing: install/qt/include/QtCore/6.8.3/QtCore/private/qfutureinterface_p.h
-- Installing: install/qt/include/QtCore/6.8.3/QtCore/private/qfuturewatcher_p.h
-- Installing: install/qt/include/QtCore/6.8.3/QtCore/private/qhijricalendar_p.h
-- Installing: install/qt/include/QtCore/6.8.3/QtCore/private/qhijricalendar_data_p.h
-- Installing: install/qt/include/QtCore/6.8.3/QtCore/private/qislamiccivilcalendar_p.h
-- Installing: install/qt/include/QtCore/6.8.3/QtCore/private/qjalalicalendar_p.h
-- Installing: install/qt/include/QtCore/6.8.3/QtCore/private/qjalalicalendar_data_p.h
-- Installing: install/qt/include/QtCore/6.8.3/QtCore/private/qtimezoneprivate_p.h
-- Installing: install/qt/include/QtCore/6.8.3/QtCore/private/qtimezoneprivate_data_p.h
-- Installing: install/qt/include/QtCore/6.8.3/QtCore/private/qtimezonelocale_p.h
-- Installing: install/qt/include/QtCore/6.8.3/QtCore/private/qtimezonelocale_data_p.h
-- Installing: install/qt/include/QtCore/6.8.3/QtCore/private/qdatetimeparser_p.h
-- Installing: install/qt/include/QtCore/6.8.3/QtCore/private/qfilesystemwatcher_p.h
-- Installing: install/qt/include/QtCore/6.8.3/QtCore/private/qfilesystemwatcher_polling_p.h
-- Installing: install/qt/include/QtCore/6.8.3/QtCore/private/qprocess_p.h
-- Installing: install/qt/include/QtCore/6.8.3/QtCore/private/qsettings_p.h
-- Installing: install/qt/include/QtCore/6.8.3/QtCore/private/qabstractitemmodel_p.h
-- Installing: install/qt/include/QtCore/6.8.3/QtCore/private/qitemselectionmodel_p.h
-- Installing: install/qt/include/QtCore/6.8.3/QtCore/private/qabstractproxymodel_p.h
-- Installing: install/qt/include/QtCore/6.8.3/QtCore/private/qidentityproxymodel_p.h
-- Installing: install/qt/include/QtCore/6.8.3/QtCore/private/qtransposeproxymodel_p.h
-- Installing: install/qt/include/QtCore/6.8.3/QtCore/private/qlibrary_p.h
-- Installing: install/qt/include/QtCore/6.8.3/QtCore/private/qelfparser_p.h
-- Installing: install/qt/include/QtCore/6.8.3/QtCore/private/qmimedatabase_p.h
-- Installing: install/qt/include/QtCore/6.8.3/QtCore/private/qmimeglobpattern_p.h
-- Installing: install/qt/include/QtCore/6.8.3/QtCore/private/qmimemagicrule_p.h
-- Installing: install/qt/include/QtCore/6.8.3/QtCore/private/qmimemagicrulematcher_p.h
-- Installing: install/qt/include/QtCore/6.8.3/QtCore/private/qmimeprovider_p.h
-- Installing: install/qt/include/QtCore/6.8.3/QtCore/private/qmimetype_p.h
-- Installing: install/qt/include/QtCore/6.8.3/QtCore/private/qmimetypeparser_p.h
-- Installing: install/qt/include/QtCore/6.8.3/QtCore/private/qpermissions_p.h
-- Installing: install/qt/mkspecs/modules/qt_lib_core.pri
-- Installing: install/qt/mkspecs/modules/qt_lib_core_private.pri
-- Installing: install/qt/mkspecs/modules/qt_ext_libpng.pri
-- Installing: install/qt/lib/cmake/Qt6BundledLibpng/Qt6BundledLibpngConfig.cmake
-- Installing: install/qt/lib/cmake/Qt6BundledLibpng/Qt6BundledLibpngConfigVersion.cmake
-- Installing: install/qt/lib/cmake/Qt6BundledLibpng/Qt6BundledLibpngConfigVersionImpl.cmake
-- Installing: install/qt/lib/libQt6BundledLibpng.a
-- Installing: install/qt/lib/cmake/Qt6BundledLibpng/Qt6BundledLibpngTargets.cmake
-- Installing: install/qt/lib/cmake/Qt6BundledLibpng/Qt6BundledLibpngTargets-relwithdebinfo.cmake
-- Installing: install/qt/lib/cmake/Qt6BundledLibpng/Qt6BundledLibpngVersionlessAliasTargets.cmake
-- Installing: install/qt/lib/cmake/Qt6BundledLibpng/Qt6BundledLibpngVersionlessTargets.cmake
-- Installing: install/qt/lib/cmake/Qt6PngPrivate/Qt6PngPrivateConfig.cmake
-- Installing: install/qt/lib/cmake/Qt6PngPrivate/Qt6PngPrivateConfigVersion.cmake
-- Installing: install/qt/lib/cmake/Qt6PngPrivate/Qt6PngPrivateConfigVersionImpl.cmake
-- Installing: install/qt/lib/cmake/Qt6PngPrivate/Qt6PngPrivateTargets.cmake
-- Installing: install/qt/lib/cmake/Qt6PngPrivate/Qt6PngPrivateVersionlessAliasTargets.cmake
-- Installing: install/qt/lib/cmake/Qt6PngPrivate/Qt6PngPrivateVersionlessTargets.cmake
-- Installing: install/qt/modules/PngPrivate.json
-- Installing: install/qt/lib/cmake/Qt6BundledLibpng/Qt6BundledLibpngAdditionalTargetInfo.cmake
-- Installing: install/qt/lib/cmake/Qt6PngPrivate/Qt6PngPrivateAdditionalTargetInfo.cmake
-- Installing: install/qt/include/QtPng/png.h
-- Installing: install/qt/include/QtPng/pngconf.h
-- Installing: install/qt/include/QtPng/pnglibconf.h
-- Installing: install/qt/include/QtPng/QtPngDepends
-- Installing: install/qt/mkspecs/modules/qt_lib_png_private.pri
-- Installing: install/qt/lib/cmake/Qt6/FindWrapBundledLibpngConfigExtra.cmake
-- Installing: install/qt/mkspecs/modules/qt_ext_libjpeg.pri
-- Installing: install/qt/lib/cmake/Qt6BundledLibjpeg/Qt6BundledLibjpegConfig.cmake
-- Installing: install/qt/lib/cmake/Qt6BundledLibjpeg/Qt6BundledLibjpegConfigVersion.cmake
-- Installing: install/qt/lib/cmake/Qt6BundledLibjpeg/Qt6BundledLibjpegConfigVersionImpl.cmake
-- Installing: install/qt/lib/libQt6BundledLibjpeg.a
-- Installing: install/qt/lib/cmake/Qt6BundledLibjpeg/Qt6BundledLibjpegTargets.cmake
-- Installing: install/qt/lib/cmake/Qt6BundledLibjpeg/Qt6BundledLibjpegTargets-relwithdebinfo.cmake
-- Installing: install/qt/lib/cmake/Qt6BundledLibjpeg/Qt6BundledLibjpegVersionlessAliasTargets.cmake
-- Installing: install/qt/lib/cmake/Qt6BundledLibjpeg/Qt6BundledLibjpegVersionlessTargets.cmake
-- Installing: install/qt/lib/cmake/Qt6JpegPrivate/Qt6JpegPrivateConfig.cmake
-- Installing: install/qt/lib/cmake/Qt6JpegPrivate/Qt6JpegPrivateConfigVersion.cmake
-- Installing: install/qt/lib/cmake/Qt6JpegPrivate/Qt6JpegPrivateConfigVersionImpl.cmake
-- Installing: install/qt/lib/cmake/Qt6JpegPrivate/Qt6JpegPrivateTargets.cmake
-- Installing: install/qt/lib/cmake/Qt6JpegPrivate/Qt6JpegPrivateVersionlessAliasTargets.cmake
-- Installing: install/qt/lib/cmake/Qt6JpegPrivate/Qt6JpegPrivateVersionlessTargets.cmake
-- Installing: install/qt/modules/JpegPrivate.json
-- Installing: install/qt/lib/cmake/Qt6BundledLibjpeg/Qt6BundledLibjpegAdditionalTargetInfo.cmake
-- Installing: install/qt/lib/cmake/Qt6JpegPrivate/Qt6JpegPrivateAdditionalTargetInfo.cmake
-- Installing: install/qt/include/QtJpeg/jpeglib.h
-- Installing: install/qt/include/QtJpeg/jerror.h
-- Installing: install/qt/include/QtJpeg/jconfig.h
-- Installing: install/qt/include/QtJpeg/jmorecfg.h
-- Installing: install/qt/include/QtJpeg/QtJpegDepends
-- Installing: install/qt/mkspecs/modules/qt_lib_jpeg_private.pri
-- Installing: install/qt/lib/cmake/Qt6/FindWrapBundledLibjpegConfigExtra.cmake
-- Installing: install/qt/mkspecs/modules/qt_ext_freetype.pri
-- Installing: install/qt/lib/cmake/Qt6BundledFreetype/Qt6BundledFreetypeConfig.cmake
-- Installing: install/qt/lib/cmake/Qt6BundledFreetype/Qt6BundledFreetypeConfigVersion.cmake
-- Installing: install/qt/lib/cmake/Qt6BundledFreetype/Qt6BundledFreetypeConfigVersionImpl.cmake
-- Installing: install/qt/lib/libQt6BundledFreetype.a
-- Installing: install/qt/lib/cmake/Qt6BundledFreetype/Qt6BundledFreetypeTargets.cmake
-- Installing: install/qt/lib/cmake/Qt6BundledFreetype/Qt6BundledFreetypeTargets-relwithdebinfo.cmake
-- Installing: install/qt/lib/cmake/Qt6BundledFreetype/Qt6BundledFreetypeVersionlessAliasTargets.cmake
-- Installing: install/qt/lib/cmake/Qt6BundledFreetype/Qt6BundledFreetypeVersionlessTargets.cmake
-- Installing: install/qt/include/QtFreetype
-- Installing: install/qt/include/QtFreetype/REUSE.toml
-- Installing: install/qt/include/QtFreetype/dlg
-- Installing: install/qt/include/QtFreetype/dlg/REUSE.toml
-- Installing: install/qt/include/QtFreetype/dlg/dlg.h
-- Installing: install/qt/include/QtFreetype/dlg/output.h
-- Installing: install/qt/include/QtFreetype/freetype
-- Installing: install/qt/include/QtFreetype/freetype/REUSE.toml
-- Installing: install/qt/include/QtFreetype/freetype/config
-- Installing: install/qt/include/QtFreetype/freetype/config/REUSE.toml
-- Installing: install/qt/include/QtFreetype/freetype/config/ftconfig.h
-- Installing: install/qt/include/QtFreetype/freetype/config/ftheader.h
-- Installing: install/qt/include/QtFreetype/freetype/config/ftmodule.h
-- Installing: install/qt/include/QtFreetype/freetype/config/ftoption.h
-- Installing: install/qt/include/QtFreetype/freetype/config/ftstdlib.h
-- Installing: install/qt/include/QtFreetype/freetype/config/integer-types.h
-- Installing: install/qt/include/QtFreetype/freetype/config/mac-support.h
-- Installing: install/qt/include/QtFreetype/freetype/config/public-macros.h
-- Installing: install/qt/include/QtFreetype/freetype/freetype.h
-- Installing: install/qt/include/QtFreetype/freetype/ftadvanc.h
-- Installing: install/qt/include/QtFreetype/freetype/ftbbox.h
-- Installing: install/qt/include/QtFreetype/freetype/ftbdf.h
-- Installing: install/qt/include/QtFreetype/freetype/ftbitmap.h
-- Installing: install/qt/include/QtFreetype/freetype/ftbzip2.h
-- Installing: install/qt/include/QtFreetype/freetype/ftcache.h
-- Installing: install/qt/include/QtFreetype/freetype/ftchapters.h
-- Installing: install/qt/include/QtFreetype/freetype/ftcid.h
-- Installing: install/qt/include/QtFreetype/freetype/ftcolor.h
-- Installing: install/qt/include/QtFreetype/freetype/ftdriver.h
-- Installing: install/qt/include/QtFreetype/freetype/fterrdef.h
-- Installing: install/qt/include/QtFreetype/freetype/fterrors.h
-- Installing: install/qt/include/QtFreetype/freetype/ftfntfmt.h
-- Installing: install/qt/include/QtFreetype/freetype/ftgasp.h
-- Installing: install/qt/include/QtFreetype/freetype/ftglyph.h
-- Installing: install/qt/include/QtFreetype/freetype/ftgxval.h
-- Installing: install/qt/include/QtFreetype/freetype/ftgzip.h
-- Installing: install/qt/include/QtFreetype/freetype/ftimage.h
-- Installing: install/qt/include/QtFreetype/freetype/ftincrem.h
-- Installing: install/qt/include/QtFreetype/freetype/ftlcdfil.h
-- Installing: install/qt/include/QtFreetype/freetype/ftlist.h
-- Installing: install/qt/include/QtFreetype/freetype/ftlogging.h
-- Installing: install/qt/include/QtFreetype/freetype/ftlzw.h
-- Installing: install/qt/include/QtFreetype/freetype/ftmac.h
-- Installing: install/qt/include/QtFreetype/freetype/ftmm.h
-- Installing: install/qt/include/QtFreetype/freetype/ftmodapi.h
-- Installing: install/qt/include/QtFreetype/freetype/ftmoderr.h
-- Installing: install/qt/include/QtFreetype/freetype/ftotval.h
-- Installing: install/qt/include/QtFreetype/freetype/ftoutln.h
-- Installing: install/qt/include/QtFreetype/freetype/ftparams.h
-- Installing: install/qt/include/QtFreetype/freetype/ftpfr.h
-- Installing: install/qt/include/QtFreetype/freetype/ftrender.h
-- Installing: install/qt/include/QtFreetype/freetype/ftsizes.h
-- Installing: install/qt/include/QtFreetype/freetype/ftsnames.h
-- Installing: install/qt/include/QtFreetype/freetype/ftstroke.h
-- Installing: install/qt/include/QtFreetype/freetype/ftsynth.h
-- Installing: install/qt/include/QtFreetype/freetype/ftsystem.h
-- Installing: install/qt/include/QtFreetype/freetype/fttrigon.h
-- Installing: install/qt/include/QtFreetype/freetype/fttypes.h
-- Installing: install/qt/include/QtFreetype/freetype/ftwinfnt.h
-- Installing: install/qt/include/QtFreetype/freetype/internal
-- Installing: install/qt/include/QtFreetype/freetype/internal/REUSE.toml
-- Installing: install/qt/include/QtFreetype/freetype/internal/autohint.h
-- Installing: install/qt/include/QtFreetype/freetype/internal/cffotypes.h
-- Installing: install/qt/include/QtFreetype/freetype/internal/cfftypes.h
-- Installing: install/qt/include/QtFreetype/freetype/internal/compiler-macros.h
-- Installing: install/qt/include/QtFreetype/freetype/internal/ftcalc.h
-- Installing: install/qt/include/QtFreetype/freetype/internal/ftdebug.h
-- Installing: install/qt/include/QtFreetype/freetype/internal/ftdrv.h
-- Installing: install/qt/include/QtFreetype/freetype/internal/ftgloadr.h
-- Installing: install/qt/include/QtFreetype/freetype/internal/fthash.h
-- Installing: install/qt/include/QtFreetype/freetype/internal/ftmemory.h
-- Installing: install/qt/include/QtFreetype/freetype/internal/ftmmtypes.h
-- Installing: install/qt/include/QtFreetype/freetype/internal/ftobjs.h
-- Installing: install/qt/include/QtFreetype/freetype/internal/ftpsprop.h
-- Installing: install/qt/include/QtFreetype/freetype/internal/ftrfork.h
-- Installing: install/qt/include/QtFreetype/freetype/internal/ftserv.h
-- Installing: install/qt/include/QtFreetype/freetype/internal/ftstream.h
-- Installing: install/qt/include/QtFreetype/freetype/internal/fttrace.h
-- Installing: install/qt/include/QtFreetype/freetype/internal/ftvalid.h
-- Installing: install/qt/include/QtFreetype/freetype/internal/psaux.h
-- Installing: install/qt/include/QtFreetype/freetype/internal/pshints.h
-- Installing: install/qt/include/QtFreetype/freetype/internal/services
-- Installing: install/qt/include/QtFreetype/freetype/internal/services/REUSE.toml
-- Installing: install/qt/include/QtFreetype/freetype/internal/services/svbdf.h
-- Installing: install/qt/include/QtFreetype/freetype/internal/services/svcfftl.h
-- Installing: install/qt/include/QtFreetype/freetype/internal/services/svcid.h
-- Installing: install/qt/include/QtFreetype/freetype/internal/services/svfntfmt.h
-- Installing: install/qt/include/QtFreetype/freetype/internal/services/svgldict.h
-- Installing: install/qt/include/QtFreetype/freetype/internal/services/svgxval.h
-- Installing: install/qt/include/QtFreetype/freetype/internal/services/svkern.h
-- Installing: install/qt/include/QtFreetype/freetype/internal/services/svmetric.h
-- Installing: install/qt/include/QtFreetype/freetype/internal/services/svmm.h
-- Installing: install/qt/include/QtFreetype/freetype/internal/services/svotval.h
-- Installing: install/qt/include/QtFreetype/freetype/internal/services/svpfr.h
-- Installing: install/qt/include/QtFreetype/freetype/internal/services/svpostnm.h
-- Installing: install/qt/include/QtFreetype/freetype/internal/services/svprop.h
-- Installing: install/qt/include/QtFreetype/freetype/internal/services/svpscmap.h
-- Installing: install/qt/include/QtFreetype/freetype/internal/services/svpsinfo.h
-- Installing: install/qt/include/QtFreetype/freetype/internal/services/svsfnt.h
-- Installing: install/qt/include/QtFreetype/freetype/internal/services/svttcmap.h
-- Installing: install/qt/include/QtFreetype/freetype/internal/services/svtteng.h
-- Installing: install/qt/include/QtFreetype/freetype/internal/services/svttglyf.h
-- Installing: install/qt/include/QtFreetype/freetype/internal/services/svwinfnt.h
-- Installing: install/qt/include/QtFreetype/freetype/internal/sfnt.h
-- Installing: install/qt/include/QtFreetype/freetype/internal/svginterface.h
-- Installing: install/qt/include/QtFreetype/freetype/internal/t1types.h
-- Installing: install/qt/include/QtFreetype/freetype/internal/tttypes.h
-- Installing: install/qt/include/QtFreetype/freetype/internal/wofftypes.h
-- Installing: install/qt/include/QtFreetype/freetype/otsvg.h
-- Installing: install/qt/include/QtFreetype/freetype/t1tables.h
-- Installing: install/qt/include/QtFreetype/freetype/ttnameid.h
-- Installing: install/qt/include/QtFreetype/freetype/tttables.h
-- Installing: install/qt/include/QtFreetype/freetype/tttags.h
-- Installing: install/qt/include/QtFreetype/ft2build.h
-- Installing: install/qt/lib/cmake/Qt6FreetypePrivate/Qt6FreetypePrivateConfig.cmake
-- Installing: install/qt/lib/cmake/Qt6FreetypePrivate/Qt6FreetypePrivateConfigVersion.cmake
-- Installing: install/qt/lib/cmake/Qt6FreetypePrivate/Qt6FreetypePrivateConfigVersionImpl.cmake
-- Installing: install/qt/lib/cmake/Qt6FreetypePrivate/Qt6FreetypePrivateTargets.cmake
-- Installing: install/qt/lib/cmake/Qt6FreetypePrivate/Qt6FreetypePrivateVersionlessAliasTargets.cmake
-- Installing: install/qt/lib/cmake/Qt6FreetypePrivate/Qt6FreetypePrivateVersionlessTargets.cmake
-- Installing: install/qt/modules/FreetypePrivate.json
-- Installing: install/qt/lib/cmake/Qt6BundledFreetype/Qt6BundledFreetypeAdditionalTargetInfo.cmake
-- Installing: install/qt/lib/cmake/Qt6FreetypePrivate/Qt6FreetypePrivateAdditionalTargetInfo.cmake
-- Installing: install/qt/include/QtFreetype/QtFreetypeDepends
-- Installing: install/qt/mkspecs/modules/qt_lib_freetype_private.pri
-- Installing: install/qt/lib/cmake/Qt6/FindWrapBundledFreetypeConfigExtra.cmake
-- Installing: install/qt/include/QtHarfbuzz
-- Installing: install/qt/include/QtHarfbuzz/harfbuzz
-- Installing: install/qt/include/QtHarfbuzz/harfbuzz/hb-blob.h
-- Installing: install/qt/include/QtHarfbuzz/harfbuzz/hb-buffer.h
-- Installing: install/qt/include/QtHarfbuzz/harfbuzz/hb-common.h
-- Installing: install/qt/include/QtHarfbuzz/harfbuzz/hb-deprecated.h
-- Installing: install/qt/include/QtHarfbuzz/harfbuzz/hb-face.h
-- Installing: install/qt/include/QtHarfbuzz/harfbuzz/hb-font.h
-- Installing: install/qt/include/QtHarfbuzz/harfbuzz/hb-ot-font.h
-- Installing: install/qt/include/QtHarfbuzz/harfbuzz/hb-ot-layout.h
-- Installing: install/qt/include/QtHarfbuzz/harfbuzz/hb-ot-math.h
-- Installing: install/qt/include/QtHarfbuzz/harfbuzz/hb-ot-shape.h
-- Installing: install/qt/include/QtHarfbuzz/harfbuzz/hb-ot-tag.h
-- Installing: install/qt/include/QtHarfbuzz/harfbuzz/hb-ot-var.h
-- Installing: install/qt/include/QtHarfbuzz/harfbuzz/hb-ot.h
-- Installing: install/qt/include/QtHarfbuzz/harfbuzz/hb-set.h
-- Installing: install/qt/include/QtHarfbuzz/harfbuzz/hb-shape-plan.h
-- Installing: install/qt/include/QtHarfbuzz/harfbuzz/hb-shape.h
-- Installing: install/qt/include/QtHarfbuzz/harfbuzz/hb-unicode.h
-- Installing: install/qt/include/QtHarfbuzz/harfbuzz/hb-version.h
-- Installing: install/qt/include/QtHarfbuzz/harfbuzz/hb.h
-- Installing: install/qt/lib/cmake/Qt6HarfbuzzPrivate/Qt6HarfbuzzPrivateConfig.cmake
-- Installing: install/qt/lib/cmake/Qt6HarfbuzzPrivate/Qt6HarfbuzzPrivateConfigVersion.cmake
-- Installing: install/qt/lib/cmake/Qt6HarfbuzzPrivate/Qt6HarfbuzzPrivateConfigVersionImpl.cmake
-- Installing: install/qt/lib/cmake/Qt6HarfbuzzPrivate/Qt6HarfbuzzPrivateTargets.cmake
-- Installing: install/qt/lib/cmake/Qt6HarfbuzzPrivate/Qt6HarfbuzzPrivateVersionlessAliasTargets.cmake
-- Installing: install/qt/lib/cmake/Qt6HarfbuzzPrivate/Qt6HarfbuzzPrivateVersionlessTargets.cmake
-- Installing: install/qt/modules/HarfbuzzPrivate.json
-- Installing: install/qt/lib/cmake/Qt6HarfbuzzPrivate/Qt6HarfbuzzPrivateAdditionalTargetInfo.cmake
-- Installing: install/qt/include/QtHarfbuzz/QtHarfbuzzDepends
-- Installing: install/qt/mkspecs/modules/qt_lib_harfbuzz_private.pri
-- Installing: install/qt/lib/cmake/Qt6/FindWrapBundledHarfbuzzConfigExtra.cmake
-- Installing: install/qt/metatypes/qt6concurrent_relwithdebinfo_metatypes.json
-- Installing: install/qt/lib/cmake/Qt6Concurrent/Qt6ConcurrentConfig.cmake
-- Installing: install/qt/lib/cmake/Qt6Concurrent/Qt6ConcurrentConfigVersion.cmake
-- Installing: install/qt/lib/cmake/Qt6Concurrent/Qt6ConcurrentConfigVersionImpl.cmake
-- Installing: install/qt/lib/libQt6Concurrent.lib.so
-- Installing: install/qt/lib/cmake/Qt6Concurrent/Qt6ConcurrentTargets.cmake
-- Installing: install/qt/lib/cmake/Qt6Concurrent/Qt6ConcurrentTargets-relwithdebinfo.cmake
-- Installing: install/qt/lib/cmake/Qt6Concurrent/Qt6ConcurrentVersionlessAliasTargets.cmake
-- Installing: install/qt/lib/cmake/Qt6Concurrent/Qt6ConcurrentVersionlessTargets.cmake
-- Installing: install/qt/modules/Concurrent.json
-- Installing: install/qt/lib/cmake/Qt6Concurrent/Qt6ConcurrentAdditionalTargetInfo.cmake
-- Installing: install/qt/include/QtConcurrent
-- Installing: install/qt/include/QtConcurrent/QtConcurrent
-- Installing: install/qt/include/QtConcurrent/QtConcurrentFilter
-- Installing: install/qt/include/QtConcurrent/QtConcurrentMap
-- Installing: install/qt/include/QtConcurrent/QtConcurrentRun
-- Installing: install/qt/include/QtConcurrent/QtConcurrentVersion
-- Installing: install/qt/include/QtConcurrent/qtconcurrentversion.h
-- Installing: install/qt/include/QtConcurrent/qtconcurrentexports.h
-- Installing: install/qt/include/QtConcurrent/qtaskbuilder.h
-- Installing: install/qt/include/QtConcurrent/qtconcurrent_global.h
-- Installing: install/qt/include/QtConcurrent/qtconcurrentcompilertest.h
-- Installing: install/qt/include/QtConcurrent/qtconcurrentfilter.h
-- Installing: install/qt/include/QtConcurrent/qtconcurrentfilterkernel.h
-- Installing: install/qt/include/QtConcurrent/qtconcurrentfunctionwrappers.h
-- Installing: install/qt/include/QtConcurrent/qtconcurrentiteratekernel.h
-- Installing: install/qt/include/QtConcurrent/qtconcurrentmap.h
-- Installing: install/qt/include/QtConcurrent/qtconcurrentmapkernel.h
-- Installing: install/qt/include/QtConcurrent/qtconcurrentmedian.h
-- Installing: install/qt/include/QtConcurrent/qtconcurrentreducekernel.h
-- Installing: install/qt/include/QtConcurrent/qtconcurrentrun.h
-- Installing: install/qt/include/QtConcurrent/qtconcurrentrunbase.h
-- Installing: install/qt/include/QtConcurrent/qtconcurrentstoredfunctioncall.h
-- Installing: install/qt/include/QtConcurrent/qtconcurrenttask.h
-- Installing: install/qt/include/QtConcurrent/qtconcurrentthreadengine.h
-- Installing: install/qt/include/QtConcurrent/QtConcurrentDepends
-- Installing: install/qt/mkspecs/modules/qt_lib_concurrent.pri
-- Installing: install/qt/mkspecs/modules/qt_lib_concurrent_private.pri
-- Installing: install/qt/metatypes/qt6sql_relwithdebinfo_metatypes.json
-- Installing: install/qt/lib/cmake/Qt6Sql/Qt6SqlConfig.cmake
-- Installing: install/qt/lib/cmake/Qt6Sql/Qt6SqlConfigVersion.cmake
-- Installing: install/qt/lib/cmake/Qt6Sql/Qt6SqlConfigVersionImpl.cmake
-- Installing: install/qt/lib/libQt6Sql.lib.so
-- Installing: install/qt/lib/cmake/Qt6Sql/Qt6SqlTargets.cmake
-- Installing: install/qt/lib/cmake/Qt6Sql/Qt6SqlTargets-relwithdebinfo.cmake
-- Installing: install/qt/lib/cmake/Qt6Sql/Qt6SqlVersionlessAliasTargets.cmake
-- Installing: install/qt/lib/cmake/Qt6Sql/Qt6SqlVersionlessTargets.cmake
-- Installing: install/qt/modules/Sql.json
-- Installing: install/qt/lib/cmake/Qt6Sql/Qt6SqlAdditionalTargetInfo.cmake
-- Installing: install/qt/include/QtSql
-- Installing: install/qt/include/QtSql/QSql
-- Installing: install/qt/include/QtSql/QSqlDatabase
-- Installing: install/qt/include/QtSql/QSqlDriver
-- Installing: install/qt/include/QtSql/QSqlDriverCreator
-- Installing: install/qt/include/QtSql/QSqlDriverCreatorBase
-- Installing: install/qt/include/QtSql/QSqlDriverPlugin
-- Installing: install/qt/include/QtSql/QSqlError
-- Installing: install/qt/include/QtSql/QSqlField
-- Installing: install/qt/include/QtSql/QSqlIndex
-- Installing: install/qt/include/QtSql/QSqlQuery
-- Installing: install/qt/include/QtSql/QSqlQueryModel
-- Installing: install/qt/include/QtSql/QSqlRecord
-- Installing: install/qt/include/QtSql/QSqlRelation
-- Installing: install/qt/include/QtSql/QSqlRelationalDelegate
-- Installing: install/qt/include/QtSql/QSqlRelationalTableModel
-- Installing: install/qt/include/QtSql/QSqlResult
-- Installing: install/qt/include/QtSql/QSqlTableModel
-- Installing: install/qt/include/QtSql/QtSql
-- Installing: install/qt/include/QtSql/QtSqlVersion
-- Installing: install/qt/include/QtSql/qtsqlversion.h
-- Installing: install/qt/include/QtSql/qtsqlexports.h
-- Installing: install/qt/include/QtSql/qsqldatabase.h
-- Installing: install/qt/include/QtSql/qsqldriver.h
-- Installing: install/qt/include/QtSql/qsqldriverplugin.h
-- Installing: install/qt/include/QtSql/qsqlerror.h
-- Installing: install/qt/include/QtSql/qsqlfield.h
-- Installing: install/qt/include/QtSql/qsqlindex.h
-- Installing: install/qt/include/QtSql/qsqlquery.h
-- Installing: install/qt/include/QtSql/qsqlrecord.h
-- Installing: install/qt/include/QtSql/qsqlresult.h
-- Installing: install/qt/include/QtSql/qtsqlglobal.h
-- Installing: install/qt/include/QtSql/qtsql-config.h
-- Installing: install/qt/include/QtSql/qsqlquerymodel.h
-- Installing: install/qt/include/QtSql/qsqlrelationaldelegate.h
-- Installing: install/qt/include/QtSql/qsqlrelationaltablemodel.h
-- Installing: install/qt/include/QtSql/qsqltablemodel.h
-- Installing: install/qt/include/QtSql/QtSqlDepends
-- Installing: install/qt/include/QtSql/6.8.3/QtSql/private/qsqlcachedresult_p.h
-- Installing: install/qt/include/QtSql/6.8.3/QtSql/private/qsqldriver_p.h
-- Installing: install/qt/include/QtSql/6.8.3/QtSql/private/qsqlnulldriver_p.h
-- Installing: install/qt/include/QtSql/6.8.3/QtSql/private/qsqlresult_p.h
-- Installing: install/qt/include/QtSql/6.8.3/QtSql/private/qtsqlglobal_p.h
-- Installing: install/qt/include/QtSql/6.8.3/QtSql/private/qtsql-config_p.h
-- Installing: install/qt/include/QtSql/6.8.3/QtSql/private/qsqlquerymodel_p.h
-- Installing: install/qt/include/QtSql/6.8.3/QtSql/private/qsqltablemodel_p.h
-- Installing: install/qt/mkspecs/modules/qt_lib_sql.pri
-- Installing: install/qt/mkspecs/modules/qt_lib_sql_private.pri
-- Installing: install/qt/metatypes/qt6network_relwithdebinfo_metatypes.json
-- Installing: install/qt/lib/cmake/Qt6Network/Qt6NetworkConfig.cmake
-- Installing: install/qt/lib/cmake/Qt6Network/Qt6NetworkConfigVersion.cmake
-- Installing: install/qt/lib/cmake/Qt6Network/Qt6NetworkConfigVersionImpl.cmake
-- Installing: install/qt/lib/libQt6Network.lib.so
-- Installing: install/qt/lib/cmake/Qt6Network/Qt6NetworkTargets.cmake
-- Installing: install/qt/lib/cmake/Qt6Network/Qt6NetworkTargets-relwithdebinfo.cmake
-- Installing: install/qt/lib/cmake/Qt6Network/Qt6NetworkVersionlessAliasTargets.cmake
-- Installing: install/qt/lib/cmake/Qt6Network/Qt6NetworkVersionlessTargets.cmake
-- Installing: install/qt/modules/Network.json
-- Installing: install/qt/lib/cmake/Qt6Network/Qt6NetworkAdditionalTargetInfo.cmake
-- Installing: install/qt/include/QtNetwork
-- Installing: install/qt/include/QtNetwork/QAbstractNetworkCache
-- Installing: install/qt/include/QtNetwork/QAbstractSocket
-- Installing: install/qt/include/QtNetwork/QAuthenticator
-- Installing: install/qt/include/QtNetwork/QDnsDomainNameRecord
-- Installing: install/qt/include/QtNetwork/QDnsHostAddressRecord
-- Installing: install/qt/include/QtNetwork/QDnsLookup
-- Installing: install/qt/include/QtNetwork/QDnsMailExchangeRecord
-- Installing: install/qt/include/QtNetwork/QDnsServiceRecord
-- Installing: install/qt/include/QtNetwork/QDnsTextRecord
-- Installing: install/qt/include/QtNetwork/QDnsTlsAssociationRecord
-- Installing: install/qt/include/QtNetwork/QFormDataBuilder
-- Installing: install/qt/include/QtNetwork/QFormDataPartBuilder
-- Installing: install/qt/include/QtNetwork/QHostAddress
-- Installing: install/qt/include/QtNetwork/QHostInfo
-- Installing: install/qt/include/QtNetwork/QHstsPolicy
-- Installing: install/qt/include/QtNetwork/QHttp1Configuration
-- Installing: install/qt/include/QtNetwork/QHttp2Configuration
-- Installing: install/qt/include/QtNetwork/QHttpHeaders
-- Installing: install/qt/include/QtNetwork/QHttpMultiPart
-- Installing: install/qt/include/QtNetwork/QHttpPart
-- Installing: install/qt/include/QtNetwork/QIPv6Address
-- Installing: install/qt/include/QtNetwork/QLocalServer
-- Installing: install/qt/include/QtNetwork/QLocalSocket
-- Installing: install/qt/include/QtNetwork/QNetworkAccessManager
-- Installing: install/qt/include/QtNetwork/QNetworkAddressEntry
-- Installing: install/qt/include/QtNetwork/QNetworkCacheMetaData
-- Installing: install/qt/include/QtNetwork/QNetworkCookie
-- Installing: install/qt/include/QtNetwork/QNetworkCookieJar
-- Installing: install/qt/include/QtNetwork/QNetworkDatagram
-- Installing: install/qt/include/QtNetwork/QNetworkDiskCache
-- Installing: install/qt/include/QtNetwork/QNetworkInformation
-- Installing: install/qt/include/QtNetwork/QNetworkInterface
-- Installing: install/qt/include/QtNetwork/QNetworkProxy
-- Installing: install/qt/include/QtNetwork/QNetworkProxyFactory
-- Installing: install/qt/include/QtNetwork/QNetworkProxyQuery
-- Installing: install/qt/include/QtNetwork/QNetworkReply
-- Installing: install/qt/include/QtNetwork/QNetworkRequest
-- Installing: install/qt/include/QtNetwork/QNetworkRequestFactory
-- Installing: install/qt/include/QtNetwork/QPasswordDigestor
-- Installing: install/qt/include/QtNetwork/QRestAccessManager
-- Installing: install/qt/include/QtNetwork/QRestReply
-- Installing: install/qt/include/QtNetwork/QSsl
-- Installing: install/qt/include/QtNetwork/QSslCertificate
-- Installing: install/qt/include/QtNetwork/QSslCertificateExtension
-- Installing: install/qt/include/QtNetwork/QSslCipher
-- Installing: install/qt/include/QtNetwork/QSslConfiguration
-- Installing: install/qt/include/QtNetwork/QSslError
-- Installing: install/qt/include/QtNetwork/QSslKey
-- Installing: install/qt/include/QtNetwork/QSslSocket
-- Installing: install/qt/include/QtNetwork/QTcpServer
-- Installing: install/qt/include/QtNetwork/QTcpSocket
-- Installing: install/qt/include/QtNetwork/QUdpSocket
-- Installing: install/qt/include/QtNetwork/Q_IPV6ADDR
-- Installing: install/qt/include/QtNetwork/QtNetwork
-- Installing: install/qt/include/QtNetwork/QtNetworkVersion
-- Installing: install/qt/include/QtNetwork/qtnetworkversion.h
-- Installing: install/qt/include/QtNetwork/qtnetworkexports.h
-- Installing: install/qt/include/QtNetwork/qabstractnetworkcache.h
-- Installing: install/qt/include/QtNetwork/qhstspolicy.h
-- Installing: install/qt/include/QtNetwork/qnetworkaccessmanager.h
-- Installing: install/qt/include/QtNetwork/qnetworkcookie.h
-- Installing: install/qt/include/QtNetwork/qnetworkcookiejar.h
-- Installing: install/qt/include/QtNetwork/qhttpheaders.h
-- Installing: install/qt/include/QtNetwork/qnetworkreply.h
-- Installing: install/qt/include/QtNetwork/qnetworkrequest.h
-- Installing: install/qt/include/QtNetwork/qauthenticator.h
-- Installing: install/qt/include/QtNetwork/qhostaddress.h
-- Installing: install/qt/include/QtNetwork/qhostinfo.h
-- Installing: install/qt/include/QtNetwork/qnetworkdatagram.h
-- Installing: install/qt/include/QtNetwork/qnetworkinformation.h
-- Installing: install/qt/include/QtNetwork/qnetworkinterface.h
-- Installing: install/qt/include/QtNetwork/qnetworkproxy.h
-- Installing: install/qt/include/QtNetwork/qtnetworkglobal.h
-- Installing: install/qt/include/QtNetwork/qabstractsocket.h
-- Installing: install/qt/include/QtNetwork/qtcpserver.h
-- Installing: install/qt/include/QtNetwork/qtcpsocket.h
-- Installing: install/qt/include/QtNetwork/qudpsocket.h
-- Installing: install/qt/include/QtNetwork/qpassworddigestor.h
-- Installing: install/qt/include/QtNetwork/qssl.h
-- Installing: install/qt/include/QtNetwork/qsslcertificate.h
-- Installing: install/qt/include/QtNetwork/qsslcertificateextension.h
-- Installing: install/qt/include/QtNetwork/qsslcipher.h
-- Installing: install/qt/include/QtNetwork/qsslconfiguration.h
-- Installing: install/qt/include/QtNetwork/qsslerror.h
-- Installing: install/qt/include/QtNetwork/qsslkey.h
-- Installing: install/qt/include/QtNetwork/qsslsocket.h
-- Installing: install/qt/include/QtNetwork/qtnetwork-config.h
-- Installing: install/qt/include/QtNetwork/qnetworkdiskcache.h
-- Installing: install/qt/include/QtNetwork/qformdatabuilder.h
-- Installing: install/qt/include/QtNetwork/qhttp1configuration.h
-- Installing: install/qt/include/QtNetwork/qhttp2configuration.h
-- Installing: install/qt/include/QtNetwork/qhttpmultipart.h
-- Installing: install/qt/include/QtNetwork/qnetworkrequestfactory.h
-- Installing: install/qt/include/QtNetwork/qrestaccessmanager.h
-- Installing: install/qt/include/QtNetwork/qrestreply.h
-- Installing: install/qt/include/QtNetwork/qdnslookup.h
-- Installing: install/qt/include/QtNetwork/qlocalserver.h
-- Installing: install/qt/include/QtNetwork/qlocalsocket.h
-- Installing: install/qt/include/QtNetwork/QtNetworkDepends
-- Installing: install/qt/include/QtNetwork/6.8.3/QtNetwork/private/qabstractnetworkcache_p.h
-- Installing: install/qt/include/QtNetwork/6.8.3/QtNetwork/private/qhsts_p.h
-- Installing: install/qt/include/QtNetwork/6.8.3/QtNetwork/private/qnetworkaccessauthenticationmanager_p.h
-- Installing: install/qt/include/QtNetwork/6.8.3/QtNetwork/private/qnetworkaccessbackend_p.h
-- Installing: install/qt/include/QtNetwork/6.8.3/QtNetwork/private/qnetworkaccesscache_p.h
-- Installing: install/qt/include/QtNetwork/6.8.3/QtNetwork/private/qnetworkaccesscachebackend_p.h
-- Installing: install/qt/include/QtNetwork/6.8.3/QtNetwork/private/qnetworkaccessfilebackend_p.h
-- Installing: install/qt/include/QtNetwork/6.8.3/QtNetwork/private/qnetworkaccessmanager_p.h
-- Installing: install/qt/include/QtNetwork/6.8.3/QtNetwork/private/qnetworkcookie_p.h
-- Installing: install/qt/include/QtNetwork/6.8.3/QtNetwork/private/qnetworkcookiejar_p.h
-- Installing: install/qt/include/QtNetwork/6.8.3/QtNetwork/private/qnetworkfile_p.h
-- Installing: install/qt/include/QtNetwork/6.8.3/QtNetwork/private/qhttpheaderparser_p.h
-- Installing: install/qt/include/QtNetwork/6.8.3/QtNetwork/private/qhttpheadershelper_p.h
-- Installing: install/qt/include/QtNetwork/6.8.3/QtNetwork/private/qnetworkreply_p.h
-- Installing: install/qt/include/QtNetwork/6.8.3/QtNetwork/private/qnetworkreplydataimpl_p.h
-- Installing: install/qt/include/QtNetwork/6.8.3/QtNetwork/private/qnetworkreplyfileimpl_p.h
-- Installing: install/qt/include/QtNetwork/6.8.3/QtNetwork/private/qnetworkreplyimpl_p.h
-- Installing: install/qt/include/QtNetwork/6.8.3/QtNetwork/private/qnetworkrequest_p.h
-- Installing: install/qt/include/QtNetwork/6.8.3/QtNetwork/private/qauthenticator_p.h
-- Installing: install/qt/include/QtNetwork/6.8.3/QtNetwork/private/qhostaddress_p.h
-- Installing: install/qt/include/QtNetwork/6.8.3/QtNetwork/private/qhostinfo_p.h
-- Installing: install/qt/include/QtNetwork/6.8.3/QtNetwork/private/qnetconmonitor_p.h
-- Installing: install/qt/include/QtNetwork/6.8.3/QtNetwork/private/qnetworkdatagram_p.h
-- Installing: install/qt/include/QtNetwork/6.8.3/QtNetwork/private/qnetworkinformation_p.h
-- Installing: install/qt/include/QtNetwork/6.8.3/QtNetwork/private/qnetworkinterface_p.h
-- Installing: install/qt/include/QtNetwork/6.8.3/QtNetwork/private/qnetworkinterface_unix_p.h
-- Installing: install/qt/include/QtNetwork/6.8.3/QtNetwork/private/qtnetworkglobal_p.h
-- Installing: install/qt/include/QtNetwork/6.8.3/QtNetwork/private/qabstractsocket_p.h
-- Installing: install/qt/include/QtNetwork/6.8.3/QtNetwork/private/qabstractsocketengine_p.h
-- Installing: install/qt/include/QtNetwork/6.8.3/QtNetwork/private/qnativesocketengine_p.h
-- Installing: install/qt/include/QtNetwork/6.8.3/QtNetwork/private/qnativesocketengine_p_p.h
-- Installing: install/qt/include/QtNetwork/6.8.3/QtNetwork/private/qtcpserver_p.h
-- Installing: install/qt/include/QtNetwork/6.8.3/QtNetwork/private/qtcpsocket_p.h
-- Installing: install/qt/include/QtNetwork/6.8.3/QtNetwork/private/qssl_p.h
-- Installing: install/qt/include/QtNetwork/6.8.3/QtNetwork/private/qsslcertificate_p.h
-- Installing: install/qt/include/QtNetwork/6.8.3/QtNetwork/private/qsslcertificateextension_p.h
-- Installing: install/qt/include/QtNetwork/6.8.3/QtNetwork/private/qtlsbackend_p.h
-- Installing: install/qt/include/QtNetwork/6.8.3/QtNetwork/private/qtnetwork-config_p.h
-- Installing: install/qt/include/QtNetwork/6.8.3/QtNetwork/private/qnetworkdiskcache_p.h
-- Installing: install/qt/include/QtNetwork/6.8.3/QtNetwork/private/qhstsstore_p.h
-- Installing: install/qt/include/QtNetwork/6.8.3/QtNetwork/private/bitstreams_p.h
-- Installing: install/qt/include/QtNetwork/6.8.3/QtNetwork/private/hpack_p.h
-- Installing: install/qt/include/QtNetwork/6.8.3/QtNetwork/private/hpacktable_p.h
-- Installing: install/qt/include/QtNetwork/6.8.3/QtNetwork/private/http2frames_p.h
-- Installing: install/qt/include/QtNetwork/6.8.3/QtNetwork/private/http2protocol_p.h
-- Installing: install/qt/include/QtNetwork/6.8.3/QtNetwork/private/http2streams_p.h
-- Installing: install/qt/include/QtNetwork/6.8.3/QtNetwork/private/huffman_p.h
-- Installing: install/qt/include/QtNetwork/6.8.3/QtNetwork/private/qabstractprotocolhandler_p.h
-- Installing: install/qt/include/QtNetwork/6.8.3/QtNetwork/private/qdecompresshelper_p.h
-- Installing: install/qt/include/QtNetwork/6.8.3/QtNetwork/private/qhttp2connection_p.h
-- Installing: install/qt/include/QtNetwork/6.8.3/QtNetwork/private/qhttp2protocolhandler_p.h
-- Installing: install/qt/include/QtNetwork/6.8.3/QtNetwork/private/qhttpmultipart_p.h
-- Installing: install/qt/include/QtNetwork/6.8.3/QtNetwork/private/qhttpnetworkconnection_p.h
-- Installing: install/qt/include/QtNetwork/6.8.3/QtNetwork/private/qhttpnetworkconnectionchannel_p.h
-- Installing: install/qt/include/QtNetwork/6.8.3/QtNetwork/private/qhttpnetworkheader_p.h
-- Installing: install/qt/include/QtNetwork/6.8.3/QtNetwork/private/qhttpnetworkreply_p.h
-- Installing: install/qt/include/QtNetwork/6.8.3/QtNetwork/private/qhttpnetworkrequest_p.h
-- Installing: install/qt/include/QtNetwork/6.8.3/QtNetwork/private/qhttpprotocolhandler_p.h
-- Installing: install/qt/include/QtNetwork/6.8.3/QtNetwork/private/qhttpthreaddelegate_p.h
-- Installing: install/qt/include/QtNetwork/6.8.3/QtNetwork/private/qnetworkreplyhttpimpl_p.h
-- Installing: install/qt/include/QtNetwork/6.8.3/QtNetwork/private/qnetworkrequestfactory_p.h
-- Installing: install/qt/include/QtNetwork/6.8.3/QtNetwork/private/qrestaccessmanager_p.h
-- Installing: install/qt/include/QtNetwork/6.8.3/QtNetwork/private/qrestreply_p.h
-- Installing: install/qt/include/QtNetwork/6.8.3/QtNetwork/private/qsocketabstraction_p.h
-- Installing: install/qt/include/QtNetwork/6.8.3/QtNetwork/private/qhttpsocketengine_p.h
-- Installing: install/qt/include/QtNetwork/6.8.3/QtNetwork/private/qtldurl_p.h
-- Installing: install/qt/include/QtNetwork/6.8.3/QtNetwork/private/qdnslookup_p.h
-- Installing: install/qt/include/QtNetwork/6.8.3/QtNetwork/private/qnet_unix_p.h
-- Installing: install/qt/include/QtNetwork/6.8.3/QtNetwork/private/qsocks5socketengine_p.h
-- Installing: install/qt/include/QtNetwork/6.8.3/QtNetwork/private/qlocalserver_p.h
-- Installing: install/qt/include/QtNetwork/6.8.3/QtNetwork/private/qlocalsocket_p.h
-- Installing: install/qt/mkspecs/modules/qt_lib_network.pri
-- Installing: install/qt/mkspecs/modules/qt_lib_network_private.pri
-- Installing: install/qt/metatypes/qt6xml_relwithdebinfo_metatypes.json
-- Installing: install/qt/lib/cmake/Qt6Xml/Qt6XmlConfig.cmake
-- Installing: install/qt/lib/cmake/Qt6Xml/Qt6XmlConfigVersion.cmake
-- Installing: install/qt/lib/cmake/Qt6Xml/Qt6XmlConfigVersionImpl.cmake
-- Installing: install/qt/lib/libQt6Xml.lib.so
-- Installing: install/qt/lib/cmake/Qt6Xml/Qt6XmlTargets.cmake
-- Installing: install/qt/lib/cmake/Qt6Xml/Qt6XmlTargets-relwithdebinfo.cmake
-- Installing: install/qt/lib/cmake/Qt6Xml/Qt6XmlVersionlessAliasTargets.cmake
-- Installing: install/qt/lib/cmake/Qt6Xml/Qt6XmlVersionlessTargets.cmake
-- Installing: install/qt/modules/Xml.json
-- Installing: install/qt/lib/cmake/Qt6Xml/Qt6XmlAdditionalTargetInfo.cmake
-- Installing: install/qt/include/QtXml
-- Installing: install/qt/include/QtXml/QDomAttr
-- Installing: install/qt/include/QtXml/QDomCDATASection
-- Installing: install/qt/include/QtXml/QDomCharacterData
-- Installing: install/qt/include/QtXml/QDomComment
-- Installing: install/qt/include/QtXml/QDomDocument
-- Installing: install/qt/include/QtXml/QDomDocumentFragment
-- Installing: install/qt/include/QtXml/QDomDocumentType
-- Installing: install/qt/include/QtXml/QDomElement
-- Installing: install/qt/include/QtXml/QDomEntity
-- Installing: install/qt/include/QtXml/QDomEntityReference
-- Installing: install/qt/include/QtXml/QDomImplementation
-- Installing: install/qt/include/QtXml/QDomNamedNodeMap
-- Installing: install/qt/include/QtXml/QDomNode
-- Installing: install/qt/include/QtXml/QDomNodeList
-- Installing: install/qt/include/QtXml/QDomNotation
-- Installing: install/qt/include/QtXml/QDomProcessingInstruction
-- Installing: install/qt/include/QtXml/QDomText
-- Installing: install/qt/include/QtXml/QtXml
-- Installing: install/qt/include/QtXml/QtXmlVersion
-- Installing: install/qt/include/QtXml/qtxmlversion.h
-- Installing: install/qt/include/QtXml/qtxmlexports.h
-- Installing: install/qt/include/QtXml/qtxmlglobal.h
-- Installing: install/qt/include/QtXml/qtxml-config.h
-- Installing: install/qt/include/QtXml/qdom.h
-- Installing: install/qt/include/QtXml/QtXmlDepends
-- Installing: install/qt/include/QtXml/6.8.3/QtXml/private/qtxml-config_p.h
-- Installing: install/qt/include/QtXml/6.8.3/QtXml/private/qdom_p.h
-- Installing: install/qt/include/QtXml/6.8.3/QtXml/private/qdomhelpers_p.h
-- Installing: install/qt/mkspecs/modules/qt_lib_xml.pri
-- Installing: install/qt/mkspecs/modules/qt_lib_xml_private.pri
-- Installing: install/qt/metatypes/qt6gui_relwithdebinfo_metatypes.json
-- Installing: install/qt/lib/cmake/Qt6Gui/Qt6GuiConfig.cmake
-- Installing: install/qt/lib/cmake/Qt6Gui/Qt6GuiConfigVersion.cmake
-- Installing: install/qt/lib/cmake/Qt6Gui/Qt6GuiConfigVersionImpl.cmake
-- Installing: install/qt/lib/libQt6Gui.lib.so
-- Installing: install/qt/lib/cmake/Qt6Gui/Qt6GuiTargets.cmake
-- Installing: install/qt/lib/cmake/Qt6Gui/Qt6GuiTargets-relwithdebinfo.cmake
-- Installing: install/qt/lib/cmake/Qt6Gui/Qt6GuiVersionlessAliasTargets.cmake
-- Installing: install/qt/lib/cmake/Qt6Gui/Qt6GuiVersionlessTargets.cmake
-- Installing: install/qt/modules/Gui.json
-- Installing: install/qt/lib/cmake/Qt6Gui/Qt6GuiAdditionalTargetInfo.cmake
-- Installing: install/qt/include/QtGui
-- Installing: install/qt/include/QtGui/QAbstractFileIconProvider
-- Installing: install/qt/include/QtGui/QAbstractTextDocumentLayout
-- Installing: install/qt/include/QtGui/QAbstractUndoItem
-- Installing: install/qt/include/QtGui/QAccessible
-- Installing: install/qt/include/QtGui/QAccessibleActionInterface
-- Installing: install/qt/include/QtGui/QAccessibleAnnouncementEvent
-- Installing: install/qt/include/QtGui/QAccessibleApplication
-- Installing: install/qt/include/QtGui/QAccessibleAttributesInterface
-- Installing: install/qt/include/QtGui/QAccessibleBridge
-- Installing: install/qt/include/QtGui/QAccessibleBridgePlugin
-- Installing: install/qt/include/QtGui/QAccessibleEditableTextInterface
-- Installing: install/qt/include/QtGui/QAccessibleEvent
-- Installing: install/qt/include/QtGui/QAccessibleHyperlinkInterface
-- Installing: install/qt/include/QtGui/QAccessibleImageInterface
-- Installing: install/qt/include/QtGui/QAccessibleInterface
-- Installing: install/qt/include/QtGui/QAccessibleObject
-- Installing: install/qt/include/QtGui/QAccessiblePlugin
-- Installing: install/qt/include/QtGui/QAccessibleSelectionInterface
-- Installing: install/qt/include/QtGui/QAccessibleStateChangeEvent
-- Installing: install/qt/include/QtGui/QAccessibleTableCellInterface
-- Installing: install/qt/include/QtGui/QAccessibleTableInterface
-- Installing: install/qt/include/QtGui/QAccessibleTableModelChangeEvent
-- Installing: install/qt/include/QtGui/QAccessibleTextCursorEvent
-- Installing: install/qt/include/QtGui/QAccessibleTextInsertEvent
-- Installing: install/qt/include/QtGui/QAccessibleTextInterface
-- Installing: install/qt/include/QtGui/QAccessibleTextRemoveEvent
-- Installing: install/qt/include/QtGui/QAccessibleTextSelectionEvent
-- Installing: install/qt/include/QtGui/QAccessibleTextUpdateEvent
-- Installing: install/qt/include/QtGui/QAccessibleValueChangeEvent
-- Installing: install/qt/include/QtGui/QAccessibleValueInterface
-- Installing: install/qt/include/QtGui/QAction
-- Installing: install/qt/include/QtGui/QActionEvent
-- Installing: install/qt/include/QtGui/QActionGroup
-- Installing: install/qt/include/QtGui/QApplicationStateChangeEvent
-- Installing: install/qt/include/QtGui/QBackingStore
-- Installing: install/qt/include/QtGui/QBitmap
-- Installing: install/qt/include/QtGui/QBrush
-- Installing: install/qt/include/QtGui/QBrushData
-- Installing: install/qt/include/QtGui/QBrushDataPointerDeleter
-- Installing: install/qt/include/QtGui/QChildWindowEvent
-- Installing: install/qt/include/QtGui/QClipboard
-- Installing: install/qt/include/QtGui/QCloseEvent
-- Installing: install/qt/include/QtGui/QColor
-- Installing: install/qt/include/QtGui/QColorSpace
-- Installing: install/qt/include/QtGui/QColorTransform
-- Installing: install/qt/include/QtGui/QConicalGradient
-- Installing: install/qt/include/QtGui/QContextMenuEvent
-- Installing: install/qt/include/QtGui/QCursor
-- Installing: install/qt/include/QtGui/QDesktopServices
-- Installing: install/qt/include/QtGui/QDoubleValidator
-- Installing: install/qt/include/QtGui/QDrag
-- Installing: install/qt/include/QtGui/QDragEnterEvent
-- Installing: install/qt/include/QtGui/QDragLeaveEvent
-- Installing: install/qt/include/QtGui/QDragMoveEvent
-- Installing: install/qt/include/QtGui/QDropEvent
-- Installing: install/qt/include/QtGui/QEnterEvent
-- Installing: install/qt/include/QtGui/QEventPoint
-- Installing: install/qt/include/QtGui/QExposeEvent
-- Installing: install/qt/include/QtGui/QFileOpenEvent
-- Installing: install/qt/include/QtGui/QFileSystemModel
-- Installing: install/qt/include/QtGui/QFocusEvent
-- Installing: install/qt/include/QtGui/QFont
-- Installing: install/qt/include/QtGui/QFontDatabase
-- Installing: install/qt/include/QtGui/QFontInfo
-- Installing: install/qt/include/QtGui/QFontMetrics
-- Installing: install/qt/include/QtGui/QFontMetricsF
-- Installing: install/qt/include/QtGui/QGenericMatrix
-- Installing: install/qt/include/QtGui/QGenericPlugin
-- Installing: install/qt/include/QtGui/QGenericPluginFactory
-- Installing: install/qt/include/QtGui/QGlyphRun
-- Installing: install/qt/include/QtGui/QGradient
-- Installing: install/qt/include/QtGui/QGradientStop
-- Installing: install/qt/include/QtGui/QGradientStops
-- Installing: install/qt/include/QtGui/QGuiApplication
-- Installing: install/qt/include/QtGui/QHelpEvent
-- Installing: install/qt/include/QtGui/QHideEvent
-- Installing: install/qt/include/QtGui/QHoverEvent
-- Installing: install/qt/include/QtGui/QIcon
-- Installing: install/qt/include/QtGui/QIconDragEvent
-- Installing: install/qt/include/QtGui/QIconEngine
-- Installing: install/qt/include/QtGui/QIconEnginePlugin
-- Installing: install/qt/include/QtGui/QImage
-- Installing: install/qt/include/QtGui/QImageCleanupFunction
-- Installing: install/qt/include/QtGui/QImageIOHandler
-- Installing: install/qt/include/QtGui/QImageIOPlugin
-- Installing: install/qt/include/QtGui/QImageReader
-- Installing: install/qt/include/QtGui/QImageWriter
-- Installing: install/qt/include/QtGui/QInputDevice
-- Installing: install/qt/include/QtGui/QInputEvent
-- Installing: install/qt/include/QtGui/QInputMethod
-- Installing: install/qt/include/QtGui/QInputMethodEvent
-- Installing: install/qt/include/QtGui/QInputMethodQueryEvent
-- Installing: install/qt/include/QtGui/QIntValidator
-- Installing: install/qt/include/QtGui/QKeyEvent
-- Installing: install/qt/include/QtGui/QKeySequence
-- Installing: install/qt/include/QtGui/QLinearGradient
-- Installing: install/qt/include/QtGui/QMatrix2x2
-- Installing: install/qt/include/QtGui/QMatrix2x3
-- Installing: install/qt/include/QtGui/QMatrix2x4
-- Installing: install/qt/include/QtGui/QMatrix3x2
-- Installing: install/qt/include/QtGui/QMatrix3x3
-- Installing: install/qt/include/QtGui/QMatrix3x4
-- Installing: install/qt/include/QtGui/QMatrix4x2
-- Installing: install/qt/include/QtGui/QMatrix4x3
-- Installing: install/qt/include/QtGui/QMatrix4x4
-- Installing: install/qt/include/QtGui/QMouseEvent
-- Installing: install/qt/include/QtGui/QMoveEvent
-- Installing: install/qt/include/QtGui/QMovie
-- Installing: install/qt/include/QtGui/QNativeGestureEvent
-- Installing: install/qt/include/QtGui/QOffscreenSurface
-- Installing: install/qt/include/QtGui/QOpenGLContext
-- Installing: install/qt/include/QtGui/QOpenGLContextGroup
-- Installing: install/qt/include/QtGui/QOpenGLExtraFunctions
-- Installing: install/qt/include/QtGui/QOpenGLExtraFunctionsPrivate
-- Installing: install/qt/include/QtGui/QOpenGLFunctions
-- Installing: install/qt/include/QtGui/QOpenGLFunctionsPrivate
-- Installing: install/qt/include/QtGui/QPageLayout
-- Installing: install/qt/include/QtGui/QPageRanges
-- Installing: install/qt/include/QtGui/QPageSize
-- Installing: install/qt/include/QtGui/QPagedPaintDevice
-- Installing: install/qt/include/QtGui/QPaintDevice
-- Installing: install/qt/include/QtGui/QPaintDeviceWindow
-- Installing: install/qt/include/QtGui/QPaintEngine
-- Installing: install/qt/include/QtGui/QPaintEngineState
-- Installing: install/qt/include/QtGui/QPaintEvent
-- Installing: install/qt/include/QtGui/QPainter
-- Installing: install/qt/include/QtGui/QPainterPath
-- Installing: install/qt/include/QtGui/QPainterPathStroker
-- Installing: install/qt/include/QtGui/QPalette
-- Installing: install/qt/include/QtGui/QPdfOutputIntent
-- Installing: install/qt/include/QtGui/QPdfWriter
-- Installing: install/qt/include/QtGui/QPen
-- Installing: install/qt/include/QtGui/QPicture
-- Installing: install/qt/include/QtGui/QPixelFormat
-- Installing: install/qt/include/QtGui/QPixmap
-- Installing: install/qt/include/QtGui/QPixmapCache
-- Installing: install/qt/include/QtGui/QPlatformSurfaceEvent
-- Installing: install/qt/include/QtGui/QPointerEvent
-- Installing: install/qt/include/QtGui/QPointingDevice
-- Installing: install/qt/include/QtGui/QPointingDeviceUniqueId
-- Installing: install/qt/include/QtGui/QPolygon
-- Installing: install/qt/include/QtGui/QPolygonF
-- Installing: install/qt/include/QtGui/QQuaternion
-- Installing: install/qt/include/QtGui/QRadialGradient
-- Installing: install/qt/include/QtGui/QRasterWindow
-- Installing: install/qt/include/QtGui/QRawFont
-- Installing: install/qt/include/QtGui/QRegion
-- Installing: install/qt/include/QtGui/QRegularExpressionValidator
-- Installing: install/qt/include/QtGui/QResizeEvent
-- Installing: install/qt/include/QtGui/QRgb
-- Installing: install/qt/include/QtGui/QRgba64
-- Installing: install/qt/include/QtGui/QRgbaFloat
-- Installing: install/qt/include/QtGui/QRgbaFloat16
-- Installing: install/qt/include/QtGui/QRgbaFloat32
-- Installing: install/qt/include/QtGui/QScreen
-- Installing: install/qt/include/QtGui/QScreenOrientationChangeEvent
-- Installing: install/qt/include/QtGui/QScrollEvent
-- Installing: install/qt/include/QtGui/QScrollPrepareEvent
-- Installing: install/qt/include/QtGui/QSessionManager
-- Installing: install/qt/include/QtGui/QShortcut
-- Installing: install/qt/include/QtGui/QShortcutEvent
-- Installing: install/qt/include/QtGui/QShowEvent
-- Installing: install/qt/include/QtGui/QSinglePointEvent
-- Installing: install/qt/include/QtGui/QStandardItem
-- Installing: install/qt/include/QtGui/QStandardItemModel
-- Installing: install/qt/include/QtGui/QStaticText
-- Installing: install/qt/include/QtGui/QStatusTipEvent
-- Installing: install/qt/include/QtGui/QStyleHints
-- Installing: install/qt/include/QtGui/QSurface
-- Installing: install/qt/include/QtGui/QSurfaceFormat
-- Installing: install/qt/include/QtGui/QSyntaxHighlighter
-- Installing: install/qt/include/QtGui/QTabletEvent
-- Installing: install/qt/include/QtGui/QTextBlock
-- Installing: install/qt/include/QtGui/QTextBlockFormat
-- Installing: install/qt/include/QtGui/QTextBlockGroup
-- Installing: install/qt/include/QtGui/QTextBlockUserData
-- Installing: install/qt/include/QtGui/QTextCharFormat
-- Installing: install/qt/include/QtGui/QTextCursor
-- Installing: install/qt/include/QtGui/QTextDocument
-- Installing: install/qt/include/QtGui/QTextDocumentFragment
-- Installing: install/qt/include/QtGui/QTextDocumentWriter
-- Installing: install/qt/include/QtGui/QTextFormat
-- Installing: install/qt/include/QtGui/QTextFragment
-- Installing: install/qt/include/QtGui/QTextFrame
-- Installing: install/qt/include/QtGui/QTextFrameFormat
-- Installing: install/qt/include/QtGui/QTextFrameLayoutData
-- Installing: install/qt/include/QtGui/QTextImageFormat
-- Installing: install/qt/include/QtGui/QTextInlineObject
-- Installing: install/qt/include/QtGui/QTextItem
-- Installing: install/qt/include/QtGui/QTextLayout
-- Installing: install/qt/include/QtGui/QTextLength
-- Installing: install/qt/include/QtGui/QTextLine
-- Installing: install/qt/include/QtGui/QTextList
-- Installing: install/qt/include/QtGui/QTextListFormat
-- Installing: install/qt/include/QtGui/QTextObject
-- Installing: install/qt/include/QtGui/QTextObjectInterface
-- Installing: install/qt/include/QtGui/QTextOption
-- Installing: install/qt/include/QtGui/QTextTable
-- Installing: install/qt/include/QtGui/QTextTableCell
-- Installing: install/qt/include/QtGui/QTextTableCellFormat
-- Installing: install/qt/include/QtGui/QTextTableFormat
-- Installing: install/qt/include/QtGui/QToolBarChangeEvent
-- Installing: install/qt/include/QtGui/QTouchEvent
-- Installing: install/qt/include/QtGui/QTransform
-- Installing: install/qt/include/QtGui/QUndoCommand
-- Installing: install/qt/include/QtGui/QUndoGroup
-- Installing: install/qt/include/QtGui/QUndoStack
-- Installing: install/qt/include/QtGui/QValidator
-- Installing: install/qt/include/QtGui/QVector2D
-- Installing: install/qt/include/QtGui/QVector3D
-- Installing: install/qt/include/QtGui/QVector4D
-- Installing: install/qt/include/QtGui/QWhatsThisClickedEvent
-- Installing: install/qt/include/QtGui/QWheelEvent
-- Installing: install/qt/include/QtGui/QWidgetList
-- Installing: install/qt/include/QtGui/QWidgetMapper
-- Installing: install/qt/include/QtGui/QWidgetSet
-- Installing: install/qt/include/QtGui/QWindow
-- Installing: install/qt/include/QtGui/QWindowList
-- Installing: install/qt/include/QtGui/QWindowStateChangeEvent
-- Installing: install/qt/include/QtGui/QtEvents
-- Installing: install/qt/include/QtGui/QtGui
-- Installing: install/qt/include/QtGui/QtGuiVersion
-- Installing: install/qt/include/QtGui/qtguiversion.h
-- Installing: install/qt/include/QtGui/qtguiexports.h
-- Installing: install/qt/include/QtGui/qabstractfileiconprovider.h
-- Installing: install/qt/include/QtGui/qbitmap.h
-- Installing: install/qt/include/QtGui/qicon.h
-- Installing: install/qt/include/QtGui/qiconengine.h
-- Installing: install/qt/include/QtGui/qiconengineplugin.h
-- Installing: install/qt/include/QtGui/qimage.h
-- Installing: install/qt/include/QtGui/qimageiohandler.h
-- Installing: install/qt/include/QtGui/qimagereader.h
-- Installing: install/qt/include/QtGui/qimagewriter.h
-- Installing: install/qt/include/QtGui/qpicture.h
-- Installing: install/qt/include/QtGui/qpixmap.h
-- Installing: install/qt/include/QtGui/qpixmapcache.h
-- Installing: install/qt/include/QtGui/qclipboard.h
-- Installing: install/qt/include/QtGui/qcursor.h
-- Installing: install/qt/include/QtGui/qeventpoint.h
-- Installing: install/qt/include/QtGui/qevent.h
-- Installing: install/qt/include/QtGui/qgenericplugin.h
-- Installing: install/qt/include/QtGui/qgenericpluginfactory.h
-- Installing: install/qt/include/QtGui/qguiapplication.h
-- Installing: install/qt/include/QtGui/qguiapplication_platform.h
-- Installing: install/qt/include/QtGui/qinputdevice.h
-- Installing: install/qt/include/QtGui/qinputmethod.h
-- Installing: install/qt/include/QtGui/qoffscreensurface.h
-- Installing: install/qt/include/QtGui/qoffscreensurface_platform.h
-- Installing: install/qt/include/QtGui/qopenglcontext.h
-- Installing: install/qt/include/QtGui/qpaintdevicewindow.h
-- Installing: install/qt/include/QtGui/qpalette.h
-- Installing: install/qt/include/QtGui/qpixelformat.h
-- Installing: install/qt/include/QtGui/qpointingdevice.h
-- Installing: install/qt/include/QtGui/qrasterwindow.h
-- Installing: install/qt/include/QtGui/qscreen.h
-- Installing: install/qt/include/QtGui/qscreen_platform.h
-- Installing: install/qt/include/QtGui/qsessionmanager.h
-- Installing: install/qt/include/QtGui/qstylehints.h
-- Installing: install/qt/include/QtGui/qsurface.h
-- Installing: install/qt/include/QtGui/qsurfaceformat.h
-- Installing: install/qt/include/QtGui/qtestsupport_gui.h
-- Installing: install/qt/include/QtGui/qtguiglobal.h
-- Installing: install/qt/include/QtGui/qwindow.h
-- Installing: install/qt/include/QtGui/qwindowdefs.h
-- Installing: install/qt/include/QtGui/qgenericmatrix.h
-- Installing: install/qt/include/QtGui/qmatrix4x4.h
-- Installing: install/qt/include/QtGui/qquaternion.h
-- Installing: install/qt/include/QtGui/qvector2d.h
-- Installing: install/qt/include/QtGui/qvector3d.h
-- Installing: install/qt/include/QtGui/qvector4d.h
-- Installing: install/qt/include/QtGui/qvectornd.h
-- Installing: install/qt/include/QtGui/qopengl.h
-- Installing: install/qt/include/QtGui/qopenglext.h
-- Installing: install/qt/include/QtGui/qopenglfunctions.h
-- Installing: install/qt/include/QtGui/qopenglextrafunctions.h
-- Installing: install/qt/include/QtGui/qbackingstore.h
-- Installing: install/qt/include/QtGui/qbrush.h
-- Installing: install/qt/include/QtGui/qcolor.h
-- Installing: install/qt/include/QtGui/qcolorspace.h
-- Installing: install/qt/include/QtGui/qcolortransform.h
-- Installing: install/qt/include/QtGui/qpagedpaintdevice.h
-- Installing: install/qt/include/QtGui/qpagelayout.h
-- Installing: install/qt/include/QtGui/qpageranges.h
-- Installing: install/qt/include/QtGui/qpagesize.h
-- Installing: install/qt/include/QtGui/qpaintdevice.h
-- Installing: install/qt/include/QtGui/qpaintengine.h
-- Installing: install/qt/include/QtGui/qpainter.h
-- Installing: install/qt/include/QtGui/qpainterpath.h
-- Installing: install/qt/include/QtGui/qpdfoutputintent.h
-- Installing: install/qt/include/QtGui/qpdfwriter.h
-- Installing: install/qt/include/QtGui/qpen.h
-- Installing: install/qt/include/QtGui/qpolygon.h
-- Installing: install/qt/include/QtGui/qregion.h
-- Installing: install/qt/include/QtGui/qrgb.h
-- Installing: install/qt/include/QtGui/qrgba64.h
-- Installing: install/qt/include/QtGui/qrgbafloat.h
-- Installing: install/qt/include/QtGui/qtransform.h
-- Installing: install/qt/include/QtGui/qabstracttextdocumentlayout.h
-- Installing: install/qt/include/QtGui/qfont.h
-- Installing: install/qt/include/QtGui/qfontdatabase.h
-- Installing: install/qt/include/QtGui/qfontinfo.h
-- Installing: install/qt/include/QtGui/qfontmetrics.h
-- Installing: install/qt/include/QtGui/qglyphrun.h
-- Installing: install/qt/include/QtGui/qrawfont.h
-- Installing: install/qt/include/QtGui/qstatictext.h
-- Installing: install/qt/include/QtGui/qsyntaxhighlighter.h
-- Installing: install/qt/include/QtGui/qtextcursor.h
-- Installing: install/qt/include/QtGui/qtextdocument.h
-- Installing: install/qt/include/QtGui/qtextdocumentfragment.h
-- Installing: install/qt/include/QtGui/qtextdocumentwriter.h
-- Installing: install/qt/include/QtGui/qtextformat.h
-- Installing: install/qt/include/QtGui/qtextlayout.h
-- Installing: install/qt/include/QtGui/qtextlist.h
-- Installing: install/qt/include/QtGui/qtextobject.h
-- Installing: install/qt/include/QtGui/qtextoption.h
-- Installing: install/qt/include/QtGui/qtexttable.h
-- Installing: install/qt/include/QtGui/qdesktopservices.h
-- Installing: install/qt/include/QtGui/qvalidator.h
-- Installing: install/qt/include/QtGui/qtgui-config.h
-- Installing: install/qt/include/QtGui/qstandarditemmodel.h
-- Installing: install/qt/include/QtGui/qopenglcontext_platform.h
-- Installing: install/qt/include/QtGui/qaccessible.h
-- Installing: install/qt/include/QtGui/qaccessible_base.h
-- Installing: install/qt/include/QtGui/qaccessiblebridge.h
-- Installing: install/qt/include/QtGui/qaccessibleobject.h
-- Installing: install/qt/include/QtGui/qaccessibleplugin.h
-- Installing: install/qt/include/QtGui/qaction.h
-- Installing: install/qt/include/QtGui/qactiongroup.h
-- Installing: install/qt/include/QtGui/qdrag.h
-- Installing: install/qt/include/QtGui/qkeysequence.h
-- Installing: install/qt/include/QtGui/qshortcut.h
-- Installing: install/qt/include/QtGui/qmovie.h
-- Installing: install/qt/include/QtGui/qundostack.h
-- Installing: install/qt/include/QtGui/qundogroup.h
-- Up-to-date: install/qt/include/QtGui/qstandarditemmodel.h
-- Installing: install/qt/include/QtGui/qfilesystemmodel.h
-- Installing: install/qt/include/QtGui/QtGuiDepends
-- Installing: install/qt/include/QtGui/6.8.3/QtGui/private/qabstractfileiconengine_p.h
-- Installing: install/qt/include/QtGui/6.8.3/QtGui/private/qabstractfileiconprovider_p.h
-- Installing: install/qt/include/QtGui/6.8.3/QtGui/private/qbmphandler_p.h
-- Installing: install/qt/include/QtGui/6.8.3/QtGui/private/qicon_p.h
-- Installing: install/qt/include/QtGui/6.8.3/QtGui/private/qiconengine_p.h
-- Installing: install/qt/include/QtGui/6.8.3/QtGui/private/qiconloader_p.h
-- Installing: install/qt/include/QtGui/6.8.3/QtGui/private/qimage_p.h
-- Installing: install/qt/include/QtGui/6.8.3/QtGui/private/qimagepixmapcleanuphooks_p.h
-- Installing: install/qt/include/QtGui/6.8.3/QtGui/private/qimagereaderwriterhelpers_p.h
-- Installing: install/qt/include/QtGui/6.8.3/QtGui/private/qpaintengine_pic_p.h
-- Installing: install/qt/include/QtGui/6.8.3/QtGui/private/qpicture_p.h
-- Installing: install/qt/include/QtGui/6.8.3/QtGui/private/qpixmap_blitter_p.h
-- Installing: install/qt/include/QtGui/6.8.3/QtGui/private/qpixmap_raster_p.h
-- Installing: install/qt/include/QtGui/6.8.3/QtGui/private/qpixmapcache_p.h
-- Installing: install/qt/include/QtGui/6.8.3/QtGui/private/qppmhandler_p.h
-- Installing: install/qt/include/QtGui/6.8.3/QtGui/private/qxbmhandler_p.h
-- Installing: install/qt/include/QtGui/6.8.3/QtGui/private/qxpmhandler_p.h
-- Installing: install/qt/include/QtGui/6.8.3/QtGui/private/qcursor_p.h
-- Installing: install/qt/include/QtGui/6.8.3/QtGui/private/qeventpoint_p.h
-- Installing: install/qt/include/QtGui/6.8.3/QtGui/private/qevent_p.h
-- Installing: install/qt/include/QtGui/6.8.3/QtGui/private/qguiapplication_p.h
-- Installing: install/qt/include/QtGui/6.8.3/QtGui/private/qhighdpiscaling_p.h
-- Installing: install/qt/include/QtGui/6.8.3/QtGui/private/qinputdevice_p.h
-- Installing: install/qt/include/QtGui/6.8.3/QtGui/private/qinputdevicemanager_p.h
-- Installing: install/qt/include/QtGui/6.8.3/QtGui/private/qinputdevicemanager_p_p.h
-- Installing: install/qt/include/QtGui/6.8.3/QtGui/private/qinputmethod_p.h
-- Installing: install/qt/include/QtGui/6.8.3/QtGui/private/qinternalmimedata_p.h
-- Installing: install/qt/include/QtGui/6.8.3/QtGui/private/qkeymapper_p.h
-- Installing: install/qt/include/QtGui/6.8.3/QtGui/private/qoffscreensurface_p.h
-- Installing: install/qt/include/QtGui/6.8.3/QtGui/private/qpaintdevicewindow_p.h
-- Installing: install/qt/include/QtGui/6.8.3/QtGui/private/qpalette_p.h
-- Installing: install/qt/include/QtGui/6.8.3/QtGui/private/qpointingdevice_p.h
-- Installing: install/qt/include/QtGui/6.8.3/QtGui/private/qscreen_p.h
-- Installing: install/qt/include/QtGui/6.8.3/QtGui/private/qsessionmanager_p.h
-- Installing: install/qt/include/QtGui/6.8.3/QtGui/private/qstylehints_p.h
-- Installing: install/qt/include/QtGui/6.8.3/QtGui/private/qtguiglobal_p.h
-- Installing: install/qt/include/QtGui/6.8.3/QtGui/private/qwindow_p.h
-- Installing: install/qt/include/QtGui/6.8.3/QtGui/private/qbackingstoredefaultcompositor_p.h
-- Installing: install/qt/include/QtGui/6.8.3/QtGui/private/qbackingstorerhisupport_p.h
-- Installing: install/qt/include/QtGui/6.8.3/QtGui/private/qbezier_p.h
-- Installing: install/qt/include/QtGui/6.8.3/QtGui/private/qblendfunctions_p.h
-- Installing: install/qt/include/QtGui/6.8.3/QtGui/private/qblittable_p.h
-- Installing: install/qt/include/QtGui/6.8.3/QtGui/private/qcolor_p.h
-- Installing: install/qt/include/QtGui/6.8.3/QtGui/private/qcolorclut_p.h
-- Installing: install/qt/include/QtGui/6.8.3/QtGui/private/qcolormatrix_p.h
-- Installing: install/qt/include/QtGui/6.8.3/QtGui/private/qcolorspace_p.h
-- Installing: install/qt/include/QtGui/6.8.3/QtGui/private/qcolortransferfunction_p.h
-- Installing: install/qt/include/QtGui/6.8.3/QtGui/private/qcolortransfergeneric_p.h
-- Installing: install/qt/include/QtGui/6.8.3/QtGui/private/qcolortransfertable_p.h
-- Installing: install/qt/include/QtGui/6.8.3/QtGui/private/qcolortransform_p.h
-- Installing: install/qt/include/QtGui/6.8.3/QtGui/private/qcolortrc_p.h
-- Installing: install/qt/include/QtGui/6.8.3/QtGui/private/qcolortrclut_p.h
-- Installing: install/qt/include/QtGui/6.8.3/QtGui/private/qcosmeticstroker_p.h
-- Installing: install/qt/include/QtGui/6.8.3/QtGui/private/qcmyk_p.h
-- Installing: install/qt/include/QtGui/6.8.3/QtGui/private/qdatabuffer_p.h
-- Installing: install/qt/include/QtGui/6.8.3/QtGui/private/qdrawhelper_p.h
-- Installing: install/qt/include/QtGui/6.8.3/QtGui/private/qdrawhelper_x86_p.h
-- Installing: install/qt/include/QtGui/6.8.3/QtGui/private/qdrawingprimitive_sse2_p.h
-- Installing: install/qt/include/QtGui/6.8.3/QtGui/private/qemulationpaintengine_p.h
-- Installing: install/qt/include/QtGui/6.8.3/QtGui/private/qfixed_p.h
-- Installing: install/qt/include/QtGui/6.8.3/QtGui/private/qgrayraster_p.h
-- Installing: install/qt/include/QtGui/6.8.3/QtGui/private/qicc_p.h
-- Installing: install/qt/include/QtGui/6.8.3/QtGui/private/qimagescale_p.h
-- Installing: install/qt/include/QtGui/6.8.3/QtGui/private/qmath_p.h
-- Installing: install/qt/include/QtGui/6.8.3/QtGui/private/qmemrotate_p.h
-- Installing: install/qt/include/QtGui/6.8.3/QtGui/private/qoutlinemapper_p.h
-- Installing: install/qt/include/QtGui/6.8.3/QtGui/private/qpagedpaintdevice_p.h
-- Installing: install/qt/include/QtGui/6.8.3/QtGui/private/qpageranges_p.h
-- Installing: install/qt/include/QtGui/6.8.3/QtGui/private/qpaintengine_p.h
-- Installing: install/qt/include/QtGui/6.8.3/QtGui/private/qpaintengine_blitter_p.h
-- Installing: install/qt/include/QtGui/6.8.3/QtGui/private/qpaintengine_raster_p.h
-- Installing: install/qt/include/QtGui/6.8.3/QtGui/private/qpaintengineex_p.h
-- Installing: install/qt/include/QtGui/6.8.3/QtGui/private/qpainter_p.h
-- Installing: install/qt/include/QtGui/6.8.3/QtGui/private/qpainterpath_p.h
-- Installing: install/qt/include/QtGui/6.8.3/QtGui/private/qpathclipper_p.h
-- Installing: install/qt/include/QtGui/6.8.3/QtGui/private/qpathsimplifier_p.h
-- Installing: install/qt/include/QtGui/6.8.3/QtGui/private/qpdf_p.h
-- Installing: install/qt/include/QtGui/6.8.3/QtGui/private/qpen_p.h
-- Installing: install/qt/include/QtGui/6.8.3/QtGui/private/qpixellayout_p.h
-- Installing: install/qt/include/QtGui/6.8.3/QtGui/private/qrasterdefs_p.h
-- Installing: install/qt/include/QtGui/6.8.3/QtGui/private/qrasterizer_p.h
-- Installing: install/qt/include/QtGui/6.8.3/QtGui/private/qrbtree_p.h
-- Installing: install/qt/include/QtGui/6.8.3/QtGui/private/qrgba64_p.h
-- Installing: install/qt/include/QtGui/6.8.3/QtGui/private/qstroker_p.h
-- Installing: install/qt/include/QtGui/6.8.3/QtGui/private/qtextureglyphcache_p.h
-- Installing: install/qt/include/QtGui/6.8.3/QtGui/private/qtriangulatingstroker_p.h
-- Installing: install/qt/include/QtGui/6.8.3/QtGui/private/qtriangulator_p.h
-- Installing: install/qt/include/QtGui/6.8.3/QtGui/private/qvectorpath_p.h
-- Installing: install/qt/include/QtGui/6.8.3/QtGui/private/qrhi_p.h
-- Installing: install/qt/include/QtGui/6.8.3/QtGui/private/qrhinull_p.h
-- Installing: install/qt/include/QtGui/6.8.3/QtGui/private/qshader_p.h
-- Installing: install/qt/include/QtGui/6.8.3/QtGui/private/qshaderdescription_p.h
-- Installing: install/qt/include/QtGui/6.8.3/QtGui/private/qabstracttextdocumentlayout_p.h
-- Installing: install/qt/include/QtGui/6.8.3/QtGui/private/qdistancefield_p.h
-- Installing: install/qt/include/QtGui/6.8.3/QtGui/private/qfont_p.h
-- Installing: install/qt/include/QtGui/6.8.3/QtGui/private/qfontdatabase_p.h
-- Installing: install/qt/include/QtGui/6.8.3/QtGui/private/qfontengine_p.h
-- Installing: install/qt/include/QtGui/6.8.3/QtGui/private/qfontengineglyphcache_p.h
-- Installing: install/qt/include/QtGui/6.8.3/QtGui/private/qfontsubset_p.h
-- Installing: install/qt/include/QtGui/6.8.3/QtGui/private/qfragmentmap_p.h
-- Installing: install/qt/include/QtGui/6.8.3/QtGui/private/qglyphrun_p.h
-- Installing: install/qt/include/QtGui/6.8.3/QtGui/private/qinputcontrol_p.h
-- Installing: install/qt/include/QtGui/6.8.3/QtGui/private/qrawfont_p.h
-- Installing: install/qt/include/QtGui/6.8.3/QtGui/private/qstatictext_p.h
-- Installing: install/qt/include/QtGui/6.8.3/QtGui/private/qtextcursor_p.h
-- Installing: install/qt/include/QtGui/6.8.3/QtGui/private/qtextdocument_p.h
-- Installing: install/qt/include/QtGui/6.8.3/QtGui/private/qtextdocumentfragment_p.h
-- Installing: install/qt/include/QtGui/6.8.3/QtGui/private/qtextdocumentlayout_p.h
-- Installing: install/qt/include/QtGui/6.8.3/QtGui/private/qtextengine_p.h
-- Installing: install/qt/include/QtGui/6.8.3/QtGui/private/qtextformat_p.h
-- Installing: install/qt/include/QtGui/6.8.3/QtGui/private/qtexthtmlparser_p.h
-- Installing: install/qt/include/QtGui/6.8.3/QtGui/private/qtextimagehandler_p.h
-- Installing: install/qt/include/QtGui/6.8.3/QtGui/private/qtextobject_p.h
-- Installing: install/qt/include/QtGui/6.8.3/QtGui/private/qtexttable_p.h
-- Installing: install/qt/include/QtGui/6.8.3/QtGui/private/qabstractlayoutstyleinfo_p.h
-- Installing: install/qt/include/QtGui/6.8.3/QtGui/private/qastchandler_p.h
-- Installing: install/qt/include/QtGui/6.8.3/QtGui/private/qgridlayoutengine_p.h
-- Installing: install/qt/include/QtGui/6.8.3/QtGui/private/qhexstring_p.h
-- Installing: install/qt/include/QtGui/6.8.3/QtGui/private/qktxhandler_p.h
-- Installing: install/qt/include/QtGui/6.8.3/QtGui/private/qlayoutpolicy_p.h
-- Installing: install/qt/include/QtGui/6.8.3/QtGui/private/qpkmhandler_p.h
-- Installing: install/qt/include/QtGui/6.8.3/QtGui/private/qtexturefiledata_p.h
-- Installing: install/qt/include/QtGui/6.8.3/QtGui/private/qtexturefilehandler_p.h
-- Installing: install/qt/include/QtGui/6.8.3/QtGui/private/qtexturefilereader_p.h
-- Installing: install/qt/include/QtGui/6.8.3/QtGui/private/qtgui-config_p.h
-- Installing: install/qt/include/QtGui/6.8.3/QtGui/private/qstandarditemmodel_p.h
-- Installing: install/qt/include/QtGui/6.8.3/QtGui/private/qopenglcontext_p.h
-- Installing: install/qt/include/QtGui/6.8.3/QtGui/private/qopengl_p.h
-- Installing: install/qt/include/QtGui/6.8.3/QtGui/private/qopenglextensions_p.h
-- Installing: install/qt/include/QtGui/6.8.3/QtGui/private/qopenglprogrambinarycache_p.h
-- Installing: install/qt/include/QtGui/6.8.3/QtGui/private/qrhigles2_p.h
-- Installing: install/qt/include/QtGui/6.8.3/QtGui/private/qeglconvenience_p.h
-- Installing: install/qt/include/QtGui/6.8.3/QtGui/private/qeglstreamconvenience_p.h
-- Installing: install/qt/include/QtGui/6.8.3/QtGui/private/qt_egl_p.h
-- Installing: install/qt/include/QtGui/6.8.3/QtGui/private/qaccessiblebridgeutils_p.h
-- Installing: install/qt/include/QtGui/6.8.3/QtGui/private/qaccessiblecache_p.h
-- Installing: install/qt/include/QtGui/6.8.3/QtGui/private/qaction_p.h
-- Installing: install/qt/include/QtGui/6.8.3/QtGui/private/qactiongroup_p.h
-- Installing: install/qt/include/QtGui/6.8.3/QtGui/private/qdnd_p.h
-- Installing: install/qt/include/QtGui/6.8.3/QtGui/private/qshapedpixmapdndwindow_p.h
-- Installing: install/qt/include/QtGui/6.8.3/QtGui/private/qsimpledrag_p.h
-- Installing: install/qt/include/QtGui/6.8.3/QtGui/private/qkeysequence_p.h
-- Installing: install/qt/include/QtGui/6.8.3/QtGui/private/qshortcut_p.h
-- Installing: install/qt/include/QtGui/6.8.3/QtGui/private/qshortcutmap_p.h
-- Installing: install/qt/include/QtGui/6.8.3/QtGui/private/qpnghandler_p.h
-- Installing: install/qt/include/QtGui/6.8.3/QtGui/private/qharfbuzzng_p.h
-- Installing: install/qt/include/QtGui/6.8.3/QtGui/private/qtextodfwriter_p.h
-- Installing: install/qt/include/QtGui/6.8.3/QtGui/private/qcssutil_p.h
-- Installing: install/qt/include/QtGui/6.8.3/QtGui/private/qcssparser_p.h
-- Installing: install/qt/include/QtGui/6.8.3/QtGui/private/qfontengine_ft_p.h
-- Installing: install/qt/include/QtGui/6.8.3/QtGui/private/qfreetypefontdatabase_p.h
-- Installing: install/qt/include/QtGui/6.8.3/QtGui/private/qgenericunixfontdatabase_p.h
-- Installing: install/qt/include/QtGui/6.8.3/QtGui/private/qundostack_p.h
-- Installing: install/qt/include/QtGui/6.8.3/QtGui/private/qeglpbuffer_p.h
-- Installing: install/qt/include/QtGui/6.8.3/QtGui/private/qeglplatformcontext_p.h
-- Up-to-date: install/qt/include/QtGui/6.8.3/QtGui/private/qstandarditemmodel_p.h
-- Installing: install/qt/include/QtGui/6.8.3/QtGui/private/qfileinfogatherer_p.h
-- Installing: install/qt/include/QtGui/6.8.3/QtGui/private/qfilesystemmodel_p.h
-- Installing: install/qt/include/QtGui/6.8.3/QtGui/private/qgenericunixeventdispatcher_p.h
-- Installing: install/qt/include/QtGui/6.8.3/QtGui/private/qunixeventdispatcher_qpa_p.h
-- Installing: install/qt/include/QtGui/6.8.3/QtGui/private/qgenericunixservices_p.h
-- Installing: install/qt/include/QtGui/6.8.3/QtGui/private/qgenericunixthemes_p.h
-- Installing: install/qt/include/QtGui/6.8.3/QtGui/private/qdrawhelper_neon_p.h
-- Installing: install/qt/include/QtGui/6.8.3/QtGui/private/qedidparser_p.h
-- Installing: install/qt/include/QtGui/6.8.3/QtGui/private/qedidvendortable_p.h
-- Installing: install/qt/include/QtGui/6.8.3/QtGui/qpa/qplatformpixmap.h
-- Installing: install/qt/include/QtGui/6.8.3/QtGui/qpa/qplatformclipboard.h
-- Installing: install/qt/include/QtGui/6.8.3/QtGui/qpa/qplatformcursor.h
-- Installing: install/qt/include/QtGui/6.8.3/QtGui/qpa/qplatformdialoghelper.h
-- Installing: install/qt/include/QtGui/6.8.3/QtGui/qpa/qplatformgraphicsbuffer.h
-- Installing: install/qt/include/QtGui/6.8.3/QtGui/qpa/qplatformgraphicsbufferhelper.h
-- Installing: install/qt/include/QtGui/6.8.3/QtGui/qpa/qplatforminputcontext.h
-- Installing: install/qt/include/QtGui/6.8.3/QtGui/qpa/qplatforminputcontext_p.h
-- Installing: install/qt/include/QtGui/6.8.3/QtGui/qpa/qplatforminputcontextfactory_p.h
-- Installing: install/qt/include/QtGui/6.8.3/QtGui/qpa/qplatforminputcontextplugin_p.h
-- Installing: install/qt/include/QtGui/6.8.3/QtGui/qpa/qplatformintegration.h
-- Installing: install/qt/include/QtGui/6.8.3/QtGui/qpa/qplatformintegrationfactory_p.h
-- Installing: install/qt/include/QtGui/6.8.3/QtGui/qpa/qplatformintegrationplugin.h
-- Installing: install/qt/include/QtGui/6.8.3/QtGui/qpa/qplatformkeymapper.h
-- Installing: install/qt/include/QtGui/6.8.3/QtGui/qpa/qplatformmenu.h
-- Installing: install/qt/include/QtGui/6.8.3/QtGui/qpa/qplatformmenu_p.h
-- Installing: install/qt/include/QtGui/6.8.3/QtGui/qpa/qplatformnativeinterface.h
-- Installing: install/qt/include/QtGui/6.8.3/QtGui/qpa/qplatformoffscreensurface.h
-- Installing: install/qt/include/QtGui/6.8.3/QtGui/qpa/qplatformopenglcontext.h
-- Installing: install/qt/include/QtGui/6.8.3/QtGui/qpa/qplatformscreen.h
-- Installing: install/qt/include/QtGui/6.8.3/QtGui/qpa/qplatformscreen_p.h
-- Installing: install/qt/include/QtGui/6.8.3/QtGui/qpa/qplatformservices.h
-- Installing: install/qt/include/QtGui/6.8.3/QtGui/qpa/qplatformsessionmanager.h
-- Installing: install/qt/include/QtGui/6.8.3/QtGui/qpa/qplatformsharedgraphicscache.h
-- Installing: install/qt/include/QtGui/6.8.3/QtGui/qpa/qplatformsurface.h
-- Installing: install/qt/include/QtGui/6.8.3/QtGui/qpa/qplatformsystemtrayicon.h
-- Installing: install/qt/include/QtGui/6.8.3/QtGui/qpa/qplatformtheme.h
-- Installing: install/qt/include/QtGui/6.8.3/QtGui/qpa/qplatformtheme_p.h
-- Installing: install/qt/include/QtGui/6.8.3/QtGui/qpa/qplatformthemefactory_p.h
-- Installing: install/qt/include/QtGui/6.8.3/QtGui/qpa/qplatformthemeplugin.h
-- Installing: install/qt/include/QtGui/6.8.3/QtGui/qpa/qplatformwindow.h
-- Installing: install/qt/include/QtGui/6.8.3/QtGui/qpa/qplatformwindow_p.h
-- Installing: install/qt/include/QtGui/6.8.3/QtGui/qpa/qwindowsysteminterface.h
-- Installing: install/qt/include/QtGui/6.8.3/QtGui/qpa/qwindowsysteminterface_p.h
-- Installing: install/qt/include/QtGui/6.8.3/QtGui/qpa/qplatformbackingstore.h
-- Installing: install/qt/include/QtGui/6.8.3/QtGui/qpa/qplatformfontdatabase.h
-- Installing: install/qt/include/QtGui/6.8.3/QtGui/qpa/qplatformaccessibility.h
-- Installing: install/qt/include/QtGui/6.8.3/QtGui/qpa/qplatformdrag.h
-- Installing: install/qt/include/QtGui/6.8.3/QtGui/rhi/qrhi.h
-- Installing: install/qt/include/QtGui/6.8.3/QtGui/rhi/qrhi_platform.h
-- Installing: install/qt/include/QtGui/6.8.3/QtGui/rhi/qshader.h
-- Installing: install/qt/include/QtGui/6.8.3/QtGui/rhi/qshaderdescription.h
-- Installing: install/qt/mkspecs/modules/qt_lib_gui.pri
-- Installing: install/qt/mkspecs/modules/qt_lib_gui_private.pri
-- Installing: install/qt/metatypes/qt6exampleiconsprivate_relwithdebinfo_metatypes.json
-- Installing: install/qt/lib/cmake/Qt6ExampleIconsPrivate/Qt6ExampleIconsPrivateConfig.cmake
-- Installing: install/qt/lib/cmake/Qt6ExampleIconsPrivate/Qt6ExampleIconsPrivateConfigVersion.cmake
-- Installing: install/qt/lib/cmake/Qt6ExampleIconsPrivate/Qt6ExampleIconsPrivateConfigVersionImpl.cmake
-- Installing: install/qt/lib/libQt6ExampleIcons.a
-- Installing: install/qt/lib/cmake/Qt6ExampleIconsPrivate/Qt6ExampleIconsPrivateTargets.cmake
-- Installing: install/qt/lib/cmake/Qt6ExampleIconsPrivate/Qt6ExampleIconsPrivateTargets-relwithdebinfo.cmake
-- Installing: install/qt/lib/cmake/Qt6ExampleIconsPrivate/Qt6ExampleIconsPrivateVersionlessAliasTargets.cmake
-- Installing: install/qt/lib/cmake/Qt6ExampleIconsPrivate/Qt6ExampleIconsPrivateVersionlessTargets.cmake
-- Installing: install/qt/modules/ExampleIconsPrivate.json
-- Installing: install/qt/lib/objects-RelWithDebInfo/ExampleIconsPrivate_resources_1/.qt/rcc/qrc_example_icons_init.cpp.o
-- Installing: install/qt/lib/cmake/Qt6ExampleIconsPrivate/Qt6ExampleIconsPrivateAdditionalTargetInfo.cmake
-- Installing: install/qt/include/QtExampleIcons/QtExampleIconsDepends
-- Installing: install/qt/mkspecs/modules/qt_lib_example_icons_private.pri
-- Installing: install/qt/metatypes/qt6opengl_relwithdebinfo_metatypes.json
-- Installing: install/qt/lib/cmake/Qt6OpenGL/Qt6OpenGLConfig.cmake
-- Installing: install/qt/lib/cmake/Qt6OpenGL/Qt6OpenGLConfigVersion.cmake
-- Installing: install/qt/lib/cmake/Qt6OpenGL/Qt6OpenGLConfigVersionImpl.cmake
-- Installing: install/qt/lib/libQt6OpenGL.lib.so
-- Installing: install/qt/lib/cmake/Qt6OpenGL/Qt6OpenGLTargets.cmake
-- Installing: install/qt/lib/cmake/Qt6OpenGL/Qt6OpenGLTargets-relwithdebinfo.cmake
-- Installing: install/qt/lib/cmake/Qt6OpenGL/Qt6OpenGLVersionlessAliasTargets.cmake
-- Installing: install/qt/lib/cmake/Qt6OpenGL/Qt6OpenGLVersionlessTargets.cmake
-- Installing: install/qt/modules/OpenGL.json
-- Installing: install/qt/lib/cmake/Qt6OpenGL/Qt6OpenGLAdditionalTargetInfo.cmake
-- Installing: install/qt/include/QtOpenGL
-- Installing: install/qt/include/QtOpenGL/QOpenGLBuffer
-- Installing: install/qt/include/QtOpenGL/QOpenGLDebugLogger
-- Installing: install/qt/include/QtOpenGL/QOpenGLDebugMessage
-- Installing: install/qt/include/QtOpenGL/QOpenGLFramebufferObject
-- Installing: install/qt/include/QtOpenGL/QOpenGLFramebufferObjectFormat
-- Installing: install/qt/include/QtOpenGL/QOpenGLFunctions_1_0
-- Installing: install/qt/include/QtOpenGL/QOpenGLFunctions_1_1
-- Installing: install/qt/include/QtOpenGL/QOpenGLFunctions_1_2
-- Installing: install/qt/include/QtOpenGL/QOpenGLFunctions_1_3
-- Installing: install/qt/include/QtOpenGL/QOpenGLFunctions_1_4
-- Installing: install/qt/include/QtOpenGL/QOpenGLFunctions_1_5
-- Installing: install/qt/include/QtOpenGL/QOpenGLFunctions_2_0
-- Installing: install/qt/include/QtOpenGL/QOpenGLFunctions_2_1
-- Installing: install/qt/include/QtOpenGL/QOpenGLFunctions_3_0
-- Installing: install/qt/include/QtOpenGL/QOpenGLFunctions_3_1
-- Installing: install/qt/include/QtOpenGL/QOpenGLFunctions_3_2_Compatibility
-- Installing: install/qt/include/QtOpenGL/QOpenGLFunctions_3_2_Core
-- Installing: install/qt/include/QtOpenGL/QOpenGLFunctions_3_3_Compatibility
-- Installing: install/qt/include/QtOpenGL/QOpenGLFunctions_3_3_Core
-- Installing: install/qt/include/QtOpenGL/QOpenGLFunctions_4_0_Compatibility
-- Installing: install/qt/include/QtOpenGL/QOpenGLFunctions_4_0_Core
-- Installing: install/qt/include/QtOpenGL/QOpenGLFunctions_4_1_Compatibility
-- Installing: install/qt/include/QtOpenGL/QOpenGLFunctions_4_1_Core
-- Installing: install/qt/include/QtOpenGL/QOpenGLFunctions_4_2_Compatibility
-- Installing: install/qt/include/QtOpenGL/QOpenGLFunctions_4_2_Core
-- Installing: install/qt/include/QtOpenGL/QOpenGLFunctions_4_3_Compatibility
-- Installing: install/qt/include/QtOpenGL/QOpenGLFunctions_4_3_Core
-- Installing: install/qt/include/QtOpenGL/QOpenGLFunctions_4_4_Compatibility
-- Installing: install/qt/include/QtOpenGL/QOpenGLFunctions_4_4_Core
-- Installing: install/qt/include/QtOpenGL/QOpenGLFunctions_4_5_Compatibility
-- Installing: install/qt/include/QtOpenGL/QOpenGLFunctions_4_5_Core
-- Installing: install/qt/include/QtOpenGL/QOpenGLPaintDevice
-- Installing: install/qt/include/QtOpenGL/QOpenGLPixelTransferOptions
-- Installing: install/qt/include/QtOpenGL/QOpenGLShader
-- Installing: install/qt/include/QtOpenGL/QOpenGLShaderProgram
-- Installing: install/qt/include/QtOpenGL/QOpenGLTexture
-- Installing: install/qt/include/QtOpenGL/QOpenGLTextureBlitter
-- Installing: install/qt/include/QtOpenGL/QOpenGLTimeMonitor
-- Installing: install/qt/include/QtOpenGL/QOpenGLTimerQuery
-- Installing: install/qt/include/QtOpenGL/QOpenGLVersionFunctions
-- Installing: install/qt/include/QtOpenGL/QOpenGLVersionFunctionsFactory
-- Installing: install/qt/include/QtOpenGL/QOpenGLVersionProfile
-- Installing: install/qt/include/QtOpenGL/QOpenGLVertexArrayObject
-- Installing: install/qt/include/QtOpenGL/QOpenGLWindow
-- Installing: install/qt/include/QtOpenGL/QtOpenGL
-- Installing: install/qt/include/QtOpenGL/QtOpenGLVersion
-- Installing: install/qt/include/QtOpenGL/qtopenglversion.h
-- Installing: install/qt/include/QtOpenGL/qtopenglexports.h
-- Installing: install/qt/include/QtOpenGL/qopenglbuffer.h
-- Installing: install/qt/include/QtOpenGL/qopengldebug.h
-- Installing: install/qt/include/QtOpenGL/qopenglframebufferobject.h
-- Installing: install/qt/include/QtOpenGL/qopenglpaintdevice.h
-- Installing: install/qt/include/QtOpenGL/qopenglpixeltransferoptions.h
-- Installing: install/qt/include/QtOpenGL/qopenglshaderprogram.h
-- Installing: install/qt/include/QtOpenGL/qopengltexture.h
-- Installing: install/qt/include/QtOpenGL/qopengltextureblitter.h
-- Installing: install/qt/include/QtOpenGL/qopengltimerquery.h
-- Installing: install/qt/include/QtOpenGL/qopenglversionfunctions.h
-- Installing: install/qt/include/QtOpenGL/qopenglversionfunctionsfactory.h
-- Installing: install/qt/include/QtOpenGL/qopenglversionprofile.h
-- Installing: install/qt/include/QtOpenGL/qopenglvertexarrayobject.h
-- Installing: install/qt/include/QtOpenGL/qopenglwindow.h
-- Installing: install/qt/include/QtOpenGL/qtopenglglobal.h
-- Installing: install/qt/include/QtOpenGL/qopenglfunctions_1_0.h
-- Installing: install/qt/include/QtOpenGL/qopenglfunctions_1_1.h
-- Installing: install/qt/include/QtOpenGL/qopenglfunctions_1_2.h
-- Installing: install/qt/include/QtOpenGL/qopenglfunctions_1_3.h
-- Installing: install/qt/include/QtOpenGL/qopenglfunctions_1_4.h
-- Installing: install/qt/include/QtOpenGL/qopenglfunctions_1_5.h
-- Installing: install/qt/include/QtOpenGL/qopenglfunctions_2_0.h
-- Installing: install/qt/include/QtOpenGL/qopenglfunctions_2_1.h
-- Installing: install/qt/include/QtOpenGL/qopenglfunctions_3_0.h
-- Installing: install/qt/include/QtOpenGL/qopenglfunctions_3_1.h
-- Installing: install/qt/include/QtOpenGL/qopenglfunctions_3_2_compatibility.h
-- Installing: install/qt/include/QtOpenGL/qopenglfunctions_3_2_core.h
-- Installing: install/qt/include/QtOpenGL/qopenglfunctions_3_3_compatibility.h
-- Installing: install/qt/include/QtOpenGL/qopenglfunctions_3_3_core.h
-- Installing: install/qt/include/QtOpenGL/qopenglfunctions_4_0_compatibility.h
-- Installing: install/qt/include/QtOpenGL/qopenglfunctions_4_0_core.h
-- Installing: install/qt/include/QtOpenGL/qopenglfunctions_4_1_compatibility.h
-- Installing: install/qt/include/QtOpenGL/qopenglfunctions_4_1_core.h
-- Installing: install/qt/include/QtOpenGL/qopenglfunctions_4_2_compatibility.h
-- Installing: install/qt/include/QtOpenGL/qopenglfunctions_4_2_core.h
-- Installing: install/qt/include/QtOpenGL/qopenglfunctions_4_3_compatibility.h
-- Installing: install/qt/include/QtOpenGL/qopenglfunctions_4_3_core.h
-- Installing: install/qt/include/QtOpenGL/qopenglfunctions_4_4_compatibility.h
-- Installing: install/qt/include/QtOpenGL/qopenglfunctions_4_4_core.h
-- Installing: install/qt/include/QtOpenGL/qopenglfunctions_4_5_compatibility.h
-- Installing: install/qt/include/QtOpenGL/qopenglfunctions_4_5_core.h
-- Installing: install/qt/include/QtOpenGL/QtOpenGLDepends
-- Installing: install/qt/include/QtOpenGL/6.8.3/QtOpenGL/private/qopengl2pexvertexarray_p.h
-- Installing: install/qt/include/QtOpenGL/6.8.3/QtOpenGL/private/qopenglcustomshaderstage_p.h
-- Installing: install/qt/include/QtOpenGL/6.8.3/QtOpenGL/private/qopenglengineshadermanager_p.h
-- Installing: install/qt/include/QtOpenGL/6.8.3/QtOpenGL/private/qopenglengineshadersource_p.h
-- Installing: install/qt/include/QtOpenGL/6.8.3/QtOpenGL/private/qopenglframebufferobject_p.h
-- Installing: install/qt/include/QtOpenGL/6.8.3/QtOpenGL/private/qopenglgradientcache_p.h
-- Installing: install/qt/include/QtOpenGL/6.8.3/QtOpenGL/private/qopenglpaintdevice_p.h
-- Installing: install/qt/include/QtOpenGL/6.8.3/QtOpenGL/private/qopenglpaintengine_p.h
-- Installing: install/qt/include/QtOpenGL/6.8.3/QtOpenGL/private/qopenglshadercache_p.h
-- Installing: install/qt/include/QtOpenGL/6.8.3/QtOpenGL/private/qopengltexture_p.h
-- Installing: install/qt/include/QtOpenGL/6.8.3/QtOpenGL/private/qopengltexturecache_p.h
-- Installing: install/qt/include/QtOpenGL/6.8.3/QtOpenGL/private/qopengltextureglyphcache_p.h
-- Installing: install/qt/include/QtOpenGL/6.8.3/QtOpenGL/private/qopengltexturehelper_p.h
-- Installing: install/qt/include/QtOpenGL/6.8.3/QtOpenGL/private/qopengltextureuploader_p.h
-- Installing: install/qt/include/QtOpenGL/6.8.3/QtOpenGL/private/qopenglversionfunctions_p.h
-- Installing: install/qt/include/QtOpenGL/6.8.3/QtOpenGL/private/qopenglvertexarrayobject_p.h
-- Installing: install/qt/include/QtOpenGL/6.8.3/QtOpenGL/private/qopenglqueryhelper_p.h
-- Installing: install/qt/include/QtOpenGL/6.8.3/QtOpenGL/private/qopenglcompositor_p.h
-- Installing: install/qt/include/QtOpenGL/6.8.3/QtOpenGL/private/qopenglcompositorbackingstore_p.h
-- Installing: install/qt/mkspecs/modules/qt_lib_opengl.pri
-- Installing: install/qt/mkspecs/modules/qt_lib_opengl_private.pri
-- Installing: install/qt/metatypes/qt6widgets_relwithdebinfo_metatypes.json
-- Installing: install/qt/lib/cmake/Qt6Widgets/Qt6WidgetsConfig.cmake
-- Installing: install/qt/lib/cmake/Qt6Widgets/Qt6WidgetsConfigVersion.cmake
-- Installing: install/qt/lib/cmake/Qt6Widgets/Qt6WidgetsConfigVersionImpl.cmake
-- Installing: install/qt/lib/cmake/Qt6Widgets/Qt6WidgetsMacros.cmake
-- Installing: install/qt/lib/libQt6Widgets.lib.so
-- Installing: install/qt/lib/cmake/Qt6Widgets/Qt6WidgetsTargets.cmake
-- Installing: install/qt/lib/cmake/Qt6Widgets/Qt6WidgetsTargets-relwithdebinfo.cmake
-- Installing: install/qt/lib/cmake/Qt6Widgets/Qt6WidgetsVersionlessAliasTargets.cmake
-- Installing: install/qt/lib/cmake/Qt6Widgets/Qt6WidgetsVersionlessTargets.cmake
-- Installing: install/qt/modules/Widgets.json
-- Installing: install/qt/lib/cmake/Qt6Widgets/Qt6WidgetsAdditionalTargetInfo.cmake
-- Installing: install/qt/include/QtWidgets
-- Installing: install/qt/include/QtWidgets/QAbstractButton
-- Installing: install/qt/include/QtWidgets/QAbstractGraphicsShapeItem
-- Installing: install/qt/include/QtWidgets/QAbstractItemDelegate
-- Installing: install/qt/include/QtWidgets/QAbstractItemView
-- Installing: install/qt/include/QtWidgets/QAbstractScrollArea
-- Installing: install/qt/include/QtWidgets/QAbstractSlider
-- Installing: install/qt/include/QtWidgets/QAbstractSpinBox
-- Installing: install/qt/include/QtWidgets/QAccessibleWidget
-- Installing: install/qt/include/QtWidgets/QApplication
-- Installing: install/qt/include/QtWidgets/QBoxLayout
-- Installing: install/qt/include/QtWidgets/QButtonGroup
-- Installing: install/qt/include/QtWidgets/QCalendarWidget
-- Installing: install/qt/include/QtWidgets/QCheckBox
-- Installing: install/qt/include/QtWidgets/QColorDialog
-- Installing: install/qt/include/QtWidgets/QColormap
-- Installing: install/qt/include/QtWidgets/QColumnView
-- Installing: install/qt/include/QtWidgets/QComboBox
-- Installing: install/qt/include/QtWidgets/QCommandLinkButton
-- Installing: install/qt/include/QtWidgets/QCommonStyle
-- Installing: install/qt/include/QtWidgets/QCompleter
-- Installing: install/qt/include/QtWidgets/QDataWidgetMapper
-- Installing: install/qt/include/QtWidgets/QDateEdit
-- Installing: install/qt/include/QtWidgets/QDateTimeEdit
-- Installing: install/qt/include/QtWidgets/QDial
-- Installing: install/qt/include/QtWidgets/QDialog
-- Installing: install/qt/include/QtWidgets/QDialogButtonBox
-- Installing: install/qt/include/QtWidgets/QDockWidget
-- Installing: install/qt/include/QtWidgets/QDoubleSpinBox
-- Installing: install/qt/include/QtWidgets/QErrorMessage
-- Installing: install/qt/include/QtWidgets/QFileDialog
-- Installing: install/qt/include/QtWidgets/QFileIconProvider
-- Installing: install/qt/include/QtWidgets/QFocusFrame
-- Installing: install/qt/include/QtWidgets/QFontComboBox
-- Installing: install/qt/include/QtWidgets/QFontDialog
-- Installing: install/qt/include/QtWidgets/QFormLayout
-- Installing: install/qt/include/QtWidgets/QFrame
-- Installing: install/qt/include/QtWidgets/QGesture
-- Installing: install/qt/include/QtWidgets/QGestureEvent
-- Installing: install/qt/include/QtWidgets/QGestureRecognizer
-- Installing: install/qt/include/QtWidgets/QGraphicsAnchor
-- Installing: install/qt/include/QtWidgets/QGraphicsAnchorLayout
-- Installing: install/qt/include/QtWidgets/QGraphicsBlurEffect
-- Installing: install/qt/include/QtWidgets/QGraphicsColorizeEffect
-- Installing: install/qt/include/QtWidgets/QGraphicsDropShadowEffect
-- Installing: install/qt/include/QtWidgets/QGraphicsEffect
-- Installing: install/qt/include/QtWidgets/QGraphicsEllipseItem
-- Installing: install/qt/include/QtWidgets/QGraphicsGridLayout
-- Installing: install/qt/include/QtWidgets/QGraphicsItem
-- Installing: install/qt/include/QtWidgets/QGraphicsItemAnimation
-- Installing: install/qt/include/QtWidgets/QGraphicsItemGroup
-- Installing: install/qt/include/QtWidgets/QGraphicsLayout
-- Installing: install/qt/include/QtWidgets/QGraphicsLayoutItem
-- Installing: install/qt/include/QtWidgets/QGraphicsLineItem
-- Installing: install/qt/include/QtWidgets/QGraphicsLinearLayout
-- Installing: install/qt/include/QtWidgets/QGraphicsObject
-- Installing: install/qt/include/QtWidgets/QGraphicsOpacityEffect
-- Installing: install/qt/include/QtWidgets/QGraphicsPathItem
-- Installing: install/qt/include/QtWidgets/QGraphicsPixmapItem
-- Installing: install/qt/include/QtWidgets/QGraphicsPolygonItem
-- Installing: install/qt/include/QtWidgets/QGraphicsProxyWidget
-- Installing: install/qt/include/QtWidgets/QGraphicsRectItem
-- Installing: install/qt/include/QtWidgets/QGraphicsRotation
-- Installing: install/qt/include/QtWidgets/QGraphicsScale
-- Installing: install/qt/include/QtWidgets/QGraphicsScene
-- Installing: install/qt/include/QtWidgets/QGraphicsSceneContextMenuEvent
-- Installing: install/qt/include/QtWidgets/QGraphicsSceneDragDropEvent
-- Installing: install/qt/include/QtWidgets/QGraphicsSceneEvent
-- Installing: install/qt/include/QtWidgets/QGraphicsSceneHelpEvent
-- Installing: install/qt/include/QtWidgets/QGraphicsSceneHoverEvent
-- Installing: install/qt/include/QtWidgets/QGraphicsSceneMouseEvent
-- Installing: install/qt/include/QtWidgets/QGraphicsSceneMoveEvent
-- Installing: install/qt/include/QtWidgets/QGraphicsSceneResizeEvent
-- Installing: install/qt/include/QtWidgets/QGraphicsSceneWheelEvent
-- Installing: install/qt/include/QtWidgets/QGraphicsSimpleTextItem
-- Installing: install/qt/include/QtWidgets/QGraphicsTextItem
-- Installing: install/qt/include/QtWidgets/QGraphicsTransform
-- Installing: install/qt/include/QtWidgets/QGraphicsView
-- Installing: install/qt/include/QtWidgets/QGraphicsWidget
-- Installing: install/qt/include/QtWidgets/QGridLayout
-- Installing: install/qt/include/QtWidgets/QGroupBox
-- Installing: install/qt/include/QtWidgets/QHBoxLayout
-- Installing: install/qt/include/QtWidgets/QHeaderView
-- Installing: install/qt/include/QtWidgets/QInputDialog
-- Installing: install/qt/include/QtWidgets/QItemDelegate
-- Installing: install/qt/include/QtWidgets/QItemEditorCreator
-- Installing: install/qt/include/QtWidgets/QItemEditorCreatorBase
-- Installing: install/qt/include/QtWidgets/QItemEditorFactory
-- Installing: install/qt/include/QtWidgets/QKeySequenceEdit
-- Installing: install/qt/include/QtWidgets/QLCDNumber
-- Installing: install/qt/include/QtWidgets/QLabel
-- Installing: install/qt/include/QtWidgets/QLayout
-- Installing: install/qt/include/QtWidgets/QLayoutItem
-- Installing: install/qt/include/QtWidgets/QLineEdit
-- Installing: install/qt/include/QtWidgets/QListView
-- Installing: install/qt/include/QtWidgets/QListWidget
-- Installing: install/qt/include/QtWidgets/QListWidgetItem
-- Installing: install/qt/include/QtWidgets/QMainWindow
-- Installing: install/qt/include/QtWidgets/QMdiArea
-- Installing: install/qt/include/QtWidgets/QMdiSubWindow
-- Installing: install/qt/include/QtWidgets/QMenu
-- Installing: install/qt/include/QtWidgets/QMenuBar
-- Installing: install/qt/include/QtWidgets/QMessageBox
-- Installing: install/qt/include/QtWidgets/QPanGesture
-- Installing: install/qt/include/QtWidgets/QPinchGesture
-- Installing: install/qt/include/QtWidgets/QPlainTextDocumentLayout
-- Installing: install/qt/include/QtWidgets/QPlainTextEdit
-- Installing: install/qt/include/QtWidgets/QProgressBar
-- Installing: install/qt/include/QtWidgets/QProgressDialog
-- Installing: install/qt/include/QtWidgets/QProxyStyle
-- Installing: install/qt/include/QtWidgets/QPushButton
-- Installing: install/qt/include/QtWidgets/QRadioButton
-- Installing: install/qt/include/QtWidgets/QRhiWidget
-- Installing: install/qt/include/QtWidgets/QRubberBand
-- Installing: install/qt/include/QtWidgets/QScrollArea
-- Installing: install/qt/include/QtWidgets/QScrollBar
-- Installing: install/qt/include/QtWidgets/QScroller
-- Installing: install/qt/include/QtWidgets/QScrollerProperties
-- Installing: install/qt/include/QtWidgets/QSizeGrip
-- Installing: install/qt/include/QtWidgets/QSizePolicy
-- Installing: install/qt/include/QtWidgets/QSlider
-- Installing: install/qt/include/QtWidgets/QSpacerItem
-- Installing: install/qt/include/QtWidgets/QSpinBox
-- Installing: install/qt/include/QtWidgets/QSplashScreen
-- Installing: install/qt/include/QtWidgets/QSplitter
-- Installing: install/qt/include/QtWidgets/QSplitterHandle
-- Installing: install/qt/include/QtWidgets/QStackedLayout
-- Installing: install/qt/include/QtWidgets/QStackedWidget
-- Installing: install/qt/include/QtWidgets/QStandardItemEditorCreator
-- Installing: install/qt/include/QtWidgets/QStatusBar
-- Installing: install/qt/include/QtWidgets/QStyle
-- Installing: install/qt/include/QtWidgets/QStyleFactory
-- Installing: install/qt/include/QtWidgets/QStyleHintReturn
-- Installing: install/qt/include/QtWidgets/QStyleHintReturnMask
-- Installing: install/qt/include/QtWidgets/QStyleHintReturnVariant
-- Installing: install/qt/include/QtWidgets/QStyleOption
-- Installing: install/qt/include/QtWidgets/QStyleOptionButton
-- Installing: install/qt/include/QtWidgets/QStyleOptionComboBox
-- Installing: install/qt/include/QtWidgets/QStyleOptionComplex
-- Installing: install/qt/include/QtWidgets/QStyleOptionDockWidget
-- Installing: install/qt/include/QtWidgets/QStyleOptionFocusRect
-- Installing: install/qt/include/QtWidgets/QStyleOptionFrame
-- Installing: install/qt/include/QtWidgets/QStyleOptionGraphicsItem
-- Installing: install/qt/include/QtWidgets/QStyleOptionGroupBox
-- Installing: install/qt/include/QtWidgets/QStyleOptionHeader
-- Installing: install/qt/include/QtWidgets/QStyleOptionHeaderV2
-- Installing: install/qt/include/QtWidgets/QStyleOptionMenuItem
-- Installing: install/qt/include/QtWidgets/QStyleOptionProgressBar
-- Installing: install/qt/include/QtWidgets/QStyleOptionRubberBand
-- Installing: install/qt/include/QtWidgets/QStyleOptionSizeGrip
-- Installing: install/qt/include/QtWidgets/QStyleOptionSlider
-- Installing: install/qt/include/QtWidgets/QStyleOptionSpinBox
-- Installing: install/qt/include/QtWidgets/QStyleOptionTab
-- Installing: install/qt/include/QtWidgets/QStyleOptionTabBarBase
-- Installing: install/qt/include/QtWidgets/QStyleOptionTabWidgetFrame
-- Installing: install/qt/include/QtWidgets/QStyleOptionTitleBar
-- Installing: install/qt/include/QtWidgets/QStyleOptionToolBar
-- Installing: install/qt/include/QtWidgets/QStyleOptionToolBox
-- Installing: install/qt/include/QtWidgets/QStyleOptionToolButton
-- Installing: install/qt/include/QtWidgets/QStyleOptionViewItem
-- Installing: install/qt/include/QtWidgets/QStylePainter
-- Installing: install/qt/include/QtWidgets/QStylePlugin
-- Installing: install/qt/include/QtWidgets/QStyledItemDelegate
-- Installing: install/qt/include/QtWidgets/QSwipeGesture
-- Installing: install/qt/include/QtWidgets/QSystemTrayIcon
-- Installing: install/qt/include/QtWidgets/QTabBar
-- Installing: install/qt/include/QtWidgets/QTabWidget
-- Installing: install/qt/include/QtWidgets/QTableView
-- Installing: install/qt/include/QtWidgets/QTableWidget
-- Installing: install/qt/include/QtWidgets/QTableWidgetItem
-- Installing: install/qt/include/QtWidgets/QTableWidgetSelectionRange
-- Installing: install/qt/include/QtWidgets/QTapAndHoldGesture
-- Installing: install/qt/include/QtWidgets/QTapGesture
-- Installing: install/qt/include/QtWidgets/QTextBrowser
-- Installing: install/qt/include/QtWidgets/QTextEdit
-- Installing: install/qt/include/QtWidgets/QTileRules
-- Installing: install/qt/include/QtWidgets/QTimeEdit
-- Installing: install/qt/include/QtWidgets/QToolBar
-- Installing: install/qt/include/QtWidgets/QToolBox
-- Installing: install/qt/include/QtWidgets/QToolButton
-- Installing: install/qt/include/QtWidgets/QToolTip
-- Installing: install/qt/include/QtWidgets/QTreeView
-- Installing: install/qt/include/QtWidgets/QTreeWidget
-- Installing: install/qt/include/QtWidgets/QTreeWidgetItem
-- Installing: install/qt/include/QtWidgets/QTreeWidgetItemIterator
-- Installing: install/qt/include/QtWidgets/QUndoView
-- Installing: install/qt/include/QtWidgets/QVBoxLayout
-- Installing: install/qt/include/QtWidgets/QWhatsThis
-- Installing: install/qt/include/QtWidgets/QWidget
-- Installing: install/qt/include/QtWidgets/QWidgetAction
-- Installing: install/qt/include/QtWidgets/QWidgetData
-- Installing: install/qt/include/QtWidgets/QWidgetItem
-- Installing: install/qt/include/QtWidgets/QWidgetItemV2
-- Installing: install/qt/include/QtWidgets/QWizard
-- Installing: install/qt/include/QtWidgets/QWizardPage
-- Installing: install/qt/include/QtWidgets/QtWidgets
-- Installing: install/qt/include/QtWidgets/QtWidgetsVersion
-- Installing: install/qt/include/QtWidgets/qtwidgetsversion.h
-- Installing: install/qt/include/QtWidgets/qtwidgetsexports.h
-- Installing: install/qt/include/QtWidgets/qfileiconprovider.h
-- Installing: install/qt/include/QtWidgets/qapplication.h
-- Installing: install/qt/include/QtWidgets/qboxlayout.h
-- Installing: install/qt/include/QtWidgets/qgesture.h
-- Installing: install/qt/include/QtWidgets/qgesturerecognizer.h
-- Installing: install/qt/include/QtWidgets/qgridlayout.h
-- Installing: install/qt/include/QtWidgets/qlayout.h
-- Installing: install/qt/include/QtWidgets/qlayoutitem.h
-- Installing: install/qt/include/QtWidgets/qrhiwidget.h
-- Installing: install/qt/include/QtWidgets/qsizepolicy.h
-- Installing: install/qt/include/QtWidgets/qstackedlayout.h
-- Installing: install/qt/include/QtWidgets/qtestsupport_widgets.h
-- Installing: install/qt/include/QtWidgets/qtwidgetsglobal.h
-- Installing: install/qt/include/QtWidgets/qwidget.h
-- Installing: install/qt/include/QtWidgets/qcommonstyle.h
-- Installing: install/qt/include/QtWidgets/qdrawutil.h
-- Installing: install/qt/include/QtWidgets/qproxystyle.h
-- Installing: install/qt/include/QtWidgets/qstyle.h
-- Installing: install/qt/include/QtWidgets/qstylefactory.h
-- Installing: install/qt/include/QtWidgets/qstyleoption.h
-- Installing: install/qt/include/QtWidgets/qstylepainter.h
-- Installing: install/qt/include/QtWidgets/qstyleplugin.h
-- Installing: install/qt/include/QtWidgets/qcolormap.h
-- Installing: install/qt/include/QtWidgets/qsystemtrayicon.h
-- Installing: install/qt/include/QtWidgets/qabstractscrollarea.h
-- Installing: install/qt/include/QtWidgets/qfocusframe.h
-- Installing: install/qt/include/QtWidgets/qframe.h
-- Installing: install/qt/include/QtWidgets/qtwidgets-config.h
-- Installing: install/qt/include/QtWidgets/qgraphicseffect.h
-- Installing: install/qt/include/QtWidgets/qaction.h
-- Installing: install/qt/include/QtWidgets/qactiongroup.h
-- Installing: install/qt/include/QtWidgets/qwidgetaction.h
-- Installing: install/qt/include/QtWidgets/qformlayout.h
-- Installing: install/qt/include/QtWidgets/qshortcut.h
-- Installing: install/qt/include/QtWidgets/qtooltip.h
-- Installing: install/qt/include/QtWidgets/qwhatsthis.h
-- Installing: install/qt/include/QtWidgets/qabstractbutton.h
-- Installing: install/qt/include/QtWidgets/qabstractslider.h
-- Installing: install/qt/include/QtWidgets/qbuttongroup.h
-- Installing: install/qt/include/QtWidgets/qcalendarwidget.h
-- Installing: install/qt/include/QtWidgets/qcheckbox.h
-- Installing: install/qt/include/QtWidgets/qcombobox.h
-- Installing: install/qt/include/QtWidgets/qcommandlinkbutton.h
-- Installing: install/qt/include/QtWidgets/qdatetimeedit.h
-- Installing: install/qt/include/QtWidgets/qdial.h
-- Installing: install/qt/include/QtWidgets/qdockwidget.h
-- Installing: install/qt/include/QtWidgets/qfontcombobox.h
-- Installing: install/qt/include/QtWidgets/qgroupbox.h
-- Installing: install/qt/include/QtWidgets/qkeysequenceedit.h
-- Installing: install/qt/include/QtWidgets/qlabel.h
-- Installing: install/qt/include/QtWidgets/qlcdnumber.h
-- Installing: install/qt/include/QtWidgets/qlineedit.h
-- Installing: install/qt/include/QtWidgets/qmainwindow.h
-- Installing: install/qt/include/QtWidgets/qmdiarea.h
-- Installing: install/qt/include/QtWidgets/qmdisubwindow.h
-- Installing: install/qt/include/QtWidgets/qmenu.h
-- Installing: install/qt/include/QtWidgets/qmenubar.h
-- Installing: install/qt/include/QtWidgets/qprogressbar.h
-- Installing: install/qt/include/QtWidgets/qpushbutton.h
-- Installing: install/qt/include/QtWidgets/qradiobutton.h
-- Installing: install/qt/include/QtWidgets/qdialogbuttonbox.h
-- Installing: install/qt/include/QtWidgets/qrubberband.h
-- Installing: install/qt/include/QtWidgets/qscrollarea.h
-- Installing: install/qt/include/QtWidgets/qscrollbar.h
-- Installing: install/qt/include/QtWidgets/qsizegrip.h
-- Installing: install/qt/include/QtWidgets/qslider.h
-- Installing: install/qt/include/QtWidgets/qabstractspinbox.h
-- Installing: install/qt/include/QtWidgets/qspinbox.h
-- Installing: install/qt/include/QtWidgets/qsplashscreen.h
-- Installing: install/qt/include/QtWidgets/qsplitter.h
-- Installing: install/qt/include/QtWidgets/qstackedwidget.h
-- Installing: install/qt/include/QtWidgets/qstatusbar.h
-- Installing: install/qt/include/QtWidgets/qtabbar.h
-- Installing: install/qt/include/QtWidgets/qplaintextedit.h
-- Installing: install/qt/include/QtWidgets/qtextedit.h
-- Installing: install/qt/include/QtWidgets/qtextbrowser.h
-- Installing: install/qt/include/QtWidgets/qtabwidget.h
-- Installing: install/qt/include/QtWidgets/qtoolbar.h
-- Installing: install/qt/include/QtWidgets/qtoolbox.h
-- Installing: install/qt/include/QtWidgets/qtoolbutton.h
-- Installing: install/qt/include/QtWidgets/qcolordialog.h
-- Installing: install/qt/include/QtWidgets/qdialog.h
-- Installing: install/qt/include/QtWidgets/qerrormessage.h
-- Installing: install/qt/include/QtWidgets/qfiledialog.h
-- Installing: install/qt/include/QtWidgets/qfilesystemmodel.h
-- Installing: install/qt/include/QtWidgets/qfontdialog.h
-- Installing: install/qt/include/QtWidgets/qinputdialog.h
-- Installing: install/qt/include/QtWidgets/qmessagebox.h
-- Installing: install/qt/include/QtWidgets/qprogressdialog.h
-- Installing: install/qt/include/QtWidgets/qwizard.h
-- Installing: install/qt/include/QtWidgets/qaccessiblewidget.h
-- Installing: install/qt/include/QtWidgets/qabstractitemdelegate.h
-- Installing: install/qt/include/QtWidgets/qabstractitemview.h
-- Installing: install/qt/include/QtWidgets/qheaderview.h
-- Installing: install/qt/include/QtWidgets/qitemdelegate.h
-- Installing: install/qt/include/QtWidgets/qitemeditorfactory.h
-- Installing: install/qt/include/QtWidgets/qstyleditemdelegate.h
-- Installing: install/qt/include/QtWidgets/qcolumnview.h
-- Installing: install/qt/include/QtWidgets/qdatawidgetmapper.h
-- Installing: install/qt/include/QtWidgets/qlistview.h
-- Installing: install/qt/include/QtWidgets/qlistwidget.h
-- Installing: install/qt/include/QtWidgets/qtableview.h
-- Installing: install/qt/include/QtWidgets/qtablewidget.h
-- Installing: install/qt/include/QtWidgets/qtreeview.h
-- Installing: install/qt/include/QtWidgets/qtreewidget.h
-- Installing: install/qt/include/QtWidgets/qtreewidgetitemiterator.h
-- Installing: install/qt/include/QtWidgets/qgraphicsanchorlayout.h
-- Installing: install/qt/include/QtWidgets/qgraphicsgridlayout.h
-- Installing: install/qt/include/QtWidgets/qgraphicsitem.h
-- Installing: install/qt/include/QtWidgets/qgraphicslayout.h
-- Installing: install/qt/include/QtWidgets/qgraphicslayoutitem.h
-- Installing: install/qt/include/QtWidgets/qgraphicslinearlayout.h
-- Installing: install/qt/include/QtWidgets/qgraphicsproxywidget.h
-- Installing: install/qt/include/QtWidgets/qgraphicsscene.h
-- Installing: install/qt/include/QtWidgets/qgraphicssceneevent.h
-- Installing: install/qt/include/QtWidgets/qgraphicstransform.h
-- Installing: install/qt/include/QtWidgets/qgraphicsview.h
-- Installing: install/qt/include/QtWidgets/qgraphicswidget.h
-- Installing: install/qt/include/QtWidgets/qgraphicsitemanimation.h
-- Installing: install/qt/include/QtWidgets/qcompleter.h
-- Installing: install/qt/include/QtWidgets/qscroller.h
-- Installing: install/qt/include/QtWidgets/qscrollerproperties.h
-- Installing: install/qt/include/QtWidgets/qundostack.h
-- Installing: install/qt/include/QtWidgets/qundogroup.h
-- Installing: install/qt/include/QtWidgets/qundoview.h
-- Installing: install/qt/include/QtWidgets/QtWidgetsDepends
-- Installing: install/qt/include/QtWidgets/6.8.3/QtWidgets/private/qfileiconprovider_p.h
-- Installing: install/qt/include/QtWidgets/6.8.3/QtWidgets/private/qapplication_p.h
-- Installing: install/qt/include/QtWidgets/6.8.3/QtWidgets/private/qgesture_p.h
-- Installing: install/qt/include/QtWidgets/6.8.3/QtWidgets/private/qgesturemanager_p.h
-- Installing: install/qt/include/QtWidgets/6.8.3/QtWidgets/private/qlayout_p.h
-- Installing: install/qt/include/QtWidgets/6.8.3/QtWidgets/private/qlayoutengine_p.h
-- Installing: install/qt/include/QtWidgets/6.8.3/QtWidgets/private/qrhiwidget_p.h
-- Installing: install/qt/include/QtWidgets/6.8.3/QtWidgets/private/qstandardgestures_p.h
-- Installing: install/qt/include/QtWidgets/6.8.3/QtWidgets/private/qtwidgetsglobal_p.h
-- Installing: install/qt/include/QtWidgets/6.8.3/QtWidgets/private/qwidget_p.h
-- Installing: install/qt/include/QtWidgets/6.8.3/QtWidgets/private/qwidgetrepaintmanager_p.h
-- Installing: install/qt/include/QtWidgets/6.8.3/QtWidgets/private/qwidgetwindow_p.h
-- Installing: install/qt/include/QtWidgets/6.8.3/QtWidgets/private/qwindowcontainer_p.h
-- Installing: install/qt/include/QtWidgets/6.8.3/QtWidgets/private/qcommonstyle_p.h
-- Installing: install/qt/include/QtWidgets/6.8.3/QtWidgets/private/qcommonstylepixmaps_p.h
-- Installing: install/qt/include/QtWidgets/6.8.3/QtWidgets/private/qpixmapstyle_p.h
-- Installing: install/qt/include/QtWidgets/6.8.3/QtWidgets/private/qpixmapstyle_p_p.h
-- Installing: install/qt/include/QtWidgets/6.8.3/QtWidgets/private/qproxystyle_p.h
-- Installing: install/qt/include/QtWidgets/6.8.3/QtWidgets/private/qstyle_p.h
-- Installing: install/qt/include/QtWidgets/6.8.3/QtWidgets/private/qstylehelper_p.h
-- Installing: install/qt/include/QtWidgets/6.8.3/QtWidgets/private/qstylesheetstyle_p.h
-- Installing: install/qt/include/QtWidgets/6.8.3/QtWidgets/private/qsystemtrayicon_p.h
-- Installing: install/qt/include/QtWidgets/6.8.3/QtWidgets/private/qabstractscrollarea_p.h
-- Installing: install/qt/include/QtWidgets/6.8.3/QtWidgets/private/qframe_p.h
-- Installing: install/qt/include/QtWidgets/6.8.3/QtWidgets/private/qwidgetanimator_p.h
-- Installing: install/qt/include/QtWidgets/6.8.3/QtWidgets/private/qtwidgets-config_p.h
-- Installing: install/qt/include/QtWidgets/6.8.3/QtWidgets/private/qgraphicseffect_p.h
-- Installing: install/qt/include/QtWidgets/6.8.3/QtWidgets/private/qpixmapfilter_p.h
-- Installing: install/qt/include/QtWidgets/6.8.3/QtWidgets/private/qaction_widgets_p.h
-- Installing: install/qt/include/QtWidgets/6.8.3/QtWidgets/private/qwidgetaction_p.h
-- Installing: install/qt/include/QtWidgets/6.8.3/QtWidgets/private/qstyleanimation_p.h
-- Installing: install/qt/include/QtWidgets/6.8.3/QtWidgets/private/qwindowsstyle_p.h
-- Installing: install/qt/include/QtWidgets/6.8.3/QtWidgets/private/qwindowsstyle_p_p.h
-- Installing: install/qt/include/QtWidgets/6.8.3/QtWidgets/private/qfusionstyle_p.h
-- Installing: install/qt/include/QtWidgets/6.8.3/QtWidgets/private/qfusionstyle_p_p.h
-- Installing: install/qt/include/QtWidgets/6.8.3/QtWidgets/private/qabstractbutton_p.h
-- Installing: install/qt/include/QtWidgets/6.8.3/QtWidgets/private/qabstractslider_p.h
-- Installing: install/qt/include/QtWidgets/6.8.3/QtWidgets/private/qbuttongroup_p.h
-- Installing: install/qt/include/QtWidgets/6.8.3/QtWidgets/private/qcombobox_p.h
-- Installing: install/qt/include/QtWidgets/6.8.3/QtWidgets/private/qdatetimeedit_p.h
-- Installing: install/qt/include/QtWidgets/6.8.3/QtWidgets/private/qdockarealayout_p.h
-- Installing: install/qt/include/QtWidgets/6.8.3/QtWidgets/private/qdockwidget_p.h
-- Installing: install/qt/include/QtWidgets/6.8.3/QtWidgets/private/qeffects_p.h
-- Installing: install/qt/include/QtWidgets/6.8.3/QtWidgets/private/qkeysequenceedit_p.h
-- Installing: install/qt/include/QtWidgets/6.8.3/QtWidgets/private/qlabel_p.h
-- Installing: install/qt/include/QtWidgets/6.8.3/QtWidgets/private/qlineedit_p.h
-- Installing: install/qt/include/QtWidgets/6.8.3/QtWidgets/private/qwidgetlinecontrol_p.h
-- Installing: install/qt/include/QtWidgets/6.8.3/QtWidgets/private/qmainwindowlayout_p.h
-- Installing: install/qt/include/QtWidgets/6.8.3/QtWidgets/private/qmdiarea_p.h
-- Installing: install/qt/include/QtWidgets/6.8.3/QtWidgets/private/qmdisubwindow_p.h
-- Installing: install/qt/include/QtWidgets/6.8.3/QtWidgets/private/qmenu_p.h
-- Installing: install/qt/include/QtWidgets/6.8.3/QtWidgets/private/qmenubar_p.h
-- Installing: install/qt/include/QtWidgets/6.8.3/QtWidgets/private/qpushbutton_p.h
-- Installing: install/qt/include/QtWidgets/6.8.3/QtWidgets/private/qwidgetresizehandler_p.h
-- Installing: install/qt/include/QtWidgets/6.8.3/QtWidgets/private/qdialogbuttonbox_p.h
-- Installing: install/qt/include/QtWidgets/6.8.3/QtWidgets/private/qscrollarea_p.h
-- Installing: install/qt/include/QtWidgets/6.8.3/QtWidgets/private/qscrollbar_p.h
-- Installing: install/qt/include/QtWidgets/6.8.3/QtWidgets/private/qabstractspinbox_p.h
-- Installing: install/qt/include/QtWidgets/6.8.3/QtWidgets/private/qsplitter_p.h
-- Installing: install/qt/include/QtWidgets/6.8.3/QtWidgets/private/qtabbar_p.h
-- Installing: install/qt/include/QtWidgets/6.8.3/QtWidgets/private/qplaintextedit_p.h
-- Installing: install/qt/include/QtWidgets/6.8.3/QtWidgets/private/qtextedit_p.h
-- Installing: install/qt/include/QtWidgets/6.8.3/QtWidgets/private/qtoolbar_p.h
-- Installing: install/qt/include/QtWidgets/6.8.3/QtWidgets/private/qtoolbararealayout_p.h
-- Installing: install/qt/include/QtWidgets/6.8.3/QtWidgets/private/qtoolbarlayout_p.h
-- Installing: install/qt/include/QtWidgets/6.8.3/QtWidgets/private/qtoolbarseparator_p.h
-- Installing: install/qt/include/QtWidgets/6.8.3/QtWidgets/private/qtoolbarextension_p.h
-- Installing: install/qt/include/QtWidgets/6.8.3/QtWidgets/private/qwidgettextcontrol_p.h
-- Installing: install/qt/include/QtWidgets/6.8.3/QtWidgets/private/qwidgettextcontrol_p_p.h
-- Installing: install/qt/include/QtWidgets/6.8.3/QtWidgets/private/qdialog_p.h
-- Installing: install/qt/include/QtWidgets/6.8.3/QtWidgets/private/qfiledialog_p.h
-- Installing: install/qt/include/QtWidgets/6.8.3/QtWidgets/private/qsidebar_p.h
-- Installing: install/qt/include/QtWidgets/6.8.3/QtWidgets/private/qfontdialog_p.h
-- Installing: install/qt/include/QtWidgets/6.8.3/QtWidgets/private/qfscompleter_p.h
-- Installing: install/qt/include/QtWidgets/6.8.3/QtWidgets/private/complexwidgets_p.h
-- Installing: install/qt/include/QtWidgets/6.8.3/QtWidgets/private/qaccessiblemenu_p.h
-- Installing: install/qt/include/QtWidgets/6.8.3/QtWidgets/private/qaccessiblewidgetfactory_p.h
-- Installing: install/qt/include/QtWidgets/6.8.3/QtWidgets/private/qaccessiblewidgets_p.h
-- Installing: install/qt/include/QtWidgets/6.8.3/QtWidgets/private/rangecontrols_p.h
-- Installing: install/qt/include/QtWidgets/6.8.3/QtWidgets/private/simplewidgets_p.h
-- Installing: install/qt/include/QtWidgets/6.8.3/QtWidgets/private/itemviews_p.h
-- Installing: install/qt/include/QtWidgets/6.8.3/QtWidgets/private/qabstractitemdelegate_p.h
-- Installing: install/qt/include/QtWidgets/6.8.3/QtWidgets/private/qabstractitemview_p.h
-- Installing: install/qt/include/QtWidgets/6.8.3/QtWidgets/private/qbsptree_p.h
-- Installing: install/qt/include/QtWidgets/6.8.3/QtWidgets/private/qheaderview_p.h
-- Installing: install/qt/include/QtWidgets/6.8.3/QtWidgets/private/qitemeditorfactory_p.h
-- Installing: install/qt/include/QtWidgets/6.8.3/QtWidgets/private/qwidgetitemdata_p.h
-- Installing: install/qt/include/QtWidgets/6.8.3/QtWidgets/private/qcolumnview_p.h
-- Installing: install/qt/include/QtWidgets/6.8.3/QtWidgets/private/qcolumnviewgrip_p.h
-- Installing: install/qt/include/QtWidgets/6.8.3/QtWidgets/private/qlistview_p.h
-- Installing: install/qt/include/QtWidgets/6.8.3/QtWidgets/private/qlistwidget_p.h
-- Installing: install/qt/include/QtWidgets/6.8.3/QtWidgets/private/qtableview_p.h
-- Installing: install/qt/include/QtWidgets/6.8.3/QtWidgets/private/qtablewidget_p.h
-- Installing: install/qt/include/QtWidgets/6.8.3/QtWidgets/private/qtreeview_p.h
-- Installing: install/qt/include/QtWidgets/6.8.3/QtWidgets/private/qtreewidget_p.h
-- Installing: install/qt/include/QtWidgets/6.8.3/QtWidgets/private/qtreewidgetitemiterator_p.h
-- Installing: install/qt/include/QtWidgets/6.8.3/QtWidgets/private/qgraph_p.h
-- Installing: install/qt/include/QtWidgets/6.8.3/QtWidgets/private/qgraphicsanchorlayout_p.h
-- Installing: install/qt/include/QtWidgets/6.8.3/QtWidgets/private/qgraphicsgridlayoutengine_p.h
-- Installing: install/qt/include/QtWidgets/6.8.3/QtWidgets/private/qgraphicsitem_p.h
-- Installing: install/qt/include/QtWidgets/6.8.3/QtWidgets/private/qgraphicslayout_p.h
-- Installing: install/qt/include/QtWidgets/6.8.3/QtWidgets/private/qgraphicslayoutitem_p.h
-- Installing: install/qt/include/QtWidgets/6.8.3/QtWidgets/private/qgraphicslayoutstyleinfo_p.h
-- Installing: install/qt/include/QtWidgets/6.8.3/QtWidgets/private/qgraphicsproxywidget_p.h
-- Installing: install/qt/include/QtWidgets/6.8.3/QtWidgets/private/qgraphicsscene_p.h
-- Installing: install/qt/include/QtWidgets/6.8.3/QtWidgets/private/qgraphicsscene_bsp_p.h
-- Installing: install/qt/include/QtWidgets/6.8.3/QtWidgets/private/qgraphicsscenebsptreeindex_p.h
-- Installing: install/qt/include/QtWidgets/6.8.3/QtWidgets/private/qgraphicssceneindex_p.h
-- Installing: install/qt/include/QtWidgets/6.8.3/QtWidgets/private/qgraphicsscenelinearindex_p.h
-- Installing: install/qt/include/QtWidgets/6.8.3/QtWidgets/private/qgraphicstransform_p.h
-- Installing: install/qt/include/QtWidgets/6.8.3/QtWidgets/private/qgraphicsview_p.h
-- Installing: install/qt/include/QtWidgets/6.8.3/QtWidgets/private/qgraphicswidget_p.h
-- Installing: install/qt/include/QtWidgets/6.8.3/QtWidgets/private/qsimplex_p.h
-- Installing: install/qt/include/QtWidgets/6.8.3/QtWidgets/private/qcompleter_p.h
-- Installing: install/qt/include/QtWidgets/6.8.3/QtWidgets/private/qflickgesture_p.h
-- Installing: install/qt/include/QtWidgets/6.8.3/QtWidgets/private/qscroller_p.h
-- Installing: install/qt/include/QtWidgets/6.8.3/QtWidgets/private/qscrollerproperties_p.h
-- Installing: install/qt/mkspecs/modules/qt_lib_widgets.pri
-- Installing: install/qt/mkspecs/modules/qt_lib_widgets_private.pri
-- Installing: install/qt/metatypes/qt6openglwidgets_relwithdebinfo_metatypes.json
-- Installing: install/qt/lib/cmake/Qt6OpenGLWidgets/Qt6OpenGLWidgetsConfig.cmake
-- Installing: install/qt/lib/cmake/Qt6OpenGLWidgets/Qt6OpenGLWidgetsConfigVersion.cmake
-- Installing: install/qt/lib/cmake/Qt6OpenGLWidgets/Qt6OpenGLWidgetsConfigVersionImpl.cmake
-- Installing: install/qt/lib/libQt6OpenGLWidgets.lib.so
-- Installing: install/qt/lib/cmake/Qt6OpenGLWidgets/Qt6OpenGLWidgetsTargets.cmake
-- Installing: install/qt/lib/cmake/Qt6OpenGLWidgets/Qt6OpenGLWidgetsTargets-relwithdebinfo.cmake
-- Installing: install/qt/lib/cmake/Qt6OpenGLWidgets/Qt6OpenGLWidgetsVersionlessAliasTargets.cmake
-- Installing: install/qt/lib/cmake/Qt6OpenGLWidgets/Qt6OpenGLWidgetsVersionlessTargets.cmake
-- Installing: install/qt/modules/OpenGLWidgets.json
-- Installing: install/qt/lib/cmake/Qt6OpenGLWidgets/Qt6OpenGLWidgetsAdditionalTargetInfo.cmake
-- Installing: install/qt/include/QtOpenGLWidgets
-- Installing: install/qt/include/QtOpenGLWidgets/QOpenGLWidget
-- Installing: install/qt/include/QtOpenGLWidgets/QtOpenGLWidgets
-- Installing: install/qt/include/QtOpenGLWidgets/QtOpenGLWidgetsVersion
-- Installing: install/qt/include/QtOpenGLWidgets/qtopenglwidgetsversion.h
-- Installing: install/qt/include/QtOpenGLWidgets/qtopenglwidgetsexports.h
-- Installing: install/qt/include/QtOpenGLWidgets/qopenglwidget.h
-- Installing: install/qt/include/QtOpenGLWidgets/qtopenglwidgetsglobal.h
-- Installing: install/qt/include/QtOpenGLWidgets/QtOpenGLWidgetsDepends
-- Installing: install/qt/mkspecs/modules/qt_lib_openglwidgets.pri
-- Installing: install/qt/mkspecs/modules/qt_lib_openglwidgets_private.pri
-- Installing: install/qt/metatypes/qt6devicediscoverysupportprivate_relwithdebinfo_metatypes.json
-- Installing: install/qt/lib/cmake/Qt6DeviceDiscoverySupportPrivate/Qt6DeviceDiscoverySupportPrivateConfig.cmake
-- Installing: install/qt/lib/cmake/Qt6DeviceDiscoverySupportPrivate/Qt6DeviceDiscoverySupportPrivateConfigVersion.cmake
-- Installing: install/qt/lib/cmake/Qt6DeviceDiscoverySupportPrivate/Qt6DeviceDiscoverySupportPrivateConfigVersionImpl.cmake
-- Installing: install/qt/lib/libQt6DeviceDiscoverySupport.a
-- Installing: install/qt/lib/cmake/Qt6DeviceDiscoverySupportPrivate/Qt6DeviceDiscoverySupportPrivateTargets.cmake
-- Installing: install/qt/lib/cmake/Qt6DeviceDiscoverySupportPrivate/Qt6DeviceDiscoverySupportPrivateTargets-relwithdebinfo.cmake
-- Installing: install/qt/lib/cmake/Qt6DeviceDiscoverySupportPrivate/Qt6DeviceDiscoverySupportPrivateVersionlessAliasTargets.cmake
-- Installing: install/qt/lib/cmake/Qt6DeviceDiscoverySupportPrivate/Qt6DeviceDiscoverySupportPrivateVersionlessTargets.cmake
-- Installing: install/qt/modules/DeviceDiscoverySupportPrivate.json
-- Installing: install/qt/lib/cmake/Qt6DeviceDiscoverySupportPrivate/Qt6DeviceDiscoverySupportPrivateAdditionalTargetInfo.cmake
-- Installing: install/qt/include/QtDeviceDiscoverySupport
-- Installing: install/qt/include/QtDeviceDiscoverySupport/QtDeviceDiscoverySupport
-- Installing: install/qt/include/QtDeviceDiscoverySupport/QtDeviceDiscoverySupportVersion
-- Installing: install/qt/include/QtDeviceDiscoverySupport/qtdevicediscoverysupportversion.h
-- Installing: install/qt/include/QtDeviceDiscoverySupport/QtDeviceDiscoverySupportDepends
-- Installing: install/qt/include/QtDeviceDiscoverySupport/6.8.3/QtDeviceDiscoverySupport/private/qdevicediscovery_p.h
-- Installing: install/qt/include/QtDeviceDiscoverySupport/6.8.3/QtDeviceDiscoverySupport/private/qdevicediscovery_dummy_p.h
-- Installing: install/qt/mkspecs/modules/qt_lib_devicediscovery_support_private.pri
-- Installing: install/qt/metatypes/qt6fbsupportprivate_relwithdebinfo_metatypes.json
-- Installing: install/qt/lib/cmake/Qt6FbSupportPrivate/Qt6FbSupportPrivateConfig.cmake
-- Installing: install/qt/lib/cmake/Qt6FbSupportPrivate/Qt6FbSupportPrivateConfigVersion.cmake
-- Installing: install/qt/lib/cmake/Qt6FbSupportPrivate/Qt6FbSupportPrivateConfigVersionImpl.cmake
-- Installing: install/qt/lib/libQt6FbSupport.a
-- Installing: install/qt/lib/cmake/Qt6FbSupportPrivate/Qt6FbSupportPrivateTargets.cmake
-- Installing: install/qt/lib/cmake/Qt6FbSupportPrivate/Qt6FbSupportPrivateTargets-relwithdebinfo.cmake
-- Installing: install/qt/lib/cmake/Qt6FbSupportPrivate/Qt6FbSupportPrivateVersionlessAliasTargets.cmake
-- Installing: install/qt/lib/cmake/Qt6FbSupportPrivate/Qt6FbSupportPrivateVersionlessTargets.cmake
-- Installing: install/qt/modules/FbSupportPrivate.json
-- Installing: install/qt/lib/cmake/Qt6FbSupportPrivate/Qt6FbSupportPrivateAdditionalTargetInfo.cmake
-- Installing: install/qt/include/QtFbSupport
-- Installing: install/qt/include/QtFbSupport/QtFbSupport
-- Installing: install/qt/include/QtFbSupport/QtFbSupportVersion
-- Installing: install/qt/include/QtFbSupport/qtfbsupportversion.h
-- Installing: install/qt/include/QtFbSupport/QtFbSupportDepends
-- Installing: install/qt/include/QtFbSupport/6.8.3/QtFbSupport/private/qfbbackingstore_p.h
-- Installing: install/qt/include/QtFbSupport/6.8.3/QtFbSupport/private/qfbcursor_p.h
-- Installing: install/qt/include/QtFbSupport/6.8.3/QtFbSupport/private/qfbscreen_p.h
-- Installing: install/qt/include/QtFbSupport/6.8.3/QtFbSupport/private/qfbvthandler_p.h
-- Installing: install/qt/include/QtFbSupport/6.8.3/QtFbSupport/private/qfbwindow_p.h
-- Installing: install/qt/mkspecs/modules/qt_lib_fb_support_private.pri
-- Installing: install/qt/lib/cmake/Qt6TestInternalsPrivate/3rdparty/cmake/QtRunCMakeTestHelpers.cmake
-- Installing: install/qt/lib/cmake/Qt6TestInternalsPrivate/3rdparty/cmake/RunCMake.cmake
-- Installing: install/qt/lib/cmake/Qt6TestInternalsPrivate/Qt6TestInternalsPrivateConfig.cmake
-- Installing: install/qt/lib/cmake/Qt6TestInternalsPrivate/Qt6TestInternalsPrivateConfigVersion.cmake
-- Installing: install/qt/lib/cmake/Qt6TestInternalsPrivate/Qt6TestInternalsPrivateConfigVersionImpl.cmake
-- Installing: install/qt/lib/cmake/Qt6TestInternalsPrivate/Qt6TestInternalsPrivateTargets.cmake
-- Installing: install/qt/lib/cmake/Qt6TestInternalsPrivate/Qt6TestInternalsPrivateVersionlessAliasTargets.cmake
-- Installing: install/qt/lib/cmake/Qt6TestInternalsPrivate/Qt6TestInternalsPrivateVersionlessTargets.cmake
-- Installing: install/qt/modules/TestInternalsPrivate.json
-- Installing: install/qt/mkspecs/modules/qt_lib_testinternals_private.pri
-- Installing: install/qt/metatypes/qt6test_relwithdebinfo_metatypes.json
-- Installing: install/qt/lib/cmake/Qt6Test/Qt6TestConfig.cmake
-- Installing: install/qt/lib/cmake/Qt6Test/Qt6TestConfigVersion.cmake
-- Installing: install/qt/lib/cmake/Qt6Test/Qt6TestConfigVersionImpl.cmake
-- Installing: install/qt/lib/libQt6Test.lib.so
-- Installing: install/qt/lib/cmake/Qt6Test/Qt6TestTargets.cmake
-- Installing: install/qt/lib/cmake/Qt6Test/Qt6TestTargets-relwithdebinfo.cmake
-- Installing: install/qt/lib/cmake/Qt6Test/Qt6TestVersionlessAliasTargets.cmake
-- Installing: install/qt/lib/cmake/Qt6Test/Qt6TestVersionlessTargets.cmake
-- Installing: install/qt/modules/Test.json
-- Installing: install/qt/lib/cmake/Qt6Test/Qt6TestAdditionalTargetInfo.cmake
-- Installing: install/qt/include/QtTest
-- Installing: install/qt/include/QtTest/QAbstractItemModelTester
-- Installing: install/qt/include/QtTest/QSignalSpy
-- Installing: install/qt/include/QtTest/QSpontaneKeyEvent
-- Installing: install/qt/include/QtTest/QTest
-- Installing: install/qt/include/QtTest/QTestAccessibility
-- Installing: install/qt/include/QtTest/QTestData
-- Installing: install/qt/include/QtTest/QTestDelayEvent
-- Installing: install/qt/include/QtTest/QTestEvent
-- Installing: install/qt/include/QtTest/QTestEventList
-- Installing: install/qt/include/QtTest/QTestEventLoop
-- Installing: install/qt/include/QtTest/QTestKeyClicksEvent
-- Installing: install/qt/include/QtTest/QTestKeyEvent
-- Installing: install/qt/include/QtTest/QTestMouseEvent
-- Installing: install/qt/include/QtTest/QtCoverageScanner
-- Installing: install/qt/include/QtTest/QtTest
-- Installing: install/qt/include/QtTest/QtTestGui
-- Installing: install/qt/include/QtTest/QtTestNetwork
-- Installing: install/qt/include/QtTest/QtTestVersion
-- Installing: install/qt/include/QtTest/QtTestWidgets
-- Installing: install/qt/include/QtTest/qttestversion.h
-- Installing: install/qt/include/QtTest/qttestexports.h
-- Installing: install/qt/include/QtTest/qbenchmark.h
-- Installing: install/qt/include/QtTest/qbenchmarkmetric.h
-- Installing: install/qt/include/QtTest/qsignalspy.h
-- Installing: install/qt/include/QtTest/qtest.h
-- Installing: install/qt/include/QtTest/qtest_gui.h
-- Installing: install/qt/include/QtTest/qtest_network.h
-- Installing: install/qt/include/QtTest/qtest_widgets.h
-- Installing: install/qt/include/QtTest/qtestaccessible.h
-- Installing: install/qt/include/QtTest/qtestassert.h
-- Installing: install/qt/include/QtTest/qtestcase.h
-- Installing: install/qt/include/QtTest/qtestdata.h
-- Installing: install/qt/include/QtTest/qtestevent.h
-- Installing: install/qt/include/QtTest/qtesteventloop.h
-- Installing: install/qt/include/QtTest/qtestkeyboard.h
-- Installing: install/qt/include/QtTest/qtestmouse.h
-- Installing: install/qt/include/QtTest/qtestspontaneevent.h
-- Installing: install/qt/include/QtTest/qtestsystem.h
-- Installing: install/qt/include/QtTest/qtesttouch.h
-- Installing: install/qt/include/QtTest/qtesttostring.h
-- Installing: install/qt/include/QtTest/qtestwheel.h
-- Installing: install/qt/include/QtTest/qttestglobal.h
-- Installing: install/qt/include/QtTest/qttestlib-config.h
-- Installing: install/qt/include/QtTest/qabstractitemmodeltester.h
-- Installing: install/qt/include/QtTest/QtTestDepends
-- Installing: install/qt/include/QtTest/6.8.3/QtTest/private/cycle_p.h
-- Installing: install/qt/include/QtTest/6.8.3/QtTest/private/catch_p.h
-- Installing: install/qt/include/QtTest/6.8.3/QtTest/private/qabstracttestlogger_p.h
-- Installing: install/qt/include/QtTest/6.8.3/QtTest/private/qbenchmark_p.h
-- Installing: install/qt/include/QtTest/6.8.3/QtTest/private/qbenchmarkevent_p.h
-- Installing: install/qt/include/QtTest/6.8.3/QtTest/private/qbenchmarkmeasurement_p.h
-- Installing: install/qt/include/QtTest/6.8.3/QtTest/private/qbenchmarkmetric_p.h
-- Installing: install/qt/include/QtTest/6.8.3/QtTest/private/qbenchmarkperfevents_p.h
-- Installing: install/qt/include/QtTest/6.8.3/QtTest/private/qbenchmarktimemeasurers_p.h
-- Installing: install/qt/include/QtTest/6.8.3/QtTest/private/qcomparisontesthelper_p.h
-- Installing: install/qt/include/QtTest/6.8.3/QtTest/private/qcsvbenchmarklogger_p.h
-- Installing: install/qt/include/QtTest/6.8.3/QtTest/private/qemulationdetector_p.h
-- Installing: install/qt/include/QtTest/6.8.3/QtTest/private/qjunittestlogger_p.h
-- Installing: install/qt/include/QtTest/6.8.3/QtTest/private/qplaintestlogger_p.h
-- Installing: install/qt/include/QtTest/6.8.3/QtTest/private/qpropertytesthelper_p.h
-- Installing: install/qt/include/QtTest/6.8.3/QtTest/private/qsignaldumper_p.h
-- Installing: install/qt/include/QtTest/6.8.3/QtTest/private/qtaptestlogger_p.h
-- Installing: install/qt/include/QtTest/6.8.3/QtTest/private/qteamcitylogger_p.h
-- Installing: install/qt/include/QtTest/6.8.3/QtTest/private/qtestblacklist_p.h
-- Installing: install/qt/include/QtTest/6.8.3/QtTest/private/qtestcase_p.h
-- Installing: install/qt/include/QtTest/6.8.3/QtTest/private/qtestcoreelement_p.h
-- Installing: install/qt/include/QtTest/6.8.3/QtTest/private/qtestcrashhandler_p.h
-- Installing: install/qt/include/QtTest/6.8.3/QtTest/private/qtestelement_p.h
-- Installing: install/qt/include/QtTest/6.8.3/QtTest/private/qtestelementattribute_p.h
-- Installing: install/qt/include/QtTest/6.8.3/QtTest/private/qtesthelpers_p.h
-- Installing: install/qt/include/QtTest/6.8.3/QtTest/private/qtestjunitstreamer_p.h
-- Installing: install/qt/include/QtTest/6.8.3/QtTest/private/qtestlog_p.h
-- Installing: install/qt/include/QtTest/6.8.3/QtTest/private/qtestresult_p.h
-- Installing: install/qt/include/QtTest/6.8.3/QtTest/private/qtesttable_p.h
-- Installing: install/qt/include/QtTest/6.8.3/QtTest/private/qxmltestlogger_p.h
-- Installing: install/qt/include/QtTest/6.8.3/QtTest/private/qttestlib-config_p.h
-- Installing: install/qt/mkspecs/modules/qt_lib_testlib.pri
-- Installing: install/qt/mkspecs/modules/qt_lib_testlib_private.pri
-- Installing: install/qt/metatypes/qt6printsupport_relwithdebinfo_metatypes.json
-- Installing: install/qt/lib/cmake/Qt6PrintSupport/Qt6PrintSupportConfig.cmake
-- Installing: install/qt/lib/cmake/Qt6PrintSupport/Qt6PrintSupportConfigVersion.cmake
-- Installing: install/qt/lib/cmake/Qt6PrintSupport/Qt6PrintSupportConfigVersionImpl.cmake
-- Installing: install/qt/lib/libQt6PrintSupport.lib.so
-- Installing: install/qt/lib/cmake/Qt6PrintSupport/Qt6PrintSupportTargets.cmake
-- Installing: install/qt/lib/cmake/Qt6PrintSupport/Qt6PrintSupportTargets-relwithdebinfo.cmake
-- Installing: install/qt/lib/cmake/Qt6PrintSupport/Qt6PrintSupportVersionlessAliasTargets.cmake
-- Installing: install/qt/lib/cmake/Qt6PrintSupport/Qt6PrintSupportVersionlessTargets.cmake
-- Installing: install/qt/modules/PrintSupport.json
-- Installing: install/qt/lib/cmake/Qt6PrintSupport/Qt6PrintSupportAdditionalTargetInfo.cmake
-- Installing: install/qt/include/QtPrintSupport
-- Installing: install/qt/include/QtPrintSupport/QAbstractPrintDialog
-- Installing: install/qt/include/QtPrintSupport/QPageSetupDialog
-- Installing: install/qt/include/QtPrintSupport/QPrintDialog
-- Installing: install/qt/include/QtPrintSupport/QPrintEngine
-- Installing: install/qt/include/QtPrintSupport/QPrintPreviewDialog
-- Installing: install/qt/include/QtPrintSupport/QPrintPreviewWidget
-- Installing: install/qt/include/QtPrintSupport/QPrinter
-- Installing: install/qt/include/QtPrintSupport/QPrinterInfo
-- Installing: install/qt/include/QtPrintSupport/QtPrintSupport
-- Installing: install/qt/include/QtPrintSupport/QtPrintSupportVersion
-- Installing: install/qt/include/QtPrintSupport/qtprintsupportversion.h
-- Installing: install/qt/include/QtPrintSupport/qtprintsupportexports.h
-- Installing: install/qt/include/QtPrintSupport/qprintengine.h
-- Installing: install/qt/include/QtPrintSupport/qprinter.h
-- Installing: install/qt/include/QtPrintSupport/qprinterinfo.h
-- Installing: install/qt/include/QtPrintSupport/qtprintsupportglobal.h
-- Installing: install/qt/include/QtPrintSupport/qtprintsupport-config.h
-- Installing: install/qt/include/QtPrintSupport/qprintpreviewwidget.h
-- Installing: install/qt/include/QtPrintSupport/qabstractprintdialog.h
-- Installing: install/qt/include/QtPrintSupport/qpagesetupdialog.h
-- Installing: install/qt/include/QtPrintSupport/qprintdialog.h
-- Installing: install/qt/include/QtPrintSupport/qprintpreviewdialog.h
-- Installing: install/qt/include/QtPrintSupport/QtPrintSupportDepends
-- Installing: install/qt/include/QtPrintSupport/6.8.3/QtPrintSupport/private/qpaintengine_alpha_p.h
-- Installing: install/qt/include/QtPrintSupport/6.8.3/QtPrintSupport/private/qprint_p.h
-- Installing: install/qt/include/QtPrintSupport/6.8.3/QtPrintSupport/private/qprintdevice_p.h
-- Installing: install/qt/include/QtPrintSupport/6.8.3/QtPrintSupport/private/qprintengine_pdf_p.h
-- Installing: install/qt/include/QtPrintSupport/6.8.3/QtPrintSupport/private/qprinter_p.h
-- Installing: install/qt/include/QtPrintSupport/6.8.3/QtPrintSupport/private/qprinterinfo_p.h
-- Installing: install/qt/include/QtPrintSupport/6.8.3/QtPrintSupport/private/qtprintsupportglobal_p.h
-- Installing: install/qt/include/QtPrintSupport/6.8.3/QtPrintSupport/private/qtprintsupport-config_p.h
-- Installing: install/qt/include/QtPrintSupport/6.8.3/QtPrintSupport/private/qpaintengine_preview_p.h
-- Installing: install/qt/include/QtPrintSupport/6.8.3/QtPrintSupport/private/qabstractprintdialog_p.h
-- Installing: install/qt/include/QtPrintSupport/6.8.3/QtPrintSupport/private/qpagesetupdialog_p.h
-- Installing: install/qt/include/QtPrintSupport/6.8.3/QtPrintSupport/private/qpagesetupdialog_unix_p.h
-- Installing: install/qt/include/QtPrintSupport/6.8.3/QtPrintSupport/qpa/qplatformprintdevice.h
-- Installing: install/qt/include/QtPrintSupport/6.8.3/QtPrintSupport/qpa/qplatformprintersupport.h
-- Installing: install/qt/include/QtPrintSupport/6.8.3/QtPrintSupport/qpa/qplatformprintplugin.h
-- Installing: install/qt/mkspecs/modules/qt_lib_printsupport.pri
-- Installing: install/qt/mkspecs/modules/qt_lib_printsupport_private.pri
-- Installing: install/qt/lib/cmake/Qt6Sql/Qt6QSQLiteDriverPluginConfig.cmake
-- Installing: install/qt/lib/cmake/Qt6Sql/Qt6QSQLiteDriverPluginConfigVersion.cmake
-- Installing: install/qt/lib/cmake/Qt6Sql/Qt6QSQLiteDriverPluginConfigVersionImpl.cmake
-- Installing: install/qt/plugins/sqldrivers/libqsqlite.lib.so
-- Installing: install/qt/lib/cmake/Qt6Sql/Qt6QSQLiteDriverPluginTargets.cmake
-- Installing: install/qt/lib/cmake/Qt6Sql/Qt6QSQLiteDriverPluginTargets-relwithdebinfo.cmake
-- Installing: install/qt/lib/cmake/Qt6Sql/Qt6QSQLiteDriverPluginAdditionalTargetInfo.cmake
-- Installing: install/qt/lib/cmake/Qt6Gui/Qt6QGenodeIntegrationPluginConfig.cmake
-- Installing: install/qt/lib/cmake/Qt6Gui/Qt6QGenodeIntegrationPluginConfigVersion.cmake
-- Installing: install/qt/lib/cmake/Qt6Gui/Qt6QGenodeIntegrationPluginConfigVersionImpl.cmake
-- Installing: install/qt/plugins/platforms/libqgenode.lib.so
-- Installing: install/qt/lib/cmake/Qt6Gui/Qt6QGenodeIntegrationPluginTargets.cmake
-- Installing: install/qt/lib/cmake/Qt6Gui/Qt6QGenodeIntegrationPluginTargets-relwithdebinfo.cmake
-- Installing: install/qt/lib/cmake/Qt6Gui/Qt6QGenodeIntegrationPluginAdditionalTargetInfo.cmake
-- Installing: install/qt/lib/cmake/Qt6Gui/Qt6QICOPluginConfig.cmake
-- Installing: install/qt/lib/cmake/Qt6Gui/Qt6QICOPluginConfigVersion.cmake
-- Installing: install/qt/lib/cmake/Qt6Gui/Qt6QICOPluginConfigVersionImpl.cmake
-- Installing: install/qt/plugins/imageformats/libqico.lib.so
-- Installing: install/qt/lib/cmake/Qt6Gui/Qt6QICOPluginTargets.cmake
-- Installing: install/qt/lib/cmake/Qt6Gui/Qt6QICOPluginTargets-relwithdebinfo.cmake
-- Installing: install/qt/lib/cmake/Qt6Gui/Qt6QICOPluginAdditionalTargetInfo.cmake
-- Installing: install/qt/lib/cmake/Qt6Gui/Qt6QJpegPluginConfig.cmake
-- Installing: install/qt/lib/cmake/Qt6Gui/Qt6QJpegPluginConfigVersion.cmake
-- Installing: install/qt/lib/cmake/Qt6Gui/Qt6QJpegPluginConfigVersionImpl.cmake
-- Installing: install/qt/plugins/imageformats/libqjpeg.lib.so
-- Installing: install/qt/lib/cmake/Qt6Gui/Qt6QJpegPluginTargets.cmake
-- Installing: install/qt/lib/cmake/Qt6Gui/Qt6QJpegPluginTargets-relwithdebinfo.cmake
-- Installing: install/qt/lib/cmake/Qt6Gui/Qt6QJpegPluginAdditionalTargetInfo.cmake
-- Installing: install/qt/lib/cmake/Qt6Gui/Qt6QGifPluginConfig.cmake
-- Installing: install/qt/lib/cmake/Qt6Gui/Qt6QGifPluginConfigVersion.cmake
-- Installing: install/qt/lib/cmake/Qt6Gui/Qt6QGifPluginConfigVersionImpl.cmake
-- Installing: install/qt/plugins/imageformats/libqgif.lib.so
-- Installing: install/qt/lib/cmake/Qt6Gui/Qt6QGifPluginTargets.cmake
-- Installing: install/qt/lib/cmake/Qt6Gui/Qt6QGifPluginTargets-relwithdebinfo.cmake
-- Installing: install/qt/lib/cmake/Qt6Gui/Qt6QGifPluginAdditionalTargetInfo.cmake
-- Installing: install/qt/lib/cmake/Qt6Gui/Qt6QTuioTouchPluginConfig.cmake
-- Installing: install/qt/lib/cmake/Qt6Gui/Qt6QTuioTouchPluginConfigVersion.cmake
-- Installing: install/qt/lib/cmake/Qt6Gui/Qt6QTuioTouchPluginConfigVersionImpl.cmake
-- Installing: install/qt/plugins/generic/libqtuiotouchplugin.lib.so
-- Installing: install/qt/lib/cmake/Qt6Gui/Qt6QTuioTouchPluginTargets.cmake
-- Installing: install/qt/lib/cmake/Qt6Gui/Qt6QTuioTouchPluginTargets-relwithdebinfo.cmake
-- Installing: install/qt/lib/cmake/Qt6Gui/Qt6QTuioTouchPluginAdditionalTargetInfo.cmake
-- Installing: install/qt/lib/cmake/Qt6Network/Qt6QTlsBackendCertOnlyPluginConfig.cmake
-- Installing: install/qt/lib/cmake/Qt6Network/Qt6QTlsBackendCertOnlyPluginConfigVersion.cmake
-- Installing: install/qt/lib/cmake/Qt6Network/Qt6QTlsBackendCertOnlyPluginConfigVersionImpl.cmake
-- Installing: install/qt/plugins/tls/libqcertonlybackend.lib.so
-- Installing: install/qt/lib/cmake/Qt6Network/Qt6QTlsBackendCertOnlyPluginTargets.cmake
-- Installing: install/qt/lib/cmake/Qt6Network/Qt6QTlsBackendCertOnlyPluginTargets-relwithdebinfo.cmake
-- Installing: install/qt/lib/cmake/Qt6Network/Qt6QTlsBackendCertOnlyPluginAdditionalTargetInfo.cmake
-- Installing: install/qt/mkspecs/REUSE.toml
-- Installing: install/qt/mkspecs/aix-g++
-- Installing: install/qt/mkspecs/aix-g++/qmake.conf
-- Installing: install/qt/mkspecs/aix-g++/qplatformdefs.h
-- Installing: install/qt/mkspecs/aix-g++-64
-- Installing: install/qt/mkspecs/aix-g++-64/qmake.conf
-- Installing: install/qt/mkspecs/aix-g++-64/qplatformdefs.h
-- Installing: install/qt/mkspecs/android-clang
-- Installing: install/qt/mkspecs/android-clang/qmake.conf
-- Installing: install/qt/mkspecs/android-clang/qplatformdefs.h
-- Installing: install/qt/mkspecs/common
-- Installing: install/qt/mkspecs/common/aix
-- Installing: install/qt/mkspecs/common/aix/qplatformdefs.h
-- Installing: install/qt/mkspecs/common/android
-- Installing: install/qt/mkspecs/common/android/qplatformdefs.h
-- Installing: install/qt/mkspecs/common/bsd
-- Installing: install/qt/mkspecs/common/bsd/bsd.conf
-- Installing: install/qt/mkspecs/common/bsd/qplatformdefs.h
-- Installing: install/qt/mkspecs/common/c89
-- Installing: install/qt/mkspecs/common/c89/qplatformdefs.h
-- Installing: install/qt/mkspecs/common/clang-mac.conf
-- Installing: install/qt/mkspecs/common/clang.conf
-- Installing: install/qt/mkspecs/common/g++-base.conf
-- Installing: install/qt/mkspecs/common/g++-macx.conf
-- Installing: install/qt/mkspecs/common/g++-unix.conf
-- Installing: install/qt/mkspecs/common/g++-win32.conf
-- Installing: install/qt/mkspecs/common/g++.conf
-- Installing: install/qt/mkspecs/common/gcc-base-mac.conf
-- Installing: install/qt/mkspecs/common/gcc-base-unix.conf
-- Installing: install/qt/mkspecs/common/gcc-base.conf
-- Installing: install/qt/mkspecs/common/genode.conf
-- Installing: install/qt/mkspecs/common/ghs-base.conf
-- Installing: install/qt/mkspecs/common/ghs-integrity-armv7.conf
-- Installing: install/qt/mkspecs/common/ghs-integrity-armv8.conf
-- Installing: install/qt/mkspecs/common/ghs-integrity-x86.conf
-- Installing: install/qt/mkspecs/common/icc-base-unix.conf
-- Installing: install/qt/mkspecs/common/integrity
-- Installing: install/qt/mkspecs/common/integrity/qplatformdefs.h
-- Installing: install/qt/mkspecs/common/ios.conf
-- Installing: install/qt/mkspecs/common/linux.conf
-- Installing: install/qt/mkspecs/common/llvm.conf
-- Installing: install/qt/mkspecs/common/mac.conf
-- Installing: install/qt/mkspecs/common/mac
-- Installing: install/qt/mkspecs/common/mac/qplatformdefs.h
-- Installing: install/qt/mkspecs/common/macx.conf
-- Installing: install/qt/mkspecs/common/msvc-based-version.conf
-- Installing: install/qt/mkspecs/common/msvc-desktop.conf
-- Installing: install/qt/mkspecs/common/msvc-version.conf
-- Installing: install/qt/mkspecs/common/posix
-- Installing: install/qt/mkspecs/common/posix/qplatformdefs.h
-- Installing: install/qt/mkspecs/common/qcc-base-qnx-aarch64le.conf
-- Installing: install/qt/mkspecs/common/qcc-base-qnx-armle-v7.conf
-- Installing: install/qt/mkspecs/common/qcc-base-qnx-x86-64.conf
-- Installing: install/qt/mkspecs/common/qcc-base-qnx-x86.conf
-- Installing: install/qt/mkspecs/common/qcc-base-qnx.conf
-- Installing: install/qt/mkspecs/common/qcc-base.conf
-- Installing: install/qt/mkspecs/common/qnx
-- Installing: install/qt/mkspecs/common/qnx/qplatformdefs.h
-- Installing: install/qt/mkspecs/common/rtems-base.conf
-- Installing: install/qt/mkspecs/common/rtems
-- Installing: install/qt/mkspecs/common/rtems/qplatformdefs.h
-- Installing: install/qt/mkspecs/common/sanitize.conf
-- Installing: install/qt/mkspecs/common/shell-unix.conf
-- Installing: install/qt/mkspecs/common/shell-win32.conf
-- Installing: install/qt/mkspecs/common/solaris.conf
-- Installing: install/qt/mkspecs/common/tvos.conf
-- Installing: install/qt/mkspecs/common/uikit.conf
-- Installing: install/qt/mkspecs/common/uikit
-- Installing: install/qt/mkspecs/common/uikit/GLES2
-- Installing: install/qt/mkspecs/common/uikit/GLES2/gl2.h
-- Installing: install/qt/mkspecs/common/uikit/clang.conf
-- Installing: install/qt/mkspecs/common/uikit/qmake.conf
-- Installing: install/qt/mkspecs/common/unix.conf
-- Installing: install/qt/mkspecs/common/vxworks
-- Installing: install/qt/mkspecs/common/vxworks/qplatformdefs.h
-- Installing: install/qt/mkspecs/common/wasm
-- Installing: install/qt/mkspecs/common/wasm/qplatformdefs.h
-- Installing: install/qt/mkspecs/common/wasm/wasm.conf
-- Installing: install/qt/mkspecs/common/watchos.conf
-- Installing: install/qt/mkspecs/common/windows-desktop.conf
-- Installing: install/qt/mkspecs/common/windows-vulkan.conf
-- Installing: install/qt/mkspecs/cygwin-g++
-- Installing: install/qt/mkspecs/cygwin-g++/qmake.conf
-- Installing: install/qt/mkspecs/cygwin-g++/qplatformdefs.h
-- Installing: install/qt/mkspecs/darwin-g++
-- Installing: install/qt/mkspecs/darwin-g++/qmake.conf
-- Installing: install/qt/mkspecs/darwin-g++/qplatformdefs.h
-- Installing: install/qt/mkspecs/devices
-- Installing: install/qt/mkspecs/devices/common
-- Installing: install/qt/mkspecs/devices/common/freebsd_device_post.conf
-- Installing: install/qt/mkspecs/devices/common/freebsd_device_pre.conf
-- Installing: install/qt/mkspecs/devices/common/linux_arm_device_post.conf
-- Installing: install/qt/mkspecs/devices/common/linux_device_post.conf
-- Installing: install/qt/mkspecs/devices/common/linux_device_pre.conf
-- Installing: install/qt/mkspecs/devices/freebsd-generic-clang
-- Installing: install/qt/mkspecs/devices/freebsd-generic-clang/qmake.conf
-- Installing: install/qt/mkspecs/devices/freebsd-generic-clang/qplatformdefs.h
-- Installing: install/qt/mkspecs/devices/freebsd-rasp-pi-clang
-- Installing: install/qt/mkspecs/devices/freebsd-rasp-pi-clang/qmake.conf
-- Installing: install/qt/mkspecs/devices/freebsd-rasp-pi-clang/qplatformdefs.h
-- Installing: install/qt/mkspecs/devices/integrity-armv8-SA8155P
-- Installing: install/qt/mkspecs/devices/integrity-armv8-SA8155P/qmake.conf
-- Installing: install/qt/mkspecs/devices/integrity-armv8-SA8155P/qplatformdefs.h
-- Installing: install/qt/mkspecs/devices/integrity-armv8-drive-cx
-- Installing: install/qt/mkspecs/devices/integrity-armv8-drive-cx/qmake.conf
-- Installing: install/qt/mkspecs/devices/integrity-armv8-drive-cx/qplatformdefs.h
-- Installing: install/qt/mkspecs/devices/integrity-armv8-msm8996au
-- Installing: install/qt/mkspecs/devices/integrity-armv8-msm8996au/qmake.conf
-- Installing: install/qt/mkspecs/devices/integrity-armv8-msm8996au/qplatformdefs.h
-- Installing: install/qt/mkspecs/devices/linux-archos-gen8-g++
-- Installing: install/qt/mkspecs/devices/linux-archos-gen8-g++/qmake.conf
-- Installing: install/qt/mkspecs/devices/linux-archos-gen8-g++/qplatformdefs.h
-- Installing: install/qt/mkspecs/devices/linux-arm-amlogic-8726M-g++
-- Installing: install/qt/mkspecs/devices/linux-arm-amlogic-8726M-g++/qeglfshooks_8726m.cpp
-- Installing: install/qt/mkspecs/devices/linux-arm-amlogic-8726M-g++/qmake.conf
-- Installing: install/qt/mkspecs/devices/linux-arm-amlogic-8726M-g++/qplatformdefs.h
-- Installing: install/qt/mkspecs/devices/linux-arm-generic-g++
-- Installing: install/qt/mkspecs/devices/linux-arm-generic-g++/qmake.conf
-- Installing: install/qt/mkspecs/devices/linux-arm-generic-g++/qplatformdefs.h
-- Installing: install/qt/mkspecs/devices/linux-arm-hisilicon-hix5hd2-g++
-- Installing: install/qt/mkspecs/devices/linux-arm-hisilicon-hix5hd2-g++/qmake.conf
-- Installing: install/qt/mkspecs/devices/linux-arm-hisilicon-hix5hd2-g++/qplatformdefs.h
-- Installing: install/qt/mkspecs/devices/linux-arm-trident-pnx8473-g++
-- Installing: install/qt/mkspecs/devices/linux-arm-trident-pnx8473-g++/qmake.conf
-- Installing: install/qt/mkspecs/devices/linux-arm-trident-pnx8473-g++/qplatformdefs.h
-- Installing: install/qt/mkspecs/devices/linux-beagleboard-g++
-- Installing: install/qt/mkspecs/devices/linux-beagleboard-g++/qmake.conf
-- Installing: install/qt/mkspecs/devices/linux-beagleboard-g++/qplatformdefs.h
-- Installing: install/qt/mkspecs/devices/linux-colibri-vf-g++
-- Installing: install/qt/mkspecs/devices/linux-colibri-vf-g++/qmake.conf
-- Installing: install/qt/mkspecs/devices/linux-colibri-vf-g++/qplatformdefs.h
-- Installing: install/qt/mkspecs/devices/linux-drive-cx-g++
-- Installing: install/qt/mkspecs/devices/linux-drive-cx-g++/qmake.conf
-- Installing: install/qt/mkspecs/devices/linux-drive-cx-g++/qplatformdefs.h
-- Installing: install/qt/mkspecs/devices/linux-emu-g++
-- Installing: install/qt/mkspecs/devices/linux-emu-g++/qmake.conf
-- Installing: install/qt/mkspecs/devices/linux-emu-g++/qplatformdefs.h
-- Installing: install/qt/mkspecs/devices/linux-generic-g++
-- Installing: install/qt/mkspecs/devices/linux-generic-g++/qmake.conf
-- Installing: install/qt/mkspecs/devices/linux-generic-g++/qplatformdefs.h
-- Installing: install/qt/mkspecs/devices/linux-imx53qsb-g++
-- Installing: install/qt/mkspecs/devices/linux-imx53qsb-g++/qmake.conf
-- Installing: install/qt/mkspecs/devices/linux-imx53qsb-g++/qplatformdefs.h
-- Installing: install/qt/mkspecs/devices/linux-imx6-g++
-- Installing: install/qt/mkspecs/devices/linux-imx6-g++/qmake.conf
-- Installing: install/qt/mkspecs/devices/linux-imx6-g++/qplatformdefs.h
-- Installing: install/qt/mkspecs/devices/linux-imx7-g++
-- Installing: install/qt/mkspecs/devices/linux-imx7-g++/qmake.conf
-- Installing: install/qt/mkspecs/devices/linux-imx7-g++/qplatformdefs.h
-- Installing: install/qt/mkspecs/devices/linux-imx8-g++
-- Installing: install/qt/mkspecs/devices/linux-imx8-g++/qmake.conf
-- Installing: install/qt/mkspecs/devices/linux-imx8-g++/qplatformdefs.h
-- Installing: install/qt/mkspecs/devices/linux-jetson-tk1-g++
-- Installing: install/qt/mkspecs/devices/linux-jetson-tk1-g++/qmake.conf
-- Installing: install/qt/mkspecs/devices/linux-jetson-tk1-g++/qplatformdefs.h
-- Installing: install/qt/mkspecs/devices/linux-jetson-tk1-pro-g++
-- Installing: install/qt/mkspecs/devices/linux-jetson-tk1-pro-g++/qmake.conf
-- Installing: install/qt/mkspecs/devices/linux-jetson-tk1-pro-g++/qplatformdefs.h
-- Installing: install/qt/mkspecs/devices/linux-jetson-tx1-g++
-- Installing: install/qt/mkspecs/devices/linux-jetson-tx1-g++/qmake.conf
-- Installing: install/qt/mkspecs/devices/linux-jetson-tx1-g++/qplatformdefs.h
-- Installing: install/qt/mkspecs/devices/linux-mipsel-broadcom-97425-g++
-- Installing: install/qt/mkspecs/devices/linux-mipsel-broadcom-97425-g++/qdirectfbeglhooks_bcm97425.cpp
-- Installing: install/qt/mkspecs/devices/linux-mipsel-broadcom-97425-g++/qmake.conf
-- Installing: install/qt/mkspecs/devices/linux-mipsel-broadcom-97425-g++/qplatformdefs.h
-- Installing: install/qt/mkspecs/devices/linux-mipsel-ci20-g++
-- Installing: install/qt/mkspecs/devices/linux-mipsel-ci20-g++/qmake.conf
-- Installing: install/qt/mkspecs/devices/linux-mipsel-ci20-g++/qplatformdefs.h
-- Installing: install/qt/mkspecs/devices/linux-nuc-g++
-- Installing: install/qt/mkspecs/devices/linux-nuc-g++/qmake.conf
-- Installing: install/qt/mkspecs/devices/linux-nuc-g++/qplatformdefs.h
-- Installing: install/qt/mkspecs/devices/linux-odroid-xu3-g++
-- Installing: install/qt/mkspecs/devices/linux-odroid-xu3-g++/qmake.conf
-- Installing: install/qt/mkspecs/devices/linux-odroid-xu3-g++/qplatformdefs.h
-- Installing: install/qt/mkspecs/devices/linux-rasp-pi-g++
-- Installing: install/qt/mkspecs/devices/linux-rasp-pi-g++/qmake.conf
-- Installing: install/qt/mkspecs/devices/linux-rasp-pi-g++/qplatformdefs.h
-- Installing: install/qt/mkspecs/devices/linux-rasp-pi2-g++
-- Installing: install/qt/mkspecs/devices/linux-rasp-pi2-g++/qmake.conf
-- Installing: install/qt/mkspecs/devices/linux-rasp-pi2-g++/qplatformdefs.h
-- Installing: install/qt/mkspecs/devices/linux-rasp-pi3-g++
-- Installing: install/qt/mkspecs/devices/linux-rasp-pi3-g++/qmake.conf
-- Installing: install/qt/mkspecs/devices/linux-rasp-pi3-g++/qplatformdefs.h
-- Installing: install/qt/mkspecs/devices/linux-rasp-pi3-vc4-g++
-- Installing: install/qt/mkspecs/devices/linux-rasp-pi3-vc4-g++/qmake.conf
-- Installing: install/qt/mkspecs/devices/linux-rasp-pi3-vc4-g++/qplatformdefs.h
-- Installing: install/qt/mkspecs/devices/linux-rasp-pi4-aarch64
-- Installing: install/qt/mkspecs/devices/linux-rasp-pi4-aarch64/qmake.conf
-- Installing: install/qt/mkspecs/devices/linux-rasp-pi4-aarch64/qplatformdefs.h
-- Installing: install/qt/mkspecs/devices/linux-rasp-pi4-v3d-g++
-- Installing: install/qt/mkspecs/devices/linux-rasp-pi4-v3d-g++/qmake.conf
-- Installing: install/qt/mkspecs/devices/linux-rasp-pi4-v3d-g++/qplatformdefs.h
-- Installing: install/qt/mkspecs/devices/linux-rcar-h2-g++
-- Installing: install/qt/mkspecs/devices/linux-rcar-h2-g++/qmake.conf
-- Installing: install/qt/mkspecs/devices/linux-rcar-h2-g++/qplatformdefs.h
-- Installing: install/qt/mkspecs/devices/linux-rcar-m3-g++
-- Installing: install/qt/mkspecs/devices/linux-rcar-m3-g++/qmake.conf
-- Installing: install/qt/mkspecs/devices/linux-rcar-m3-g++/qplatformdefs.h
-- Installing: install/qt/mkspecs/devices/linux-sh4-stmicro-ST7108-g++
-- Installing: install/qt/mkspecs/devices/linux-sh4-stmicro-ST7108-g++/qmake.conf
-- Installing: install/qt/mkspecs/devices/linux-sh4-stmicro-ST7108-g++/qplatformdefs.h
-- Installing: install/qt/mkspecs/devices/linux-sh4-stmicro-ST7540-g++
-- Installing: install/qt/mkspecs/devices/linux-sh4-stmicro-ST7540-g++/qmake.conf
-- Installing: install/qt/mkspecs/devices/linux-sh4-stmicro-ST7540-g++/qplatformdefs.h
-- Installing: install/qt/mkspecs/devices/linux-snowball-g++
-- Installing: install/qt/mkspecs/devices/linux-snowball-g++/qmake.conf
-- Installing: install/qt/mkspecs/devices/linux-snowball-g++/qplatformdefs.h
-- Installing: install/qt/mkspecs/devices/linux-tegra2-g++
-- Installing: install/qt/mkspecs/devices/linux-tegra2-g++/qmake.conf
-- Installing: install/qt/mkspecs/devices/linux-tegra2-g++/qplatformdefs.h
-- Installing: install/qt/mkspecs/devices/linux-tinkerboard-g++
-- Installing: install/qt/mkspecs/devices/linux-tinkerboard-g++/qmake.conf
-- Installing: install/qt/mkspecs/devices/linux-tinkerboard-g++/qplatformdefs.h
-- Installing: install/qt/mkspecs/dummy
-- Installing: install/qt/mkspecs/dummy/qmake.conf
-- Installing: install/qt/mkspecs/features
-- Installing: install/qt/mkspecs/features/android
-- Installing: install/qt/mkspecs/features/android/android.prf
-- Installing: install/qt/mkspecs/features/android/android_deployment_settings.prf
-- Installing: install/qt/mkspecs/features/android/default_pre.prf
-- Installing: install/qt/mkspecs/features/android/resolve_config.prf
-- Installing: install/qt/mkspecs/features/android/resolve_target.prf
-- Installing: install/qt/mkspecs/features/android/sdk.prf
-- Installing: install/qt/mkspecs/features/android/spec_post.prf
-- Installing: install/qt/mkspecs/features/benchmark.prf
-- Installing: install/qt/mkspecs/features/build_pass.prf
-- Installing: install/qt/mkspecs/features/cmake_functions.prf
-- Installing: install/qt/mkspecs/features/cmdline.prf
-- Installing: install/qt/mkspecs/features/configure.prf
-- Installing: install/qt/mkspecs/features/configure_base.prf
-- Installing: install/qt/mkspecs/features/coverage.prf
-- Installing: install/qt/mkspecs/features/create_cmake.prf
-- Installing: install/qt/mkspecs/features/ctest_testcase.prf
-- Installing: install/qt/mkspecs/features/ctest_testcase_common.prf
-- Installing: install/qt/mkspecs/features/ctest_testcase_installed.prf
-- Installing: install/qt/mkspecs/features/data
-- Installing: install/qt/mkspecs/features/data/configure.json
-- Installing: install/qt/mkspecs/features/data/dummy.cpp
-- Installing: install/qt/mkspecs/features/data/dumpvcvars.bat
-- Installing: install/qt/mkspecs/features/data/macros.cpp
-- Installing: install/qt/mkspecs/features/data/testserver
-- Installing: install/qt/mkspecs/features/data/testserver/Dockerfile
-- Installing: install/qt/mkspecs/features/data/testserver/docker-compose-common.yml
-- Installing: install/qt/mkspecs/features/dbusadaptors.prf
-- Installing: install/qt/mkspecs/features/dbuscommon.pri
-- Installing: install/qt/mkspecs/features/dbusinterfaces.prf
-- Installing: install/qt/mkspecs/features/declarative_debug.prf
-- Installing: install/qt/mkspecs/features/default_post.prf
-- Installing: install/qt/mkspecs/features/default_pre.prf
-- Installing: install/qt/mkspecs/features/designer_defines.prf
-- Installing: install/qt/mkspecs/features/device_config.prf
-- Installing: install/qt/mkspecs/features/egl.prf
-- Installing: install/qt/mkspecs/features/exceptions.prf
-- Installing: install/qt/mkspecs/features/exceptions_off.prf
-- Installing: install/qt/mkspecs/features/exclusive_builds.prf
-- Installing: install/qt/mkspecs/features/exclusive_builds_post.prf
-- Installing: install/qt/mkspecs/features/file_copies.prf
-- Installing: install/qt/mkspecs/features/gc_binaries.prf
-- Installing: install/qt/mkspecs/features/gcov.prf
-- Installing: install/qt/mkspecs/features/include_source_dir.prf
-- Installing: install/qt/mkspecs/features/incredibuild_xge.prf
-- Installing: install/qt/mkspecs/features/java.prf
-- Installing: install/qt/mkspecs/features/lex.prf
-- Installing: install/qt/mkspecs/features/link_ltcg.prf
-- Installing: install/qt/mkspecs/features/link_pkgconfig.prf
-- Installing: install/qt/mkspecs/features/lrelease.prf
-- Installing: install/qt/mkspecs/features/ltcg.prf
-- Installing: install/qt/mkspecs/features/mac
-- Installing: install/qt/mkspecs/features/mac/asset_catalogs.prf
-- Installing: install/qt/mkspecs/features/mac/default_post.prf
-- Installing: install/qt/mkspecs/features/mac/default_pre.prf
-- Installing: install/qt/mkspecs/features/mac/mac.prf
-- Installing: install/qt/mkspecs/features/mac/no_warn_empty_obj_files.prf
-- Installing: install/qt/mkspecs/features/mac/objective_c.prf
-- Installing: install/qt/mkspecs/features/mac/rez.prf
-- Installing: install/qt/mkspecs/features/mac/sdk.mk
-- Installing: install/qt/mkspecs/features/mac/sdk.prf
-- Installing: install/qt/mkspecs/features/mac/toolchain.prf
-- Installing: install/qt/mkspecs/features/mac/unsupported
-- Installing: install/qt/mkspecs/features/mac/unsupported/objc_namespace.prf
-- Installing: install/qt/mkspecs/features/metatypes.prf
-- Installing: install/qt/mkspecs/features/moc.prf
-- Installing: install/qt/mkspecs/features/no_debug_info.prf
-- Installing: install/qt/mkspecs/features/permissions.prf
-- Installing: install/qt/mkspecs/features/plugin_bundle.prf
-- Installing: install/qt/mkspecs/features/precompile_header.prf
-- Installing: install/qt/mkspecs/features/qgltf.prf
-- Installing: install/qt/mkspecs/features/qlalr.prf
-- Installing: install/qt/mkspecs/features/qmake_use.prf
-- Installing: install/qt/mkspecs/features/qml_debug.prf
-- Installing: install/qt/mkspecs/features/qml_module.prf
-- Installing: install/qt/mkspecs/features/qml_plugin.prf
-- Installing: install/qt/mkspecs/features/qmltestcase.prf
-- Installing: install/qt/mkspecs/features/qt.prf
-- Installing: install/qt/mkspecs/features/qt_config.prf
-- Installing: install/qt/mkspecs/features/qt_functions.prf
-- Installing: install/qt/mkspecs/features/resolve_config.prf
-- Installing: install/qt/mkspecs/features/resolve_target.prf
-- Installing: install/qt/mkspecs/features/resources.prf
-- Installing: install/qt/mkspecs/features/resources_functions.prf
-- Installing: install/qt/mkspecs/features/rtti.prf
-- Installing: install/qt/mkspecs/features/rtti_off.prf
-- Installing: install/qt/mkspecs/features/sanitizer.prf
-- Installing: install/qt/mkspecs/features/silent.prf
-- Installing: install/qt/mkspecs/features/simd.prf
-- Installing: install/qt/mkspecs/features/spec_post.prf
-- Installing: install/qt/mkspecs/features/spec_pre.prf
-- Installing: install/qt/mkspecs/features/static_runtime.prf
-- Installing: install/qt/mkspecs/features/testcase.prf
-- Installing: install/qt/mkspecs/features/testcase_targets.prf
-- Installing: install/qt/mkspecs/features/testcocoon.prf
-- Installing: install/qt/mkspecs/features/testlib_defines.prf
-- Installing: install/qt/mkspecs/features/toolchain.prf
-- Installing: install/qt/mkspecs/features/uic.prf
-- Installing: install/qt/mkspecs/features/uikit
-- Installing: install/qt/mkspecs/features/uikit/bitcode.prf
-- Installing: install/qt/mkspecs/features/uikit/default_post.prf
-- Installing: install/qt/mkspecs/features/uikit/default_pre.prf
-- Installing: install/qt/mkspecs/features/uikit/device_destinations.sh
-- Installing: install/qt/mkspecs/features/uikit/devices.py
-- Installing: install/qt/mkspecs/features/uikit/exclusive_builds_post.prf
-- Installing: install/qt/mkspecs/features/uikit/gc_binaries.prf
-- Installing: install/qt/mkspecs/features/uikit/resolve_config.prf
-- Installing: install/qt/mkspecs/features/uikit/sdk.prf
-- Installing: install/qt/mkspecs/features/uikit/testcase.prf
-- Installing: install/qt/mkspecs/features/uikit/testcase_targets.prf
-- Installing: install/qt/mkspecs/features/uikit/watchos_coretext.prf
-- Installing: install/qt/mkspecs/features/uikit/xcodebuild.mk
-- Installing: install/qt/mkspecs/features/uikit/xcodebuild.prf
-- Installing: install/qt/mkspecs/features/unix
-- Installing: install/qt/mkspecs/features/unix/bsymbolic_functions.prf
-- Installing: install/qt/mkspecs/features/unix/ccache.prf
-- Installing: install/qt/mkspecs/features/unix/hide_symbols.prf
-- Installing: install/qt/mkspecs/features/unix/largefile.prf
-- Installing: install/qt/mkspecs/features/unix/no_direct_extern_access.prf
-- Installing: install/qt/mkspecs/features/unix/opengl.prf
-- Installing: install/qt/mkspecs/features/unix/separate_debug_info.prf
-- Installing: install/qt/mkspecs/features/unix/thread.prf
-- Installing: install/qt/mkspecs/features/unix/x11.prf
-- Installing: install/qt/mkspecs/features/unix/x11inc.prf
-- Installing: install/qt/mkspecs/features/unix/x11lib.prf
-- Installing: install/qt/mkspecs/features/unix/x11sm.prf
-- Installing: install/qt/mkspecs/features/unsupported
-- Installing: install/qt/mkspecs/features/unsupported/testserver.prf
-- Installing: install/qt/mkspecs/features/use_c_linker.prf
-- Installing: install/qt/mkspecs/features/vxworks.prf
-- Installing: install/qt/mkspecs/features/warn_off.prf
-- Installing: install/qt/mkspecs/features/warn_on.prf
-- Installing: install/qt/mkspecs/features/wasm
-- Installing: install/qt/mkspecs/features/wasm/default_pre.prf
-- Installing: install/qt/mkspecs/features/wasm/emcc_ver.prf
-- Installing: install/qt/mkspecs/features/wasm/wasm.prf
-- Installing: install/qt/mkspecs/features/wayland-scanner.prf
-- Installing: install/qt/mkspecs/features/win32
-- Installing: install/qt/mkspecs/features/win32/console.prf
-- Installing: install/qt/mkspecs/features/win32/default_pre.prf
-- Installing: install/qt/mkspecs/features/win32/dumpcpp.prf
-- Installing: install/qt/mkspecs/features/win32/idcidl.prf
-- Installing: install/qt/mkspecs/features/win32/msvc_mp.prf
-- Installing: install/qt/mkspecs/features/win32/opengl.prf
-- Installing: install/qt/mkspecs/features/win32/separate_debug_info.prf
-- Installing: install/qt/mkspecs/features/win32/stl.prf
-- Installing: install/qt/mkspecs/features/win32/stl_off.prf
-- Installing: install/qt/mkspecs/features/win32/windeployqt.prf
-- Installing: install/qt/mkspecs/features/win32/windows.prf
-- Installing: install/qt/mkspecs/features/win32/windows_vulkan_sdk.prf
-- Installing: install/qt/mkspecs/features/xctest.prf
-- Installing: install/qt/mkspecs/features/yacc.prf
-- Installing: install/qt/mkspecs/freebsd-clang
-- Installing: install/qt/mkspecs/freebsd-clang/qmake.conf
-- Installing: install/qt/mkspecs/freebsd-clang/qplatformdefs.h
-- Installing: install/qt/mkspecs/freebsd-g++
-- Installing: install/qt/mkspecs/freebsd-g++/qmake.conf
-- Installing: install/qt/mkspecs/freebsd-g++/qplatformdefs.h
-- Installing: install/qt/mkspecs/genode-aarch64-g++
-- Installing: install/qt/mkspecs/genode-aarch64-g++/qmake.conf
-- Installing: install/qt/mkspecs/genode-aarch64-g++/qplatformdefs.h
-- Installing: install/qt/mkspecs/genode-aarch64-g++/qt.conf
-- Installing: install/qt/mkspecs/genode-arm-g++
-- Installing: install/qt/mkspecs/genode-arm-g++/qmake.conf
-- Installing: install/qt/mkspecs/genode-arm-g++/qplatformdefs.h
-- Installing: install/qt/mkspecs/genode-arm-g++/qt.conf
-- Installing: install/qt/mkspecs/genode-x86_32-g++
-- Installing: install/qt/mkspecs/genode-x86_32-g++/qmake.conf
-- Installing: install/qt/mkspecs/genode-x86_32-g++/qplatformdefs.h
-- Installing: install/qt/mkspecs/genode-x86_32-g++/qt.conf
-- Installing: install/qt/mkspecs/genode-x86_64-g++
-- Installing: install/qt/mkspecs/genode-x86_64-g++/qmake.conf
-- Installing: install/qt/mkspecs/genode-x86_64-g++/qplatformdefs.h
-- Installing: install/qt/mkspecs/genode-x86_64-g++/qt.conf
-- Installing: install/qt/mkspecs/haiku-g++
-- Installing: install/qt/mkspecs/haiku-g++/qmake.conf
-- Installing: install/qt/mkspecs/haiku-g++/qplatformdefs.h
-- Installing: install/qt/mkspecs/hpuxi-g++-64
-- Installing: install/qt/mkspecs/hpuxi-g++-64/qmake.conf
-- Installing: install/qt/mkspecs/hpuxi-g++-64/qplatformdefs.h
-- Installing: install/qt/mkspecs/hurd-g++
-- Installing: install/qt/mkspecs/hurd-g++/qmake.conf
-- Installing: install/qt/mkspecs/hurd-g++/qplatformdefs.h
-- Installing: install/qt/mkspecs/integrity-armv7
-- Installing: install/qt/mkspecs/integrity-armv7/qmake.conf
-- Installing: install/qt/mkspecs/integrity-armv7/qplatformdefs.h
-- Installing: install/qt/mkspecs/integrity-armv7-imx6
-- Installing: install/qt/mkspecs/integrity-armv7-imx6/qmake.conf
-- Installing: install/qt/mkspecs/integrity-armv7-imx6/qplatformdefs.h
-- Installing: install/qt/mkspecs/integrity-armv8-rcar
-- Installing: install/qt/mkspecs/integrity-armv8-rcar/qmake.conf
-- Installing: install/qt/mkspecs/integrity-armv8-rcar/qplatformdefs.h
-- Installing: install/qt/mkspecs/integrity-x86
-- Installing: install/qt/mkspecs/integrity-x86/qmake.conf
-- Installing: install/qt/mkspecs/integrity-x86/qplatformdefs.h
-- Installing: install/qt/mkspecs/linux-aarch64-gnu-g++
-- Installing: install/qt/mkspecs/linux-aarch64-gnu-g++/qmake.conf
-- Installing: install/qt/mkspecs/linux-aarch64-gnu-g++/qplatformdefs.h
-- Installing: install/qt/mkspecs/linux-arm-gnueabi-g++
-- Installing: install/qt/mkspecs/linux-arm-gnueabi-g++/qmake.conf
-- Installing: install/qt/mkspecs/linux-arm-gnueabi-g++/qplatformdefs.h
-- Installing: install/qt/mkspecs/linux-clang
-- Installing: install/qt/mkspecs/linux-clang/qmake.conf
-- Installing: install/qt/mkspecs/linux-clang/qplatformdefs.h
-- Installing: install/qt/mkspecs/linux-clang-32
-- Installing: install/qt/mkspecs/linux-clang-32/qmake.conf
-- Installing: install/qt/mkspecs/linux-clang-32/qplatformdefs.h
-- Installing: install/qt/mkspecs/linux-clang-libc++
-- Installing: install/qt/mkspecs/linux-clang-libc++/qmake.conf
-- Installing: install/qt/mkspecs/linux-clang-libc++/qplatformdefs.h
-- Installing: install/qt/mkspecs/linux-clang-libc++-32
-- Installing: install/qt/mkspecs/linux-clang-libc++-32/qmake.conf
-- Installing: install/qt/mkspecs/linux-clang-libc++-32/qplatformdefs.h
-- Installing: install/qt/mkspecs/linux-g++
-- Installing: install/qt/mkspecs/linux-g++/qmake.conf
-- Installing: install/qt/mkspecs/linux-g++/qplatformdefs.h
-- Installing: install/qt/mkspecs/linux-g++-32
-- Installing: install/qt/mkspecs/linux-g++-32/qmake.conf
-- Installing: install/qt/mkspecs/linux-g++-32/qplatformdefs.h
-- Installing: install/qt/mkspecs/linux-g++-64
-- Installing: install/qt/mkspecs/linux-g++-64/qmake.conf
-- Installing: install/qt/mkspecs/linux-g++-64/qplatformdefs.h
-- Installing: install/qt/mkspecs/linux-icc
-- Installing: install/qt/mkspecs/linux-icc/qmake.conf
-- Installing: install/qt/mkspecs/linux-icc/qplatformdefs.h
-- Installing: install/qt/mkspecs/linux-icc-32
-- Installing: install/qt/mkspecs/linux-icc-32/qmake.conf
-- Installing: install/qt/mkspecs/linux-icc-32/qplatformdefs.h
-- Installing: install/qt/mkspecs/linux-icc-64
-- Installing: install/qt/mkspecs/linux-icc-64/qmake.conf
-- Installing: install/qt/mkspecs/linux-icc-64/qplatformdefs.h
-- Installing: install/qt/mkspecs/linux-icc-k1om
-- Installing: install/qt/mkspecs/linux-icc-k1om/qmake.conf
-- Installing: install/qt/mkspecs/linux-icc-k1om/qplatformdefs.h
-- Installing: install/qt/mkspecs/linux-llvm
-- Installing: install/qt/mkspecs/linux-llvm/qmake.conf
-- Installing: install/qt/mkspecs/linux-llvm/qplatformdefs.h
-- Installing: install/qt/mkspecs/linux-lsb-g++
-- Installing: install/qt/mkspecs/linux-lsb-g++/qmake.conf
-- Installing: install/qt/mkspecs/linux-lsb-g++/qplatformdefs.h
-- Installing: install/qt/mkspecs/lynxos-g++
-- Installing: install/qt/mkspecs/lynxos-g++/qmake.conf
-- Installing: install/qt/mkspecs/lynxos-g++/qplatformdefs.h
-- Installing: install/qt/mkspecs/macx-clang
-- Installing: install/qt/mkspecs/macx-clang/Info.plist.app
-- Installing: install/qt/mkspecs/macx-clang/Info.plist.dSYM.in
-- Installing: install/qt/mkspecs/macx-clang/Info.plist.disable_highdpi
-- Installing: install/qt/mkspecs/macx-clang/Info.plist.lib
-- Installing: install/qt/mkspecs/macx-clang/qmake.conf
-- Installing: install/qt/mkspecs/macx-clang/qplatformdefs.h
-- Installing: install/qt/mkspecs/macx-g++
-- Installing: install/qt/mkspecs/macx-g++/Info.plist.app
-- Installing: install/qt/mkspecs/macx-g++/Info.plist.dSYM.in
-- Installing: install/qt/mkspecs/macx-g++/Info.plist.lib
-- Installing: install/qt/mkspecs/macx-g++/qmake.conf
-- Installing: install/qt/mkspecs/macx-g++/qplatformdefs.h
-- Installing: install/qt/mkspecs/macx-icc
-- Installing: install/qt/mkspecs/macx-icc/Info.plist.app
-- Installing: install/qt/mkspecs/macx-icc/Info.plist.dSYM.in
-- Installing: install/qt/mkspecs/macx-icc/Info.plist.lib
-- Installing: install/qt/mkspecs/macx-icc/qmake.conf
-- Installing: install/qt/mkspecs/macx-icc/qplatformdefs.h
-- Installing: install/qt/mkspecs/macx-ios-clang
-- Installing: install/qt/mkspecs/macx-ios-clang/Info.plist.app
-- Installing: install/qt/mkspecs/macx-ios-clang/Info.plist.dSYM.in
-- Installing: install/qt/mkspecs/macx-ios-clang/Info.plist.lib
-- Installing: install/qt/mkspecs/macx-ios-clang/LaunchScreen.storyboard
-- Installing: install/qt/mkspecs/macx-ios-clang/qmake.conf
-- Installing: install/qt/mkspecs/macx-ios-clang/qplatformdefs.h
-- Installing: install/qt/mkspecs/macx-visionos-clang
-- Installing: install/qt/mkspecs/macx-visionos-clang/Info.plist.app
-- Installing: install/qt/mkspecs/macx-visionos-clang/Info.plist.dSYM.in
-- Installing: install/qt/mkspecs/macx-visionos-clang/Info.plist.lib
-- Installing: install/qt/mkspecs/macx-visionos-clang/qmake.conf
-- Installing: install/qt/mkspecs/macx-visionos-clang/qplatformdefs.h
-- Installing: install/qt/mkspecs/macx-xcode
-- Installing: install/qt/mkspecs/macx-xcode/QtTest.plist
-- Installing: install/qt/mkspecs/macx-xcode/WorkspaceSettings.xcsettings
-- Installing: install/qt/mkspecs/macx-xcode/default.xcscheme
-- Installing: install/qt/mkspecs/macx-xcode/qmake.conf
-- Installing: install/qt/mkspecs/macx-xcode/qplatformdefs.h
-- Up-to-date: install/qt/mkspecs/modules
-- Installing: install/qt/mkspecs/modules/README
-- Installing: install/qt/mkspecs/netbsd-g++
-- Installing: install/qt/mkspecs/netbsd-g++/qmake.conf
-- Installing: install/qt/mkspecs/netbsd-g++/qplatformdefs.h
-- Installing: install/qt/mkspecs/openbsd-g++
-- Installing: install/qt/mkspecs/openbsd-g++/qmake.conf
-- Installing: install/qt/mkspecs/openbsd-g++/qplatformdefs.h
-- Installing: install/qt/mkspecs/qnx-aarch64le-qcc
-- Installing: install/qt/mkspecs/qnx-aarch64le-qcc/qmake.conf
-- Installing: install/qt/mkspecs/qnx-aarch64le-qcc/qplatformdefs.h
-- Installing: install/qt/mkspecs/qnx-armle-v7-qcc
-- Installing: install/qt/mkspecs/qnx-armle-v7-qcc/qmake.conf
-- Installing: install/qt/mkspecs/qnx-armle-v7-qcc/qplatformdefs.h
-- Installing: install/qt/mkspecs/qnx-x86-64-qcc
-- Installing: install/qt/mkspecs/qnx-x86-64-qcc/qmake.conf
-- Installing: install/qt/mkspecs/qnx-x86-64-qcc/qplatformdefs.h
-- Installing: install/qt/mkspecs/qnx-x86-qcc
-- Installing: install/qt/mkspecs/qnx-x86-qcc/qmake.conf
-- Installing: install/qt/mkspecs/qnx-x86-qcc/qplatformdefs.h
-- Installing: install/qt/mkspecs/solaris-cc
-- Installing: install/qt/mkspecs/solaris-cc/qmake.conf
-- Installing: install/qt/mkspecs/solaris-cc/qplatformdefs.h
-- Installing: install/qt/mkspecs/solaris-cc-64
-- Installing: install/qt/mkspecs/solaris-cc-64/qmake.conf
-- Installing: install/qt/mkspecs/solaris-cc-64/qplatformdefs.h
-- Installing: install/qt/mkspecs/solaris-cc-64-stlport
-- Installing: install/qt/mkspecs/solaris-cc-64-stlport/qmake.conf
-- Installing: install/qt/mkspecs/solaris-cc-64-stlport/qplatformdefs.h
-- Installing: install/qt/mkspecs/solaris-cc-stlport
-- Installing: install/qt/mkspecs/solaris-cc-stlport/qmake.conf
-- Installing: install/qt/mkspecs/solaris-cc-stlport/qplatformdefs.h
-- Installing: install/qt/mkspecs/solaris-g++
-- Installing: install/qt/mkspecs/solaris-g++/qmake.conf
-- Installing: install/qt/mkspecs/solaris-g++/qplatformdefs.h
-- Installing: install/qt/mkspecs/solaris-g++-64
-- Installing: install/qt/mkspecs/solaris-g++-64/qmake.conf
-- Installing: install/qt/mkspecs/solaris-g++-64/qplatformdefs.h
-- Installing: install/qt/mkspecs/unsupported
-- Installing: install/qt/mkspecs/unsupported/linux-host-g++
-- Installing: install/qt/mkspecs/unsupported/linux-host-g++/qmake.conf
-- Installing: install/qt/mkspecs/unsupported/linux-host-g++/qplatformdefs.h
-- Installing: install/qt/mkspecs/unsupported/linux-scratchbox2-g++
-- Installing: install/qt/mkspecs/unsupported/linux-scratchbox2-g++/qmake.conf
-- Installing: install/qt/mkspecs/unsupported/linux-scratchbox2-g++/qplatformdefs.h
-- Installing: install/qt/mkspecs/unsupported/macx-tvos-clang
-- Installing: install/qt/mkspecs/unsupported/macx-tvos-clang/Info.plist.app
-- Installing: install/qt/mkspecs/unsupported/macx-tvos-clang/Info.plist.lib
-- Installing: install/qt/mkspecs/unsupported/macx-tvos-clang/qmake.conf
-- Installing: install/qt/mkspecs/unsupported/macx-tvos-clang/qplatformdefs.h
-- Installing: install/qt/mkspecs/unsupported/macx-watchos-clang
-- Installing: install/qt/mkspecs/unsupported/macx-watchos-clang/Info.plist.app
-- Installing: install/qt/mkspecs/unsupported/macx-watchos-clang/Info.plist.lib
-- Installing: install/qt/mkspecs/unsupported/macx-watchos-clang/qmake.conf
-- Installing: install/qt/mkspecs/unsupported/macx-watchos-clang/qplatformdefs.h
-- Installing: install/qt/mkspecs/unsupported/qnx-X11-g++
-- Installing: install/qt/mkspecs/unsupported/qnx-X11-g++/qmake.conf
-- Installing: install/qt/mkspecs/unsupported/qnx-X11-g++/qplatformdefs.h
-- Installing: install/qt/mkspecs/unsupported/vxworks-ppc-dcc
-- Installing: install/qt/mkspecs/unsupported/vxworks-ppc-dcc/qmake.conf
-- Installing: install/qt/mkspecs/unsupported/vxworks-ppc-dcc/qplatformdefs.h
-- Installing: install/qt/mkspecs/unsupported/vxworks-ppc-g++
-- Installing: install/qt/mkspecs/unsupported/vxworks-ppc-g++/qmake.conf
-- Installing: install/qt/mkspecs/unsupported/vxworks-ppc-g++/qplatformdefs.h
-- Installing: install/qt/mkspecs/unsupported/vxworks-simpentium-dcc
-- Installing: install/qt/mkspecs/unsupported/vxworks-simpentium-dcc/qmake.conf
-- Installing: install/qt/mkspecs/unsupported/vxworks-simpentium-dcc/qplatformdefs.h
-- Installing: install/qt/mkspecs/unsupported/vxworks-simpentium-g++
-- Installing: install/qt/mkspecs/unsupported/vxworks-simpentium-g++/qmake.conf
-- Installing: install/qt/mkspecs/unsupported/vxworks-simpentium-g++/qplatformdefs.h
-- Installing: install/qt/mkspecs/vxworks-clang
-- Installing: install/qt/mkspecs/vxworks-clang/qplatformdefs.h
-- Installing: install/qt/mkspecs/wasm-emscripten
-- Installing: install/qt/mkspecs/wasm-emscripten/qmake.conf
-- Installing: install/qt/mkspecs/wasm-emscripten/qplatformdefs.h
-- Installing: install/qt/mkspecs/wasm-emscripten-64
-- Installing: install/qt/mkspecs/wasm-emscripten-64/qmake.conf
-- Installing: install/qt/mkspecs/wasm-emscripten-64/qplatformdefs.h
-- Installing: install/qt/mkspecs/win32-arm64-msvc
-- Installing: install/qt/mkspecs/win32-arm64-msvc/qmake.conf
-- Installing: install/qt/mkspecs/win32-arm64-msvc/qplatformdefs.h
-- Installing: install/qt/mkspecs/win32-clang-g++
-- Installing: install/qt/mkspecs/win32-clang-g++/qmake.conf
-- Installing: install/qt/mkspecs/win32-clang-g++/qplatformdefs.h
-- Installing: install/qt/mkspecs/win32-clang-msvc
-- Installing: install/qt/mkspecs/win32-clang-msvc/qmake.conf
-- Installing: install/qt/mkspecs/win32-clang-msvc/qplatformdefs.h
-- Installing: install/qt/mkspecs/win32-g++
-- Installing: install/qt/mkspecs/win32-g++/qmake.conf
-- Installing: install/qt/mkspecs/win32-g++/qplatformdefs.h
-- Installing: install/qt/mkspecs/win32-icc
-- Installing: install/qt/mkspecs/win32-icc/qmake.conf
-- Installing: install/qt/mkspecs/win32-icc/qplatformdefs.h
-- Installing: install/qt/mkspecs/win32-icc-k1om
-- Installing: install/qt/mkspecs/win32-icc-k1om/qmake.conf
-- Installing: install/qt/mkspecs/win32-icc-k1om/qplatformdefs.h
-- Installing: install/qt/mkspecs/win32-msvc
-- Installing: install/qt/mkspecs/win32-msvc/qmake.conf
-- Installing: install/qt/mkspecs/win32-msvc/qplatformdefs.h
-- Installing: install/qt/lib/cmake/Qt6/Qt6Dependencies.cmake
-- Installing: install/qt/lib/cmake/Qt6Core/Qt6CoreDependencies.cmake
-- Installing: install/qt/lib/cmake/Qt6BundledLibpng/Qt6BundledLibpngDependencies.cmake
-- Installing: install/qt/lib/cmake/Qt6BundledFreetype/Qt6BundledFreetypeDependencies.cmake
-- Installing: install/qt/lib/cmake/Qt6Concurrent/Qt6ConcurrentDependencies.cmake
-- Installing: install/qt/lib/cmake/Qt6Sql/Qt6SqlDependencies.cmake
-- Installing: install/qt/lib/cmake/Qt6Network/Qt6NetworkDependencies.cmake
-- Installing: install/qt/lib/cmake/Qt6Xml/Qt6XmlDependencies.cmake
-- Installing: install/qt/lib/cmake/Qt6Gui/Qt6GuiDependencies.cmake
-- Installing: install/qt/lib/cmake/Qt6OpenGL/Qt6OpenGLDependencies.cmake
-- Installing: install/qt/lib/cmake/Qt6Widgets/Qt6WidgetsDependencies.cmake
-- Installing: install/qt/lib/cmake/Qt6OpenGLWidgets/Qt6OpenGLWidgetsDependencies.cmake
-- Installing: install/qt/lib/cmake/Qt6DeviceDiscoverySupportPrivate/Qt6DeviceDiscoverySupportPrivateDependencies.cmake
-- Installing: install/qt/lib/cmake/Qt6FbSupportPrivate/Qt6FbSupportPrivateDependencies.cmake
-- Installing: install/qt/lib/cmake/Qt6Test/Qt6TestDependencies.cmake
-- Installing: install/qt/lib/cmake/Qt6PrintSupport/Qt6PrintSupportDependencies.cmake
-- Installing: install/qt/lib/cmake/Qt6HostInfo/Qt6HostInfoConfig.cmake
-- Installing: install/qt/lib/cmake/Qt6Sql/Qt6SqlPlugins.cmake
-- Installing: install/qt/lib/cmake/Qt6Network/Qt6NetworkPlugins.cmake
-- Installing: install/qt/lib/cmake/Qt6Gui/Qt6GuiPlugins.cmake
-- Installing: install/qt/lib/cmake/Qt6Widgets/Qt6WidgetsPlugins.cmake
-- Installing: install/qt/lib/cmake/Qt6PrintSupport/Qt6PrintSupportPlugins.cmake
-- Installing: install/qt/lib/cmake/Qt6BuildInternals/StandaloneTests/QtBaseTestsConfig.cmake
-- Up-to-date: install/qt/lib
-- Up-to-date: install/qt/lib/cmake
-- Up-to-date: install/qt/lib/cmake/Qt6BuildInternals
-- Up-to-date: install/qt/lib/cmake/Qt6BuildInternals/StandaloneTests
-- Up-to-date: install/qt/lib/cmake/Qt6
-- Up-to-date: install/qt/lib/cmake/Qt6/libexec
-- Up-to-date: install/qt/lib/cmake/Qt6/3rdparty
-- Up-to-date: install/qt/lib/cmake/Qt6/3rdparty/extra-cmake-modules
-- Up-to-date: install/qt/lib/cmake/Qt6/3rdparty/extra-cmake-modules/find-modules
-- Up-to-date: install/qt/lib/cmake/Qt6/3rdparty/extra-cmake-modules/modules
-- Up-to-date: install/qt/lib/cmake/Qt6/3rdparty/kwin
-- Up-to-date: install/qt/lib/cmake/Qt6ZlibPrivate
-- Up-to-date: install/qt/lib/cmake/Qt6Core
-- Up-to-date: install/qt/lib/cmake/Qt6BundledLibpng
-- Up-to-date: install/qt/lib/cmake/Qt6PngPrivate
-- Up-to-date: install/qt/lib/cmake/Qt6BundledLibjpeg
-- Up-to-date: install/qt/lib/cmake/Qt6JpegPrivate
-- Up-to-date: install/qt/lib/cmake/Qt6BundledFreetype
-- Up-to-date: install/qt/lib/cmake/Qt6FreetypePrivate
-- Up-to-date: install/qt/lib/cmake/Qt6HarfbuzzPrivate
-- Up-to-date: install/qt/lib/cmake/Qt6Concurrent
-- Up-to-date: install/qt/lib/cmake/Qt6Sql
-- Up-to-date: install/qt/lib/cmake/Qt6Network
-- Up-to-date: install/qt/lib/cmake/Qt6Xml
-- Up-to-date: install/qt/lib/cmake/Qt6Gui
-- Up-to-date: install/qt/lib/cmake/Qt6ExampleIconsPrivate
-- Up-to-date: install/qt/lib/cmake/Qt6OpenGL
-- Up-to-date: install/qt/lib/cmake/Qt6Widgets
-- Up-to-date: install/qt/lib/cmake/Qt6OpenGLWidgets
-- Up-to-date: install/qt/lib/cmake/Qt6DeviceDiscoverySupportPrivate
-- Up-to-date: install/qt/lib/cmake/Qt6FbSupportPrivate
-- Up-to-date: install/qt/lib/cmake/Qt6TestInternalsPrivate
-- Up-to-date: install/qt/lib/cmake/Qt6TestInternalsPrivate/3rdparty
-- Up-to-date: install/qt/lib/cmake/Qt6TestInternalsPrivate/3rdparty/cmake
-- Up-to-date: install/qt/lib/cmake/Qt6Test
-- Up-to-date: install/qt/lib/cmake/Qt6PrintSupport
-- Up-to-date: install/qt/lib/cmake/Qt6HostInfo
-- Installing: install/qt/lib/pkgconfig
-- Installing: install/qt/lib/libQt6ExampleIcons.prl
-- Installing: install/qt/lib/libQt6Core.prl
-- Installing: install/qt/lib/libQt6DeviceDiscoverySupport.prl
-- Installing: install/qt/lib/libQt6Concurrent.prl
-- Installing: install/qt/lib/libQt6Xml.prl
-- Installing: install/qt/lib/libQt6Test.prl
-- Installing: install/qt/lib/libQt6Sql.prl
-- Installing: install/qt/lib/libQt6Network.prl
-- Installing: install/qt/lib/libQt6Gui.prl
-- Installing: install/qt/lib/libQt6FbSupport.prl
-- Installing: install/qt/lib/libQt6OpenGL.prl
-- Installing: install/qt/lib/libQt6Widgets.prl
-- Installing: install/qt/lib/libQt6OpenGLWidgets.prl
-- Installing: install/qt/lib/libQt6PrintSupport.prl
  [01;33mProgram[0m server/nitpicker/nitpicker
  [01;33mProgram[0m server/report_rom/report_rom
  [00;33mLibrary[0m qt6_qmake.lib.a
  [01;33mProgram[0m sponge-de/sponge_de.pro.qmake_target
  [01;33mProgram[0m sponge_configd/sponge_configd
  [01;33mProgram[0m test/sponge_de_probe/sponge_de_probe
  [01;33mProgram[0m timer/hpet/hpet_timer
  [01;33mProgram[0m timer/linux/linux_timer
make[1]: ディレクトリ '/home/luke/sponge-os/genode/build/x86_64' から出ます
genode build completed
spawn ./core
Genode v0.1.0-alpha-79-gce38e4f609
17592186044415 MiB RAM and 19000 caps assigned to init
[init] [31mError: sponge_themed: environment ROM session denied (label="sponge_themed", ram_quota=6144, cap_quota=3)[0m
[init] [31mError: sponge_themed: environment ROM session denied (label="sponge_themed", ram_quota=6144, cap_quota=3)[0m
[init] [31mError: sponge_themed: environment ROM session denied (label="sponge_themed", ram_quota=6144, cap_quota=3)[0m
[init] [31mError: sponge_themed: environment ROM session denied (label="sponge_themed", ram_quota=6144, cap_quota=3)[0m
[init] [31mError: sponge_themed: environment ROM session denied (label="sponge_themed", ram_quota=6144, cap_quota=3)[0m
[init] [31mError: sponge_themed: environment ROM session denied (label="sponge_themed", ram_quota=6144, cap_quota=3)[0m
[init] [31mError: sponge_themed: environment ROM session denied (label="sponge_themed", ram_quota=6144, cap_quota=3)[0m
[init] [31mError: sponge_themed: environment ROM session denied (label="sponge_themed", ram_quota=6144, cap_quota=3)[0m
[init] [31mError: sponge_themed: environment ROM session denied (label="sponge_themed", ram_quota=6144, cap_quota=3)[0m
[init] [31mError: sponge_themed: environment ROM session denied (label="sponge_themed", ram_quota=6144, cap_quota=3)[0m
[init -> sponge_configd] sponge_configd: ready
[init -> sponge_de_probe] sponge-de-probe: starting
[init -> sponge_de_probe] sponge-de-probe: phases_attr='panel-config' run_panel_config_only=1
[init -> sponge-de] [34mWarning: Libc RNG not configured[0m
[init -> sponge-de] [34mWarning: ignoring unsupported RTLD_GLOBAL in dlopen()[0m
[init -> sponge-de] libEGL warning: MESA-LOADER: failed to retrieve device information
[init -> sponge-de] 
[init -> sponge-de] libEGL warning: failed to get driver name for fd 0
[init -> sponge-de] 
[init -> sponge-de] sponge-de: theme source=default.theme (fallback; no live reload)
[init -> sponge-de] sponge-de: theme loaded: default.theme (fallback)
[init -> sponge-de] sponge-de: config source=configd (live)
[init -> sponge-de] sponge-de: launcher source=none (no pkgd wiring; panel button will report 'not attached')
[init -> sponge_de_probe] sponge-de-probe: panel-config mode: panel pixel non-zero at (512,14) = 0x1e1e2e after 0 polls
[init -> sponge_de_probe] sponge-de-probe: panel pixel at (512,14) = 0x1e1e2e (informational; theme panel_bg == nitpicker bg)
[init -> sponge_de_probe] sponge-de-probe: observe mode (inject=no) -- awaiting external clicks via the real input driver path (PS/2 mouse -> event_filter -> nitpicker)
[init -> sponge_de_probe] sponge-de-probe: phases input=0 panel=0 launch=0 panel-config=1
[init -> sponge_de_probe] sponge-de-probe: phase panel-config -- starting (7 subphases)
[init -> sponge-de] sponge-de: panel shown
[init -> sponge-de] Sponge DE window created (Sponge OS 0.1.0-alpha / Archaeocyte)
[init -> sponge-de] sponge-de: window shown
[init -> sponge-de] sponge-de: panel and window shown
[init -> sponge-de] [34mWarning: not implemented: notifications (Phase 5)[0m
[init -> sponge-de] sponge-de: config applied (height=28 visible=clock,launcher clock=HH:mm sort=alpha)
[init -> sponge_de_probe] sponge-de-probe: panel-config baseline toggle_frac=306 clock_frac=2
[init -> sponge-de] sponge-de: config applied (height=64 visible=clock,launcher clock=HH:mm sort=alpha)
[init -> sponge_de_probe] sponge-de-probe: P1 panel.height broadcast contains panel.height=64
[init -> sponge_de_probe] sponge-de-probe: panel-config P1 toggle fraction poll 0 v=906 target=200 baseline=306
[init -> sponge_de_probe] sponge-de-probe: panel-config P1 PASS (panel.height 28 -> 64; toggle grew)
[init -> sponge-de] sponge-de: config applied (height=28 visible=clock,launcher clock=HH:mm sort=alpha)
[init -> sponge_de_probe] sponge-de-probe: P2 panel.height broadcast contains panel.height=28
[init -> sponge_de_probe] sponge-de-probe: panel-config P2 toggle fraction poll 0 v=306 target=500
[init -> sponge_de_probe] sponge-de-probe: panel-config P2 PASS (panel.height 64 -> 28; toggle restored)
[init -> sponge-de] sponge-de: config applied (height=28 visible=launcher clock=HH:mm sort=alpha)
[init -> sponge_de_probe] sponge-de-probe: P3 visible_widgets broadcast contains panel.visible_widgets=launcher
[init -> sponge_de_probe] sponge-de-probe: panel-config P3 clock fraction poll 0 v=0 target=0
[init -> sponge_de_probe] sponge-de-probe: panel-config P3 PASS (panel.visible_widgets=launcher; clock hidden)
[init -> sponge-de] sponge-de: config applied (height=28 visible=clock clock=HH:mm sort=alpha)
[init -> sponge_de_probe] sponge-de-probe: P4 visible_widgets broadcast contains panel.visible_widgets=clock
[init -> sponge_de_probe] sponge-de-probe: panel-config P4 toggle fraction poll 0 v=0 target=20
[init -> sponge_de_probe] sponge-de-probe: panel-config P4 PASS (panel.visible_widgets=clock; toggle hidden)
[init -> sponge-de] sponge-de: config applied (height=28 visible=clock,launcher clock=HH:mm sort=alpha)
[init -> sponge_de_probe] sponge-de-probe: P5 visible_widgets broadcast contains panel.visible_widgets=clock,launcher
[init -> sponge_de_probe] sponge-de-probe: panel-config P5 toggle fraction poll 0 v=306 target=200
[init -> sponge_de_probe] sponge-de-probe: panel-config P5 clock fraction poll 0 v=2 target=1
[init -> sponge_de_probe] sponge-de-probe: panel-config P5 PASS (both visible again)
[init -> sponge-de] sponge-de: config applied (height=28 visible=clock,launcher clock=HH:mm:ss sort=alpha)
[init -> sponge_de_probe] sponge-de-probe: P6 clock.format broadcast contains clock.format=HH:mm:ss
[init -> sponge_de_probe] sponge-de-probe: panel-config P6 clock-glyph poll 0 cols=9 target=9 pre=7
[init -> sponge_de_probe] sponge-de-probe: panel-config P6 PASS (clock.format HH:mm -> HH:mm:ss; glyphs grew)
[init -> sponge_de_probe] sponge-de-probe: P7 visible_widgets unchanged broadcast contains panel.visible_widgets=clock,launcher
[init -> sponge_de_probe] sponge-de-probe: panel-config P7 PASS (validator rejected empty list; broadcast unchanged)
[init -> sponge_de_probe] sponge-de-probe: phase panel-config PASS

Run script execution successful.
make: ディレクトリ '/home/luke/sponge-os/genode/build/x86_64' から出ます
